name,phone,website,address,city,rating,reviews,type,place_id,email_guess,mv_quality,mv_result
Mr.Crabby's Cajun Seafood & Bar,(210) 462-1122,http://liveoak.mrcrabbysseafood.com/,"14601 I-35, Live Oak, TX 78233",Live Oak,4.9,25619,Seafood restaurant,ChIJmWcj_veNXIYRDgDNwR0UT0A,mrcrabbysnorthwoodss@gmail.com,good,ok
John Moore Services,(713) 853-9881,https://www.johnmooreservices.com/?utm_source=Google&utm_medium=GBP&utm_campaign=Organic_GBP_John_Moore,"10005 W Sam Houston Pkwy N, Houston, TX 77064",Houston,4.7,19162,Plumber,ChIJlQQ8uCjOQIYR81rd2QiQkZU,service@johnmooreservices.com,good,ok
The Spot,(409) 621-5237,https://www.thespotrestaurants.com/locations-menus/thespot/,"3204 Seawall Blvd, Galveston, TX 77550",Galveston,4.3,18012,Seafood restaurant,ChIJ34YwTIieP4YRInR2ZaTx2so,ashley@islandfamous.com,good,ok
Zerorez,(214) 372-5326,https://www.zerorez.com/dallas?utm_source=gbp&utm_medium=organic&utm_campaign=Irving,"3700 Conflans Rd, Irving, TX 75061",Irving,4.8,16626,Carpet cleaning service,ChIJnTu8LDsmTIYRgAuIt92rBPQ,asheville-email@zerorez.com,bad,invalid
"Radiant Plumbing, Air Conditioning, & Electrical",(512) 690-4935,https://radiantplumbing.com/austin/?utm_source=google&utm_medium=businesslisting&utm_campaign=atx-brand_gmb_1023&utm_content=atx-brand,"901 Reinli St, Austin, TX 78751",Austin,4.8,16525,Plumber,ChIJgaWi-H21RIYRSO43JeIAhSY,hello-austin@radiantplumbing.com,risky,catch_all
Joe T. Garcia's,(817) 626-4356,http://www.joetgarcias.com/,"2201 N Commerce St, Fort Worth, TX 76164",Fort Worth,4.2,12708,Tex-Mex restaurant,ChIJ52v5bJ12ToYRFEgw3xlRPr0,heather@joetgarcias.com,good,ok
Bulla Gastrobar Plano,(972) 805-4590,https://bullagastrobar.com/locations/plano,"6007 Legacy Dr #180, Plano, TX 75024",Plano,4.9,12648,Spanish restaurant,ChIJp-utjq48TIYRj5IRd9r8qlw,bplano@bullagastrobar.com,good,ok
The Escape Game Houston (CityCentre),(713) 999-1496,https://theescapegame.com/houston/?utm_source=google&utm_medium=organic&utm_campaign=gbp&utm_id=hou-citycentre,"794 Sorella Ct #127, Houston, TX 77024",Houston,5,12316,Escape room center,ChIJOzcF1LLEQIYRpkmtlUxhumI,hello@theescapegame.com,risky,catch_all
"Abacus Plumbing, Air Conditioning, & Electrical",(713) 812-7070,https://www.abacusplumbing.net/?utm_campaign=gmb_ab-hou_home_everyone_gmb-houston&utm_medium=gmb&utm_source=google,"4001 Kendrick Plaza Dr, Houston, TX 77032",Houston,4.7,11747,Plumber,ChIJY6k1S9XFQIYROFxe1EhMiN4,customerservice@abacusplumbing.net,good,ok
Rj Mexican Cuisine,(214) 744-1420,https://www.rjmexicancuisine.com/,"1701 N Market St #102, Dallas, TX 75202",Dallas,4.8,11231,Mexican restaurant,ChIJLdzo9T2ZToYRt2Nnta1x7fM,rjeventsdallas@gmail.com,good,ok
JOEY Uptown,(346) 646-5639,https://joeyrestaurants.com/location/joey-uptown,"5045 Westheimer Rd Suite X01, Houston, TX 77056",Houston,4.8,10760,Restaurant,ChIJ48I5hnvBQIYRNdjz219pjUI,accessibility@joeyrestaurants.com,good,ok
Namak Indian Cuisine,(972) 982-2006,https://www.namakdallas.com/,"1700 Pacific Ave c101, Dallas, TX 75201",Dallas,4.8,10582,Indian restaurant,ChIJZRFwUVKZToYRc5JlEP0VxrA,namakind+antlernest1@tryantler.com,bad,invalid
Aquarium Restaurant,(713) 315-5126,https://www.downtownaquariumhouston.com/aquarium-restaurant,"410 Bagby St, Houston, TX 77002",Houston,4.7,10570,Seafood restaurant,ChIJ1_fBKTG_QIYRWdRY0QE5LH0,aquariumhouston@ldry.com,risky,catch_all
Mozart's Coffee Roasters,(512) 477-2900,https://mozartscoffee.com/,"3825 Lake Austin Blvd, Austin, TX 78703",Austin,4.5,10447,Coffee shop,ChIJTWZhRFW1RIYRrdGa7DPzT7w,customerservice@mozartscoffee.com,good,ok
Kindred Pest Control,(979) 436-8023,https://kindredpest.com/,"2501 Central Pkwy c1, Houston, TX 77092",Houston,4.8,10417,Pest control service,ChIJkfqOrFabRoYRuG61OmvrHao,%20office@kindredpest.com,,
Goettl Air Conditioning and Plumbing - San Antonio TX,(210) 460-3966,https://www.goettl.com/location/san-antonio-texas/?utm_source=Google&utm_medium=GMB&utm_campaign=SAT.GMB_Google_Business_Profile,"7847 Fortune Dr, San Antonio, TX 78250",San Antonio,4.8,10398,Plumber,ChIJv5kztYJnXIYRIzC9hji2uEk,contactus@goettl.com,good,ok
One Hour Air Conditioning & Heating® of Houston,(281) 407-9754,https://www.onehourheatandair.com/houston/?utm_source=organic&utm_medium=GBP&utm_campaign=gbp_main,"4455 W Sam Houston Pkwy N, Houston, TX 77041",Houston,4.8,10116,HVAC contractor,ChIJg6KxS3LQQIYRojXRYlc39pM,fhunt@authoritybrandsllc.com,good,ok
The Breakfast Klub,(713) 528-8561,http://www.thebreakfastklub.com/,"3711 Travis St, Houston, TX 77002",Houston,4.7,9920,Breakfast restaurant,ChIJ_0MiMm6_QIYRr7XETdEk5ZE,katering@thebreakfastklub.com,good,ok
"Village Plumbing, Air & Electric",(281) 607-5357,https://villageplumbing.com/?utm_source=google&utm_medium=gmb&utm_campaign=Google%20Business%20Profile,"10644 W Little York Rd Suite 200, Houston, TX 77041",Houston,4.8,9685,Plumber,ChIJIc-2aF_AQIYRJab07qEMW4A,service@villageplumbing.com,good,ok
MILANO NAIL SPA AUSTIN | Best Nail Salon in Austin Texas,(512) 900-0206,https://milanonailspaatx.com/,"2755 E 7th St, Austin, TX 78702",Austin,4.9,9252,Nail salon,ChIJY5A5XcC1RIYRZakP3mODjRk,milanonailspaatx@gmail.com,good,ok
Magnolia Table,(254) 265-6859,https://magnolia.com/visit/eat/magnolia-table/,"2132 S Valley Mills Dr, Waco, TX 76706",Waco,4.5,8747,American restaurant,ChIJZXt4pCuCT4YR-vgPxnLngtA,help@magnolia.com,good,ok
Pecan Lodge,(214) 748-8900,http://www.pecanlodge.com/,"2702 Main St, Dallas, TX 75226",Dallas,4.5,8494,Barbecue restaurant,ChIJGXYxd92YToYR7yV_BSMQ2Xk,catering@pecanlodge.com,good,ok
White Knight Pest Control,(713) 589-9637,https://www.whiteknightpest.com/?utm_source=google&utm_medium=organic&utm_campaign=local-seo&utm_term=houston-website,"14300 Northwest Fwy #A-14, Houston, TX 77040",Houston,4.5,7637,Pest control service,ChIJgfSq0I7PQIYR_kmsZjFO7Ns,team@whiteknightpest.com,good,ok
Elmer's Home Services,(210) 664-4358,https://elmershomeservices.com/,"9710 I-35 Frontage Rd, San Antonio, TX 78233",San Antonio,4.8,7321,Plumber,ChIJ0YqNafKMXIYRHLsRlTieeB8,seo2021@vitalstorm.com,good,ok
bel Furniture san Antonio,(210) 680-8899,https://belfurniture.com/pages/san-antonio,"555 SW Loop 410, San Antonio, TX 78227",San Antonio,4.6,7127,Furniture store,ChIJj4QFUr9cXIYR4BVA0GdIx10,beaumont@belfurniture.com,good,ok
Franklin Barbecue,(512) 653-1187,https://franklinbarbecue.com/,"900 E 11th St, Austin, TX 78702",Austin,4.7,7034,Barbecue restaurant,ChIJM8w7rqS1RIYRhEz2-KuoqzE,hello@franklinbbq.com,good,ok
La Pasha Lounge & Grill,(832) 979-4961,https://www.lapashalounge.com/,"2475 S Kirkwood Rd, Houston, TX 77077",Houston,4.6,7003,Mediterranean restaurant,ChIJbz5lkwzdQIYRmnxwK_C25S0,lapashahouston@gmail.com,good,ok
Frank's Pizza,(713) 225-5656,http://frankspizza.com/,"417 Travis St, Houston, TX 77002",Houston,4.6,6838,Pizza restaurant,ChIJp5v6VCW_QIYRsBulbXJDew8,infor@frankspizza.com,bad,invalid
Fairmont Austin,(512) 600-2000,https://www.fairmont.com/austin/?goto=fiche_hotel&code_hotel=A7Z4&merchantid=seo-maps-US-A7Z4&sourceid=aw-cen&utm_medium=seo%20maps&utm_source=google%20Maps&utm_campaign=seo%20maps,"101 Red River St, Austin, TX 78701",Austin,4.5,6818,Hotel,ChIJ_6fT_6i1RIYRkQNSGuLZsLA,dallas@fairmont.com,good,ok
Taqueria Taxco,(972) 807-2282,https://www.ttaxco.com/,"2909 Irving Blvd, Dallas, TX 75247",Dallas,4.5,6706,Mexican restaurant,ChIJVQUzKgycToYRPlwpkYJ_xCU,taqueriataxco@gmail.com,good,ok
Axelrad Beer Garden,(713) 597-8800,http://www.axelradhouston.com/?utm_source=local&utm_medium=organic&utm_campaign=gmb,"1517 Alabama St, Houston, TX 77004",Houston,4.7,6596,Bar,ChIJDVq9HXO_QIYRAwpe106KY9w,drink@axelradbeergarden.com,good,ok
Cooper's Old Time Pit Bar-B-Que,(512) 474-4227,http://coopersbbqaustin.com/,"217 Congress Ave., Austin, TX 78701",Austin,4.4,6518,Barbecue restaurant,ChIJoZsHcQi1RIYRfyBnp0UxNMI,%20eddie@coopersbbq.com,,
Razzoo's Cajun Cafe,(281) 340-1200,http://razzoos.com/,"12770 Southwest Fwy, Stafford, TX 77477",Stafford,4.2,6488,Seafood restaurant,ChIJsREjb7fnQIYRFUswlyTBHFQ,mcrowd@mcaprgroup.com,good,ok
DFW Gun Range and Academy,(214) 630-4866,http://www.dfwgun.com/,"1607 W Mockingbird Ln, Dallas, TX 75235",Dallas,4.9,6482,Shooting range,ChIJJ_YYkWqcToYRmjQ-Ho5ygw4,chris@dfwgun.com,risky,catch_all
Meso Maya Comida y Copas,(214) 484-6555,https://www.mesomaya.com/,"1611 McKinney Ave, Dallas, TX 75202",Dallas,4.6,6407,Mexican restaurant,ChIJMzOiejuZToYRWmNcwhwM1Dc,downtown@mesomaya.com,good,ok
Whiskey Cake Kitchen & Bar,(972) 993-2253,https://www.whiskeycake.com/,"3601 Dallas Pkwy, Plano, TX 75093",Plano,4.6,6371,New American restaurant,ChIJtziVu2AjTIYR7j2MptLe97w,alliance@whiskey-cake.com,good,ok
"Bradbury Brothers Cooling, Plumbing & Electrical",(281) 247-0667,https://bradburybrothers.com/?utm_source=Google&utm_medium=GBP&utm_campaign=Organic_GBP_Bradbury,"30045 FM2978, Magnolia, TX 77354",Magnolia,4.9,6255,HVAC contractor,ChIJ-TsE8jM0R4YRdYS6S8AYWnU,dev@leadsnearby.com,risky,catch_all
Escape The Room Minneapolis,(612) 666-0077,https://escapetheroom.com/minneapolis/?utm_source=GMBlisting&utm_medium=organic,"923 Nicollet Mall #375, Minneapolis, MN 55402",,5,6252,Escape room center,ChIJefyd9ZYys1IRcIk1rsMxfrc,houston@escapetheroom.com,risky,unknown
AutoNation USA Houston,(281) 766-8699,https://www.autonationusa.com/dealership/houston.htm?&utm_source=local&utm_medium=organic&utm_campaign=*000012247*GMB,"8526 North Fwy, Houston, TX 77037",Houston,4.6,6239,Used car dealer,ChIJF2LntxXIQIYR0Cz9OcXuK2A,gm2971@autonation.com,risky,catch_all
"Mathews CCAC Heating, Cooling, Plumbing & Electrical",(361) 247-4169,https://www.ccacac.com/locations/corpus-christi-tx/?utm_source=google-gbp&utm_medium=organic&utm_campaign=*142*mathews-ccac-corpus-christi,"4502 S Padre Island Dr, Corpus Christi, TX 78411",Corpus Christi,4.9,6075,Plumber,ChIJgXlKn4T1aIYRePDGJVSistc,service@ccacac.com,bad,invalid
Juan in a Million,(512) 472-3872,http://juaninamillion.com/,"2300 E Cesar Chavez St, Austin, TX 78702",Austin,4.5,5923,Mexican restaurant,ChIJu94Vu8q1RIYRI36mVrMr-IY,juaninamil@gmail.com,good,ok
RA Sushi - Houston (Highland Village),(713) 621-5800,https://rasushi.com/,"3908 Westheimer Rd, Houston, TX 77027",Houston,4.6,5866,Sushi restaurant,ChIJu5-HnRnBQIYRHjNuOws9zIE,customerservice@rasushi.com,error,The read operation timed out
1618 Asian Fusion,(737) 332-4609,https://1618asianfusion.com/,"1618 E Riverside Dr, Austin, TX 78741",Austin,4.8,5807,Asian fusion restaurant,ChIJS5e6G7a1RIYRxVd0-HJFtRs,event@1618lakeside.com,good,ok
Air Tech of Houston AC & Plumbing,(832) 680-5546,https://www.airtechofhouston.com/locations/houston-tx/?utm_source=google-gbp&utm_medium=organic&utm_campaign=*19*air-tech-houston,"2114 Lou Ellen Ln, Houston, TX 77018",Houston,4.9,5797,HVAC contractor,ChIJnepQB1XGQIYRy455cw3qD-Q,service@airtechofhouston.com,good,ok
Grace's,(713) 728-6410,http://www.gracesonkirby.com/,"3111 Kirby Dr, Houston, TX 77098",Houston,4.5,5787,American restaurant,ChIJcSuSku3AQIYRfF98hYAS130,office@gracesonkirby.com,good,ok
Kona Grill - El Paso,(915) 249-3803,"https://konagrill.com/locations?locations=El-Paso,79925","8889 Gateway Blvd W #1740, El Paso, TX 79925",El Paso,4.5,5680,American restaurant,ChIJke4HnBdb54YRoRHrDyhElcU,elpaso@konagrill.com,good,ok
3Eleven Kitchen and Cocktails,(214) 744-1423,https://3elevendallas.com/,"311 N Market St # 100, Dallas, TX 75202",Dallas,4.8,5531,American restaurant,ChIJPVNJIhaZToYR8jBVOOqU9tA,311kitchenandcocktails@gmail.com,good,ok
STK Steakhouse,(972) 842-9450,https://stksteakhouse.com/en-us/location/dallas/?utm_source=google&utm_medium=organic&utm_campaign=gbp,"2000 McKinney Ave, Dallas, TX 75201",Dallas,4.5,5523,Steak house,ChIJJZGu-ZqZToYRfSZAvIFsp_o,eventsdallas@togrp.com,error,The read operation timed out
Paesanos Riverwalk,(210) 227-2782,https://www.paesanosriverwalk.com/,"111 W Crockett St Suite 101, San Antonio, TX 78205",San Antonio,4.5,5471,Italian restaurant,ChIJw2ODlqxYXIYR5xFcNubeg6I,prw@joesfood.com,good,ok
The Riot Comedy Club,(713) 264-8664,http://theriothtx.com/,"2010 Waugh Dr, Houston, TX 77006",Houston,4.9,5467,Comedy club,ChIJn0YveOjBQIYRVcI9ZbbcvwE,comedy@theriothtx.com,good,ok
Pluckers Wing Bar,(713) 864-9464,https://www.pluckers.com/location/shepherd,"1400 Shepherd Dr, Houston, TX 77007",Houston,4.3,5403,Chicken wings restaurant,ChIJAyHWqkzHQIYRk8Ww8Mwi7Bg,stishgart@pluckers.net,good,ok
Haywire,(972) 781-9473,http://haywirerestaurant.com/,"5901 Winthrop St Ste 110, Plano, TX 75024",Plano,4.5,5396,New American restaurant,ChIJE_8Qja88TIYRj8MF8G1hDZw,april.eggleston@haywirerestaurant.com,good,ok
Casa do Brasil,(512) 351-8086,https://casadobrasil.com/austin,"10515 N Mopac Expy NB, Austin, TX 78759",Austin,4.9,5357,Steak house,ChIJUWNxVCjLRIYRJvF3RVr6KeE,marketing@casadobrasil.com,good,ok
Adriatic Cafe Italian Grill,(832) 761-7173,http://www.adriaticcafe.com/,"19004 Windsor Pointe Dr, Tomball, TX 77375",Tomball,4.6,5348,Italian restaurant,ChIJC-TXc9XSQIYRp3Ae_SUtkx0,aadriatic.cafe@gmail.com,bad,invalid
River Oaks Thai Massage,(832) 991-9995,https://riveroakthaimassage.com/,"1308 W Gray St, Houston, TX 77019",Houston,5,5323,Massage spa,ChIJU2jT26DAQIYRMVy3ZifRGkc,riveroaksmassage@gmail.com,good,ok
Stanley's Famous Pit Barbecue,(903) 593-0311,http://www.stanleysfamous.com/,"525 S Beckham Ave, Tyler, TX 75702",Tyler,4.6,5301,Barbecue restaurant,ChIJweyxhKPOSYYRxBhiBrWH5p8,hello@coltclassicpresents.com,good,ok
House of Pies,(281) 717-8400,https://houseofpies.com/,"20802 Katy Fwy, Katy, TX 77449",Katy,4.7,5274,Bakery,ChIJW39VjDYnQYYR1ulx0nW6eIs,kirby@houseofpies.com,good,ok
Lopez Mexican Restaurant - Houston,(281) 495-2436,http://houston.vivalopez.com/,"11606 Wilcrest Dr, Houston, TX 77099",Houston,4.6,5263,Mexican restaurant,ChIJc7UxQebnQIYRNuQQe07MaXw,lopez@vivalopez.com,good,ok
Babe's Chicken Dinner House,(972) 496-1041,https://babeschicken.com/?y_source=1_MjAyMjkwMzQ0MS03MTUtbG9jYXRpb24ud2Vic2l0ZQ%3D%3D,"1456 Belt Line Rd #171, Garland, TX 75044",Garland,4.6,5231,Chicken restaurant,ChIJ4fRd9cwdTIYRwPzf6jPXe2M,comments@babeschicken.com,good,ok
Sherlock's Escape Rooms Dallas,(972) 358-3528,https://www.sherlocksescaperooms.com/,"4887 Alpha Rd Suite 275, Farmers Branch, TX 75244",Farmers Branch,5,5169,Escape room center,ChIJRcrwOnkhTIYRvZMjOkVig1Q,sherlocksescaperooms@gmail.com,good,ok
"Rudy's ""Country Store"" and Bar-B-Q",(210) 653-7839,http://www.leonspringsbbq.com/,"10623 Westover Hills Blvd, San Antonio, TX 78251",San Antonio,4.2,5142,Barbecue restaurant,ChIJAWg3e-NCXIYRXXju2UAaYKw,gsc@leonspringsbbq.com,risky,catch_all
ABC Home & Commercial Services,(512) 837-9500,https://www.abchomeandcommercial.com/austin/pest-control?utm_source=gmb&utm_medium=organic&utm_campaign=austin-pest,"9475 US-290, Austin, TX 78724",Austin,4.8,5009,Pest control service,ChIJ07DGwEfIRIYR1THFpMsx2YA,dev@monkee-boy.com,good,ok
Down on Grayson,(210) 248-9244,https://www.downongrayson.com/,"303 E Grayson St, San Antonio, TX 78215",San Antonio,4.4,4831,American restaurant,ChIJeR2k-fP1XIYR9ZEz1asIiGM,downongrayson@gruenetexas.com,good,ok
Platinum Tattoos & Piercings,(210) 682-5239,https://platinumtattoos.com/,"5545 Northwest Loop 410 103 B, San Antonio, TX 78238",San Antonio,4.7,4813,Tattoo shop,ChIJqZh1bd5mXIYRxWAqPvEf5HA,platinumt4t@gmail.com,good,ok
The Guenther House,(210) 227-1061,https://www.guentherhouse.com/,"205 E Guenther St, San Antonio, TX 78204",San Antonio,4.5,4762,Breakfast restaurant,ChIJUVgHyLpYXIYRaEZvcMuVr8s,sarm@chg.com,good,ok
La Quinta Inn & Suites by Wyndham San Antonio Riverwalk,(210) 222-9181,https://www.wyndhamhotels.com/laquinta/san-antonio-texas/la-quinta-san-antonio-riverwalk/overview?CID=LC:6ysy27krtpcrqev:53402&iata=00093796,"303 Blum St, San Antonio, TX 78205",San Antonio,3.9,4734,Hotel,ChIJ90YMOAD2XIYRdqMe5_2CEZk,accessibility@wyndham.com,risky,catch_all
La Fogata Mexican Cuisine,(210) 340-1337,http://www.lafogata.com/,"2427 Vance Jackson Rd, San Antonio, TX 78213",San Antonio,4.2,4704,Mexican restaurant,ChIJa5N16jZeXIYRSM71ZFnzfhk,events@lafogata.com,risky,unknown
Goodson's Cafe,(281) 351-1749,http://www.goodsonscafe.com/,"27931 Tomball Pkwy, Tomball, TX 77375",Tomball,4.4,4683,American restaurant,ChIJaVEl-4ssR4YRbJCISmqwZcI,fun2eat@sbcglobal.net,risky,catch_all
La Margarita Mexican Restaurant & Oyster Bar,(210) 898-1745,http://www.lamargarita.com/,"120 Produce Row, San Antonio, TX 78207",San Antonio,4.3,4660,Mexican restaurant,ChIJ44hzy0xfXIYRpsU8TsxP0hk,guestservice@lafamiliacortez.com,bad,invalid
La Fisheria,(713) 802-1712,http://www.lafisheriahtx.com/,"213 Milam St, Houston, TX 77002",Houston,4.8,4648,Mexican restaurant,ChIJjfnzbEzHQIYRa3zh8igbVQw,lafisheria.downtown@gmail.com,good,ok
Andale Mexican Restaurant and Cantina,(915) 590-5999,http://www.andalemexicanrestaurant.com/,"9201 Gateway Blvd W, El Paso, TX 79925",El Paso,4.2,4633,Mexican restaurant,ChIJIxHclz5b54YRutLMEUfYCoU,amkryukov@gmail.com,good,ok
McShan Florist,(214) 324-2481,https://www.mcshanflorist.com/?utm_source=google&utm_medium=gbp&y_source=1_MTY3NzUyNjAtNzE1LWxvY2F0aW9uLndlYnNpdGU%3D,"10311 Garland Rd, Dallas, TX 75218",Dallas,4.9,4564,Florist,ChIJSyoU-hChToYRRBA_l6ujJw8,comments@mcshan.com,bad,invalid
Katy Asian Town,(346) 998-8000,https://katyasiantownandmarketplace.com/,"23119 Colonial Pkwy, Katy, TX 77449",Katy,4.7,4536,Restaurant,ChIJpbX2uTQnQYYRcNLurxfOYBg,amaonthego@gmail.com,good,ok
Savoy Restaurant,(281) 568-6772,http://www.savoyrestauranthouston.com/,"11246 S Wilcrest Dr 145 B, Houston, TX 77099",Houston,4.5,4524,Indian restaurant,ChIJu2RgdeXnQIYR5qm6vHq5Uko,savoyrestaurant01@gmail.com,good,ok
Brothers Taco House,(713) 223-0091,https://brothers-taco-house.shop/,"1604 Emancipation Ave, Houston, TX 77003",Houston,4.6,4496,Mexican restaurant,ChIJ9ULTrx6_QIYR_0KJi_DlMC8,placejoys.com@gmail.com,good,ok
Perry's Steakhouse & Grille - Downtown Austin,(512) 474-6300,http://www.perryssteakhouse.com/menu-locations/austin/downtown/,"114 W 7th St, Austin, TX 78701",Austin,4.6,4470,Steak house,ChIJz7o2jgm1RIYRi_5Y7JfjH0A,desiree@perryssteakhouse.com,good,ok
La Hacienda Ranch,(972) 335-2232,https://laharanch.com/lahaciendaranchfrisco?utm_source=google,"4110 Preston Rd, Frisco, TX 75034",Frisco,4.5,4465,Mexican restaurant,ChIJMzCnOPc8TIYRQfeaWK470yA,colleyville@laharanch.com,good,ok
Hiley Buick GMC Of Fort Worth,(817) 953-2793,https://www.hileygm.com/?utm_source=GMB_profile&utm_medium=organic,"3535 W Loop 820 S of, Fort Worth, TX 76116",Fort Worth,4.5,4432,Car dealer,ChIJO1JzvQENToYR-X2o5XLCOzc,eschimmels@hileygm.com,bad,invalid
Hobbit Cafe,(713) 526-5460,http://www.hobbitcafehtx.com/,"2243 Richmond Ave, Houston, TX 77098",Houston,4.5,4362,Hamburger restaurant,ChIJ28ljLY3AQIYRIbfNV2mVpys,agustinamingote@gmail.com,good,ok
Steak 48,(713) 322-7448,https://www.steak48.com/steakhouses/houston/?utm_source=google&utm_medium=organic&utm_campaign=gmb,"4444 Westheimer Rd, Houston, TX 77027",Houston,4.6,4361,Steak house,ChIJBx-DjBTBQIYRg-AGJi1o8ac,guestserviceshouston@steak48.com,good,ok
CorkScrew BBQ,(281) 330-2178,http://www.corkscrewbbq.com/,"26608 Keith St, Spring, TX 77373",Spring,4.7,4352,Barbecue restaurant,ChIJRfY7ATs0R4YRNVMqjkDzTHU,corkscrewbbq@corkscrewbbq.com,good,ok
Sixty Vines,(469) 620-8463,https://sixtyvines.com/,"3701 Dallas Pkwy, Plano, TX 75093",Plano,4.6,4320,Restaurant,ChIJzyWnoGAjTIYRrOlShOmDJG8,boca@sixtyvines.com,good,ok
Texas Auto Center,+1 512-280-5333,https://www.texasautocenter.com/?utm_source=google&utm_medium=organic&utm_campaign=gmb&utm_term=i35_south,"6809 S I-35 Frontage Rd, Austin, TX 78744, United States",Austin,4.7,4210,Used car dealer,ChIJd6Hi3zOzRIYR3CPeE4Z2cxU,sales@texasautocenter.net,bad,invalid
Esther's Cajun Café & Soul Food,(713) 699-1212,http://www.estherscajunsoul.com/,"5007 N Shepherd Dr, Houston, TX 77018",Houston,4.1,4151,Soul food restaurant,ChIJc1YF6vLHQIYRFtA-OSPyA7g,esthers.catering@yahoo.com,risky,unknown
Truck Yard,(877) 447-2967,http://truckyardcommissarykitchen.com/,"5624 Sears St, Dallas, TX 75206",Dallas,4.6,4124,Live music bar,ChIJMd1hKzafToYReP4XfULxAfI,commissary@texastruckyard.com,good,ok
Kiki's Mexican Restaurant,+1 915-565-6713,http://www.kikisrestaurant.com/,"2719 N Piedras St, El Paso, TX 79930, United States",El Paso,4.5,4094,Mexican restaurant,ChIJIVS_VuhZ54YRO5_KfDv2c1A,astigma@astigmatic.com,risky,catch_all
Solutions Pest & Lawn,(713) 473-3345,https://solutionsstores.com/,"12064 Beamer Rd, Houston, TX 77089",Houston,4.8,4064,Pest control service,ChIJfwDMyv4h2YgRAXJUNcbUhkE,support@solutionsstores.com,good,ok
Nick's Plumbing & Air Conditioning,(713) 868-9907,https://www.nicksplumbing.com/,"3780 Yale St, Houston, TX 77018",Houston,4.7,4044,Plumber,ChIJc48_TGrHQIYRiWl40K2R6Xo,service@nicksplumbing.com,good,ok
The Whitehall,(713) 739-8800,https://www.thewhitehallhouston.com/?utm_source=google&utm_medium=organic&utm_campaign=business_listing,"1700 Smith St, Houston, TX 77002",Houston,4.5,4031,Hotel,ChIJK1X9nkC_QIYRlp8QGc85bU8,frontdesk@thewhitehallhouston.com,good,ok
Arena Theatre,(713) 772-5900,https://arenahouston.com/,"7326 Southwest Fwy, Houston, TX 77074",Houston,4.3,3995,Live music venue,ChIJ6x8vGl_CQIYRNw3k5oDjr3g,contact@arenahouston.com,error,The read operation timed out
Smoke Skybar,(210) 253-9919,http://www.smokedowntown.com/,"1100 E Houston St, San Antonio, TX 78205",San Antonio,4,3981,Barbecue restaurant,ChIJZeJqtAb2XIYRhuTbDqHWxG8,eben@eyebytes.com,good,ok
Bass Pro Shops,(713) 770-5100,https://stores.basspro.com/us/tx/pearland/1000-bass-pro-dr.html?y_source=1_MzAxMTUzNC03MTUtbG9jYXRpb24ud2Vic2l0ZQ%3D%3D,"1000 Bass Pro Dr, Pearland, TX 77047",Pearland,4.5,3954,Sporting goods store,ChIJPw4mOqyUQIYR4UxuFp0KTqo,manager_league_city_tx@basspro.com,risky,catch_all
Lazy Dog Restaurant & Bar,(682) 276-7300,https://lazydogrestaurants.com/pages/arlington-tx,"241 E Interstate 20, Arlington, TX 76018",Arlington,4.5,3949,American restaurant,ChIJD3AjK2FjToYR3Ra0ysCMUS8,digital@ldeat.com,good,ok
Musaafer,(713) 242-8087,https://www.musaaferhouston.com/,"Suite C-3500, 5115 Westheimer Rd, Houston, TX 77056",Houston,4.6,3916,Modern Indian restaurant,ChIJk3AANG_BQIYRslF9Sn9-03U,reservation@musaaferhouston.com,good,ok
Rodeo Dental & Orthodontics,(956) 413-7537,https://www.rodeodental.com/locations/brownsville-southmost-tx/?utm_source=extnet&utm_medium=organic&utm_campaign=brownsville-southmost-extnet,"2950 Southmost Rd Suite 103, Brownsville, TX 78521",Brownsville,5,3892,Pediatric dentist,ChIJgSH6eKOVb4YR-TGppheIY5M,laredog@rodeodental.com,good,ok
Valley Dental Care,(915) 598-7100,https://valleydentalcareep.com/?utm_source=local&utm_medium=organic&utm_campaign=gmb,"7505 N Loop Dr, El Paso, TX 79915",El Paso,4.9,3793,Dentist,ChIJKRdB7DFb54YRUVim_6hrPVU,hello@businessname.com,bad,invalid
Family Christian Doors,(817) 595-9900,https://www.familychristiandoors.com/,"2809 Haltom Rd, Haltom City, TX 76117",Haltom City,4.9,3779,Garage door supplier,ChIJD0O4FLR5ToYRj_2S8HqsT2c,service@fcdoors.com,good,ok
Pier 8,(281) 474-2078,https://pier-8.shop/,"409 Todville Rd, Seabrook, TX 77586",Seabrook,4.3,3772,Seafood restaurant,ChIJCWLZPf9iP4YRuQMUEluBGZ8,contact@restaurants-world.net,good,ok
The Hadi Law Firm,(832) 433-7977,https://www.thehadilawfirm.com/,"7100 Regency Square Blvd Suite 140, Houston, TX 77036",Houston,5,3767,Personal injury attorney,ChIJ5eTUwE3CQIYRgr0-p6CwIdE,anagerdz1117@gmail.com,bad,invalid
Moxies Plano Restaurant,(469) 535-5300,https://moxies.com/restaurants/plano?utm_source=GMB&utm_medium=google-location-listing&utm_campaign=organic,"8451 Parkwood Blvd, Plano, TX 75024",Plano,4.7,3741,Restaurant,ChIJgTS2X788TIYRhd7MOk_o-qE,bmartinez@eatzhospitality.com,good,ok
The Republic of the Rio Grande,(956) 994-8385,http://www.therepublicmcallen.com/,"1411 S 10th St, McAllen, TX 78501",McAllen,4.7,3720,Steak house,ChIJ2ZhIo1CnZYYRdq9655fDWr4,republicmanagement1411@gmail.com,good,ok
Milano Nail Spa West U,(832) 767-5541,https://milanonailwestuniversity.com/,"5110 Buffalo Speedway Suite C, Houston, TX 77005",Houston,4.8,3702,Nail salon,ChIJsQOM9hPBQIYRRCWHxeA1O6Y,milanonailswestu@gmail.com,good,ok
Good Luck Cafe,(915) 532-9039,http://goodluckcafe.net/,"3813 Alameda Ave, El Paso, TX 79905",El Paso,4.4,3696,Mexican restaurant,ChIJlwcPFoJZ54YReRMQdG3b99A,catering@goodluckcafe.net,bad,invalid
Roaring Fork,(512) 342-2700,http://roaringfork.com/,"10850 Stonelake Blvd, Austin, TX 78759",Austin,4.5,3673,American restaurant,ChIJCxiuFHvMRIYRQy-KBmm5BjE,marketing@guyandlarryrestaurants.com,risky,catch_all
Soto,(512) 531-9142,https://sotosouthlamar.com/?y_source=1_MTYxMDkxMDQtNzE1LWxvY2F0aW9uLndlYnNpdGU=,"1100 S Lamar Blvd Ste 2115, Austin, TX 78704",Austin,4.7,3667,Japanese restaurant,ChIJz7WqZx-1RIYRg92N62_QVKk,manager@sotorestaurant.com,good,ok
Odd Duck,(512) 433-6521,http://oddduckaustin.com/,"1201 S Lamar Blvd, Austin, TX 78704",Austin,4.7,3623,New American restaurant,ChIJi8__nx-1RIYR56djED9FLLE,foh@oddduckaustin.com,good,ok
Fonda San Miguel,(512) 459-4121,http://www.fondasanmiguel.com/,"2330 W N Loop Blvd, Austin, TX 78756",Austin,4.6,3603,Mexican restaurant,ChIJc7Guu_XKRIYRSxDQUZwxkns,events@fondasanmiguel.com,good,ok
Maple & Motor,(214) 522-4400,http://mapleandmotor.com/,"4810 Maple Ave, Dallas, TX 75219",Dallas,4.6,3527,Hamburger restaurant,ChIJLa5gnaWeToYRY2vYniKVLBA,catering@mapleandmotor.com,good,ok
Jester King Brewery,(512) 900-1820,https://jesterkingbrewery.com/,"13187 Fitzhugh Rd, Austin, TX 78736",Austin,4.6,3523,Brewery,ChIJkexlLlRGW4YRCXbXqNo7G_8,dcerda@jesterkingbrewery.com,bad,invalid
787 Coffee,(915) 219-8718,http://www.787coffee.com/,"5038 Alameda Ave, El Paso, TX 79905",El Paso,4.9,3515,Coffee shop,ChIJ7xTWUFRb54YRJeD4nf0ed6k,hello@787coffee.com,good,ok
Avesta Persian Middle Eastern,(713) 781-5555,https://www.avestahouston.com/,"11165 Westheimer Rd, Houston, TX 77042",Houston,4.7,3506,Persian restaurant,ChIJ-5rPUs_cQIYRumV7nQ61xis,avestahouston@gmail.com,good,ok
la Barbecue,,http://www.labarbecue.com/,"2401 E Cesar Chavez St, Austin, TX 78702",Austin,4.4,3436,Barbecue restaurant,ChIJIR1tw661RIYRUgfHust5Vv0,hello@labarbecue.com,good,ok
Pizza Classics,(210) 225-3356,http://www.pizzaclassics.com/,"3440 N St Mary's St, San Antonio, TX 78212",San Antonio,4.5,3428,Pizza restaurant,ChIJ07QpUPL1XIYRscCgL11FFPU,rjconstantin@yahoo.com,risky,unknown
Doc B's Restaurant,(512) 672-8400,https://docbsrestaurant.com/locations/austin,"3001 Palm Way Suite 120, Austin, TX 78758",Austin,4.7,3422,American restaurant,ChIJiSgwmnLMRIYRifsgXKrwVSQ,ap@docbsfreshkitchen.com,good,ok
Taco Fuego,,https://tacofuego.com/,"401 Franklin St Suite 1260, Houston, TX 77201",Houston,4.9,3414,Mexican restaurant,ChIJIXHDpMu_QIYRtXiTzXzMNfo,admin@tacofuego.com,good,ok
Uchi Austin,(512) 916-4808,https://uchi.uchirestaurants.com/location/austin/,"801 S Lamar Blvd, Austin, TX 78704",Austin,4.6,3403,Sushi restaurant,ChIJz2Whyx61RIYR7mCeZje-QWw,uchiwesthollywoodmanagers@uchirestaurants.com,risky,unknown
The Hampton Social - Dallas,(469) 498-9890,https://www.thehamptonsocial.com/,"1520 Main St, Dallas, TX 75201",Dallas,4.8,3352,American restaurant,ChIJW4OxHwCZToYRlEQxoOQwBIM,norris@parkerhospitality.com,good,ok
Hyper Inkers Tattoo and Piercing Studio,(210) 997-9737,https://hyperinkers.com/,"8045 Callaghan Rd, San Antonio, TX 78230",San Antonio,4.9,3348,Tattoo shop,ChIJlysjQwBfXIYRtWUWg1pzvJo,damian.hyperinkers@gmail.com,bad,invalid
The Law Offices of Hilda Sibrian,(713) 714-1414,https://hildasibrian.com/?utm_campaign=gmb,"846 North Loop, Houston, TX 77009",Houston,5,3324,Personal injury attorney,ChIJ1-eAjQTHQIYRwYPpeAEeB9M,hilda@sibrianlaw.com,good,ok
Carrabba's - The Original On Kirby,(713) 522-3131,http://www.carrabbasoriginal.com/,"3115 Kirby Dr, Houston, TX 77098",Houston,4.6,3317,Italian restaurant,ChIJ2w9_he3AQIYRofCumgLvKu4,kirby@carrabbasoriginal.com,good,ok
Mandola's Italian Kitchen,(512) 419-9700,https://mandolas.com/,"4700 W Guadalupe St #12, Austin, TX 78751",Austin,4.5,3313,Italian restaurant,ChIJ5TZAf2XKRIYRg7t2uQYn1Kw,office@mandolas.com,good,ok
"A&A Plumbing, Heating, and Cooling",(210) 642-1847,https://www.aaplumbingsa.com/,"121 Windy Meadows Dr, Schertz, TX 78154",Schertz,4.9,3300,Plumber,ChIJr_cwyPOMXIYRmbJxH1ZCTF4,office@aaplumbingsa.com,good,ok
"DTF Order - Premium, Vibrant & Swift DTF Printing Services",(972) 707-1206,https://dtforder.com/,"11834 Harry Hines Blvd Suite 115, Dallas, TX 75234",Dallas,4.9,3296,Screen printing shop,ChIJr7XZBzIfTIYRHeE3Oq8pnwg,support@dtforder.com,good,ok
Carnation Auto Spa,(972) 777-5170,https://carnationautospa.com/carnation-locations/dallas-lemmon/?utm_source=google&utm_medium=organic&utm_campaign=gmb,"4915 Lemmon Ave, Dallas, TX 75219",Dallas,4.5,3289,Car wash,ChIJV4lQHEifToYRu839UWXY7Dc,hello@carnationautospa.com,good,ok
Original Market Diner,(214) 521-0992,https://www.originalmarketdiner.com/,"4434 Harry Hines Blvd, Dallas, TX 75219",Dallas,4.5,3279,Breakfast restaurant,ChIJ4UWl_6yeToYRyovC0V5PzWY,originalmarketdiner@yahoo.com,risky,unknown
Colair,(956) 581-5212,https://colairinc.com/,"1221 E Expressway 83 Suite A, Mission, TX 78572",Mission,5,3278,HVAC contractor,ChIJ8XVUfQuoZYYR1Ct4Y8QBDuc,sales@colairinc.com,good,ok
Guillermo's,(210) 223-5587,http://www.guillermosdowntown.com/,"618 McCullough Ave, San Antonio, TX 78215",San Antonio,4.4,3277,Italian restaurant,ChIJxRBd_VZfXIYR1Q-9N30wDho,guillermo@guillermosdowntown.com,risky,unknown
EōS Fitness,(832) 478-1956,https://eosfitness.com/gym/houston-gillette-st-allen-pkwy/?utm_source=local&utm_medium=organic&utm_campaign=evergreen_gmb,"1755 Allen Pkwy ste 2, Houston, TX 77019",Houston,4.3,3266,Gym,ChIJbzpGZFm_QIYRwF6S5OkowRA,fmtxhga@eosfitness.com,good,ok
Tandoorish,(346) 206-4299,https://www.tandoorish.com/,"9135 W Sam Houston Pkwy N #400, Houston, TX 77064",Houston,4.7,3240,Indian restaurant,ChIJ11ojwyzOQIYRhCdxA0RpCss,hello@rfuenzalida.com,good,ok
Sam's Sunset Kitchen,(281) 326-7267,http://www.samsboat.com/locations/seabrook/,"3101 NASA Road 1, Seabrook, TX 77586",Seabrook,4.3,3228,Seafood restaurant,ChIJmyI_zGZiP4YR5EVj_NSwxvs,samsseabrook@samsboat.com,risky,unknown
One Hour Air Conditioning & Heating,(817) 766-5706,https://www.onehourairftworth.com/?utm_source=organic&utm_medium=gbp,"2535 Brennan Ave, Fort Worth, TX 76106",Fort Worth,4.8,3209,HVAC contractor,ChIJp-CLd_nhTYYRN-AndhiVWlY,customerservice@onehourair.com,good,ok
The Rice Box,(713) 408-8678,https://riceboxed.com/locations/heights/,"300 W 20th St, Houston, TX 77008",Houston,4.3,3202,Chinese restaurant,ChIJld24_WTHQIYRxXvG7YH40_g,heights@riceboxed.com,good,ok
Bungalow,(713) 393-7868,https://bungalowdining.com/,"407 Main St, Houston, TX 77002",Houston,4.5,3173,Steak house,ChIJUywG2OG_QIYRUp64RJXu9wA,reservation@alifehospitality.com,good,ok
Bayou Music Center,(713) 230-1600,https://www.bayoumusiccenter.com/?utm_source=GMBlisting&utm_medium=organic,"520 Texas Ave, Houston, TX 77002",Houston,4.4,3169,Live music venue,ChIJwaIsyDC_QIYRWjyGIQYmPYM,infobmc@livenation.com,good,ok
La Mexicana,(713) 521-0963,http://www.lamexicanarestaurant.com/,"1018 Fairview St, Houston, TX 77006",Houston,4,3147,Mexican restaurant,ChIJVYLye2C_QIYRf_Djo1Ugx_s,donations@lamexicanarestaurant.com,good,ok
Cane Rosso,(817) 922-9222,https://www.canerosso.com/,"815 W Magnolia Ave, Fort Worth, TX 76104",Fort Worth,4.5,3143,Pizza restaurant,ChIJKW01mXVxToYRH3kzgP4CFKE,jamador@canerosso.com,good,ok
Hillstone,(713) 529-2385,https://hillstonerestaurant.com/locations/houston/#,"4848 Kirby Dr, Houston, TX 77098",Houston,4.3,3138,American restaurant,ChIJq13iF_TAQIYR93rF2J-02XI,guestservices@hillstone.com,risky,catch_all
Patron Grill,(936) 328-8333,https://patrongrill.shop/,"1301 W Church St, Livingston, TX 77351",Livingston,4.4,3123,Mexican restaurant,ChIJNxEZb52GOIYRWHNarwCRkz8,contact@foodplacee.com,good,ok
Milano Nail Spa Meyerland,(281) 974-2904,https://milanonailspameyerland.com/,"600 Meyerland Plz, Houston, TX 77096",Houston,4.8,3121,Nail salon,ChIJR-GjaADBQIYR6OG4CGEPd_g,milanonailspameyerland@gmail.com,good,ok
Butter Smith Kitchen & Pies,(915) 751-3455,https://www.buttersmith.com/,"4757 Hondo Pass Dr, El Paso, TX 79904",El Paso,4.3,3108,Breakfast restaurant,ChIJ93VQEy9R54YR8NHqyOCZvas,contact@buttersmith.com,risky,catch_all
Air Tech of Katy,(281) 317-7680,https://www.airtechofkaty.com/locations/katy-tx/?utm_source=google-gbp&utm_medium=organic&utm_campaign=*21*air-tech-katy,"5614 Franz Rd Suite B, Katy, TX 77493",Katy,4.8,3101,Electrician,ChIJm4Cj5NIlQYYRnb97wlFDkDk,service@airtechofkaty.com,good,ok
Affordable Furniture,(713) 681-6300,http://www.affordablefurniturehouston.com/,"12005 Northwest Fwy Suite B, Houston, TX 77092",Houston,4.9,3048,Furniture store,ChIJV-xoQz2XQIYR49yqfDCQn00,affordablefurniturenw@gmail.com,good,ok
Neches River Wheelhouse,(409) 853-1249,http://nechesriverwheelhouse.com/,"720 Lee Ave, Port Neches, TX 77651",Port Neches,4.4,3013,Seafood restaurant,ChIJb5HZEHqxPoYRQY9sLadfXPg,setxwheelhouse@gmail.com,good,ok
Mike's Chicken,(214) 443-7822,http://www.mikeschicken.co/,"4234 Maple Ave, Dallas, TX 75219",Dallas,4.6,3012,Chicken restaurant,ChIJAy4sBLSeToYRJtM1Kqlnj00,hello@mikeschicken.co,good,ok
Home Zone Furniture,(512) 852-8610,https://homezonefurniture.com/pages/round-rock?utm_source=local&utm_medium=organic,"1601 N Interstate Hwy 35 #500, Round Rock, TX 78664",Round Rock,4.9,3011,Furniture store,ChIJ4QKsGCHORIYRD5vJ0iJ3z8w,manager15@homezonefurniture.com,good,ok
The Hoppy Monk,(210) 545-3330,http://www.thehoppymonk.com/sanantonio,"1010 N Loop 1604 E, San Antonio, TX 78232",San Antonio,4.5,3004,Bar,ChIJt-ifFgKKXIYR8Z2LD4bFrsw,feedback@thehoppymonk.com,good,ok
Eureka!,(512) 735-1144,http://eurekarestaurantgroup.com/blog/locations/austin/,"200 E 6th St, Austin, TX 78701",Austin,4.4,2986,American restaurant,ChIJF9Jpeqe1RIYRqEgyqpTpZ1c,guestservices@eurekarestaurantgroup.com,good,ok
Lupe Tortilla Mexican Restaurant,(713) 522-4420,https://tex-mex.com/west-university-downtown/,"2414 Southwest Fwy, Houston, TX 77098",Houston,4.4,2984,Mexican restaurant,ChIJIZL7EvPAQIYRV94ozpA6pFs,twilson@lupetortilla.com,good,ok
Bread Winners Cafe & Bakery,(214) 556-1334,https://breadwinnerscafe.com/uptown-dallas,"3301 McKinney Ave, Dallas, TX 75204",Dallas,4.3,2982,Restaurant,ChIJFWBqMtOeToYRvS9FXF0BOCw,uptown@breadwinnerscafe.com,good,ok
Air Tech of Humble - Elite Comfort,(346) 236-1240,https://www.airtechofhumble.com/locations/humble-tx/?utm_source=google-gbp&utm_medium=organic&utm_campaign=*20*air-tech-humble,"1710 1st St E, Humble, TX 77338",Humble,4.9,2970,HVAC contractor,ChIJJ8yZOL-yQIYRCvmn6R0BcsI,service@airtechofhumble.com,good,ok
Sushi Masa Beaumont,(409) 225-5969,https://sushimasaus.com/,"4185 Dowlen Rd, Beaumont, TX 77706",Beaumont,4.9,2943,Sushi restaurant,ChIJ46NMQVgzOYYR9dfLCG0QLUQ,batonrougela@sushimasaus.com,good,ok
Southwest Irrigation Systems,(281) 494-3700,http://www.swis-inc.com/,"2511 McKeever Rd, Rosharon, TX 77583",Rosharon,4.9,2928,Lawn sprinkler system contractor,ChIJeez3kqDvQIYRdq8Td9PiX7g,service@swis-inc.com,good,ok
Truluck's Ocean's Finest Seafood & Crab,(713) 783-7270,https://trulucks.com/locations/houston-texas/,"5350 Westheimer Rd, Houston, TX 77056",Houston,4.6,2924,Seafood restaurant,ChIJS_vq1GXBQIYRaGH_5YQ4x3M,austinevents@trulucks.com,good,ok
Orkin,(210) 806-5123,https://www.orkin.com/locations/texas-tx/san-antonio-pest-control/branch-776?utm_source=local&utm_medium=local&utm_campaign=LCL0277,"10443 Gulfdale St Ste 110, San Antonio, TX 78216",San Antonio,4.7,2920,Pest control service,ChIJt1PjIX3zXIYRJKKj3TB8hOs,branch877@orkin.com,bad,invalid
Meno's Méxican Grill | Stan Schlueter,(254) 554-8220,https://menosgrilltx.com/,"1100 E Stan Schlueter Loop, Killeen, TX 76542",Killeen,4.2,2914,Mexican restaurant,ChIJ787sTlRKRYYRM610sR9eKr0,menosgrill@gmail.com,good,ok
U.S. Dermatology Partners Spicewood Springs,(512) 476-9195,https://www.usdermatologypartners.com/austin-spicewood-springs/,"3807 Spicewood Springs Rd #200, Austin, TX 78759",Austin,4.9,2908,Dermatologist,ChIJF23mqg3LRIYRQ69ii0tPgWs,houston-hermann@usdermparnters.com,bad,invalid
Schrader Plumbing,(817) 262-0989,https://www.schraderplumbing.com/,"5520 Davis Blvd, North Richland Hills, TX 76180",North Richland Hills,4.9,2901,Plumber,ChIJf6ba2pF_ToYRO0yhu_thTSY,contact@schraderplumbing.com,good,ok
Taqueria Datapoint,(726) 238-4286,https://www.taqueriadatapointmedicaldrive.net/,"4061 Medical Dr, San Antonio, TX 78229",San Antonio,4.4,2900,Mexican restaurant,ChIJOe8ItKhgXIYRZ6Ot0Abv0Ac,taqueriadatapointmedicaldrive@gmail.com,good,ok
Perla's,(512) 291-7300,http://perlasaustin.com/,"1400 S Congress Ave, Austin, TX 78704",Austin,4.5,2898,Seafood restaurant,ChIJb7byD_20RIYRT9uoSeSUvzY,events@perlasaustin.com,good,ok
Aladdin Mediterranean cuisine,(713) 942-2321,https://aladdinshouston.com/,"912 Westheimer Rd, Houston, TX 77006",Houston,4.6,2883,Mediterranean restaurant,ChIJ3RBHCWG_QIYRXqlqTIyTIf4,catering@aladdinshouston.com,good,ok
Auto Liquidators Plus,(469) 291-9948,https://www.autoliquidatorsplus.com/?utm_source=googlemybusiness&utm_medium=organic,"39670 Lyndon B Johnson Fwy, Dallas, TX 75237",Dallas,4.7,2877,Used car dealer,ChIJs8n-mhSRToYRULAAFQxm8eE,sales@autoliquidators.net,good,ok
Tia Juanita's Fish Camp,(409) 434-4532,https://www.tjfishcamp.com/,"5555 Calder Ave, Beaumont, TX 77706",Beaumont,4.6,2841,Mexican restaurant,ChIJIRVKlqjMPoYRDNdt6xa3-uk,admin@tiaswaco.com,good,ok
Angry Dog,(214) 741-4406,https://www.angrydog.com/,"2726 Commerce St, Dallas, TX 75226",Dallas,4.6,2811,Hamburger restaurant,ChIJP9rrfN2YToYRM-YLi3Ov7T4,social@angrydog.com,bad,invalid
American Irrigation Repair,(512) 868-2129,https://fixmyheads.com/,"3560 E University Ave, Georgetown, TX 78626",Georgetown,4.9,2810,Lawn sprinkler system contractor,ChIJGWX1rfvRRIYR4tptun0XN3U,hello@fixmyheads.com,risky,catch_all
Umiya Sushi,(210) 455-0299,https://www.umiyasa.com/,"11075 I-10 Suite 200, San Antonio, TX 78230",San Antonio,4.5,2810,Japanese restaurant,ChIJO0AnxS9nXIYRu3CYYsaBz3o,umiyasushisa@gmail.com,good,ok
NOLA Restaurant,(210) 255-8842,http://eatatnola.com/,"1101 Broadway Ste 120, San Antonio, TX 78215",San Antonio,4.4,2796,Breakfast restaurant,ChIJqwuNwmFfXIYRgIqnSM7xSAs,hello@whereyatsa.com,good,ok
Proven Plumbing & Air,(512) 775-1234,https://www.callproven.com/,"300 Brushy Creek Rd Suite 402, Cedar Park, TX 78613",Cedar Park,4.9,2785,Plumber,ChIJmUYKBAotW4YRh06-vt0DbcY,customerservice@provenplumbing.com,good,ok
The Yard McKinney TX,(469) 631-0035,http://www.yardtx.com/,"107 S Church St, McKinney, TX 75069",McKinney,4.5,2778,Restaurant,ChIJV1T-K2ETTIYRlYXWCDiDwO0,eatdrinkplay@yardtx.com,good,ok
Calico County Restaurant,(806) 358-7664,http://www.calicocountydiner.com/,"2410 Paramount Blvd, Amarillo, TX 79109",Amarillo,4.3,2778,American restaurant,ChIJibnhXc9PAYcRUCU-C-nqxas,steve@ccr.rest,good,ok
Farmhouse Cafe,(936) 435-1450,http://www.farmhousecafetexas.com/,"1004 14th St, Huntsville, TX 77340",Huntsville,4.5,2777,American restaurant,ChIJQyno1o8IR4YR15Iko0rKPaE,farmhousecafe@me.com,good,ok
Los Vaqueros,(817) 624-1511,http://www.losvaqueros.com/,"2513 Rodeo Plaza, Fort Worth, TX 76164",Fort Worth,4.2,2771,Mexican restaurant,ChIJyUhJUqB2ToYRW4oiw8sss4o,lvinfo@losvaqueros.com,good,ok
Bubba's Texas Burger Shack,(713) 661-1622,https://bubbastexasburgershack.com/?utm_source=google,"5230 Westpark Dr, Houston, TX 77056",Houston,4.5,2771,Hamburger restaurant,ChIJ0wxXfnfBQIYRmHBvCWC5aB0,bubbastexasburgershack@rocketmail.com,risky,unknown
The Flying Biscuit Cafe,(832) 659-0618,https://flyingbiscuit.com/locations-2/memorialcity/,"12389 Kingsride Ln, Houston, TX 77024",Houston,4.6,2764,Breakfast restaurant,ChIJtYqb-qTFQIYRl-zrsmhHnNU,kingwood@flyingbiscuit.com,risky,unknown
Picos Restaurant,(832) 831-9940,https://picos.net/?utm_source=google,"3601 Kirby Dr, Houston, TX 77098",Houston,4.3,2756,Mexican restaurant,ChIJZcpAhCTCQIYRt5hw6OjmZHs,arichards@picos.net,good,ok
Two Guys From Italy,(972) 247-6814,http://www.twoguysfromitalyrestaurant.com/,"11637 Webb Chapel Rd, Dallas, TX 75229",Dallas,4.5,2740,Italian restaurant,ChIJFYgACXQnTIYRFCq-HvOhzW0,twoguysfromitalydallas@gmail.com,good,ok
"Club Quarters Hotel Downtown, Houston",(713) 224-6400,https://clubquartershotels.com/houston/downtown,"720 Fannin St, Houston, TX 77002",Houston,3.9,2734,Hotel,ChIJB_NsLDu_QIYRZ3Buf7UtEeE,guestservices@clubquarters.com,good,ok
The Dentist,(915) 228-3084,https://thedentistelpaso.com/?utm_source=local&utm_medium=organic&utm_campaign=gmb,"3060 Joe Battle Blvd, El Paso, TX 79938",El Paso,4.9,2714,Dentist,ChIJ4_Mf9zBE54YRw26iCFZsOdw,thedentistelpaso@gmail.com,good,ok
Canales Furniture / Muebleria Oak Cliff,(214) 946-2659,https://www.canalesfurniture.com/pages/oak-cliff,"101 E Jefferson Blvd, Dallas, TX 75203",Dallas,4.9,2704,Furniture store,ChIJS7VgKk-ZToYRnza55qcZ2kE,dallas@canalesfurniture.com,good,ok
Hungry Jack's,(281) 462-7153,https://hungryjacks.restaurant/,"14045 FM 2100 Ste 120, Crosby, TX 77532",Crosby,4.7,2693,Breakfast restaurant,ChIJs_9vcxyoQIYRwZC59ndS6NY,support@spoton.com,good,ok
Huynh Restaurant,(713) 224-8964,http://www.huynhrestauranthouston.com/,"912 St Emanuel St, Houston, TX 77003",Houston,4.7,2692,Vietnamese restaurant,ChIJgRlKyCG_QIYRj2aexIUYdJw,phohuynhgirl@yahoo.com,risky,unknown
Street's Fine Chicken,(469) 917-7140,https://www.streetsfinechicken.com/,"3857 Cedar Springs Rd, Dallas, TX 75219",Dallas,4.5,2686,Southern restaurant (US),ChIJJeeAesmeToYRgrjusxjTtyo,sfc.team.cedarsprings@gmail.com,good,ok
Woods Comfort Systems,(512) 881-0056,https://woodscomfortsystems.com/?utm_source=GBP&utm_medium=GBP,"1902 Dutton Dr, San Marcos, TX 78666",San Marcos,4.9,2680,Plumber,ChIJo3rWFYKoXIYR4xav8q2nql4,service@woodscomfortsystems.com,bad,invalid
Grimaldi's Pizzeria,(915) 594-4929,https://www.grimaldispizzeria.com/locations/el-paso/,"8889 Gateway Blvd W Ste 1200, El Paso, TX 79925",El Paso,4.4,2676,Pizza restaurant,ChIJfziMJxpb54YRCe0xrP7QrBo,mmoss@grimaldispizzeria.com,good,ok
Al Biernat's Oak Lawn,(214) 219-2201,https://www.albiernats.com/locations/oak-lawn/?utm_source=google&utm_medium=organic&utm_campaign=gbp,"4217 Oak Lawn Ave, Dallas, TX 75219",Dallas,4.7,2667,Steak house,ChIJTdYTTtueToYR1n1KpfzBLVo,frontdesk@albiernats.com,good,ok
Paesanos Lincoln Heights,(210) 828-5191,https://www.paesanos.com/,"555 E Basse Rd, San Antonio, TX 78209",San Antonio,4.4,2663,Italian restaurant,ChIJx3hz5Vz1XIYRdC22_0Sf3JE,%20plhbqts@joesfood.com,,
Taqueria Chapala Jalisco,(210) 735-5352,https://taqueriachapala.top/,"1902 McCullough Ave, San Antonio, TX 78212",San Antonio,4.3,2624,Mexican restaurant,ChIJTZXmkF1fXIYROCUnT57g94o,black9@qq.com,good,ok
Bartlett's,(512) 451-7333,http://bartlettsaustin.com/,"2408 W Anderson Ln., Austin, TX 78757",Austin,4.5,2601,Steak house,ChIJm1Lr-K_LRIYRmy1ivVVaF8E,bartletts@bartlettsaustin.com,good,ok
Howl at the Moon San Antonio,(210) 212-4770,https://www.howlatthemoon.com/san-antonio/,"111 W. Crockett Street St. #201, 111 W Crockett St St. #201, San Antonio, TX 78205",San Antonio,4.4,2587,Bar,ChIJWWhTTKtYXIYReBORjafOLT8,sanantonio@howlatthemoon.com,risky,catch_all
Guanajuato Bakery,(817) 831-6066,http://www.guanajuatobakery.com/,"3301 E Belknap St, Fort Worth, TX 76111",Fort Worth,4.5,2577,Bakery,ChIJK7oBHtNwToYRokBIO7OcQSI,guanajuatobakery@gmail.com,good,ok
The Crockett Hotel,(210) 225-6500,https://www.crocketthotel.com/?utm_source=google&utm_medium=organic&utm_campaign=business-listing,"320 Bonham Suite #2, San Antonio, TX 78205",San Antonio,4.4,2557,Hotel,ChIJCWResapYXIYR6fCu-9XRMEk,reservations@crocketthotel.com,good,ok
The Backyard Bar Stage and Grill,(254) 235-1151,http://www.backyardwaco.com/,"511 S 8th St, Waco, TX 76706",Waco,4.4,2556,Bar & grill,ChIJ1_-2mE6CT4YRtupchRPntsk,backyardwaco@gmail.com,good,ok
De Nada Cantina,(512) 615-3555,https://denadacantina.com/,"4715 E Cesar Chavez St, Austin, TX 78702",Austin,4.6,2550,Taco restaurant,ChIJYzTW7YK1RIYRCW0QG4_Eik4,hablar@denadacantina.com,good,ok
Lochridge Priest Home Services,(254) 545-2688,https://lochridgepriesthome.com/locations/waco/?utm_source=google-gbp&utm_medium=organic&utm_campaign=*263*lochridge-waco,"401 S 13th St, Waco, TX 76706",Waco,4.9,2533,Plumber,ChIJ58W6nOmDT4YRwIawDCp1c04,service@lpwaco.com,good,ok
Walnut Hill Wrecker,(972) 284-1121,https://walnuthillwrecker.com/?utm_campaign=corporate_branding&utm_source=google&utm_medium=organic,"11239 Goodnight Ln, Dallas, TX 75229",Dallas,4.7,2527,Towing service,ChIJZ0wJqfUnTIYREMWjqWExWDQ,dfwcallcenter@vmsolutions.com,good,ok
La Stella Cucina Verace,(469) 663-7800,https://www.lastellatx.com/,"2330 Flora St #150, Dallas, TX 75201",Dallas,4.8,2524,Italian restaurant,ChIJUZEW2V-ZToYRUPceX82HbOg,management@lastellatx.com,good,ok
Mia's Table,(832) 626-0545,https://www.miastable.com/,"19325 Gulf Fwy Ste 6, Webster, TX 77598",Webster,4.5,2517,Family restaurant,ChIJVfxB38SdQIYRhNwBAFunL8g,mpendleton@miastable.com,good,ok
Maria Rita's Tex-Mex,(281) 888-1909,https://mariaritastexmex.com/?utm_source=google,"8445 Gulf Fwy, Houston, TX 77017",Houston,4.7,2515,Tex-Mex restaurant,ChIJw4DBdCeXQIYRXEvLHXGaPjM,admin@mariaritas.com,risky,catch_all
Cypress Creek Pest Control,(281) 469-2679,https://cycreekpestcontrol.com/,,,4.8,2511,Pest control service,ChIJWdTEuAjOQIYRJullL1xL_ik,nobugs@cycreekpestcontrol.com,good,ok
24 Hour Fitness,(281) 894-6151,https://www.24hourfitness.com/gyms/houston-tx/willowbrook-houston-super-sport?Adb_id=GGL_LOC_ACQ_CDP,"7300 W Greens Rd, Houston, TX 77064",Houston,4.6,2504,Gym,ChIJF7F9vN7NQIYRRQiat8I1nSE,ccpadr@24hourfit.com,risky,unknown
512 Locksmith,(512) 777-0021,https://texaslocksmiths.wixsite.com/512locksmith,,,4.9,2504,Locksmith,ChIJWfpdgKzLRIYR-yLClo0Upr4,dispatch@512locksmith.com,good,ok
Garage Door Doctor Repair,(281) 209-5436,https://garagedoordoctor.biz/katy-tx-garage-door-repair-installation-near-you/?utm_source=google&utm_medium=organic&utm_campaign=gbpwebsite[katy],"6819 Hwy Blvd Ste 610, Katy, TX 77494",Katy,4.9,2502,Garage door supplier,ChIJATwqixUhQYYRukK38fyC_cw,financing@garagedoordoctor.biz,error,The read operation timed out
The Rouxpour,(281) 480-4052,https://www.therouxpour.com/,"700 Baybrook Mall H100, Friendswood, TX 77546",Friendswood,4.5,2495,Creole restaurant,ChIJNVy5L3qbQIYRjhi3Tthu68E,baybrook@therouxpour.com,good,ok
The Common Table,(469) 797-0964,https://www.thecommontable.com/,"6740 Winning Dr #1005, Frisco, TX 75034",Frisco,4.3,2494,American restaurant,ChIJa9WY5YQ8TIYRCkSq0aCSaSs,frisco@thecommontable.com,good,ok
Uptown Heating & Air Conditioning,(832) 709-0236,https://www.uptownac.com/,"11211 Richmond Ave Suite B102, Houston, TX 77082",Houston,4.8,2492,HVAC contractor,ChIJdwLISKraQIYRZSnde9fD4Vg,uptownair@gmail.com,good,ok
B&B Butchers,(713) 862-1814,https://www.bbbutchers.com/,"1814 Washington Ave, Houston, TX 77007",Houston,4.5,2489,Steak house,ChIJZ5W1zUu_QIYRHiNhFaSst-U,bbbutchersfw@berghospitality.com,good,ok
Shark Shack,(409) 497-2006,http://sharkshackbeachbarandgrill.com/home/,"2402 The Strand, Galveston, TX 77550",Galveston,4.6,2486,Seafood restaurant,ChIJZ0PvJR-fP4YR0IE-iEFAFIA,sharkshackgalveston@hotmail.com,good,ok
Bad Chicken,(469) 206-0237,http://badchicken.com/,"5014 Ross Ave, Dallas, TX 75206",Dallas,4.4,2467,Chicken wings restaurant,ChIJ6xAQuW6fToYRypB4c2LtIOo,admin@badchicken.com,good,ok
Paris Coffee Shop,(817) 945-1702,https://pariscoffeeshopfw.com/,"704 W Magnolia Ave, Fort Worth, TX 76104",Fort Worth,4.3,2465,Breakfast restaurant,ChIJg6e8a3VxToYRyfBYTS3OSeA,pariscoffeeshopftw@gmail.com,good,ok
Escapology Escape Rooms Dallas - Victory Park,(469) 421-1445,https://www.escapology.com/en/dallas-tx-victory-park,"2375 Victory Park Ln Ste 110 Ste 110 Suite 110, Dallas, TX 75219",Dallas,4.9,2461,Escape room center,ChIJmwkEaZuZToYRLMdFDyrH9Sc,dallas@escapology.com,good,ok
Tru Jamaica Restaurant,(254) 304-9288,https://trujamaica.com/?utm_source=google,"937 Taylor St, Waco, TX 76704",Waco,4.9,2454,Jamaican restaurant,ChIJ-y9hykmDT4YRhYTfHT1dvoU,aniceto@trujamaica.com,risky,catch_all
The Barbecue Station,(210) 824-9191,https://www.barbecuestation.com/,"1610 NE Interstate 410 Loop, San Antonio, TX 78209",San Antonio,4.4,2451,Barbecue restaurant,ChIJf5W0Cdb0XIYR_OJVSkJZmsE,speacock@barbecuestation.com,good,ok
The Catch: Conroe,(936) 521-1618,https://thecatchhouston.com/thecatchconroe-i2neie?utm_source=google,"2121 W Davis St, Conroe, TX 77304",Conroe,4.3,2448,Seafood restaurant,ChIJiXDZI_47R4YROUBlFMzjUWo,blake@twventures.org,risky,catch_all
The Post Oak Hotel at Uptown Houston,(844) 386-1600,https://www.thepostoakhotel.com/,"1600 W Loop S, Houston, TX 77027",Houston,4.6,2410,Hotel,ChIJizj5VEfBQIYRjpuVYYo5Gf8,spa@thepostoak.com,risky,catch_all
Frisco Diner,(214) 618-0652,http://friscodiner.com/,"9250 Dallas Pkwy #160, Frisco, TX 75033",Frisco,4.8,2407,Breakfast restaurant,ChIJS-ZuNFQ5TIYR3X7lQFWxmDg,friscodiner2107@gmail.com,good,ok
Amigo Bail Bonds,(915) 532-3500,https://www.amigobail.com/,"501 N Kansas St, El Paso, TX 79901",El Paso,4.9,2392,Bail bonds service,ChIJK7BlH_5Y54YREOYSm1yHCQ8,amigo@amigobail.com,good,ok
Mr. Sugar Rush,(469) 458-6888,http://www.mrsugarrush.com/,"909 Dragon St, Dallas, TX 75207",Dallas,4.9,2382,Caterer,ChIJYX4yhCSGToYRR06ElpD2PcY,love@mrsugarrush.com,good,ok
Bijan Persian Grill,(832) 242-1500,https://www.bijanpersiangrill.com/,"5922 Hillcroft St #A, Houston, TX 77036",Houston,4.2,2370,Persian restaurant,ChIJOb8sQ0rCQIYRZolk2L7LMbE,bijan5922@gmail.com,good,ok
Sinners Tattoo Studio and Supply,(469) 793-1001,https://www.sinnerstattoostudio.com/,"5032 Lemmon Ave B, Dallas, TX 75209",Dallas,4.9,2365,Tattoo shop,ChIJ_9-63r2eToYRYF6ru93cN1s,mymail@mailservice.com,bad,invalid
Pho Please,(512) 354-9779,http://www.phopleaseaustin.com/,"1920 E Riverside Dr, Austin, TX 78741",Austin,4.5,2364,Vietnamese restaurant,ChIJncD9d0-0RIYRQyKMbcGMtIs,phopleaseaustin@gmail.com,good,ok
IchiUmi Sushi (Haru Sushi),(512) 795-8666,http://ichiumisushitx.com/,"9503 Research Blvd #500, Austin, TX 78759",Austin,4.5,2355,Sushi restaurant,ChIJbQlC9qXLRIYRbjTIRrVzBYo,ichiumisushi888@gmail.com,good,ok
"Benjamin Franklin Plumbing, Water Heaters, & Drain Cleaning",(817) 562-7507,https://benjaminfranklinplumbingfortworth.com/fort-worth-tx/?utm_source=google&utm_medium=organic&utm_campaign=gmb-fort-worth-tx,"640 Taylor St Suite 1217, Fort Worth, TX 76102",Fort Worth,4.7,2354,Plumber,ChIJXZ04dTl6ToYR8zd1SJaE90A,service@benfranklinarlington.com,risky,catch_all
"AGR Sports Indoor Paintball, Laser Tag, Gellyball and Axe Throwing",(281) 657-9220,https://agrsports.com/,"1300 E 40th St, Houston, TX 77022",Houston,4.8,2347,Paintball center,ChIJlxUI0Sy5QIYRc33SDvqdlgg,agrsports.katy@gmail.com,good,ok
Frontier Cooling & Heating,(956) 476-2280,https://www.frontieraircon.com/?utm_source=google&utm_medium=organic&utm_campaign=mission_gbp,"1812 W Griffin Pkwy B, Mission, TX 78572",Mission,4.9,2335,HVAC contractor,ChIJOQkJofmoZYYRZ0yH4BtDs7A,jay@frontieraircon.net,good,ok
Budget Car Rental,(214) 353-4940,https://www.budget.com/en/locations/us/tx/dallas/dal?utm_source=google&utm_medium=gbp&utm_campaign=budget_gbp,"7020 Cedar Springs Rd, Dallas, TX 75235",Dallas,2.8,2324,Car rental agency,ChIJJ5lAYC-cToYREx9syi__IRQ,custserv@budget.com,bad,invalid
Grooves of Houston,+1 713-652-9900,https://www.groovesofhouston.com/,"2300 Pierce St, Houston, TX 77003, United States",Houston,4.3,2322,Bar,ChIJ1cWJuhu_QIYRvx1Pbd20B-E,houstongrooves@gmail.com,good,ok
BREWED,(833) 367-9073,http://www.brewedfw.com/,"801 W Magnolia Ave, Fort Worth, TX 76104",Fort Worth,4.3,2320,Breakfast restaurant,ChIJ0b6zd3VxToYRCfie07JxT0I,steve@brewedfw.com,good,ok
Press Café,(817) 570-6002,https://www.presscafeftworth.com/,"4801 Edwards Ranch Rd #105, Fort Worth, TX 76109",Fort Worth,4.4,2316,American restaurant,ChIJLc8hYl9yToYRVu-fTwrPW_g,events@farouthospitality.com,good,ok
Discount Inspection & Brake,(281) 506-2345,https://www.dibtx.com/,"2606 East Sam Houston Pkwy S, Pasadena, TX 77503",Pasadena,4.9,2314,Auto repair shop,ChIJjyPlrruYQIYRnbv2_OFh7qA,marketing@dibtx.com,good,ok
Meineke Car Care Center,(512) 782-8011,https://www.meineke.com/locations/tx/pflugerville-1460/?utm_source=google&utm_medium=organic&utm_campaign=gbp_website,"2324 W Pecan St, Pflugerville, TX 78660",Pflugerville,4.8,2314,Auto repair shop,ChIJIezPhavPRIYRwiPdZBPJsNs,shop.2898@meineke.net,good,ok
Dessert Gallery Bakery & Cafe,(713) 522-9999,https://dessertgallery.com/,"3600 Kirby Dr # D, Houston, TX 77098",Houston,4.3,2294,Bakery,ChIJ4RbLUqnqQIYRzrd2D7BJiOk,blanca@dessertgallery.com,risky,catch_all
Lytle Land & Cattle Company,(325) 677-1925,https://www.lytlelandandcattle.com/,"1150 E South 11th St, Abilene, TX 79602",Abilene,4.2,2291,Steak house,ChIJW6wDE_SRVoYRHORS_EOvu8s,lindsayf@lytlelandandcattle.com,good,ok
1st Rate Inspections,(832) 567-5791,https://1strateinspections.com/?utm_source=google&utm_medium=organic&utm_campaign=google_my_business,"16111 Mary Ann Ln, Cypress, TX 77429",Cypress,4.9,2290,Home inspector,ChIJZ4yKx6jRQIYRd3DOLqj40l8,clientcare@1strateinspections.com,good,ok
Social Beer Garden HTX,(713) 636-9357,https://www.socialbeergardenhtx.com/,"3101 San Jacinto St, Houston, TX 77004",Houston,4.7,2287,Sports bar,ChIJ8b12Ex2_QIYRMTefkQiQQPk,socialbeergardenhtx@gmail.com,good,ok
The Barn Door Restaurant & Meat Market,(210) 824-0116,http://www.thebarndoorrestaurant.com/,"8400 N New Braunfels Ave, San Antonio, TX 78209",San Antonio,4.4,2280,Steak house,ChIJlQry-jb1XIYRjbgE35VQaSk,barndoorbanquets@gmail.com,good,ok
Purple Care - Lawn Care & Pest Control Fort Worth,(817) 803-9433,https://www.purplecare.com/?utm_campaign=gmb,"12121 Eagle Mountain Dam Rd, Fort Worth, TX 76135",Fort Worth,4.7,2276,Landscaper,ChIJx1xKloLhTYYRjFbCGQTzKEo,contact@purplecare.com,good,ok
The White Horse,(512) 553-6756,http://thewhitehorseaustin.com/,"500 Comal St, Austin, TX 78702",Austin,4.4,2269,Bar,ChIJ279pHrG1RIYRicks_tZPpjs,thewhitehorseatx@gmail.com,good,ok
Bollo Woodfired Pizza,(713) 677-0391,http://www.bollohouston.com/,"2202 W Alabama St A, Houston, TX 77098",Houston,4.5,2265,Pizza restaurant,ChIJ5wnd4JLAQIYRCfZM17__40g,manager@bollohouston.com,good,ok
"Silver Spur Air, Heating, & Plumbing of DFW",(682) 324-3936,https://silverspurhome.com/?utm_source=google&utm_medium=organic&utm_campaign=gbp-DFW,"4204 Garland Dr, Haltom City, TX 76117",Haltom City,4.9,2263,HVAC contractor,ChIJ77pCfwZ3ToYR5NyRxGjwqQ0,servicedfw@silverspurhome.com,good,ok
Granada Theater,(214) 841-4900,https://www.granadatheater.com/,"3524 Greenville Ave, Dallas, TX 75206",Dallas,4.6,2252,Live music venue,ChIJ20xM2mqfToYRZ_oW1VjNYc0,booking@granadatheater.com,good,ok
Italia Express Cedar Springs,(214) 521-3300,https://italiaexpresscedarsprings.com/?utm_source=google,"4000 Cedar Springs Rd, Dallas, TX 75219",Dallas,4.7,2238,Italian restaurant,ChIJoXUMp8meToYRwIxIoNjQJ80,italiaexpressdelivery@gmail.com,good,ok
K-2 Steak House,(979) 245-6936,http://www.k2steakhouse.com/,"1701 8th St, Bay City, TX 77414",Bay City,4.3,2223,Steak house,ChIJ0cKGgke5QYYRYPX6uOljvgk,k2steakhouseinc@gmail.com,good,ok
Birraporetti's,(713) 224-9494,https://www.birraporettis.com/,"500 Louisiana St, Houston, TX 77002",Houston,4.2,2222,Italian restaurant,ChIJ34hlYjC_QIYRokhNiyTitHc,webbirra@gmail.com,good,ok
Emo's Austin,(512) 777-0873,https://www.emosaustin.com/,"2015 E Riverside Dr, Austin, TX 78741",Austin,4.4,2216,Live music venue,ChIJ3T7ob6a1RIYR3u5WNGcggEE,emosaustin@livenation.com,risky,catch_all
The “REAL” Insurance Lady,(713) 367-1161,https://therealinsurancelady.com/,"4340 Griggs Rd, Houston, TX 77021",Houston,4.8,2215,Insurance agency,ChIJSWv3FES_QIYRL4ccd2Ow134,enroll@therealinsurancelady.com,good,ok
Pete's Dueling Piano Bar,(512) 472-7383,http://www.petesduelingpianobar.com/,"421 E 6th St, Austin, TX 78701",Austin,4.7,2208,Piano bar,ChIJewwXTqa1RIYRG6LyckTodqs,erin-austin@petesduelingpianobar.com,error,The read operation timed out
Discount Electronics - North Austin,(512) 983-9989,https://www.discountelectronics.com/,"4005 W Parmer Ln, Austin, TX 78727",Austin,4.7,2203,Used computer store,ChIJxfTw6-PLRIYRFsK-Z0CJu64,internet@discountelectronics.com,risky,catch_all
Avenida Brazil Churrascaria Steakhouse - Clear Lake,(281) 557-9999,https://www.avebrazil.com/,"201 W Bay Area Blvd, Webster, TX 77598",Webster,4.7,2198,Brazilian restaurant,ChIJC3hBIomcQIYRr-khKaAF6UI,clearlake@avebrazil.com,risky,catch_all
Smith Dental Care,(903) 534-1171,http://smithdentaltyler.com/?utm_campaign=gmb,"5400 New Copeland Rd, Tyler, TX 75703",Tyler,4.9,2185,Cosmetic dentist,ChIJ1851T_XMSYYRq5WI90pHuTU,frontdesk@smithdentaltyler.com,good,ok
Furniture To Go,(214) 853-0989,https://www.ftgfurniture.com/,"2759 Irving Blvd, Dallas, TX 75207",Dallas,4.9,2174,Furniture store,ChIJczxsmfibToYR7uPq4Xvhm0s,mail@ftgfurniture.com,good,ok
AB Moving,(713) 999-3960,https://www.abmoving.com/areas-served/houston/?utm_source=GMBlisting&utm_medium=organic,,,4.7,2170,Mover,ChIJyf7Zs_W8QIYRpOxrcimw0wk,sales@abmoving.com,error,The read operation timed out
NextCare Urgent Care San Antonio - Farm-To-Market Road,(210) 310-2273,https://nextcare.com/locations/tx/san-antonio-fm-78-woodlake/?utm_source=google&utm_medium=organic&utm_campaign=google_maps&utm_content=Woodlake,"7110 FM78 #110, San Antonio, TX 78244",San Antonio,4.6,2170,Urgent care center,ChIJQXWDvv7yXIYRPjr3vcVURKU,compliance@nextcare.com,bad,invalid
Las Palmas Tex-Mex,(214) 647-1232,https://laspalmasdallas.com/,"2708 Routh St, Dallas, TX 75201",Dallas,4.5,2167,Tex-Mex restaurant,ChIJpVXGN7GZToYRK2EFeo9Ts88,events@laspalmastexmex.com,good,ok
Phat Eatery - Katy,(832) 412-2927,https://www.phateatery.com/,"23119 Colonial Pkwy suite b-2, Katy, TX 77449",Katy,4.6,2156,Malaysian restaurant,ChIJDQ2vv9knQYYRlY_6VJFA6io,katy@phateatery.com,good,ok
Oliva Italian Eatery,(817) 337-6999,http://www.olivaeatery.com/,"12477 Timberland Blvd # 633, Fort Worth, TX 76244",Fort Worth,4.6,2156,Italian restaurant,ChIJCYVG1vXZTYYREngfZ995lkI,oliva@olivaeatery.com,good,ok
Stanton's City Bites,(713) 227-4893,https://www.stantonscitybites.com/,"1420 Edwards St, Houston, TX 77007",Houston,4.7,2147,Hamburger restaurant,ChIJnaHKbjW_QIYR_dY-bsyLrZw,stantonscitybites@gmail.com,good,ok
Wing Quarter,(713) 747-9464,https://www.wingquarter.com/,"3929 Old Spanish Trl #100, Houston, TX 77021",Houston,4.3,2141,Chicken wings restaurant,ChIJ__-kFsq_QIYRSBQWcHs_bfg,wings.burgers.daiquiris@gmail.com,good,ok
Lick Honest Ice Cream,(210) 314-8166,http://ilikelick.com/,"312 Pearl Pkwy #2101, San Antonio, TX 78215",San Antonio,4.5,2129,Ice cream shop,ChIJAQZXp_b1XIYR7J2E3nCpV1E,analytics@ilikelick.com,bad,invalid
"CPG Repair - Cell Phone, Computer & Game Repair",(346) 212-8261,https://cpgrepair.com/,"3350 Chimney Rock Rd, Houston, TX 77056",Houston,4.9,2126,Mobile phone repair shop,ChIJ8fnC7n3BQIYR7xDmyqC7QnA,needhelp@cpgrepair.com,error,The read operation timed out
Sharky's Waterfront Grill,(713) 904-5200,http://sharkyswaterfrontgrill.com/,"1660 W Lake Houston Pkwy Suite 104, Kingwood, TX 77339",Kingwood,4.2,2124,Seafood restaurant,ChIJ4fWe2OesQIYR-IeilHLQhz0,eat@sharkyswaterfrontgrill.com,good,ok
Air Tech of Conroe,(936) 220-1189,https://www.airtechofconroe.com/locations/conroe-tx/?utm_source=google-gbp&utm_medium=organic&utm_campaign=*18*air-tech-conroe,"12577 TX-105, Conroe, TX 77304",Conroe,4.9,2124,Plumber,ChIJI4XNlMc8R4YRwOW3PyRg4io,service@airtechofconroe.com,good,ok
Javi's,(903) 504-5075,https://javis903.com/,"7212 Old Jacksonville Hwy, Tyler, TX 75703",Tyler,4.5,2122,Restaurant,ChIJtxq8kl_LSYYRkxFTicYKdiA,jonpinhorn.typedesign@gmail.com,good,ok
Desperados Mexican Restaurant,(214) 363-1850,http://www.desperadosrestaurant.com/,"4818 Greenville Ave, Dallas, TX 75206",Dallas,4.5,2115,Mexican restaurant,ChIJuV3BvXSfToYR-k1qHgnMKB4,dos@desperadosrestaurant.com,risky,catch_all
Bayou City Seafood & Pasta,(713) 621-6602,https://www.bayoucityseafood.net/,"4712 Richmond Ave, Houston, TX 77027",Houston,4.3,2113,Seafood restaurant,ChIJfYjSzXLBQIYRzonPuYFDcZU,todd@bayoucitysap.com,good,ok
Coyote Bluff Cafe,(806) 373-4640,http://www.cbctogo.com/,"2417 S Grand St, Amarillo, TX 79103",Amarillo,4.7,2110,Restaurant,ChIJncHBBstIAYcRCJQKkbwpb0A,hi@mystore.com,bad,invalid
Kids Empire Houston Westchase,(713) 997-8090,https://www.kidsempire.com/park/westchase?utm_source=gmb&utm_medium=organic,"9749 Westheimer Rd, Houston, TX 77042",Houston,4.6,2110,Indoor playground,ChIJO_RZFEXDQIYR_4tbmR5cc_8,support@kidsempire.us,good,ok
H-Town Steam,(281) 235-9090,https://houstonsteamclean.com/,,,4.9,2108,Carpet cleaning service,ChIJaW5nEa3NQIYRKnV4Ub7YGe0,htownsteam@gmail.com,good,ok
Tom's Watch Bar,(281) 619-1779,https://tomswatchbar.com/houston/,"1201 Caroline St Suite #161 [level G], Houston, TX 77002",Houston,4.7,2107,Sports bar,ChIJw-5Jfk6_QIYR_kVQTT6npyA,asst@devongleason.com,good,ok
Crawfish Shack,(281) 462-2121,http://www.crawfishshack.com/,"5822 FM 2100, Crosby, TX 77532",Crosby,4.6,2104,Seafood restaurant,ChIJtQ1tVkBXP4YRJQVkqIGgvjI,danmeaux@crawfishshack.com,good,ok
Cattleack Barbeque,(972) 805-0999,http://cattleackbbq.com/,"13628 Gamma Rd, Farmers Branch, TX 75244",Farmers Branch,4.6,2102,Barbecue restaurant,ChIJLYVJGSsnTIYRCJ-WzhhIbfg,andrew@cattleackbbq.com,good,ok
iPhone Repair Gods,(512) 719-4263,http://www.startechpc.com/,"9513 Burnet Rd Suite 103, Austin, TX 78758",Austin,4.9,2095,Computer repair service,ChIJmUpDzbbLRIYRCfCafhCVqaw,rush127@yahoo.com,risky,unknown
Burger Bodega,(346) 293-8909,http://www.burgerbodega.com/,"4520 Washington Ave, Houston, TX 77007",Houston,4.5,2084,Hamburger restaurant,ChIJC8au4CvBQIYRmqApdY7KZNQ,contact@burgerbodega.com,good,ok
The Social House,(682) 276-3830,http://socialhousearlington.com/,"1705 N Collins St #101, Arlington, TX 76011",Arlington,4.4,2079,Restaurant,ChIJ92X4-_V9ToYRzIW-GwrKBrM,events@thesyngroup.com,good,ok
Lankford's Grocery & Market,(713) 522-9555,http://midtown.lankfordsburgers.com/,"88 Dennis St, Houston, TX 77006",Houston,4.5,2069,Hamburger restaurant,ChIJO14nT12_QIYRZ76AFd3jsDw,inquire@fosterrestaurant.com,good,ok
Grand Lux Nails Spa,(903) 653-4445,https://grandluxnailsspalongview.com/,"310 E Loop 281 unit a, Longview, TX 75605",Longview,4.6,2068,Nail salon,ChIJWb1KgE0_NoYRuNhBihlkkn8,huynguyen19760@yahoo.com,risky,unknown
Lamberts,(512) 494-1500,http://www.lambertsaustin.com/,"401 W 2nd St, Austin, TX 78701",Austin,4.4,2066,Barbecue restaurant,ChIJAW3LRQ-1RIYR5hvk_KAUmbo,event.comm@mmlhospitality.com,bad,invalid
12 Cuts Brazilian Steakhouse,(469) 779-7012,https://12cutssteakhouse.com/,"18010 Dallas Pkwy, Dallas, TX 75287",Dallas,4.7,2055,Steak house,ChIJbfpIn-ojTIYRWHqIqV9MX5Q,groupevents@12cutssteakhouse.com,good,ok
Lamberti’s Ristorante - MacArthur,(972) 506-3000,http://www.lambertiristorante.com/,"7701 N MacArthur Blvd, Irving, TX 75063",Irving,4.4,2051,Italian restaurant,ChIJuwspz0soTIYRLVZNAcuzqhc,david@lambertiristorante.com,good,ok
Mario's Seafood,(737) 222-5136,http://marioseafood.com/,"7522 N Interstate 35 Frontage Rd Building C, Austin, TX 78752",Austin,4.6,2042,Seafood restaurant,ChIJGVO2PuDLRIYR4nY6twh2pkY,adriana@marioseafood.com,good,ok
Scissors & Scotch,(469) 206-0394,https://scissorsscotch.com/locations/tx/dallas/uptown/,"100 Crescent Ct Ste 150, Dallas, TX 75201",Dallas,4.9,2040,Barber shop,ChIJNzUVPUmZToYRKmRZ81PRLxk,bezos@amazon.com,risky,catch_all
The Stix Icehouse,(214) 592-8335,http://www.thestixicehouse.com/,"301 Eldorado Pkwy #100, McKinney, TX 75069",McKinney,4.7,2038,Restaurant,ChIJj0zKwtoTTIYRXaeoxnYU8uA,community@thestixicehouse.com,risky,catch_all
Domingo Garcia Law Office,(214) 941-8300,https://domingogarcia.com/offices/dallas/?utm_source=google&utm_medium=organic&utm_campaign=gmb-listing-dallas,"1111 W Mockingbird Ln STE 1200, Dallas, TX 75247",Dallas,4.7,2036,Personal injury attorney,ChIJ0bmG-pGZToYRb-SOknjIm-0,inquiry@domingogarcia.com,good,ok
Slow Bone BBQ,(214) 377-7727,http://slowbone.com/,"2234 Irving Blvd, Dallas, TX 75207",Dallas,4.5,2019,Barbecue restaurant,ChIJZypGDlaZToYRUjxJgKE1AFk,catering@slowbone.com,good,ok
Red Oak Cafe - League City,(832) 905-3150,http://www.redoakcafe.net/,"6011 W Main St Ste A-106, League City, TX 77573",League City,4.6,2012,American restaurant,ChIJHYji27uEQIYR7mJ0yrGWnq0,brenden@redoakcafe.net,risky,unknown
Comfort Experts,(817) 678-1287,https://comfortexpertsinc.com/?utm_source=GMB&utm_medium=organic&utm_campaign=fort_worth,"4255 Bryant Irvin Rd Ste 211, Fort Worth, TX 76109",Fort Worth,4.8,2003,HVAC contractor,ChIJLUsPKXltToYRjPG3CeeER2s,customerservicedept@acgenius.com,good,ok
US Storage Centers,(210) 941-1842,https://www.usstoragecenters.com/storage-units/tx/san-antonio/2155-s-laredo-st?utm_source=google.local&utm_medium=organic&utm_campaign=local,"2155 S Laredo St, San Antonio, TX 78207",San Antonio,4.9,2000,Self-storage facility,ChIJmYSA5s9YXIYRu67sF0aPanw,privacyinfo@usstorage.net,good,ok
House of Smiles,(254) 680-4450,https://www.houseofsmiles.net/,"5610 E Central Texas Expy Ste 3, Killeen, TX 76543",Killeen,4.8,1992,Dentist,ChIJH75pI4NJRYYRnZhUY2UG9jQ,hs_hyd@yahoo.com,risky,unknown
Discount Motors 3,(817) 834-8881,http://www.discountmotorstexas.com/,"5801 E Belknap St, Fort Worth, TX 76117",Fort Worth,4.8,1985,Used car dealer,ChIJ9YKdT955ToYR4_O7Knly6HY,mario.ybarra@discmtrs.com,good,ok
Diamond Modern Furniture,(877) 349-5003,http://3roompackages.com/,"9524 Westheimer Rd, Houston, TX 77063",Houston,4.6,1983,Furniture store,ChIJsc5XV6XDQIYRkFLjLELbpEw,dmf.raleigh104@gmail.com,good,ok
Rancho Grande Bar & Grill- Magnolia,(281) 356-1700,https://www.ranchograndebargrill.com/,"18914 FM 1488, Magnolia, TX 77355",Magnolia,4.5,1980,Mexican restaurant,ChIJLXYMZI7XRoYRLc3CNfzLshw,contacts@esbnyc.com,risky,catch_all
Salute Italian Restaurant Frisco,(214) 407-7402,http://saluteitalianfrisco.com/,"5480 FM 423 #100, Frisco, TX 75034",Frisco,4.8,1973,Italian restaurant,ChIJ-VjgNnw7TIYReC4WYC2mBPw,salutefriscotx@gmail.com,good,ok
Rudyard's,(713) 993-6592,http://rudyardshtx.com/,"2010 Waugh Dr, Houston, TX 77006",Houston,4.5,1973,Bar & grill,ChIJ210pNaDAQIYRscZ9a_tToyo,rudzmgmt@gmail.com,bad,invalid
"Ernie's Plumbing Service, Inc.",(888) 802-0005,https://www.erniesplumbing.com/,"1809 W Pioneer Pkwy, Arlington, TX 76013",Arlington,4.7,1972,Plumber,ChIJ_____28mTIYRzOp4tys-Ok4,service@erniesplumbing.com,risky,catch_all
Wild West Motoplex,(281) 392-8850,https://www.wildwestmotoplex.com/,"22515 Katy Fwy, Katy, TX 77450",Katy,4.7,1961,Powersports vehicle dealer,ChIJTSHRexknQYYRwke0ldhzYQA,support@pixelmotion.com,good,ok
Tommy's Express® Car Wash,(210) 971-6890,https://tommys-express.com/locations/tx07/?utm_source=yext_gbp&utm_medium=listing-management&y_source=1_MTU1ODIxODgtNzE1LWxvY2F0aW9uLndlYnNpdGU%3D,"23202 U.S. Hwy 281 N, San Antonio, TX 78259",San Antonio,4.7,1957,Car wash,ChIJh427Ka2JXIYRjVri_UakiH4,tx07@teamtommys.com,good,ok
Bellissima Italian Mediterranean Restaurant,(512) 284-7599,http://bellissimatx.com/,"8300 N FM 620 K-200, Austin, TX 78726",Austin,4.8,1948,Italian restaurant,ChIJy9ZdSRkzW4YRIsogFDLNmq0,bellissimaaustin@gmail.com,good,ok
State of Grace,(832) 942-5080,http://www.stateofgracetx.com/,"3258 Westheimer Rd, Houston, TX 77098",Houston,4.6,1942,New American restaurant,ChIJJ0aTHObAQIYRPKlKBtryX9Y,eventsstateofgrace@rocketfarmrestaurants.com,good,ok
Micklethwait Barbecue,(512) 953-3549,http://craftmeatsaustin.com/,"4602 Tanney St, Austin, TX 78721",Austin,4.7,1942,Barbecue restaurant,ChIJB0cJf7m1RIYRLWbiT_M6QXM,team@craftmeatsaustin.com,good,ok
Reliant Pest Management,(713) 955-7091,https://reliantpest.com/houston-tx/?utm_source=google&utm_medium=organic&utm_campaign=gbp-houston,"421 Chestnut Business Park Dr, Tomball, TX 77375",Tomball,4.8,1938,Pest control service,ChIJscz1sRu2QIYR-jYl23iYfeg,sales@reliantpest.com,good,ok
Dot's Hop House & Cocktail Courtyard,(214) 230-3687,http://dotshophouse.com/,"2645 Commerce St, Dallas, TX 75226",Dallas,4.5,1938,Bar,ChIJyS6-g92YToYRqsIXgysq-hQ,dotshophouse@gmail.com,good,ok
Structured Foundation Repairs,(972) 484-1200,https://structuredfoundation.com/,"13301 Trinity Blvd, Euless, TX 76040",Euless,4.8,1937,General contractor,ChIJE6DxdpGAToYReU7ATpAyqcQ,bryan@rosetreesolutions.com,good,ok
Guard and Grace - Houston,(346) 326-0789,https://www.guardandgrace.com/houston,"500 Dallas St Suite 100, Houston, TX 77002",Houston,4.5,1923,Steak house,ChIJ9YCm_Ti_QIYR4HmRjRjnR54,adam@tagrg.com,good,ok
Weiss Air Conditioning and Plumbing,(281) 936-8216,https://weissacandheat.com/,"18187 Keenan Cut Off Rd, Montgomery, TX 77316",Montgomery,5,1917,HVAC contractor,ChIJ4R1t2Jw2R4YR8T7t1FAXzos,hello@justcallweiss.com,good,ok
CellularPort,(832) 475-9896,https://cellularport.com/harwin-drive/,"7100 Harwin Dr. ste A, Houston, TX 77036",Houston,4.9,1917,Mobile phone repair shop,ChIJkSHNck3CQIYRfifI_eE7n18,quote@cellularport.com,risky,catch_all
The Grove Kitchen & Gardens,(903) 939-0209,http://thegrovetyler.com/,"3500 Old Jacksonville Hwy, Tyler, TX 75701",Tyler,4.4,1916,Family restaurant,ChIJr7ZabI3LSYYRLoGmOqVhj9Q,events@thegrovetyler.com,risky,catch_all
The Greasy Spoon,(281) 781-7116,http://www.thegreasyspoonhtx.com/,"636 Cypress Station Dr A, Houston, TX 77090",Houston,4.1,1907,Soul food restaurant,ChIJL2X_xCXLQIYRD5DIo3Gh9yA,foodtruck@thegreasyspoonhtx.com,good,ok
X Out Pest Services,(726) 888-7020,https://xoutpest.com/,"8611 Honiley St, San Antonio, TX 78254",San Antonio,5,1900,Pest control service,ChIJLeNqIKddXIYRowgEb7JkBVA,service@xoutpest.com,good,ok
Back In Time Escape Rooms,(972) 876-8890,http://www.backintimedallas.com/,"2601 Preston Rd Space 1002, Frisco, TX 75034",Frisco,5,1898,Escape room center,ChIJ-SX2pjw9TIYRRnKfbf8k19M,stonebriar@backintime.com,good,ok
Sultan,(214) 592-8166,https://www.sultandine.net/,"3935 S Lake Forest Dr Suite 125, McKinney, TX 75070",McKinney,4.7,1897,Mediterranean restaurant,ChIJIaxSF2gXTIYRpDqFo5TvQ1Q,sebastian@aldusleaf.org,good,ok
Oscar Store,(254) 983-2175,http://www.oscarstoretexas.com/,"8133 Oscar Spur, Temple, TX 76501",Temple,4.7,1896,Restaurant,ChIJEYYI9VYNRYYRYlKVv9lzNCg,oscarstoretexas@gmail.com,good,ok
Bird Creek Brewing,(254) 598-3158,https://birdcreekbrewing.com/,"8 S 4th St, Temple, TX 76501",Temple,4.4,1885,Brewpub,ChIJBcC6MoZsRYYRtl8_bsS5V_8,acob@birdcreekbrewing.com,risky,catch_all
K&M Steam Cleaning,(512) 648-2473,http://www.kandmsteamcleaning.com/?utm_source=GBP_listing&utm_medium=organic&utm_campaign=listing,"2711 Daisy Dr Bldg 1, # 100, Austin, TX 78727",Austin,4.7,1883,Carpet cleaning service,ChIJxSxZ-D7JRIYRzqNAvNvUYSc,ken@kmaustin.com,good,ok
Augie's Barbed Wire Smokehouse,(210) 735-0088,https://augiesbbq.com/?utm_source=google,"3709 N St Mary's St, San Antonio, TX 78212",San Antonio,4.4,1883,Barbecue restaurant,ChIJ0Tw1MI_1XIYRnKYcqAU7A3w,mysabbq@gmail.com,good,ok
Great Northwest Animal Hospital,(210) 681-4278,http://www.gnwah.com/,"8843 Grissom Rd, San Antonio, TX 78251",San Antonio,4.8,1873,Veterinarian,ChIJqXnN3TRdXIYReMm6uh7x4AY,paws@gnwah.com,good,ok
Red Roof PLUS+ Austin South,(512) 448-0091,https://www.redroof.com/property/tx/austin/RRI258?utm_source=GMB&utm_medium=Google&utm_campaign=GMB_Performance_RRI258,"4701 I-35, Austin, TX 78744",Austin,3.7,1858,Hotel,ChIJ4Z2JCp20RIYRHrWexV7YSjM,firebase-adminsdk-fbsvc@redroof-web-prod.iam.gserviceaccount.com,bad,invalid
Midway BBQ,(281) 391-2830,https://midwaybbqkatytx.com/,"6025 Hwy Blvd, Katy, TX 77494",Katy,4.3,1857,Caterer,ChIJD7ndrDskQYYRRUpsDYPZVcU,midwaybbqkatytx@yahoo.com,risky,unknown
Rossmann Repair Group Inc.,(512) 212-9111,https://rossmanngroup.com/data-recovery-austin/,"2410 San Antonio St, Austin, TX 78705",Austin,4.9,1851,Data recovery service,ChIJ25Lx8Z1ZwokRP1n9qmuuAHw,data@rossmanngroup.com,bad,invalid
"Dynamic Dermatology - Sarah Groff, MD",(210) 951-5530,https://www.dynamicdermatology.com/,"13535 Hausman Pass #104, San Antonio, TX 78249",San Antonio,4.9,1844,Dermatologist,ChIJdc-MTM1nXIYR2pqrfWvJQxs,admin@dynamicdermatology.com,good,ok
Bon KBBQ,(832) 295-3922,http://bonkbbqhtx.com/,"8338 W Sam Houston Pkwy S Suite 168, Houston, TX 77072",Houston,4.4,1840,Korean barbecue restaurant,ChIJMaUbr7PCQIYR7Gg-xKNiRyQ,bonkrnbbq@gmail.com,good,ok
Paper Tiger,(817) 630-1279,http://www.papertigersatx.com/,"2410 N St Mary's St, San Antonio, TX 78212",San Antonio,4.4,1837,Live music venue,ChIJ7QnUKV5fXIYRwEyndxxYohk,andrew@resoundpresents.com,good,ok
The Moran Hotel CITYCENTRE,(713) 973-1600,https://themoranhotel.com/?utm_source=google&utm_medium=organic&utm_campaign=gmb,"800 Sorella Ct, Houston, TX 77024",Houston,4.4,1836,Hotel,ChIJjWAVFrPEQIYR0m85hfgDlBE,fo@themoranhotel.com,good,ok
Seabrook Classic Cafe,(281) 326-1512,https://www.seabrookclassiccafe.com/,"2511 E NASA Pkwy, Seabrook, TX 77586",Seabrook,4.4,1834,American restaurant,ChIJH8-NWFliP4YRCIkHxVbSD7A,classiccafe85@gmail.com,good,ok
Express Employment Professionals,(915) 307-8742,https://www.expresspros.com/us-texas-el-paso-east,"1368 N Zaragoza Rd Building A, Suite C, El Paso, TX 79936",El Paso,4.9,1826,Employment agency,ChIJBYhwe55D54YRPXeIWbI12RI,jobs.sanantoniotxse@expresspros.com,good,ok
South Park Family Dental,(210) 927-1400,https://safamilydentalcare.com/?utm_source=Maps&utm_medium=GBM,"2310 SW Military Dr #406, San Antonio, TX 78224",San Antonio,4.8,1815,Dentist,ChIJEVQIqbVZXIYR1rz-yVwswxE,southpark@safamilydentalcare.com,good,ok
St. Francis Veterinary Hospital,(210) 509-8500,https://www.stfrancisofassisivet.com/?utm_source=gmb&utm_medium=organic&y_source=1_MTE2Njg2NzgtNzE1LWxvY2F0aW9uLndlYnNpdGU%3D,"8615 Potranco Rd, San Antonio, TX 78251",San Antonio,4.8,1812,Veterinarian,ChIJpUNO7sxcXIYRvthkSgj6hqo,wbu_golfmom@sbcglobal.com,bad,invalid
Public Service Plumbers,(214) 831-1959,https://publicserviceplumbers.com/?utm_source=google-gbp&utm_medium=organic&utm_campaign=*163*public-service-plumbers-dallas,"5610 Dyer St, Dallas, TX 75206",Dallas,4.9,1807,Plumber,ChIJ-xSG3QyfToYRodv_wJH8ooQ,service@publicserviceplumbers.com,good,ok
The Park at Sutton Hill Apartments,(832) 501-3477,http://theparkatsuttonhill.com/,"11911 Martin Luther King Blvd, Houston, TX 77048",Houston,4.8,1807,Apartment complex,ChIJD23gE0yUQIYRq5Iut04gnOw,accessibility@apartments247.com,risky,catch_all
City Hall Cafe & Pie Bar,(936) 298-7002,http://cityhalltexas.com/,"1421 Sam Houston Ave, Huntsville, TX 77340",Huntsville,4.2,1797,Restaurant,ChIJi_9nAJAIR4YRffjrivAAezI,cityhall1791@yahoo.com,risky,unknown
Terilli's Restaurant,(214) 827-3993,https://www.terillis.com/,"2815 Greenville Ave, Dallas, TX 75206",Dallas,4.6,1794,Italian restaurant,ChIJ47JPqUCfToYRF-Hw6e750A8,terillisevents@gmail.com,good,ok
Safari Veterinary Care Centers,(281) 332-5612,http://www.safarivet.com/,"2402 Marina Bay Dr, League City, TX 77573",League City,4.5,1790,Veterinarian,ChIJtSQLXkKdQIYRQMh38g0S6oQ,frontdesk@safarivet.com,good,ok
Taqueria De Diez (D/10),(839) 888-2267,https://taqueriadediez.com/,"206 Trinity St unit 110, Austin, TX 78701",Austin,4.8,1789,Restaurant,ChIJDSfb3Dq1RIYR6BUfB7JSNRU,hola@taqueriadediez.com,good,ok
Koryo Korean BBQ,(214) 272-7486,http://eatkoryo.com/,"2560 Royal Ln #105, Dallas, TX 75229",Dallas,4.3,1787,Korean barbecue restaurant,ChIJTQQfuo4nTIYRK_6LxUdpJsU,koryo@jyhospitality.com,good,ok
"Andy's Sprinkler, Drainage & Lighting",(833) 917-3197,https://sprinklerdrainage.com/location/carrollton/?utm_source=gbp&utm_medium=organic&utm_campaign=gbp-listing&utm_content=carrollton-branch,"3210 Commander Dr, Carrollton, TX 75006",Carrollton,4.8,1779,Lawn sprinkler system contractor,ChIJjadGi6YmTIYRrXxLXjGrD58,support@andyssprinkler.com,bad,invalid
Lv Nail Lounge (10% Off Mon-Thurs),(512) 383-8702,https://lvnailloungeaustin.com/,"6501 S Congress Ave Suite 2-207, Austin, TX 78745",Austin,4.6,1775,Nail salon,ChIJJUziqFGzRIYRdEdlmu4Wm08,ivypham2012@yahoo.com,risky,unknown
Stereo Live,,http://www.stereolive.com/,"6400 Richmond Ave, Houston, TX 77057",Houston,4.3,1775,Live music venue,ChIJb2TAHcjDQIYRXjZegL5i9Wk,dallas@stereolive.com,good,ok
Tad's Louisiana Cooking,(281) 665-1149,https://www.tadsrestaurants.com/,"1425 FM 1463, Katy, TX 77494",Katy,4.2,1764,Cajun restaurant,ChIJ6fRNdm4kQYYRUBs7Alv0BWI,tadslouisianacooking@gmail.com,good,ok
1up ink Tattoo Studios,(214) 484-2128,http://www.1upinktattoos.com/,"111 Barry Ave ste a, Dallas, TX 75214",Dallas,4.9,1764,Tattoo and piercing shop,ChIJdW0cCwyZToYRJfedKCC3SME,1upinktat@gmail.com,good,ok
Pit Row Pit Stop,(936) 327-5110,https://pitrowpitstop.shop/,"402 1st St, Livingston, TX 77351",Livingston,4.5,1760,Diner,ChIJhR353neGOIYRbV2ioRJI5ek,pitrowpitstop.shop@gmail.com,bad,invalid
Amazing Morrow,(281) 301-0560,https://amazingmorrow.com/?utm_source=google&utm_medium=organic&utm_campaign=google_business_profile,"17013 Seven Pines Dr, Spring, TX 77379",Spring,4.9,1759,HVAC contractor,ChIJNzYwzNjMQIYRaD9e_75tDoo,justin@morrowmechanical.com,good,ok
Aldino at The Vineyard - Italian Restaurant In San Antonio,(210) 340-0000,https://www.aldinos.com/,"1203 North Loop 1604 W at Blanco, San Antonio, TX 78232",San Antonio,4.7,1747,Italian restaurant,ChIJMaDTJydiXIYRLITvsscZXU0,aldinoatthevineyard@gmail.com,good,ok
Blonde Faith Salon,(512) 467-4717,https://www.blondefaithsalon.com/,"10526 W Parmer Ln Suite 417, Austin, TX 78717",Austin,4.9,1743,Hair salon,ChIJqQDk5bnSRIYRzZJpITTMxXo,blondefaithsalon@gmail.com,good,ok
The Inspection House,(214) 935-1557,https://www.theinspectionhouse.com/,,,4.9,1743,Home inspector,ChIJ-Q_b3CGZToYRFopcBcZzQes,admin@inspectionhouse.com,bad,invalid
Quack's 43rd Street Bakery,(512) 453-3399,https://quacks43rd.com/,"411 E 43rd St, Austin, TX 78751",Austin,4.5,1742,Bakery,ChIJbRDJuXbKRIYRi7T4PnhYBT4,bakery@quacksbakery.com,good,ok
Creole Kitchen and Daiquiris,(713) 766-0741,http://creole-kitchen.com/,"3250 Old Spanish Trl, Houston, TX 77021",Houston,4.6,1742,Seafood restaurant,ChIJGwFNQoa_QIYRrjKb_4LAqRo,eats@creole-kitchen.com,good,ok
OGD Overhead Garage Door,(817) 973-6979,https://ogd.com/tx/fort-worth/?utm_source=gmb&utm_medium=organic&utm_campaign=ogd-ftw-01&ogd_src=ogd-ftw-01-google_business_profile,"1019 N Henderson St, Fort Worth, TX 76107",Fort Worth,4.7,1738,Garage door supplier,ChIJpwQFu1txToYRsBIsaTBLWHA,houston@ogd.com,good,ok
Pecos Grilling Company,(281) 290-9200,http://www.pecosgrillingco.com/,"28900 Tomball Pkwy, Tomball, TX 77375",Tomball,4.4,1737,Steak house,ChIJ9f5Q5GQsR4YRysALIy8FwNM,manager@pecosgrillingco.com,good,ok
Ouisie's Table,(713) 528-2264,https://www.ouisiestable.com/,"3939 San Felipe St, Houston, TX 77027",Houston,4.4,1735,American restaurant,ChIJ0ex0eCLBQIYRUt2Q8lj_o98,ouisiestable@ouisiestable.com,good,ok
Rosco's Burger Inn,(915) 564-9028,https://roscosburgerinn.com/,"3829 Tompkins Rd, El Paso, TX 79930",El Paso,4.7,1735,Hamburger restaurant,ChIJbdLpHvpZ54YRgAAMr0i6taI,contact@roscosburgerinn.com,error,The read operation timed out
Liberty Bar,(210) 227-1187,http://liberty-bar.com/,"1111 S Alamo St, San Antonio, TX 78210",San Antonio,4.5,1735,Bar,ChIJ-eO1n6VYXIYRZNtemJuQ31k,libertybar@mac.com,good,ok
Machi Sushi All You Can Eat (Austin),(512) 358-1117,https://machisushiaustin.com/,"2200 S I-35 Frontage Rd, Austin, TX 78704",Austin,4.6,1732,Restaurant,ChIJZ6z4jbe1RIYR5mH_PDKq6HI,raymondjkg@gmail.com,good,ok
Uptown Appliance Repair,(281) 758-9978,http://www.uptownappliancerepair.com/,"9225 Katy Fwy #311, Houston, TX 77024",Houston,4.9,1710,Appliance repair service,ChIJM5VqUuHDQIYRfFo8sNd3LZo,alejandro@stoa.agency,good,ok
Box St. All Day Brunch - Hemisfair,(210) 476-5705,https://boxstallday.com/,"623 Hemisfair Blvd Ste 108, San Antonio, TX 78205",San Antonio,4.6,1710,Brunch restaurant,ChIJHQVAd2FfXIYRrocPHvIZyrU,eat@theboxstreetsocial.com,good,ok
Mein,(713) 923-7488,http://www.eatmein.com/,"9630 Clarewood Dr ste a13, Houston, TX 77036",Houston,4.5,1707,Cantonese restaurant,ChIJh6uBttrCQIYRZ6i15eIPyCw,junkgroupmein@gmail.com,good,ok
BlueWave Express Car Wash,(877) 503-0008,https://bluewaveexpress.com/,"2558 SW Military Dr, San Antonio, TX 78224",San Antonio,4.6,1706,Car wash,ChIJp1IAFNhZXIYRwczawn44Bfg,cs@bluewaveexpress.com,good,ok
Alco Air,(903) 847-5281,https://www.alcoair.com/?utm_source=google&utm_medium=gbp&se_campaign=GBP,"4412 US-259, Longview, TX 75605",Longview,4.8,1697,Plumber,ChIJdTeiHPE4NoYRnLsILNpL_qc,justintramel@alcoair.com,good,ok
Piranha Izakaya,(210) 822-1088,http://piranhaizakaya.com/,"260 E Basse Rd, San Antonio, TX 78209",San Antonio,4.4,1696,Japanese restaurant,ChIJm3X73mD1XIYRua_wn3BFtFg,contact@sansoxygen.com,good,ok
Little Bitty Burger Barn,(713) 683-6700,https://www.littlebittyburgerbarn.com/,"5139 Antoine Dr, Houston, TX 77092",Houston,4.6,1688,Hamburger restaurant,ChIJn7OO_wzGQIYRFDFuaT8sbNA,littlebittyburgerbarn17@gmail.com,good,ok
Taverna Austin (Downtown) | The Baci Room,(512) 477-1001,https://www.tavernabylombardi.com/,"258 W 2nd St, Austin, TX 78701",Austin,4.2,1687,Italian restaurant,ChIJMazVpAi1RIYRjhmcLjSvho8,reservations@tavernaakumal.com,good,ok
Heart of Texas Smiles General & Cosmetic Dentistry,(254) 848-0240,https://www.wacofamilydental.com/,"117 Burnett Ct, Waco, TX 76712",Waco,4.9,1685,Dentist,ChIJrzPwfhKET4YROdr0E8phWh4,carrie@heartoftexassmiles.com,good,ok
HomeTeam Pest Defense,(210) 641-2551,https://pestdefense.com/san-antonio/west-san-antonio-tx/,"12677 Silicon Dr, San Antonio, TX 78249",San Antonio,4.8,1679,Pest control service,ChIJ39qpPd5mXIYRI8bOlYnUbpo,techdev@deyogroup.com,good,ok
Le Café Crêpe,(512) 480-0084,http://www.cafecrepeofaustin.com/?SEO_id=GMB--R-AUSDTHX&y_source=1_MTk1OTQ3MzUtNzE1LWxvY2F0aW9uLndlYnNpdGU%3D,"200 San Jacinto Blvd, Austin, TX 78701",Austin,4.4,1679,Restaurant,ChIJ72if-Qe1RIYRab0ZcGKtNZg,cafecrepeaustin@gmail.com,good,ok
The PumpHouse Riverside Restaurant and Bar,(361) 572-9800,http://www.victoriapumphouse.com/,"1201 W Stayton Ave, Victoria, TX 77901",Victoria,4.4,1679,American restaurant,ChIJAQAAANBmQoYRspqkXtDBoIk,events@victoriapumphouse.com,risky,unknown
Animal Alliance of Galveston County,(409) 933-1600,http://animalalliancetx.org/,"1014 Bayou Rd, La Marque, TX 77568",La Marque,4.7,1676,Veterinary care,ChIJha-069V4P4YRta_CFXdjyug,aagc@animalalliancetx.org,good,ok
Liberty Kitchen & Oysterette - River Oaks,(713) 622-1010,https://www.libertykitchenoysterette.com/,"4224 San Felipe St, Houston, TX 77027",Houston,4.5,1675,Seafood restaurant,ChIJxQPKgT3BQIYRQMnarAJDeJg,memorial@libertykitcheneats.com,good,ok
AMO the Pink Cafe in El Paso,(915) 219-8863,http://amocafeeptx.com/,"412 Yandell Dr, El Paso, TX 79902",El Paso,4.4,1672,Coffee shop,ChIJcdkNpj5Z54YRn4KkRL2EAA8,iloveamocafe@gmail.com,good,ok
Govinda's Vegetarian Cuisine,(832) 831-9951,http://govindashou.com/,"1320 W 34th St, Houston, TX 77018",Houston,4.6,1672,Indian restaurant,ChIJFRgIk6fHQIYRZeHiDsexaKM,hello@govindashou.com,error,The read operation timed out
"D&D Plumbing, Heating, and Air Conditioning",(432) 687-1011,http://www.danddmidland.com/,"1101 W Florida Ave, Midland, TX 79701",Midland,4.7,1666,Plumber,ChIJAyIa2XHY-4YR1hZXBChyf7U,ericr@danddmidland.com,good,ok
Impression Bridal,(713) 623-4696,https://www.impressionbridalstore.com/stores/galleria/,"3005 W Loop S, Houston, TX 77027",Houston,4.8,1662,Bridal shop,ChIJJQmvhnLBQIYRhtJgs5YWONQ,galleria@impressionbridalstore.com,risky,unknown
SugarCoat & Co Beauty Bar,(512) 888-9462,http://sugarcoatandcobeautybar.com/,"1000 E 41st St Suite 220, Austin, TX 78751",Austin,4.8,1652,Nail salon,ChIJuefrFta1RIYRebOBbLKpULc,sugarcoatbeautyatx512@gmail.com,good,ok
French Nails Luxury Spa & Bar,(469) 498-4900,https://frenchnailshillcrest.com/,"6757 Arapaho Rd Suite 719, Dallas, TX 75248",Dallas,4.9,1652,Nail salon,ChIJN62WL2AhTIYRjBo0htRY8WY,lavendernailbarplano@gmail.com,good,ok
Unique Home Furniture,(713) 721-7500,http://uniquehomefurniture.com/,"10904 S Post Oak Rd, Houston, TX 77035",Houston,4.9,1649,Furniture store,ChIJb-bRGhHqQIYR3dI4W-2E58g,uniquepostoak@gmail.com,good,ok
Firefighting's Finest Moving & Storage,(817) 618-7126,https://www.firefightermovers.com/fort-worth/?utm_source=google&utm_medium=organic&utm_campaign=FortWorthGBP,"3101 Reagan Dr, Fort Worth, TX 76116",Fort Worth,4.8,1642,Mover,ChIJr7Fm4yBzToYRLf2h6i1Q7G4,dallas@firefightermovers.com,good,ok
Texas Music City Grill & Smokehouse Tyler,(903) 509-4222,https://www.texasmusiccity.net/,"5424 Old Jacksonville Hwy, Tyler, TX 75703",Tyler,4.4,1641,Steak house,ChIJl_1jjnXLSYYRBdla1a-jdDE,manager@texasmusiccity.com,good,ok
Coconut Cleaning Co.,(214) 272-2139,http://coconutcleaningco.com/,"12200 N Stemmons Fwy STE 315, Dallas, TX 75234",Dallas,5,1640,Carpet cleaning service,ChIJm-IOSuBRq4kRg6EkPD7SP_U,atx@coconutcleaningco.com,good,ok
BH Locksmith,(281) 777-6030,https://bh-locksmith.com/,"6720 Chimney Rock Rd suite r, Houston, TX 77081",Houston,4.8,1634,Emergency locksmith service,ChIJFwxHgN3BQIYRDLcAXF6otG0,jsrr1881@gmail.com,good,ok
Adams Automotive on Blalock,(713) 597-6686,http://adamsautomotiveservices.com/?utm_campaign=gmb,"1010 Blalock Rd, Houston, TX 77055",Houston,4.6,1628,Auto repair shop,ChIJ98H7QorEQIYRCxG055YauS0,glenn@adamsautomotivehouston.com,good,ok
AutoSavvy Fort Worth,(833) 245-3356,https://www.autosavvy.com/dealers/fort-worth-texas/?utm_source=google&utm_medium=organic&utm_campaign=tech_seo,"3001 NE Loop 820, Fort Worth, TX 76137",Fort Worth,4.7,1622,Used car dealer,ChIJlZMNWTh3ToYRsmMpjwreZOM,jeffp@myautosource.com,good,ok
Cafe Petra Greek & Lebanese Restaurant,(281) 974-1032,https://pearland.cafe-petra.com/,"8498 S Sam Houston Pkwy E #700, Houston, TX 77075",Houston,4.8,1621,Mediterranean restaurant,ChIJYWRvEL2XQIYRh9zUkeh9sdw,cafepetrapl@gmail.com,good,ok
713 Tattoo Parlour,(713) 533-1239,http://www.713tattoo.com/,"1533 Westheimer Rd, Houston, TX 77006",Houston,4.6,1620,Tattoo and piercing shop,ChIJVQsAAZzAQIYRmPtZeQkLodg,sevenonethreetattoo@gmail.com,good,ok
Houston Grand Prix,(281) 987-3032,http://houstongrandprix.com/,"13901 Eastex Fwy, Houston, TX 77032",Houston,4.3,1619,Go-karting venue,ChIJOXEmcSyxQIYRt8HnCalUn_4,%20info@houstongrandprix.com,,
Jerry Coker - GEICO Insurance Agent,(713) 224-3426,https://www.geico.com/insurance-agents/texas/houston/jerry-coker/?y_source=1_MTQ5NTQ2OTYtNzE1LWxvY2F0aW9uLndlYnNpdGU%3D,"1403 Spring Cypress Rd Suite 104, Spring, TX 77373",Spring,4.8,1618,Insurance agency,ChIJ3ypydB41R4YRRf1da-3-mpw,csapenter@geico.com,risky,catch_all
Texas Gun Experience,(817) 285-0664,https://texasgunexperience.com/,"1901 S Main St, Grapevine, TX 76051",Grapevine,4.9,1614,Gun shop,ChIJIZnnH-orTIYR_ffhCSAoeZs,sales@texasgunexperience.com,good,ok
Gamez Law Firm,(210) 736-4040,https://www.joegamezlaw.com/?utm_source=google&utm_medium=organic&utm_campaign=gmb_local_growthlab,"2943 Mossrock, San Antonio, TX 78230",San Antonio,4.8,1612,Personal injury attorney,ChIJCUSHdAlfXIYR8kc9Y3g_yM8,pat.ortega@jagamezlaw.com,good,ok
Patcha Therapeutic Massage and Spa,(281) 888-6942,https://www.patchatherapeuticmassagespa.com/services,"1511 W 12th St suite 300, Houston, TX 77008",Houston,5,1607,Massage spa,ChIJheLSlm7HQIYRxWRO70vC9Yc,patchamassagespa@gmail.com,good,ok
Augerpros Plumbing and Drain,(214) 206-6580,https://augerpros.com/,"206 W McDermott Dr #120, Allen, TX 75013",Allen,5,1602,Plumber,ChIJU9q1zBkRTIYRu0GnL6d7Hj0,complaints@tsbpe.texas.gov,good,ok
Tandoori Hut Indian Restaurant,(832) 427-6721,http://indianfoodhouston.com/,"7610 Cherry Park Dr Suite A, Houston, TX 77095",Houston,4.7,1602,Indian restaurant,ChIJp0ql_i3RQIYRoJB8hFM8-qI,tandoorihut12@gmail.com,good,ok
Fat Cat Creamery,(832) 409-6568,http://www.fatcatcreamery.com/,"1225 W 34th St Suite C-300, Houston, TX 77018",Houston,4.5,1600,Ice cream shop,ChIJBQoNy23HQIYRP3Ip1sBwjls,thecats@fatcatcreamery.com,good,ok
Burleson Yard Beer Garden,(210) 354-3001,https://www.burlesonyardbeergarden.com/,"430 Austin St, San Antonio, TX 78215",San Antonio,4.5,1600,Restaurant,ChIJ7aBn-vv1XIYRHr3YLPCzarg,joshgburleson@gmail.com,good,ok
810 Entertainment - Houston,(713) 337-2950,https://www.810bowling.com/,"1201 San Jacinto St Suite 321, Houston, TX 77002",Houston,4.6,1596,Bowling alley,ChIJz5Yxb3G_QIYRi_XKDSC7a_0,hello@brand.com,bad,invalid
Künstler Brewing,(210) 688-4519,http://www.kuenstlerbrewing.com/,"302 E Lachapelle, San Antonio, TX 78204",San Antonio,4.7,1583,Brewery,ChIJVZfiLbxYXIYR9NRjNR_nJ8I,vera@kuenstlerbrewing.com,good,ok
Hattie B's Hot Chicken,(469) 425-8100,http://hattieb.com/,"3827 Lemmon Ave, Dallas, TX 75219",Dallas,4.4,1577,Chicken restaurant,ChIJL7HuMLuZToYRSJkIwyZCeIo,amy@hattieb.com,good,ok
Ruchi's Mexican Grill,+1 832-363-3535,https://www.ruchismexicangrill.com/,"6945 Industrial Pkwy, Rosenberg, TX 77471, United States",Rosenberg,3.9,1574,Mexican restaurant,ChIJ2_nL97kdQYYRWNWE7IgPH9E,ruchis12@ruchismexicangrill.com,error,The read operation timed out
My Spa Joy,(346) 660-3277,https://myspajoytx.zoca.com/?utm_source=googlemaps&utm_medium=googlemaps&utm_campaign=googlemaps,"720 W Alabama St, Houston, TX 77006",Houston,4.9,1573,Massage spa,ChIJI0-M4s_DQIYRi67WrFgfF9E,myspajoy60@gmail.com,good,ok
Chorus Security (Formerly BSG),(210) 877-1222,https://callchorus.com/locations/san-antonio-tx-home-security/?utm_source=google&utm_medium=gmb&utm_campaign=sat_home_security,"121 Interpark Blvd Suite 601, San Antonio, TX 78216",San Antonio,4.9,1572,Security service,ChIJGWimNOJmXIYRpT_N-RBDNZY,contact@mysite.com,bad,invalid
Alpha Omega Grill & Bakery,(254) 732-7506,https://alphaomegawaco.com/alphaomegagrillbakery?utm_source=google,"929 Franklin Ave, Waco, TX 76701",Waco,4.5,1565,Mediterranean restaurant,ChIJtzhKKk2CT4YR_Lf2l3GlgpE,lentisdorothy@gmail.com,good,ok
Feel Great Car Wash - Cockrell Hill,(214) 258-5767,https://feelgreatcarwash.com/location/texas/dallas/cockrell-hill-rd/,"1717 N Cockrell Hill Rd, Dallas, TX 75211",Dallas,4.9,1560,Car wash,ChIJEWONFD-bToYRBkI8G9yhFNE,support@feelgreatcarwash.com,good,ok
8th Wonder Brewery + Cannabis,(832) 371-1666,https://8thwonder.com/,"2202 Dallas St, Houston, TX 77003",Houston,4.6,1560,Brewery,ChIJnZloaR-_QIYRhAfg-qYr9HI,taproom@8thwonder.com,good,ok
Milano Nail Spa Wynnewood Village,(469) 399-1837,https://milanonailspas.com/spas/wynnewood-village,"655 W Illinois Ave Suite 916, Dallas, TX 75224",Dallas,4.8,1559,Nail salon,ChIJOYlCAh2zb68RNv0UdTZxZ7E,dho@milanonailspas.com,good,ok
Punch Bowl Social,+1 469-607-6880,https://punchbowlsocial.com/location/dallas/,"2600 Main St, Dallas, TX 75226, United States",Dallas,4.1,1558,Restaurant,ChIJOzY-9KmZToYRqAGJ_cQo_V4,hr@punchbowlsocial.com,good,ok
Gulf Coast Auto & Truck Repair,(281) 332-8376,https://www.gcatr.com/,"281 State Hwy 3, League City, TX 77573",League City,4.9,1556,Auto repair shop,ChIJE-cnL9OCQIYRE3h_KSZysmo,frank@gcatr.com,risky,unknown
KP Staffing,(817) 831-0191,https://www.kpstaffing.com/our-office-locations/fort-worth-office/,"3501 Airport Fwy, Fort Worth, TX 76111",Fort Worth,4.8,1556,Employment agency,ChIJCawFbEhxToYRRxGMrxxiSE4,westhouston@kpstaffing.com,good,ok
AutoZone Auto Parts,(214) 398-0621,https://www.autozone.com/locations/tx/dallas/1339-s-buckner-blvd.html?cmpid=LOC:US:EN:AD:NL:1000000:GEN:5789,"1339 S Buckner Blvd, Dallas, TX 75217",Dallas,4,1549,Auto parts store,ChIJ_XufG0ejToYRQh05YhplwpU,customer.service@autozone.com,good,ok
Bar 1919,(210) 227-1420,https://www.bar1919.com/,"1420 S Alamo St, San Antonio, TX 78204",San Antonio,4.6,1549,Bar,ChIJ0-i3L7tYXIYRk7jlniDXVHI,thegiraffe@bar1919.com,risky,unknown
Majestic AC,(281) 376-2224,https://www.majestic-ac.com/,"17011 Seven Pines Dr, Spring, TX 77379",Spring,4.9,1547,Air conditioning contractor,ChIJ02eQNd_MQIYRizsYYjy-lcQ,service@majestic-ac.com,good,ok
Cerv Property Solutions San Antonio,(210) 899-5771,https://www.magnapest.com/locations/san-antonio-texas/?utm_source=google&utm_medium=organic&utm_campaign=local-seo,,,5,1541,Property maintenance,ChIJpYzOdjSLXIYRop6BFwtnhlU,office@magnapest.com,good,ok
Lone Star Charlie's Family Restaurant,(936) 365-3017,http://lonestarcharlies.net/,"4591 US-59, Livingston, TX 77351",Livingston,4.2,1526,Family restaurant,ChIJAS3x7OWEOIYR44q68tVy6Eg,lscharlies@eastex.net,good,ok
CELLAIRIS | #1 Quality Phone Repair In San Antonio.,(210) 573-7919,https://www.cellairis.com/stores/san-antonio-tx-cell-phone-iphone-repair,"1200 SE Military Dr, San Antonio, TX 78214",San Antonio,5,1525,Mobile phone repair shop,ChIJKytqYT33XIYRCM5r18Ka8uw,cc@cellairis.com,good,ok
Salsa Limón,(972) 803-4388,https://salsalimon.com/?olonwp=JjBtp_vMLk25gkYh_bnoiQ,"411 N Akard St, Dallas, TX 75201",Dallas,4.5,1524,Mexican restaurant,ChIJly-7jCKZToYRS7nYEiR4pBQ,contact@salsalimon.com,good,ok
Osso & Kristalla,(713) 221-6666,http://www.ossoandkristalla.com/,"1515 Texas Ave, Houston, TX 77002",Houston,4.3,1519,Italian restaurant,ChIJh4_KFyS_QIYRHv9hv2AO8_M,gm@ossoandkristalla.com,good,ok
Stonegate Pharmacy,(512) 707-2300,https://www.stonegaterx.com/,"2501 W William Cannon Dr #203, Austin, TX 78745",Austin,4.5,1517,Pharmacy,ChIJS4OwiGFLW4YRtpKj_k-JDX0,broadway@stonegaterx.com,risky,unknown
Controversy Ink Tattoo Studio,(469) 953-4615,http://controversyinktattoostudio.com/?utm_source=gmb&utm_medium=referral,"3211 W Northwest Hwy #600, Dallas, TX 75220",Dallas,4.9,1515,Tattoo shop,ChIJiS-TSKCdToYRWkwwqC4veoI,controversyinktattoocom@gmail.com,good,ok
Mi Tierra Auto Sales,(832) 290-7144,http://mitierraautosaleshouston.com/,"7935 Gulf Fwy, Houston, TX 77017",Houston,4.3,1514,Used car dealer,ChIJM8ClYoe9QIYRS2sp6MK0mXc,sales@mitierraautosales.com,good,ok
Firehouse Lounge,(512) 201-2522,https://www.firehousehostel.com/lounge,"605 Brazos St, Austin, TX 78701",Austin,4.5,1505,Cocktail bar,ChIJ7XFDZae1RIYROB6oLNdB2Bk,austinfirehouse@gmail.com,good,ok
The Aussie Grind,(469) 428-0966,https://www.theaussiegrind.com/,"3930 Preston Rd #120, Frisco, TX 75035",Frisco,4.7,1504,Australian restaurant,ChIJ-41CeUk9TIYRMAnITFZOC20,gday@theaussiegrind.com,risky,catch_all
Bangkok-Tokyo,(806) 353-4777,http://bangkoktokyoamarillo.com/,"2413 S Western St, Amarillo, TX 79109",Amarillo,4.7,1501,Thai restaurant,ChIJFVDx-NlPAYcRGfLbi2F5hgw,orientalmoonoi@gmail.com,good,ok
National Injury Lawyers,(214) 890-0711,https://nationalpi.com/,"5489 Blair Rd Suite 300, Dallas, TX 75231",Dallas,4.6,1490,Personal injury attorney,ChIJQfLUSgufToYRZIAt4sapAuk,pharm@fnlawfirm.com,risky,unknown
Surfing Crab,(361) 462-4707,https://surfingcrabtx.com/,"5057 S Padre Island Dr, Corpus Christi, TX 78411",Corpus Christi,4.4,1489,Seafood restaurant,ChIJ3X2Q9rv1aIYReK_OFti-QV0,surfingcrabtx@gmail.com,good,ok
Bunz Handcrafted Burgers,(210) 354-3555,http://tastybunz.com/,"122 E Houston St, San Antonio, TX 78205",San Antonio,4.5,1488,Hamburger restaurant,ChIJ-7WMkdFfXIYRf2bEGU8Hh7Y,hello@tastybunz.com,good,ok
The Chill Brothers,(844) 512-4455,https://thechillbrothers.com/ac-installation-and-services-in-spring-tx/,"6465 Farm to Market 2920, Spring, TX 77379",Spring,4.6,1486,HVAC contractor,ChIJexRarKAzR4YRti-NeUsq5Ww,hello@thechillbrothers.com,risky,catch_all
The Austin Beer Garden Brewing Co.,(512) 298-2242,http://theabgb.com/,"1305 W Oltorf St, Austin, TX 78704",Austin,4.6,1486,Brewery,ChIJs6-KANy0RIYRRTcMhnhoFaE,yall@theabgb.com,good,ok
Good Guys Tree Service,(737) 637-3312,https://www.goodguystreeservice.com/?utm_source=google&utm_medium=organic&utm_campaign=gmb,"10713 N FM 620 BLDG E, Ste 521, Austin, TX 78726",Austin,4.8,1481,Tree service,ChIJey67lvQyW4YR2UGs6MP9Qz4,bob@goodguystreeservice.com,good,ok
"Cote's Mechanical, LLC",+1 940-202-0196,https://www.cotesmechanical.com/?utm_source=google-gbp&utm_medium=organic&utm_campaign=*415*cotes-mechanical-sanger,"3500 Shelby Ln, Denton, TX 76207, United States",Denton,4.8,1477,HVAC contractor,ChIJ28flT9KzTYYRqOoVPBNGvXA,office@cotesmechanical.com,good,ok
La Bodega Mexican Restaurant & Bar,(432) 333-4469,https://www.labodegamexicanrestaurant.com/,"1024 E 7th St, Odessa, TX 79761",Odessa,4.2,1475,Mexican restaurant,ChIJr-auoUXJ-4YRq7-ukkmfMrQ,labodegaodessa@yahoo.com,risky,unknown
Trendy Dumpling,(713) 750-9398,https://trendydumpling.com/,"3285 Southwest Fwy, Houston, TX 77027",Houston,4.5,1474,Dumpling restaurant,ChIJ7QW5l9zBQIYRM55nghS5ep4,trendydumpling@gmail.com,good,ok
The Union Kitchen,(832) 644-9067,https://www.theunionkitchen.com/,"23918 US-59, Kingwood, TX 77339",Kingwood,4.3,1471,American restaurant,ChIJJzdExUlNR4YRQ_CSq4uQQUU,gm.cypress@theunionkitchen.com,risky,catch_all
Clark's Oyster Bar - Austin,(512) 297-2525,https://www.clarksoysterbar.com/locations/austin,"1200 W 6th St, Austin, TX 78703",Austin,4.5,1469,Seafood restaurant,ChIJbeqvYxO1RIYR5zZEcyfr02s,austinevents@clarksoysterbar.com,good,ok
Pop-A-Lock of Houston - Locksmith,(713) 722-0060,https://www.popalock.com/franchise/houston-tx/?utm_source=google&utm_medium=organic&utm_campaign=gbp,"3420 Rusk St #36, Houston, TX 77003",Houston,4.9,1468,Locksmith,ChIJE8_hWobWMQwR7LRaQD523gY,customerservice@popalockoftexas.com,error,The read operation timed out
Aventura Dental,(915) 591-9999,http://www.aventuradentalelpaso.com/,"2200 N Yarbrough Dr suite n, El Paso, TX 79925",El Paso,4.9,1460,Dentist,ChIJAQAAVc5E54YRBNUFyaIOGT4,aventura@eptxdentalgroup.com,good,ok
"Dailey Company, Inc.",(979) 260-2020,https://www.godailey.com/,"8330 Jones Rd, College Station, TX 77845",College Station,4.9,1458,Plumber,ChIJkxFU7ZqCRoYRkzpRvnMtWr8,service@godailey.com,risky,catch_all
COPA Bail Bonds,(210) 231-0202,http://copabailbonds.com/,"1511 W Martin St, San Antonio, TX 78207",San Antonio,4.9,1457,Bail bonds service,ChIJf_7iYjZfXIYRyKQum-hZueY,bailbondpeoplereport@gmail.com,good,ok
Verona Nails Bar (10% Off First Time Customer),(210) 375-3032,https://veronanailsbar.com/,"12822 I-10 #210, San Antonio, TX 78249",San Antonio,4.7,1454,Nail salon,ChIJ3WtTlchnXIYRq1qayxa3vww,veronanailsbar@gmail.com,good,ok
Oso Grande Auto Sales,(210) 924-5455,https://www.osograndeautos.com/,"5407 Interstate 35 Access Rd, San Antonio, TX 78211",San Antonio,4.8,1452,Used car dealer,ChIJL9gtlVlYXIYR1DU3TTd9XsQ,csr@texmexprimo.com,good,ok
Palazzio Nail Lounge The Heights,(832) 649-7870,https://palazzionailloungetheheights.com/,"1515 Studemont St, Houston, TX 77007",Houston,4.9,1450,Nail salon,ChIJ2eO5IgC5QIYRdlwOUTucwRs,palazzionailloungetheheights@gmail.com,good,ok
The Monk’s Indian Bistro - Humble,(346) 616-5593,https://www.monkshumble.com/,"9626 Farm to Market 1960 Bypass Rd W, Humble, TX 77338",Humble,4.8,1445,Indian restaurant,ChIJJ-yoYwCzQIYRGwWvaHGDH-w,monkshumble@gmail.com,good,ok
Pest Patrol,(325) 673-6700,https://westtexaspestpatrol.com/,"782 E Hwy 80, Abilene, TX 79601",Abilene,4.9,1445,Pest control service,ChIJ8Tnr-f2TVoYRFOTHty_xqmw,frontend@pestpatroltx.com,good,ok
Blue Nile,(713) 814-5101,https://bluenilerestaurant.com/,"3030 Audley St, Houston, TX 77098",Houston,4.5,1443,Ethiopian restaurant,ChIJV9p3a-XAQIYRQaWkOd5S1k4,bluenileriveroaks@gmail.com,good,ok
Santa Fe Steakhouse & Cantina,(956) 630-2331,http://santafemcallen.com/,"1918 S 10th St, McAllen, TX 78503",McAllen,4.6,1439,Steak house,ChIJxaexPfCnZYYRv4425YamY5E,santafesteakhouse1@gmail.com,good,ok
Uptown Nail Spa,(214) 953-6245,https://uptownnailspadallas.com/,"2906 McKinney Ave, Dallas, TX 75204",Dallas,4.6,1439,Nail salon,ChIJLx3MftOeToYREEowWqdPLZo,uptownnailspadallas@gmail.com,good,ok
Zoli's Pizza,(817) 402-0050,http://www.zolispizza.com/,"3501 Hulen St, Fort Worth, TX 76107",Fort Worth,4.2,1438,Pizza restaurant,ChIJIT6Ljf5zToYRmksMmDhMfu4,jeff@pilfgroup.com,good,ok
Acropolis,(254) 213-9859,https://www.acropolisus.com/,"W Central TX, 360 S Central Texas Expy #206, Harker Heights, TX 76548",Harker Heights,4.5,1437,Greek restaurant,ChIJUVUQfqJJRYYRjYI8QDaBtVc,samhalabi78@gmail.com,good,ok
Plumbing Outfitters,(512) 759-8332,https://plumbingoutfitters.com/taylor/?utm_source=google&utm_medium=organic&utm_campaign=local+listings,"24 Co Rd 496, Taylor, TX 76574",Taylor,4.9,1437,Plumber,ChIJ5S1MpB8dRYYRaPq8HrrUzOM,ashley@plumbingoutfitters.com,good,ok
Houston Motorsports,(281) 890-2020,https://www.houstonyamaha.com/,"9550 Farm to Market 1960 Rd W, Houston, TX 77070",Houston,4.7,1437,Motorcycle dealer,ChIJAV_aUfnRQIYRA9bv1F96gpU,hym@houstonyamaha.com,risky,unknown
North Line Low Cost - Affordable Pet Clinic Tidwell,(713) 697-3297,http://northlinevet.com/,"51 Tidwell Rd, Houston, TX 77022",Houston,4.5,1432,Animal hospital,ChIJJyHHvxO4QIYRISVj3P9Kxek,tidwellpetclinicinfo@gmail.com,good,ok
Starr General Dentistry,(254) 776-7410,https://starrgeneraldentistry.com/?utm_source=gmb&utm_medium=organic,"6400 Cobbs Dr STE 500, Waco, TX 76710",Waco,5,1432,Dentist,ChIJHa2DHT2ET4YRQtIPMqZN9xI,om@starrgeneraldentistry.com,good,ok
Busy Bee Café,(281) 331-2298,http://busybeecafetexas.com/,"2417 S Gordon St, Alvin, TX 77511",Alvin,4.4,1427,Cafe,ChIJB-9SfLaIQIYR3XH2KsDSPPM,busybeecafes@ymail.com,risky,unknown
Jax Hamburgers,(936) 336-7887,https://jaxhamburgers.shop/,"428 Main St, Liberty, TX 77575",Liberty,4.6,1423,Hamburger restaurant,ChIJJ57R-kVLP4YR4Tb7c2EKtIg,jaxhamburgers.shop@gmail.com,bad,invalid
Maids and Moore Cleaning Austin,(512) 686-5034,http://www.maidsandmoore.com/,"8120 Research Blvd #110, Austin, TX 78758",Austin,4.9,1420,House cleaning service,ChIJZSoIWSzKRIYRT7_waKuDcxk,maidsandmoore@gmail.com,good,ok
Kiwi Services,(713) 999-6449,https://kiwiservices.com/texas/houston/,"4444 W 12th St, Houston, TX 77055",Houston,4.5,1420,Carpet cleaning service,ChIJHXgI2r_GQIYR7oq5YY15H0c,customerservice@kiwiservices.com,good,ok
Full Armor Gun Range,(832) 486-9086,https://fullarmorgunrange.com/,"11911 Katy Fwy, Houston, TX 77079",Houston,4.6,1417,Shooting range,ChIJIyK0AXPbQIYREgmi1Tm1dGA,fullarmorgunrange@gmail.com,good,ok
Good Day Cafe Irving,(972) 255-8400,https://gooddaycafetx.com/gdcirving?utm_source=google,"2301 N O'Connor Rd Suit M, Irving, TX 75062",Irving,4.5,1413,Cafe,ChIJJwDzPx2DToYRocksmGgP92Y,lidiadav74@gmail.com,good,ok
Big Tex Auto Mart,(214) 348-2100,http://www.bigtexautomart.com/,"11501 E NW Hwy, Dallas, TX 75218",Dallas,4.8,1413,Used car dealer,ChIJu4c3idygToYRGUTcpT33q4Y,bigtexautomart@gmail.com,good,ok
Hot Water Guys,(832) 673-0909,http://hotwaterguys.com/,"352 Link Rd, Houston, TX 77009",Houston,4.9,1411,Plumber,ChIJz5hMW424QIYRRUI6hjZmXnQ,service@hotwaterguys.com,bad,invalid
Roman Empire Gym,(832) 738-1546,https://romanempiregym.com/,"451 Spruce St, League City, TX 77573",League City,4.9,1410,Gym,ChIJBww6zfGDQIYRdF9bI37LunE,romanempiregym@gmail.com,good,ok
Newman's Automotive,(512) 447-7801,http://www.newmansauto.com/,"3916 Woodbury Dr, Austin, TX 78704",Austin,4.6,1405,Auto repair shop,ChIJUVsc15W0RIYR2QrBZB052Hg,serviceteam@newmansauto.com,good,ok
Einstein Moving Company,(737) 377-5181,https://www.einsteinmoving.com/locations/texas-movers/north-austin-movers/?utm_source=google&utm_medium=organic&utm_campaign=gmb,"9200 Brown Ln Suite A, Austin, TX 78754",Austin,4.9,1405,Mover,ChIJoR9pgqDJRIYRuajSXPMphPE,smartmove@einstein.com,bad,invalid
Main Street Cafe,(972) 436-6850,http://www.mainstreetcafe.ai/,"208 E Main St, Lewisville, TX 75057",Lewisville,4.5,1399,American restaurant,ChIJUceXXREuTIYRecjzbfb_Gok,support@mainstreetcafe.ai,good,ok
9 Rabbits Bakery,(972) 243-4478,http://www.9rabbitsbakery.com/,"2546 Royal Ln, Dallas, TX 75229",Dallas,4.5,1396,Bakery,ChIJ2ewCpI4nTIYR1dZ8M7wdnKo,9rabbitsbakery@gmail.com,good,ok
Taste of Europe,(682) 248-3070,https://tasteofeuropearlingtontx.com/?utm_source=google,"1901 W Pioneer Pkwy, Arlington, TX 76013",Arlington,4.7,1395,Eastern European restaurant,ChIJbV1EZNh8ToYRiVQwFpamFZ0,beltalalex@gmail.com,good,ok
Jakes Texas Tea House,(254) 756-2522,http://www.jakestexasteahouse.com/,"613 Austin Ave, Waco, TX 76701",Waco,4.5,1395,American restaurant,ChIJAbt1iVKCT4YRhtZDQ1rRHV4,jakestexasteahouse@att.net,risky,catch_all
Cafe Caspian,(281) 493-4000,http://www.cafecaspian.com/,"12126 Westheimer Rd # 100, Houston, TX 77077",Houston,4.5,1395,Persian restaurant,ChIJlw-eafLcQIYR4SPTw4HJS04,sales@goodresto.com,bad,invalid
Team Mancuso Powersports Southwest,(713) 230-8131,https://www.teammancuso.com/tmpsw,"7250 Southwest Fwy, Houston, TX 77074",Houston,4.4,1392,Motorcycle dealer,ChIJk7guCGDCQIYRfMuA-MYsyJ0,sales@teammancuso.com,bad,invalid
Barley Swine,(512) 394-8150,http://www.barleyswine.com/,"6555 Burnet Rd #400, Austin, TX 78757",Austin,4.7,1387,American restaurant,ChIJid3yLt-0RIYR_JPyeaoX0Uc,reservations@barleyswine.com,good,ok
Roegels Barbecue Co,(713) 977-8725,https://vossroad.roegelsbarbecue.com/,"2223 S Voss Rd, Houston, TX 77057",Houston,4.5,1387,Barbecue restaurant,ChIJweOXb5XDQIYRk5rU3Ry1W10,thepigonvoss@yahoo.com,risky,unknown
Godai Sushi Bar & Japanese Restaurant,(210) 251-4356,http://godaisushi.com/,"11203 West Ave, San Antonio, TX 78213",San Antonio,4.6,1385,Japanese restaurant,ChIJvdkjUkJgXIYRRdj8QnDdQj0,stevehan84@gmail.com,good,ok
The Spice Garden,(512) 382-0560,https://www.thespicegardenonline.com/,"3107 S I-35 Frontage Rd #760, Round Rock, TX 78664",Round Rock,4.7,1384,Pan-Asian restaurant,ChIJl5R_vj3PRIYRzKhqyZt-hsg,contact@thespicegardenonline.com,risky,catch_all
All Dogs Unleashed Dog Training Dallas,(972) 484-3647,https://www.alldogsunleashed.com/,"2401 Luna Rd, Carrollton, TX 75006",Carrollton,4.9,1383,Dog trainer,ChIJce944REhTIYRNvs_hlCyuLU,san-antonio@alldogsunleashed.com,bad,invalid
Lei Low,(713) 380-2968,http://leilowhtx.com/,"6412 N Main St C, Houston, TX 77009",Houston,4.7,1380,Cocktail bar,ChIJrVTXbYO4QIYRFg_Eqds7N4M,leilowhtx@gmail.com,good,ok
Trademark Salon | Hair Extension Salon,(832) 717-3422,http://trademarksalon.com/?utm_campaign=gmb&utm_medium=organic&utm_source=gmb,"10300 Louetta Rd #100, Houston, TX 77070",Houston,4.9,1379,Hair salon,ChIJPXN3JIHSQIYRu3euy4KMX14,trademarksalon@gmail.com,good,ok
Yellow City Street Food - YCSF,(806) 353-9273,https://yellowcitystreetfood.com/,"2916 Wolflin Ave, Amarillo, TX 79109",Amarillo,4.7,1373,New American restaurant,ChIJKS-UolVOAYcRqO8Cqo2A1OI,wweeiihhuuaanngg@gmail.com,good,ok
Fig Italian Kitchen & Bar,(512) 749-4988,https://www.figaustin.com/,"3403 S Lamar Blvd, Austin, TX 78704",Austin,4.8,1373,Italian restaurant,ChIJndqjXQBLW4YR4e4Edn7JQ_8,jmotatx@gmail.com,good,ok
Texas Collision Centers,(972) 528-9398,https://texascollisioncenters.com/locations/love-field/,"6125 Peeler St, Dallas, TX 75235",Dallas,4.9,1373,Auto body shop,ChIJW-ICYJOfToYRi3ofWZo1H8Q,tcc05frontoffice@tcctexas.com,good,ok
San Antonio Eyeworks,(210) 251-2372,http://www.saeyeworks.com/,"Located on the 2nd floor in the back of the Ridge, 4553 N Loop 1604 W Ste 1225, San Antonio, TX 78249",San Antonio,4.9,1371,Optometrist,ChIJlZkF5axmXIYRlDVF6Me9ZKA,saeyeworks@gmail.com,good,ok
EggCited Brunch house,(214) 548-4327,https://eggcitedbrunchhousetx.com/,"7200 W University Dr #190, McKinney, TX 75071",McKinney,4.9,1370,Brunch restaurant,ChIJ7TrcobkVTIYRss4x31EdSUA,eggcited24@gmail.com,good,ok
Volcano,(432) 552-8881,https://volcanooddesa.com/,"3952 E 42nd St, Odessa, TX 79762",Odessa,4.5,1369,Asian restaurant,ChIJzREzpivP-4YRd4Fc9BGpJcE,hungrycrabseafood@gmail.com,good,ok
B.B. Italia Bistro & Bar,(713) 424-7876,https://www.bbitaliabistro.com/,"16250 City Walk, Sugar Land, TX 77479",Sugar Land,4.1,1368,Italian restaurant,ChIJV0M_5AfbQIYRF3QgQa5WCI4,bbitalia@berghospitality.com,good,ok
Island Grill,(713) 527-8070,https://www.islandgrillhouston.com/,"2365 Rice Boulevard, Houston, TX 77005",Houston,4.7,1368,Mediterranean restaurant,ChIJOZCmZWfAQIYR65Igm7PxJM8,bunkerhill@islandgrillhouston.com,good,ok
Il Forno,(210) 616-2198,http://www.ilfornosa.com/,"122 Nogalitos St, San Antonio, TX 78204",San Antonio,4.7,1366,Pizza restaurant,ChIJQ5ukQLlYXIYRJiHwC1Shxs8,ms@restaurantgwendolyn.com,good,ok
Richard's Total Backyard Solutions,(713) 777-7665,https://richardstbs.com/,"1701 S Texas 6, Houston, TX 77077",Houston,4.8,1363,Swimming pool contractor,ChIJ04XoTgLcQIYRixRFwSpzLZE,wordpress@adtrak.co.uk,good,ok
MET Plumbing LLC,(281) 845-8889,https://met-plumbing.com/?utm_source=google-gbp&utm_medium=organic&utm_campaign=*538*MET-Houston,"1005 Airline Dr Suite A, Katy, TX 77493",Katy,4.8,1358,Plumber,ChIJvV3nkQcnQYYRXxYpEpaQmp4,csr@metplumbing.com,good,ok
Air Tech of Pasadena - Miles Service,(281) 393-7875,https://www.airtechofpasadena.com/locations/pasadena-tx/?utm_source=google-gbp&utm_medium=organic&utm_campaign=*22*air-tech-pasadena,"2915 Preston Ave, Pasadena, TX 77503",Pasadena,4.9,1358,HVAC contractor,ChIJSfLs_5KYQIYRV1_E_yFA2io,service@airtechofpasadena.com,good,ok
Metro Flow Plumbing - Dallas Emergency Plumbers,(214) 328-7371,https://metroflowplumbing.com/,"3730 Dilido Rd #422, Dallas, TX 75228",Dallas,4.9,1357,Plumber,ChIJG9daKcOjToYRQlVWdwkgGsk,metroflow@metroflowplumbing.com,good,ok
Turmeric Indian Cuisine,(832) 789-6599,http://www.turmericindiancuisinetx.com/,"1111 Shepherd Dr Suite 100, Houston, TX 77007",Houston,4.7,1357,Indian restaurant,ChIJP3HYZwDHQIYRxQDvijY-8jY,info.houston@turmericindiancuisinetx.com,good,ok
Galveston Veterinary Clinic,(409) 744-5355,https://www.galvestonvets.com/?utm_source=gmb&utm_medium=organic&y_source=1_MTE2Njg2OTQtNzE1LWxvY2F0aW9uLndlYnNpdGU%3D,"2108 61st St, Galveston, TX 77551",Galveston,4.7,1349,Veterinarian,ChIJAYgt7kmcP4YRiIQxpHuZ60w,cynthia.e.larson@gmail.com,good,ok
1-Tom-Plumber,(726) 226-2235,https://www.1tomplumber.com/sanantonio/,"11549 Old Perrin Beitel Rd #202, San Antonio, TX 78217",San Antonio,5,1346,Plumber,ChIJmS7DygyTXIYRwqsKEvlVKf0,houston@1tomplumber.com,good,ok
Enviro-Master of San Antonio,(210) 864-1301,https://enviro-master.com/commercial-cleaning-locations/san-antonio-texas/?utm_source=gbp&utm_medium=organic,"5405 Bandera Rd #128, San Antonio, TX 78238",San Antonio,5,1346,Janitorial service,ChIJD1ACi7hdXIYRe3k8Sz31SQY,dev@3ve.com,risky,catch_all
Eunice,(832) 491-1717,http://eunicerestaurant.com/,"3737 Buffalo Speedway Suite 100, Houston, TX 77098",Houston,4.5,1346,Cajun restaurant,ChIJFWLpBvvAQIYRiK7zXVJH59Y,mjoyce@brg-hospitality.com,good,ok
Austin Roofing Company & Water Damage | WDR,(512) 842-4778,https://austinroofingandwaterdamage.com/?utm_campaign=gmb,"9711 Beck Cir, Austin, TX 78758",Austin,5,1343,Roofing contractor,ChIJSb-Yw-7LRIYRX7254_umX3M,bradfarr@rocketmail.com,risky,unknown
TNT Wrecker Service,(409) 842-5155,https://tntwreckertx.com/?utm_source=omg-gbp&utm_medium=webclick,"5385 Fannett Rd, Beaumont, TX 77705",Beaumont,4.9,1338,Towing service,ChIJN1z7VWHOPoYRn7GvPofNmpI,tnt@tntwrecker.com,good,ok
Wanna Bao,(832) 623-7265,https://wannabao.com/,"2708 Bagby St, Houston, TX 77006",Houston,4.4,1338,Chinese restaurant,ChIJ5deKMyq_QIYR1f8UpbHefsw,abaobistro@gmail.com,good,ok
All American Irrigation Systems LLC,(210) 826-6474,http://www.sanantoniosprinklers.com/,,,4.8,1335,Lawn sprinkler system contractor,ChIJScbpP9KHXIYR5ZJ1Sl9Izgw,aaissprinklers@gmail.com,good,ok
Seabrook Waffle Company,(281) 291-8186,https://www.seabrookwafflecompany.com/,"1402 5th St, Seabrook, TX 77586",Seabrook,4.6,1334,Restaurant,ChIJO27lvlZiP4YRk90WzOZxWEk,seabrookwafflecompany@yahoo.com,risky,unknown
