first_name,last_name,company_name,email,phone,website,address,city,rating,reviews,business_type,mv_quality,mv_result,place_id,shared_email_count,source,tags
Nebraska,Furniture Mart,Nebraska Furniture Mart,info@nfm.com,(800) 336-9136,https://www.nfm.com/,"5600 Nebraska Furniture Mart Dr, The Colony, TX 75056",The Colony,4.6,58361,Furniture store,good,ok,ChIJQ0ImqDM7TIYRCo7oPxfbWZo,1,smartlead-launch-good-first-500-2026-04-20,"bartlett-labs-outbound,houston,mv-verified,mv-good,smartlead-launch-good-first-500-2026-04-20"
The,Big Texan Steak Ranch & Brewery,The Big Texan Steak Ranch & Brewery,info@bigtexan.com,(806) 372-6000,https://bigtexan.com/,"7701 I-40, Amarillo, TX 79118",Amarillo,4.4,33491,Steak house,good,ok,ChIJ3RIOIl9IAYcRFJiNleyaBUc,1,smartlead-launch-good-first-500-2026-04-20,"bartlett-labs-outbound,houston,mv-verified,mv-good,smartlead-launch-good-first-500-2026-04-20"
Mr.Crabby's,Cajun Seafood & Bar,Mr.Crabby's Cajun Seafood & Bar,mrcrabbysnorthwoodss@gmail.com,(210) 462-1122,http://liveoak.mrcrabbysseafood.com/,"14601 I-35, Live Oak, TX 78233",Live Oak,4.9,25619,Seafood restaurant,good,ok,ChIJmWcj_veNXIYRDgDNwR0UT0A,1,smartlead-launch-good-first-500-2026-04-20,"bartlett-labs-outbound,houston,mv-verified,mv-good,smartlead-launch-good-first-500-2026-04-20"
Mi,Tierra Cafe y Panaderia,Mi Tierra Cafe y Panaderia,info@mitierracafe.com,(210) 225-1262,https://mitierracafe.com/,"218 Produce Row, San Antonio, TX 78207",San Antonio,4.4,24575,Mexican restaurant,good,ok,ChIJu4MuskxfXIYRDqpQCRaNVXc,1,smartlead-launch-good-first-500-2026-04-20,"bartlett-labs-outbound,houston,mv-verified,mv-good,smartlead-launch-good-first-500-2026-04-20"
Discovery,Green,Discovery Green,info@discoverygreen.com,(713) 400-7336,http://www.discoverygreen.com/,"1500 McKinney St, Houston, TX 77010",Houston,4.7,21942,Park,good,ok,ChIJJUo2UyK_QIYRI_nLX1af7Qg,2,smartlead-launch-good-first-500-2026-04-20,"bartlett-labs-outbound,houston,mv-verified,mv-good,smartlead-launch-good-first-500-2026-04-20"
John,Moore Services,John Moore Services,service@johnmooreservices.com,(713) 853-9881,https://www.johnmooreservices.com/?utm_source=Google&utm_medium=GBP&utm_campaign=Organic_GBP_John_Moore,"10005 W Sam Houston Pkwy N, Houston, TX 77064",Houston,4.7,19162,Plumber,good,ok,ChIJlQQ8uCjOQIYR81rd2QiQkZU,1,smartlead-launch-good-first-500-2026-04-20,"bartlett-labs-outbound,houston,mv-verified,mv-good,smartlead-launch-good-first-500-2026-04-20"
Kitchen,+ Kocktails,Kitchen + Kocktails,info@kitchenkocktailsusa.com,(469) 472-5445,https://kitchenkocktailsusa.com/,"1933 Elm St, Dallas, TX 75201",Dallas,4.7,19050,Southern restaurant (US),good,ok,ChIJE-rQvPWZToYRe0HhJuoEHNo,1,smartlead-launch-good-first-500-2026-04-20,"bartlett-labs-outbound,houston,mv-verified,mv-good,smartlead-launch-good-first-500-2026-04-20"
Milestone,"Electric, A/C, & Plumbing","Milestone Electric, A/C, & Plumbing",info@callmilestone.com,(214) 717-6708,https://callmilestone.com/dallas/plumbing/,"5414 Forest Ln, Dallas, TX 75229",Dallas,4.9,19008,Plumber,good,ok,ChIJac42-6UdTIYR-syswXc9TR4,7,smartlead-launch-good-first-500-2026-04-20,"bartlett-labs-outbound,houston,mv-verified,mv-good,smartlead-launch-good-first-500-2026-04-20"
Hutchins,BBQ,Hutchins BBQ,dustin@ckk.dev,(972) 548-2629,https://hutchinsbbq.com/,"1301 N Tennessee St, McKinney, TX 75069",McKinney,4.8,18737,Barbecue restaurant,good,ok,ChIJYydEW1ESTIYRjkw_042WPeg,1,smartlead-launch-good-first-500-2026-04-20,"bartlett-labs-outbound,houston,mv-verified,mv-good,smartlead-launch-good-first-500-2026-04-20"
The,Spot,The Spot,ashley@islandfamous.com,(409) 621-5237,https://www.thespotrestaurants.com/locations-menus/thespot/,"3204 Seawall Blvd, Galveston, TX 77550",Galveston,4.3,18012,Seafood restaurant,good,ok,ChIJ34YwTIieP4YRInR2ZaTx2so,2,smartlead-launch-good-first-500-2026-04-20,"bartlett-labs-outbound,houston,mv-verified,mv-good,smartlead-launch-good-first-500-2026-04-20"
Corner,Restaurant,Corner Restaurant,forms@tambourine.com,(512) 608-4488,https://www.cornerrestaurantaustin.com/?utm_source=google&utm_medium=organic&utm_campaign=business_listing,"110 E 2nd St, Austin, TX 78701",Austin,4.8,17617,Restaurant,good,ok,ChIJxcCceAi1RIYR9AqXT8eWDyc,19,smartlead-launch-good-first-500-2026-04-20,"bartlett-labs-outbound,houston,mv-verified,mv-good,smartlead-launch-good-first-500-2026-04-20"
Chama,Gaúcha Brazilian Steakhouse - San Antonio,Chama Gaúcha Brazilian Steakhouse - San Antonio,info@chamagaucha.com,(210) 564-9400,https://www.chamagaucha.com/sanantonio,"18318 Sonterra Pl, San Antonio, TX 78258",San Antonio,4.9,14867,Brazilian restaurant,good,ok,ChIJJejjdR1iXIYR-9OCMFWKP6I,2,smartlead-launch-good-first-500-2026-04-20,"bartlett-labs-outbound,houston,mv-verified,mv-good,smartlead-launch-good-first-500-2026-04-20"
A#1,Air,A#1 Air,info@anumber1air.com,(972) 460-0001,https://anumber1air.com/?utm_source=google-gbp&utm_medium=organic&utm_campaign=*319*a1-air-lewisville,"601 E Corporate Dr, Lewisville, TX 75057",Lewisville,4.7,12789,Plumber,good,ok,ChIJAQAAADyfToYRechmxizO2-g,1,smartlead-launch-good-first-500-2026-04-20,"bartlett-labs-outbound,houston,mv-verified,mv-good,smartlead-launch-good-first-500-2026-04-20"
Joe,T. Garcia's,Joe T. Garcia's,heather@joetgarcias.com,(817) 626-4356,http://www.joetgarcias.com/,"2201 N Commerce St, Fort Worth, TX 76164",Fort Worth,4.2,12708,Tex-Mex restaurant,good,ok,ChIJ52v5bJ12ToYRFEgw3xlRPr0,1,smartlead-launch-good-first-500-2026-04-20,"bartlett-labs-outbound,houston,mv-verified,mv-good,smartlead-launch-good-first-500-2026-04-20"
Bulla,Gastrobar Plano,Bulla Gastrobar Plano,bplano@bullagastrobar.com,(972) 805-4590,https://bullagastrobar.com/locations/plano,"6007 Legacy Dr #180, Plano, TX 75024",Plano,4.9,12648,Spanish restaurant,good,ok,ChIJp-utjq48TIYRj5IRd9r8qlw,1,smartlead-launch-good-first-500-2026-04-20,"bartlett-labs-outbound,houston,mv-verified,mv-good,smartlead-launch-good-first-500-2026-04-20"
Apple,Towing Co. (Houston),Apple Towing Co. (Houston),info@appletowing.com,(713) 383-6200,http://www.appletowing.com/,"2030 Holmes Rd, Houston, TX 77045",Houston,4.9,11800,Towing service,good,ok,ChIJ8RyNQK7qQIYR89zn0oPp8uU,1,smartlead-launch-good-first-500-2026-04-20,"bartlett-labs-outbound,houston,mv-verified,mv-good,smartlead-launch-good-first-500-2026-04-20"
Abacus,"Plumbing, Air Conditioning, & Electrical","Abacus Plumbing, Air Conditioning, & Electrical",customerservice@abacusplumbing.net,(713) 812-7070,https://www.abacusplumbing.net/?utm_campaign=gmb_ab-hou_home_everyone_gmb-houston&utm_medium=gmb&utm_source=google,"4001 Kendrick Plaza Dr, Houston, TX 77032",Houston,4.7,11747,Plumber,good,ok,ChIJY6k1S9XFQIYROFxe1EhMiN4,3,smartlead-launch-good-first-500-2026-04-20,"bartlett-labs-outbound,houston,mv-verified,mv-good,smartlead-launch-good-first-500-2026-04-20"
Rj,Mexican Cuisine,Rj Mexican Cuisine,rjeventsdallas@gmail.com,(214) 744-1420,https://www.rjmexicancuisine.com/,"1701 N Market St #102, Dallas, TX 75202",Dallas,4.8,11231,Mexican restaurant,good,ok,ChIJLdzo9T2ZToYRt2Nnta1x7fM,1,smartlead-launch-good-first-500-2026-04-20,"bartlett-labs-outbound,houston,mv-verified,mv-good,smartlead-launch-good-first-500-2026-04-20"
Home,Slice Pizza,Home Slice Pizza,info@homeslicepizza.com,(512) 444-7437,https://homeslicepizza.com/location/south-congress/,"1415 S Congress Ave, Austin, TX 78704",Austin,4.7,10790,Pizza restaurant,good,ok,ChIJu96UVvy0RIYRCPxWa4TSr6o,4,smartlead-launch-good-first-500-2026-04-20,"bartlett-labs-outbound,houston,mv-verified,mv-good,smartlead-launch-good-first-500-2026-04-20"
JOEY,Uptown,JOEY Uptown,accessibility@joeyrestaurants.com,(346) 646-5639,https://joeyrestaurants.com/location/joey-uptown,"5045 Westheimer Rd Suite X01, Houston, TX 77056",Houston,4.8,10760,Restaurant,good,ok,ChIJ48I5hnvBQIYRNdjz219pjUI,2,smartlead-launch-good-first-500-2026-04-20,"bartlett-labs-outbound,houston,mv-verified,mv-good,smartlead-launch-good-first-500-2026-04-20"
Mozart's,Coffee Roasters,Mozart's Coffee Roasters,customerservice@mozartscoffee.com,(512) 477-2900,https://mozartscoffee.com/,"3825 Lake Austin Blvd, Austin, TX 78703",Austin,4.5,10447,Coffee shop,good,ok,ChIJTWZhRFW1RIYRrdGa7DPzT7w,1,smartlead-launch-good-first-500-2026-04-20,"bartlett-labs-outbound,houston,mv-verified,mv-good,smartlead-launch-good-first-500-2026-04-20"
Kindred,Pest Control,Kindred Pest Control,%20office@kindredpest.com,(979) 436-8023,https://kindredpest.com/,"2501 Central Pkwy c1, Houston, TX 77092",Houston,4.8,10417,Pest control service,good,ok,ChIJkfqOrFabRoYRuG61OmvrHao,1,smartlead-launch-good-first-500-2026-04-20,"bartlett-labs-outbound,houston,mv-verified,mv-good,smartlead-launch-good-first-500-2026-04-20"
Goettl,Air Conditioning and Plumbing - San Antonio TX,Goettl Air Conditioning and Plumbing - San Antonio TX,contactus@goettl.com,(210) 460-3966,https://www.goettl.com/location/san-antonio-texas/?utm_source=Google&utm_medium=GMB&utm_campaign=SAT.GMB_Google_Business_Profile,"7847 Fortune Dr, San Antonio, TX 78250",San Antonio,4.8,10398,Plumber,good,ok,ChIJv5kztYJnXIYRIzC9hji2uEk,2,smartlead-launch-good-first-500-2026-04-20,"bartlett-labs-outbound,houston,mv-verified,mv-good,smartlead-launch-good-first-500-2026-04-20"
Hyatt,Regency Dallas,Hyatt Regency Dallas,info@hyatt.com,(214) 651-1234,https://www.hyatt.com/hyatt-regency/en-US/dfwrd-hyatt-regency-dallas?src=corp_lclb_google_seo_dfwrd&utm_source=google&utm_medium=organic&utm_campaign=lmr,"300 Reunion Blvd, Dallas, TX 75207",Dallas,4.5,10121,Hotel,good,ok,ChIJ40wS9hOZToYRjJyhgvj-jZ8,9,smartlead-launch-good-first-500-2026-04-20,"bartlett-labs-outbound,houston,mv-verified,mv-good,smartlead-launch-good-first-500-2026-04-20"
One,Hour Air Conditioning & Heating® of Houston,One Hour Air Conditioning & Heating® of Houston,fhunt@authoritybrandsllc.com,(281) 407-9754,https://www.onehourheatandair.com/houston/?utm_source=organic&utm_medium=GBP&utm_campaign=gbp_main,"4455 W Sam Houston Pkwy N, Houston, TX 77041",Houston,4.8,10116,HVAC contractor,good,ok,ChIJg6KxS3LQQIYRojXRYlc39pM,2,smartlead-launch-good-first-500-2026-04-20,"bartlett-labs-outbound,houston,mv-verified,mv-good,smartlead-launch-good-first-500-2026-04-20"
The,Breakfast Klub,The Breakfast Klub,katering@thebreakfastklub.com,(713) 528-8561,http://www.thebreakfastklub.com/,"3711 Travis St, Houston, TX 77002",Houston,4.7,9920,Breakfast restaurant,good,ok,ChIJ_0MiMm6_QIYRr7XETdEk5ZE,1,smartlead-launch-good-first-500-2026-04-20,"bartlett-labs-outbound,houston,mv-verified,mv-good,smartlead-launch-good-first-500-2026-04-20"
Hilton,Anatole,Hilton Anatole,info@hilton.com,(214) 748-1200,https://www.hilton.com/en/hotels/dfwanhh-hilton-anatole/?SEO_id=GMB-AMER-HH-DFWANHH&y_source=1_MTIyMDgzNy03MTUtbG9jYXRpb24ud2Vic2l0ZQ%3D%3D,"2201 N Stemmons Fwy, Dallas, TX 75207",Dallas,4.3,9919,Hotel,good,ok,ChIJWwFFk1KZToYR4vcCc_ObGoQ,25,smartlead-launch-good-first-500-2026-04-20,"bartlett-labs-outbound,houston,mv-verified,mv-good,smartlead-launch-good-first-500-2026-04-20"
Village,"Plumbing, Air & Electric","Village Plumbing, Air & Electric",service@villageplumbing.com,(281) 607-5357,https://villageplumbing.com/?utm_source=google&utm_medium=gmb&utm_campaign=Google%20Business%20Profile,"10644 W Little York Rd Suite 200, Houston, TX 77041",Houston,4.8,9685,Plumber,good,ok,ChIJIc-2aF_AQIYRJab07qEMW4A,1,smartlead-launch-good-first-500-2026-04-20,"bartlett-labs-outbound,houston,mv-verified,mv-good,smartlead-launch-good-first-500-2026-04-20"
MILANO,NAIL SPA AUSTIN | Best Nail Salon in Austin Texas,MILANO NAIL SPA AUSTIN | Best Nail Salon in Austin Texas,milanonailspaatx@gmail.com,(512) 900-0206,https://milanonailspaatx.com/,"2755 E 7th St, Austin, TX 78702",Austin,4.9,9252,Nail salon,good,ok,ChIJY5A5XcC1RIYRZakP3mODjRk,1,smartlead-launch-good-first-500-2026-04-20,"bartlett-labs-outbound,houston,mv-verified,mv-good,smartlead-launch-good-first-500-2026-04-20"
Fogo,de Chão Brazilian Steakhouse,Fogo de Chão Brazilian Steakhouse,info@fogodechao.com,(512) 472-0220,https://fogodechao.com/location/austin/,"200 Congress Ave., Austin, TX 78701",Austin,4.7,9182,Brazilian restaurant,good,ok,ChIJ7_1MCai1RIYRsFrrp7OT0zI,3,smartlead-launch-good-first-500-2026-04-20,"bartlett-labs-outbound,houston,mv-verified,mv-good,smartlead-launch-good-first-500-2026-04-20"
Magnolia,Table,Magnolia Table,help@magnolia.com,(254) 265-6859,https://magnolia.com/visit/eat/magnolia-table/,"2132 S Valley Mills Dr, Waco, TX 76706",Waco,4.5,8747,American restaurant,good,ok,ChIJZXt4pCuCT4YR-vgPxnLngtA,1,smartlead-launch-good-first-500-2026-04-20,"bartlett-labs-outbound,houston,mv-verified,mv-good,smartlead-launch-good-first-500-2026-04-20"
Pecan,Lodge,Pecan Lodge,catering@pecanlodge.com,(214) 748-8900,http://www.pecanlodge.com/,"2702 Main St, Dallas, TX 75226",Dallas,4.5,8494,Barbecue restaurant,good,ok,ChIJGXYxd92YToYR7yV_BSMQ2Xk,1,smartlead-launch-good-first-500-2026-04-20,"bartlett-labs-outbound,houston,mv-verified,mv-good,smartlead-launch-good-first-500-2026-04-20"
Rodeo,Goat,Rodeo Goat,info@rodeogoat.com,(214) 741-4628,http://rodeogoat.com/dallas/,"1926 Market Center Blvd, Dallas, TX 75207",Dallas,4.6,8400,Hamburger restaurant,good,ok,ChIJ3aaOA06ZToYR8NFgiHe0pT4,4,smartlead-launch-good-first-500-2026-04-20,"bartlett-labs-outbound,houston,mv-verified,mv-good,smartlead-launch-good-first-500-2026-04-20"
Royal,Air Houston,Royal Air Houston,info@royalairhouston.com,(832) 334-5959,https://www.royalairhouston.com/,"12519 FM 529, Houston, TX 77041",Houston,4.6,8334,HVAC contractor,good,ok,ChIJJc3DhSXRQIYRoOuqUEW_gaE,1,smartlead-launch-good-first-500-2026-04-20,"bartlett-labs-outbound,houston,mv-verified,mv-good,smartlead-launch-good-first-500-2026-04-20"
Berrett,Home Services,Berrett Home Services,info@berretthomeservices.com,+1 214-242-4800,https://berretthomeservices.com/garland-texas/,"708 Easy St, Garland, TX 75042, United States",Garland,4.9,8312,Pest control service,good,ok,ChIJTzzDaiAfTIYRj6savsc7QIQ,6,smartlead-launch-good-first-500-2026-04-20,"bartlett-labs-outbound,houston,mv-verified,mv-good,smartlead-launch-good-first-500-2026-04-20"
San,Antonio Botanical Garden,San Antonio Botanical Garden,info@sabgtx.org,(210) 536-1400,https://sabgtx.org/,"555 Funston Pl, San Antonio, TX 78209",San Antonio,4.7,8212,Wedding venue,good,ok,ChIJZeWSYrz1XIYR7_h51WlHYSQ,1,smartlead-launch-good-first-500-2026-04-20,"bartlett-labs-outbound,houston,mv-verified,mv-good,smartlead-launch-good-first-500-2026-04-20"
The,Woolworth,The Woolworth,info@thewoolworthdallas.com,(214) 814-0588,https://www.thewoolworthdallas.com/,"1520 Elm St #201, Dallas, TX 75201",Dallas,4.8,8174,Restaurant,good,ok,ChIJbU01oxiZToYR7SbEzKcmmrw,1,smartlead-launch-good-first-500-2026-04-20,"bartlett-labs-outbound,houston,mv-verified,mv-good,smartlead-launch-good-first-500-2026-04-20"
Cyclone,Anaya's Tex-Mex Kitchen,Cyclone Anaya's Tex-Mex Kitchen,info@cycloneanaya.com,(713) 461-1300,https://www.cycloneanaya.com/,"800 Town and Country Blvd, Houston, TX 77024",Houston,4.7,8160,Mexican restaurant,good,ok,ChIJjWAVFrPEQIYRfsD4n6WmsBE,3,smartlead-launch-good-first-500-2026-04-20,"bartlett-labs-outbound,houston,mv-verified,mv-good,smartlead-launch-good-first-500-2026-04-20"
Iron,Cactus Mexican Restaurant and Margarita Bar,Iron Cactus Mexican Restaurant and Margarita Bar,info@ironcactus.com,(210) 224-9835,https://ironcactus.com/,"200 River Walk Suite 100, San Antonio, TX 78205",San Antonio,4.1,7881,Mexican restaurant,good,ok,ChIJIWAlEKtYXIYRtsBFrbLNTA4,2,smartlead-launch-good-first-500-2026-04-20,"bartlett-labs-outbound,houston,mv-verified,mv-good,smartlead-launch-good-first-500-2026-04-20"
Rosario's,ComidaMex & Bar,Rosario's ComidaMex & Bar,info@rosariossa.com,(210) 223-1806,https://rosariossa.com/,"722 S St Mary's St, San Antonio, TX 78205",San Antonio,4.3,7769,Mexican restaurant,good,ok,ChIJEdIctahYXIYRXiT7Ak7uKYQ,1,smartlead-launch-good-first-500-2026-04-20,"bartlett-labs-outbound,houston,mv-verified,mv-good,smartlead-launch-good-first-500-2026-04-20"
Main,Event Grand Prairie,Main Event Grand Prairie,info@mainevent.com,+1 972-641-2695,http://www.mainevent.com/locations/texas/grand-prairie,"3106 State Hwy 161, Grand Prairie, TX 75052, United States",Grand Prairie,4.6,7723,Bowling alley,good,ok,ChIJ45IjCKOJToYRrEopATwNwHY,1,smartlead-launch-good-first-500-2026-04-20,"bartlett-labs-outbound,houston,mv-verified,mv-good,smartlead-launch-good-first-500-2026-04-20"
Gaido's,,Gaido's,info@gaidos.com,(409) 761-5500,http://www.gaidos.com/,"3828 Seawall Blvd, Galveston, TX 77550",Galveston,4.4,7706,Seafood restaurant,good,ok,ChIJO127nYaeP4YRLzl8_oz68z0,1,smartlead-launch-good-first-500-2026-04-20,"bartlett-labs-outbound,houston,mv-verified,mv-good,smartlead-launch-good-first-500-2026-04-20"
White,Knight Pest Control,White Knight Pest Control,team@whiteknightpest.com,(713) 589-9637,https://www.whiteknightpest.com/?utm_source=google&utm_medium=organic&utm_campaign=local-seo&utm_term=houston-website,"14300 Northwest Fwy #A-14, Houston, TX 77040",Houston,4.5,7637,Pest control service,good,ok,ChIJgfSq0I7PQIYR_kmsZjFO7Ns,3,smartlead-launch-good-first-500-2026-04-20,"bartlett-labs-outbound,houston,mv-verified,mv-good,smartlead-launch-good-first-500-2026-04-20"
The,Pit Room,The Pit Room,info@thepitroombbq.com,(281) 888-1929,http://www.thepitroombbq.com/,"1201 Richmond Ave, Houston, TX 77006",Houston,4.5,7491,Barbecue restaurant,good,ok,ChIJgcrcf4LAQIYREwyikgKgLco,1,smartlead-launch-good-first-500-2026-04-20,"bartlett-labs-outbound,houston,mv-verified,mv-good,smartlead-launch-good-first-500-2026-04-20"
Matt's,El Rancho,Matt's El Rancho,info@mattselrancho.com,(512) 462-9333,http://www.mattselrancho.com/,"2613 S Lamar Blvd, Austin, TX 78704",Austin,4.4,7464,Mexican restaurant,good,ok,ChIJH5Enqda0RIYR7UBMfuWeCvE,1,smartlead-launch-good-first-500-2026-04-20,"bartlett-labs-outbound,houston,mv-verified,mv-good,smartlead-launch-good-first-500-2026-04-20"
H,Mart Austin,H Mart Austin,info@hmart.com,(737) 717-6900,http://www.hmart.com/,"11301 Lakeline Blvd suite 124, Austin, TX 78717",Austin,4.6,7353,Korean grocery store,good,ok,ChIJNVBZj1gtW4YRikK4GA_sSTw,2,smartlead-launch-good-first-500-2026-04-20,"bartlett-labs-outbound,houston,mv-verified,mv-good,smartlead-launch-good-first-500-2026-04-20"
Elmer's,Home Services,Elmer's Home Services,seo2021@vitalstorm.com,(210) 664-4358,https://elmershomeservices.com/,"9710 I-35 Frontage Rd, San Antonio, TX 78233",San Antonio,4.8,7321,Plumber,good,ok,ChIJ0YqNafKMXIYRHLsRlTieeB8,1,smartlead-launch-good-first-500-2026-04-20,"bartlett-labs-outbound,houston,mv-verified,mv-good,smartlead-launch-good-first-500-2026-04-20"
The,Burger Joint,The Burger Joint,info@burgerjointhtx.com,(281) 974-2889,http://www.burgerjointhtx.com/,"2703 Montrose Blvd, Houston, TX 77006",Houston,4.5,7285,Hamburger restaurant,good,ok,ChIJN7aqB2G_QIYR6ufDr3AwQ7k,2,smartlead-launch-good-first-500-2026-04-20,"bartlett-labs-outbound,houston,mv-verified,mv-good,smartlead-launch-good-first-500-2026-04-20"
Moonshine,Grill,Moonshine Grill,info@moonshinegrill.com,(512) 236-9599,http://www.moonshinegrill.com/,"303 Red River St, Austin, TX 78701",Austin,4.6,7268,Bar & grill,good,ok,ChIJzTkDkai1RIYR9PpN5L6zHD0,1,smartlead-launch-good-first-500-2026-04-20,"bartlett-labs-outbound,houston,mv-verified,mv-good,smartlead-launch-good-first-500-2026-04-20"
The,Ranch at Las Colinas,The Ranch at Las Colinas,info@theranchlc.com,(972) 506-7262,http://theranchlc.com/,"857 W John Carpenter Fwy, Irving, TX 75039",Irving,4.6,7202,Southwestern restaurant (US),good,ok,ChIJY4kYfykoTIYRldVtA2MsX0s,1,smartlead-launch-good-first-500-2026-04-20,"bartlett-labs-outbound,houston,mv-verified,mv-good,smartlead-launch-good-first-500-2026-04-20"
Bacon,Plumbing Heating Air Electric,Bacon Plumbing Heating Air Electric,info@everyonelovesbacon.com,(972) 645-2738,https://everyonelovesbacon.com/,"2055 Kristy Ln, Rockwall, TX 75032",Rockwall,4.9,7192,Plumber,good,ok,ChIJXedoO_iqToYRg2MVz11fjzY,1,smartlead-launch-good-first-500-2026-04-20,"bartlett-labs-outbound,houston,mv-verified,mv-good,smartlead-launch-good-first-500-2026-04-20"
bel,Furniture san Antonio,bel Furniture san Antonio,beaumont@belfurniture.com,(210) 680-8899,https://belfurniture.com/pages/san-antonio,"555 SW Loop 410, San Antonio, TX 78227",San Antonio,4.6,7127,Furniture store,good,ok,ChIJj4QFUr9cXIYR4BVA0GdIx10,1,smartlead-launch-good-first-500-2026-04-20,"bartlett-labs-outbound,houston,mv-verified,mv-good,smartlead-launch-good-first-500-2026-04-20"
Franklin,Barbecue,Franklin Barbecue,hello@franklinbbq.com,(512) 653-1187,https://franklinbarbecue.com/,"900 E 11th St, Austin, TX 78702",Austin,4.7,7034,Barbecue restaurant,good,ok,ChIJM8w7rqS1RIYRhEz2-KuoqzE,1,smartlead-launch-good-first-500-2026-04-20,"bartlett-labs-outbound,houston,mv-verified,mv-good,smartlead-launch-good-first-500-2026-04-20"
La,Pasha Lounge & Grill,La Pasha Lounge & Grill,lapashahouston@gmail.com,(832) 979-4961,https://www.lapashalounge.com/,"2475 S Kirkwood Rd, Houston, TX 77077",Houston,4.6,7003,Mediterranean restaurant,good,ok,ChIJbz5lkwzdQIYRmnxwK_C25S0,1,smartlead-launch-good-first-500-2026-04-20,"bartlett-labs-outbound,houston,mv-verified,mv-good,smartlead-launch-good-first-500-2026-04-20"
Chris,Madrid's,Chris Madrid's,info@chrismadrids.com,(210) 735-3552,http://www.chrismadrids.com/,"1900 Blanco Rd, San Antonio, TX 78212",San Antonio,4.5,6893,Hamburger restaurant,good,ok,ChIJ2QQjnwxfXIYRe1f2EB5sCzE,1,smartlead-launch-good-first-500-2026-04-20,"bartlett-labs-outbound,houston,mv-verified,mv-good,smartlead-launch-good-first-500-2026-04-20"
Fairmont,Austin,Fairmont Austin,dallas@fairmont.com,(512) 600-2000,https://www.fairmont.com/austin/?goto=fiche_hotel&code_hotel=A7Z4&merchantid=seo-maps-US-A7Z4&sourceid=aw-cen&utm_medium=seo%20maps&utm_source=google%20Maps&utm_campaign=seo%20maps,"101 Red River St, Austin, TX 78701",Austin,4.5,6818,Hotel,good,ok,ChIJ_6fT_6i1RIYRkQNSGuLZsLA,2,smartlead-launch-good-first-500-2026-04-20,"bartlett-labs-outbound,houston,mv-verified,mv-good,smartlead-launch-good-first-500-2026-04-20"
Taqueria,Taxco,Taqueria Taxco,taqueriataxco@gmail.com,(972) 807-2282,https://www.ttaxco.com/,"2909 Irving Blvd, Dallas, TX 75247",Dallas,4.5,6706,Mexican restaurant,good,ok,ChIJVQUzKgycToYRPlwpkYJ_xCU,5,smartlead-launch-good-first-500-2026-04-20,"bartlett-labs-outbound,houston,mv-verified,mv-good,smartlead-launch-good-first-500-2026-04-20"
Axelrad,Beer Garden,Axelrad Beer Garden,drink@axelradbeergarden.com,(713) 597-8800,http://www.axelradhouston.com/?utm_source=local&utm_medium=organic&utm_campaign=gmb,"1517 Alabama St, Houston, TX 77004",Houston,4.7,6596,Bar,good,ok,ChIJDVq9HXO_QIYRAwpe106KY9w,1,smartlead-launch-good-first-500-2026-04-20,"bartlett-labs-outbound,houston,mv-verified,mv-good,smartlead-launch-good-first-500-2026-04-20"
Jack,Allen's Kitchen,Jack Allen's Kitchen,info@jackallenskitchen.com,(512) 215-0372,http://www.jackallenskitchen.com/,"2500 Hoppe Trail, Round Rock, TX 78681",Round Rock,4.6,6594,Southwestern restaurant (US),good,ok,ChIJ_e3PQHzRRIYR4SJF_G4sFWU,1,smartlead-launch-good-first-500-2026-04-20,"bartlett-labs-outbound,houston,mv-verified,mv-good,smartlead-launch-good-first-500-2026-04-20"
Hopdoddy,Burger Bar,Hopdoddy Burger Bar,info@hopdoddy.com,(512) 243-7505,https://www.hopdoddy.com/locations/southcongress,"1400 S Congress Ave Suite A190, Austin, TX 78704",Austin,4.6,6521,Hamburger restaurant,good,ok,ChIJK7_q__y0RIYRA9j-Q5KFOP0,9,smartlead-launch-good-first-500-2026-04-20,"bartlett-labs-outbound,houston,mv-verified,mv-good,smartlead-launch-good-first-500-2026-04-20"
Cooper's,Old Time Pit Bar-B-Que,Cooper's Old Time Pit Bar-B-Que,%20eddie@coopersbbq.com,(512) 474-4227,http://coopersbbqaustin.com/,"217 Congress Ave., Austin, TX 78701",Austin,4.4,6518,Barbecue restaurant,good,ok,ChIJoZsHcQi1RIYRfyBnp0UxNMI,1,smartlead-launch-good-first-500-2026-04-20,"bartlett-labs-outbound,houston,mv-verified,mv-good,smartlead-launch-good-first-500-2026-04-20"
Razzoo's,Cajun Cafe,Razzoo's Cajun Cafe,mcrowd@mcaprgroup.com,(281) 340-1200,http://razzoos.com/,"12770 Southwest Fwy, Stafford, TX 77477",Stafford,4.2,6488,Seafood restaurant,good,ok,ChIJsREjb7fnQIYRFUswlyTBHFQ,1,smartlead-launch-good-first-500-2026-04-20,"bartlett-labs-outbound,houston,mv-verified,mv-good,smartlead-launch-good-first-500-2026-04-20"
La,Panadería Bakery Café,La Panadería Bakery Café,info@lapanaderia.com,(210) 592-6264,http://www.lapanaderia.com/,"301 E Houston St, San Antonio, TX 78205",San Antonio,4.7,6461,Restaurant,good,ok,ChIJr5bioFRfXIYRS_8NX9QuLnc,4,smartlead-launch-good-first-500-2026-04-20,"bartlett-labs-outbound,houston,mv-verified,mv-good,smartlead-launch-good-first-500-2026-04-20"
Meso,Maya Comida y Copas,Meso Maya Comida y Copas,downtown@mesomaya.com,(214) 484-6555,https://www.mesomaya.com/,"1611 McKinney Ave, Dallas, TX 75202",Dallas,4.6,6407,Mexican restaurant,good,ok,ChIJMzOiejuZToYRWmNcwhwM1Dc,2,smartlead-launch-good-first-500-2026-04-20,"bartlett-labs-outbound,houston,mv-verified,mv-good,smartlead-launch-good-first-500-2026-04-20"
Max,and Louie's New York Diner,Max and Louie's New York Diner,info@maxandlouies.com,(210) 483-7600,https://maxandlouies.com/,"226 W Bitters Rd #126, San Antonio, TX 78216",San Antonio,4.5,6389,Diner,good,ok,ChIJdRz2FtVhXIYRwkLcVLUn-6g,1,smartlead-launch-good-first-500-2026-04-20,"bartlett-labs-outbound,houston,mv-verified,mv-good,smartlead-launch-good-first-500-2026-04-20"
Whiskey,Cake Kitchen & Bar,Whiskey Cake Kitchen & Bar,alliance@whiskey-cake.com,(972) 993-2253,https://www.whiskeycake.com/,"3601 Dallas Pkwy, Plano, TX 75093",Plano,4.6,6371,New American restaurant,good,ok,ChIJtziVu2AjTIYR7j2MptLe97w,5,smartlead-launch-good-first-500-2026-04-20,"bartlett-labs-outbound,houston,mv-verified,mv-good,smartlead-launch-good-first-500-2026-04-20"
San,Fernando Cathedral,San Fernando Cathedral,info@sfcathedral.org,(210) 227-1297,http://www.sfcathedral.org/,"115 Main Plaza, San Antonio, TX 78205",San Antonio,4.8,6256,Catholic cathedral,good,ok,ChIJv520Oa1YXIYRuK6pIwe8U8s,1,smartlead-launch-good-first-500-2026-04-20,"bartlett-labs-outbound,houston,mv-verified,mv-good,smartlead-launch-good-first-500-2026-04-20"
Serious,Pizza,Serious Pizza,info@seriouspizza.com,(469) 949-9234,https://www.seriouspizza.com/,"2807 Elm St, Dallas, TX 75226",Dallas,4,6255,Pizza restaurant,good,ok,ChIJA81fEN2YToYRtwBTHGa0ETY,2,smartlead-launch-good-first-500-2026-04-20,"bartlett-labs-outbound,houston,mv-verified,mv-good,smartlead-launch-good-first-500-2026-04-20"
Sullo,"& Sullo, LLP","Sullo & Sullo, LLP",info@sullolaw.com,(713) 839-9026,http://www.sullolaw.com/,"2020 Southwest Fwy #300, Houston, TX 77098",Houston,4.9,6121,Attorney,good,ok,ChIJGZg0BYzAQIYR6IwAEZoqr4I,1,smartlead-launch-good-first-500-2026-04-20,"bartlett-labs-outbound,houston,mv-verified,mv-good,smartlead-launch-good-first-500-2026-04-20"
Levy,Park,Levy Park,info@levyparkhouston.org,(713) 522-7275,http://levyparkhouston.org/,"3801 Eastside St, Houston, TX 77098",Houston,4.8,6055,Park,good,ok,ChIJ9eJo8vDAQIYR3L4ylc5MoBA,1,smartlead-launch-good-first-500-2026-04-20,"bartlett-labs-outbound,houston,mv-verified,mv-good,smartlead-launch-good-first-500-2026-04-20"
Black,Bear Diner Katy,Black Bear Diner Katy,info@blackbeardiner.com,(281) 574-7902,https://blackbeardiner.com/location/katy/,"24600 Katy Fwy #900, Katy, TX 77494",Katy,4.5,5994,American restaurant,good,ok,ChIJwbxsuD8kQYYRmGueq2_YeLM,5,smartlead-launch-good-first-500-2026-04-20,"bartlett-labs-outbound,houston,mv-verified,mv-good,smartlead-launch-good-first-500-2026-04-20"
Texas,Roadhouse,Texas Roadhouse,info@texasroadhouse.com,(903) 509-0053,https://www.texasroadhouse.com/locations/texas/tyler?utm_source=listing&utm_medium=search,"2101 E SE Loop 323, Tyler, TX 75701",Tyler,4.5,5929,Steak house,good,ok,ChIJSZoIHkPMSYYRnO-wrb9G7gE,5,smartlead-launch-good-first-500-2026-04-20,"bartlett-labs-outbound,houston,mv-verified,mv-good,smartlead-launch-good-first-500-2026-04-20"
Juan,in a Million,Juan in a Million,juaninamil@gmail.com,(512) 472-3872,http://juaninamillion.com/,"2300 E Cesar Chavez St, Austin, TX 78702",Austin,4.5,5923,Mexican restaurant,good,ok,ChIJu94Vu8q1RIYRI36mVrMr-IY,1,smartlead-launch-good-first-500-2026-04-20,"bartlett-labs-outbound,houston,mv-verified,mv-good,smartlead-launch-good-first-500-2026-04-20"
Confessions,,Confessions,info@confessionshtx.com,(281) 849-7985,https://www.confessionstx.com/,"Second Floor, 3200 Kirby Dr Suite 2A, Houston, TX 77098",Houston,4.9,5887,American restaurant,good,ok,ChIJiQN4_dHBQIYREsqiw2GepJU,1,smartlead-launch-good-first-500-2026-04-20,"bartlett-labs-outbound,houston,mv-verified,mv-good,smartlead-launch-good-first-500-2026-04-20"
The,Salt Lick - Round Rock,The Salt Lick - Round Rock,info@saltlickbbq.com,(512) 386-1044,https://saltlickbbq.com/round-rock/,"3350 E Palm Valley Blvd, Round Rock, TX 78665",Round Rock,4.3,5884,Barbecue restaurant,good,ok,ChIJQdurmmfQRIYRcOYjeeTTygY,1,smartlead-launch-good-first-500-2026-04-20,"bartlett-labs-outbound,houston,mv-verified,mv-good,smartlead-launch-good-first-500-2026-04-20"
1618,Asian Fusion,1618 Asian Fusion,event@1618lakeside.com,(737) 332-4609,https://1618asianfusion.com/,"1618 E Riverside Dr, Austin, TX 78741",Austin,4.8,5807,Asian fusion restaurant,good,ok,ChIJS5e6G7a1RIYRxVd0-HJFtRs,1,smartlead-launch-good-first-500-2026-04-20,"bartlett-labs-outbound,houston,mv-verified,mv-good,smartlead-launch-good-first-500-2026-04-20"
Air,Tech of Houston AC & Plumbing,Air Tech of Houston AC & Plumbing,service@airtechofhouston.com,(832) 680-5546,https://www.airtechofhouston.com/locations/houston-tx/?utm_source=google-gbp&utm_medium=organic&utm_campaign=*19*air-tech-houston,"2114 Lou Ellen Ln, Houston, TX 77018",Houston,4.9,5797,HVAC contractor,good,ok,ChIJnepQB1XGQIYRy455cw3qD-Q,1,smartlead-launch-good-first-500-2026-04-20,"bartlett-labs-outbound,houston,mv-verified,mv-good,smartlead-launch-good-first-500-2026-04-20"
Grace's,,Grace's,office@gracesonkirby.com,(713) 728-6410,http://www.gracesonkirby.com/,"3111 Kirby Dr, Houston, TX 77098",Houston,4.5,5787,American restaurant,good,ok,ChIJcSuSku3AQIYRfF98hYAS130,1,smartlead-launch-good-first-500-2026-04-20,"bartlett-labs-outbound,houston,mv-verified,mv-good,smartlead-launch-good-first-500-2026-04-20"
Hollywood-Crawford,- Garage Doors & Openers,Hollywood-Crawford - Garage Doors & Openers,info@hollywoodcrawford.com,(210) 361-2266,https://hollywoodcrawford.com/san-antonio-tx/?utm_source=google&utm_medium=organic&utm_campaign=gbp,"11234 Gordon Rd, San Antonio, TX 78216",San Antonio,5,5704,Garage door supplier,good,ok,ChIJhRv_15uKXIYRqE8eS6chhB0,1,smartlead-launch-good-first-500-2026-04-20,"bartlett-labs-outbound,houston,mv-verified,mv-good,smartlead-launch-good-first-500-2026-04-20"
Kona,Grill - El Paso,Kona Grill - El Paso,elpaso@konagrill.com,(915) 249-3803,"https://konagrill.com/locations?locations=El-Paso,79925","8889 Gateway Blvd W #1740, El Paso, TX 79925",El Paso,4.5,5680,American restaurant,good,ok,ChIJke4HnBdb54YRoRHrDyhElcU,1,smartlead-launch-good-first-500-2026-04-20,"bartlett-labs-outbound,houston,mv-verified,mv-good,smartlead-launch-good-first-500-2026-04-20"
Texas,de Brazil - Fort Worth,Texas de Brazil - Fort Worth,info@texasdebrazil.com,(817) 670-9569,https://texasdebrazil.com/locations/fort-worth/?utm_source=gmb&utm_medium=yext&y_source=1_NDg4MzA3MDMtNzE1LWxvY2F0aW9uLndlYnNpdGU%3D,"101 N Houston St, Fort Worth, TX 76102",Fort Worth,4.5,5659,Steak house,good,ok,ChIJvUjeN0FxToYRKqEjzpGbfSE,4,smartlead-launch-good-first-500-2026-04-20,"bartlett-labs-outbound,houston,mv-verified,mv-good,smartlead-launch-good-first-500-2026-04-20"
3Eleven,Kitchen and Cocktails,3Eleven Kitchen and Cocktails,311kitchenandcocktails@gmail.com,(214) 744-1423,https://3elevendallas.com/,"311 N Market St # 100, Dallas, TX 75202",Dallas,4.8,5531,American restaurant,good,ok,ChIJPVNJIhaZToYR8jBVOOqU9tA,2,smartlead-launch-good-first-500-2026-04-20,"bartlett-labs-outbound,houston,mv-verified,mv-good,smartlead-launch-good-first-500-2026-04-20"
Fajita,Jacks,Fajita Jacks,info@fajitajacks.com,(936) 588-3340,http://www.fajitajacks.com/,"15256 TX-105, Montgomery, TX 77356",Montgomery,4.6,5517,Mexican restaurant,good,ok,ChIJDf98jaojR4YRxOFMTUd69R4,1,smartlead-launch-good-first-500-2026-04-20,"bartlett-labs-outbound,houston,mv-verified,mv-good,smartlead-launch-good-first-500-2026-04-20"
Lakewood,Church,Lakewood Church,info@lakewoodchurch.com,(713) 635-4154,https://lakewoodchurch.com/,"3700 Southwest Fwy, Houston, TX 77027",Houston,4.6,5496,Non-denominational church,good,ok,ChIJVUsKgcH0OxARBJlw13Qgw2w,1,smartlead-launch-good-first-500-2026-04-20,"bartlett-labs-outbound,houston,mv-verified,mv-good,smartlead-launch-good-first-500-2026-04-20"
Paesanos,Riverwalk,Paesanos Riverwalk,prw@joesfood.com,(210) 227-2782,https://www.paesanosriverwalk.com/,"111 W Crockett St Suite 101, San Antonio, TX 78205",San Antonio,4.5,5471,Italian restaurant,good,ok,ChIJw2ODlqxYXIYR5xFcNubeg6I,1,smartlead-launch-good-first-500-2026-04-20,"bartlett-labs-outbound,houston,mv-verified,mv-good,smartlead-launch-good-first-500-2026-04-20"
The,Riot Comedy Club,The Riot Comedy Club,comedy@theriothtx.com,(713) 264-8664,http://theriothtx.com/,"2010 Waugh Dr, Houston, TX 77006",Houston,4.9,5467,Comedy club,good,ok,ChIJn0YveOjBQIYRVcI9ZbbcvwE,1,smartlead-launch-good-first-500-2026-04-20,"bartlett-labs-outbound,houston,mv-verified,mv-good,smartlead-launch-good-first-500-2026-04-20"
WhiteWater,Express Car Wash,WhiteWater Express Car Wash,info@whitewatercw.com,(817) 532-5700,https://whitewatercw.com/locations/fort-worth-presidio,"8917 Lower Sonoma Ln, Fort Worth, TX 76177",Fort Worth,4.9,5441,Car wash,good,ok,ChIJzRaxMBXZTYYRmVdjUmZn5Hg,11,smartlead-launch-good-first-500-2026-04-20,"bartlett-labs-outbound,houston,mv-verified,mv-good,smartlead-launch-good-first-500-2026-04-20"
Airtron,Heating & Air Conditioning,Airtron Heating & Air Conditioning,info@airtron.com,(214) 556-6792,https://airtron.com/dallas/?utm_source=gmb&utm_medium=gmb-organic&utm_campaign=gmb-dallas,"10440 Olympic Dr, Dallas, TX 75220",Dallas,4.8,5434,HVAC contractor,good,ok,ChIJUQ_e4gydToYRGjcBPu0TDrs,4,smartlead-launch-good-first-500-2026-04-20,"bartlett-labs-outbound,houston,mv-verified,mv-good,smartlead-launch-good-first-500-2026-04-20"
Pluckers,Wing Bar,Pluckers Wing Bar,stishgart@pluckers.net,(713) 864-9464,https://www.pluckers.com/location/shepherd,"1400 Shepherd Dr, Houston, TX 77007",Houston,4.3,5403,Chicken wings restaurant,good,ok,ChIJAyHWqkzHQIYRk8Ww8Mwi7Bg,1,smartlead-launch-good-first-500-2026-04-20,"bartlett-labs-outbound,houston,mv-verified,mv-good,smartlead-launch-good-first-500-2026-04-20"
Haywire,,Haywire,april.eggleston@haywirerestaurant.com,(972) 781-9473,http://haywirerestaurant.com/,"5901 Winthrop St Ste 110, Plano, TX 75024",Plano,4.5,5396,New American restaurant,good,ok,ChIJE_8Qja88TIYRj8MF8G1hDZw,1,smartlead-launch-good-first-500-2026-04-20,"bartlett-labs-outbound,houston,mv-verified,mv-good,smartlead-launch-good-first-500-2026-04-20"
Casa,do Brasil,Casa do Brasil,marketing@casadobrasil.com,(512) 351-8086,https://casadobrasil.com/austin,"10515 N Mopac Expy NB, Austin, TX 78759",Austin,4.9,5357,Steak house,good,ok,ChIJUWNxVCjLRIYRJvF3RVr6KeE,2,smartlead-launch-good-first-500-2026-04-20,"bartlett-labs-outbound,houston,mv-verified,mv-good,smartlead-launch-good-first-500-2026-04-20"
Aruza,Pest Control,Aruza Pest Control,info@aruzapest.com,(936) 236-9436,https://www.aruzapest.com/locations/tx-houston-pest-control/?utm_source=gmb&utm_medium=organic&utm_campaign=houston,"1634 W Sam Houston Pkwy N, Houston, TX 77043",Houston,4.7,5352,Pest control service,good,ok,ChIJM6tRPBTdQIYRNr-8zSrxxEo,1,smartlead-launch-good-first-500-2026-04-20,"bartlett-labs-outbound,houston,mv-verified,mv-good,smartlead-launch-good-first-500-2026-04-20"
River,Oaks Thai Massage,River Oaks Thai Massage,riveroaksmassage@gmail.com,(832) 991-9995,https://riveroakthaimassage.com/,"1308 W Gray St, Houston, TX 77019",Houston,5,5323,Massage spa,good,ok,ChIJU2jT26DAQIYRMVy3ZifRGkc,1,smartlead-launch-good-first-500-2026-04-20,"bartlett-labs-outbound,houston,mv-verified,mv-good,smartlead-launch-good-first-500-2026-04-20"
Stanley's,Famous Pit Barbecue,Stanley's Famous Pit Barbecue,hello@coltclassicpresents.com,(903) 593-0311,http://www.stanleysfamous.com/,"525 S Beckham Ave, Tyler, TX 75702",Tyler,4.6,5301,Barbecue restaurant,good,ok,ChIJweyxhKPOSYYRxBhiBrWH5p8,1,smartlead-launch-good-first-500-2026-04-20,"bartlett-labs-outbound,houston,mv-verified,mv-good,smartlead-launch-good-first-500-2026-04-20"
Weeks,Service Company,Weeks Service Company,info@weeksservicecompany.com,(832) 862-3705,https://weeksservicecompany.com/?utm_source=google&utm_medium=gbp&utm_campaign=WEE0100-WEB009-GBP&utm_crid=WEE0100_WEB009_61822599,"1306 State Hwy 3, League City, TX 77573",League City,4.9,5299,HVAC contractor,good,ok,ChIJe8jSesiCQIYR_CWmYZMSEJI,1,smartlead-launch-good-first-500-2026-04-20,"bartlett-labs-outbound,houston,mv-verified,mv-good,smartlead-launch-good-first-500-2026-04-20"
House,of Pies,House of Pies,kirby@houseofpies.com,(281) 717-8400,https://houseofpies.com/,"20802 Katy Fwy, Katy, TX 77449",Katy,4.7,5274,Bakery,good,ok,ChIJW39VjDYnQYYR1ulx0nW6eIs,1,smartlead-launch-good-first-500-2026-04-20,"bartlett-labs-outbound,houston,mv-verified,mv-good,smartlead-launch-good-first-500-2026-04-20"
Lopez,Mexican Restaurant - Houston,Lopez Mexican Restaurant - Houston,lopez@vivalopez.com,(281) 495-2436,http://houston.vivalopez.com/,"11606 Wilcrest Dr, Houston, TX 77099",Houston,4.6,5263,Mexican restaurant,good,ok,ChIJc7UxQebnQIYRNuQQe07MaXw,1,smartlead-launch-good-first-500-2026-04-20,"bartlett-labs-outbound,houston,mv-verified,mv-good,smartlead-launch-good-first-500-2026-04-20"
Uncle,Julio's Fort Worth,Uncle Julio's Fort Worth,info@unclejulios.com,(817) 377-2777,https://unclejulios.com/locations/fort-worth/,"5301 Camp Bowie Blvd, Fort Worth, TX 76107",Fort Worth,4.2,5260,Mexican restaurant,good,ok,ChIJTUvz2gVzToYRKhsHi2XOPTY,1,smartlead-launch-good-first-500-2026-04-20,"bartlett-labs-outbound,houston,mv-verified,mv-good,smartlead-launch-good-first-500-2026-04-20"
Babe's,Chicken Dinner House,Babe's Chicken Dinner House,comments@babeschicken.com,(972) 496-1041,https://babeschicken.com/?y_source=1_MjAyMjkwMzQ0MS03MTUtbG9jYXRpb24ud2Vic2l0ZQ%3D%3D,"1456 Belt Line Rd #171, Garland, TX 75044",Garland,4.6,5231,Chicken restaurant,good,ok,ChIJ4fRd9cwdTIYRwPzf6jPXe2M,2,smartlead-launch-good-first-500-2026-04-20,"bartlett-labs-outbound,houston,mv-verified,mv-good,smartlead-launch-good-first-500-2026-04-20"
Los,Molcajetes,Los Molcajetes,info@losmolcajetes.com,(817) 306-9000,http://www.losmolcajetes.com/,"4320 Western Center Blvd, Fort Worth, TX 76137",Fort Worth,4.5,5221,Mexican restaurant,good,ok,ChIJH9NUWNl3ToYRNQV9sHUgE5k,1,smartlead-launch-good-first-500-2026-04-20,"bartlett-labs-outbound,houston,mv-verified,mv-good,smartlead-launch-good-first-500-2026-04-20"
Fox,Service Company,Fox Service Company,info@foxservice.com,(512) 488-1120,https://www.foxservice.com/,"1506 Ferguson Ln Suite #102, Austin, TX 78754",Austin,4.8,5180,Plumber,good,ok,ChIJQQ05e7y0RIYRxaK_NJ0dPKs,1,smartlead-launch-good-first-500-2026-04-20,"bartlett-labs-outbound,houston,mv-verified,mv-good,smartlead-launch-good-first-500-2026-04-20"
The,Esquire Tavern,The Esquire Tavern,info@esquiretavern-sa.com,(210) 222-2521,http://www.esquiretavern-sa.com/,"155 E Commerce St, San Antonio, TX 78205",San Antonio,4.4,5177,Restaurant,good,ok,ChIJSzUPzqxYXIYRVJL3H4NAr14,1,smartlead-launch-good-first-500-2026-04-20,"bartlett-labs-outbound,houston,mv-verified,mv-good,smartlead-launch-good-first-500-2026-04-20"
Maple,Leaf Diner,Maple Leaf Diner,info@mldiner.com,(214) 434-1626,http://mldiner.com/,"12817 Preston Rd #129, Dallas, TX 75230",Dallas,4.7,5175,Breakfast restaurant,good,ok,ChIJWxeJW-4gTIYRQlLX2mjITn4,1,smartlead-launch-good-first-500-2026-04-20,"bartlett-labs-outbound,houston,mv-verified,mv-good,smartlead-launch-good-first-500-2026-04-20"
Sherlock's,Escape Rooms Dallas,Sherlock's Escape Rooms Dallas,sherlocksescaperooms@gmail.com,(972) 358-3528,https://www.sherlocksescaperooms.com/,"4887 Alpha Rd Suite 275, Farmers Branch, TX 75244",Farmers Branch,5,5169,Escape room center,good,ok,ChIJRcrwOnkhTIYRvZMjOkVig1Q,1,smartlead-launch-good-first-500-2026-04-20,"bartlett-labs-outbound,houston,mv-verified,mv-good,smartlead-launch-good-first-500-2026-04-20"
Germania,Insurance Amphitheater,Germania Insurance Amphitheater,info@germaniaamp.com,(512) 301-6600,http://germaniaamp.com/,"9201 Circuit of the Americas Blvd, Del Valle, TX 78617",Del Valle,4.5,5132,Amphitheater,good,ok,ChIJp8VCnTywRIYRTXXSFFlLgSE,1,smartlead-launch-good-first-500-2026-04-20,"bartlett-labs-outbound,houston,mv-verified,mv-good,smartlead-launch-good-first-500-2026-04-20"
Puttery,,Puttery,info@puttery.com,(469) 862-0151,https://www.puttery.com/locations/dallas,"5762 Grandscape Blvd Suite 105, The Colony, TX 75056",The Colony,4.5,5065,Miniature golf course,good,ok,ChIJjUf24tE7TIYRMYgil6VGsC4,2,smartlead-launch-good-first-500-2026-04-20,"bartlett-labs-outbound,houston,mv-verified,mv-good,smartlead-launch-good-first-500-2026-04-20"
Steiner,Ranch Steakhouse,Steiner Ranch Steakhouse,info@steinersteakhouse.com,(512) 381-0800,https://www.steinersteakhouse.com/?utm_campaign=gmb,"5424 Steiner Ranch Blvd, Austin, TX 78732",Austin,4.6,5034,Steak house,good,ok,ChIJj0qIvv0zW4YR8W5ZjSbSqC0,1,smartlead-launch-good-first-500-2026-04-20,"bartlett-labs-outbound,houston,mv-verified,mv-good,smartlead-launch-good-first-500-2026-04-20"
Kerbey,Lane Cafe,Kerbey Lane Cafe,info@kerbeylanecafe.com,(512) 879-2827,http://kerbeylanecafe.com/,"2120 N Mays St #420, Round Rock, TX 78664",Round Rock,4.1,5012,Restaurant,good,ok,ChIJveYFkILRRIYRoB7wO0WteKQ,2,smartlead-launch-good-first-500-2026-04-20,"bartlett-labs-outbound,houston,mv-verified,mv-good,smartlead-launch-good-first-500-2026-04-20"
ABC,Home & Commercial Services,ABC Home & Commercial Services,dev@monkee-boy.com,(512) 837-9500,https://www.abchomeandcommercial.com/austin/pest-control?utm_source=gmb&utm_medium=organic&utm_campaign=austin-pest,"9475 US-290, Austin, TX 78724",Austin,4.8,5009,Pest control service,good,ok,ChIJ07DGwEfIRIYR1THFpMsx2YA,9,smartlead-launch-good-first-500-2026-04-20,"bartlett-labs-outbound,houston,mv-verified,mv-good,smartlead-launch-good-first-500-2026-04-20"
Drury,Plaza Hotel San Antonio Riverwalk,Drury Plaza Hotel San Antonio Riverwalk,info@druryhotels.com,(210) 270-7799,https://www.druryhotels.com/locations/san-antonio-tx/drury-plaza-hotel-san-antonio-riverwalk?utm_campaign=gmb&utm_medium=organic&utm_source=local2,"105 S St Mary's St, San Antonio, TX 78205",San Antonio,4.6,4898,Hotel,good,ok,ChIJOeCvNFNfXIYRn11BEYC6Eck,3,smartlead-launch-good-first-500-2026-04-20,"bartlett-labs-outbound,houston,mv-verified,mv-good,smartlead-launch-good-first-500-2026-04-20"
Twisted,Root Burger Co.,Twisted Root Burger Co.,info@twistedrootburgerco.com,(254) 366-2888,https://www.twistedrootburgerco.com/locations#locations,"801 S 2nd St, Waco, TX 76706",Waco,4.4,4896,Hamburger restaurant,good,ok,ChIJBXsvHUWCT4YRcObYT5yYkdA,3,smartlead-launch-good-first-500-2026-04-20,"bartlett-labs-outbound,houston,mv-verified,mv-good,smartlead-launch-good-first-500-2026-04-20"
Down,on Grayson,Down on Grayson,downongrayson@gruenetexas.com,(210) 248-9244,https://www.downongrayson.com/,"303 E Grayson St, San Antonio, TX 78215",San Antonio,4.4,4831,American restaurant,good,ok,ChIJeR2k-fP1XIYR9ZEz1asIiGM,1,smartlead-launch-good-first-500-2026-04-20,"bartlett-labs-outbound,houston,mv-verified,mv-good,smartlead-launch-good-first-500-2026-04-20"
Platinum,Tattoos & Piercings,Platinum Tattoos & Piercings,platinumt4t@gmail.com,(210) 682-5239,https://platinumtattoos.com/,"5545 Northwest Loop 410 103 B, San Antonio, TX 78238",San Antonio,4.7,4813,Tattoo shop,good,ok,ChIJqZh1bd5mXIYRxWAqPvEf5HA,1,smartlead-launch-good-first-500-2026-04-20,"bartlett-labs-outbound,houston,mv-verified,mv-good,smartlead-launch-good-first-500-2026-04-20"
White,Oak Music Hall,White Oak Music Hall,info@whiteoakmusichall.com,(713) 237-0370,http://www.whiteoakmusichall.com/,"2915 N Main St, Houston, TX 77009",Houston,4.4,4784,Live music venue,good,ok,ChIJy4006MW4QIYRtsfBidyF-uQ,1,smartlead-launch-good-first-500-2026-04-20,"bartlett-labs-outbound,houston,mv-verified,mv-good,smartlead-launch-good-first-500-2026-04-20"
All-Safe,Pest & Termite,All-Safe Pest & Termite,info@all-safe-pest.com,(972) 945-9226,https://www.all-safe-pest.com/,"1225 Municipal Ave, Plano, TX 75074",Plano,4.9,4773,Pest control service,good,ok,ChIJtbFxnxcZTIYRzlDJTsG5JMQ,1,smartlead-launch-good-first-500-2026-04-20,"bartlett-labs-outbound,houston,mv-verified,mv-good,smartlead-launch-good-first-500-2026-04-20"
The,Guenther House,The Guenther House,sarm@chg.com,(210) 227-1061,https://www.guentherhouse.com/,"205 E Guenther St, San Antonio, TX 78204",San Antonio,4.5,4762,Breakfast restaurant,good,ok,ChIJUVgHyLpYXIYRaEZvcMuVr8s,1,smartlead-launch-good-first-500-2026-04-20,"bartlett-labs-outbound,houston,mv-verified,mv-good,smartlead-launch-good-first-500-2026-04-20"
Gangnam,Korean BBQ,Gangnam Korean BBQ,info@gangnamkbbq.com,(512) 344-9945,http://gangnamkbbq.com/,"1100 Little Texas Ln, Austin, TX 78745",Austin,4.9,4753,Korean barbecue restaurant,good,ok,ChIJC3GSn6KzRIYRYs-wLzi0c4U,1,smartlead-launch-good-first-500-2026-04-20,"bartlett-labs-outbound,houston,mv-verified,mv-good,smartlead-launch-good-first-500-2026-04-20"
Cuchara,,Cuchara,info@cuchararestaurant.com,(713) 942-0000,http://www.cuchararestaurant.com/,"214 Fairview St Suite #1, Houston, TX 77006",Houston,4.3,4751,Mexican restaurant,good,ok,ChIJTTa8mme_QIYR1A4t9h5_n7I,1,smartlead-launch-good-first-500-2026-04-20,"bartlett-labs-outbound,houston,mv-verified,mv-good,smartlead-launch-good-first-500-2026-04-20"
Heath,Sparkling Wines,Heath Sparkling Wines,info@heathsparkling.com,(830) 304-1011,https://www.heathsparkling.com/home,"10591 US-290, Fredericksburg, TX 78624",Fredericksburg,4.8,4723,Winery,good,ok,ChIJKc8mKjaXW4YRE-WoRF8YqF4,1,smartlead-launch-good-first-500-2026-04-20,"bartlett-labs-outbound,houston,mv-verified,mv-good,smartlead-launch-good-first-500-2026-04-20"
Tobin,Center for the Performing Arts,Tobin Center for the Performing Arts,info@tobincenter.org,(210) 223-8624,https://www.tobincenter.org/,"100 Auditorium Cir, San Antonio, TX 78205",San Antonio,4.8,4686,Live music venue,good,ok,ChIJfVwRGlRfXIYR10oxs5mnZbI,1,smartlead-launch-good-first-500-2026-04-20,"bartlett-labs-outbound,houston,mv-verified,mv-good,smartlead-launch-good-first-500-2026-04-20"
La,Fisheria,La Fisheria,lafisheria.downtown@gmail.com,(713) 802-1712,http://www.lafisheriahtx.com/,"213 Milam St, Houston, TX 77002",Houston,4.8,4648,Mexican restaurant,good,ok,ChIJjfnzbEzHQIYRa3zh8igbVQw,1,smartlead-launch-good-first-500-2026-04-20,"bartlett-labs-outbound,houston,mv-verified,mv-good,smartlead-launch-good-first-500-2026-04-20"
Andale,Mexican Restaurant and Cantina,Andale Mexican Restaurant and Cantina,amkryukov@gmail.com,(915) 590-5999,http://www.andalemexicanrestaurant.com/,"9201 Gateway Blvd W, El Paso, TX 79925",El Paso,4.2,4633,Mexican restaurant,good,ok,ChIJIxHclz5b54YRutLMEUfYCoU,13,smartlead-launch-good-first-500-2026-04-20,"bartlett-labs-outbound,houston,mv-verified,mv-good,smartlead-launch-good-first-500-2026-04-20"
Frymire,Home Services,Frymire Home Services,info@frymire.com,(469) 759-1046,https://www.frymire.com/?utm_source=google&utm_medium=organic&utm_campaign=GMBListing-Dallas-TX,"2818 Satsuma Dr, Dallas, TX 75229",Dallas,4.8,4604,Plumber,good,ok,ChIJIcx3RIMnTIYRI309CvKSZTM,1,smartlead-launch-good-first-500-2026-04-20,"bartlett-labs-outbound,houston,mv-verified,mv-good,smartlead-launch-good-first-500-2026-04-20"
A1,"Plus Electrical, Plumbing and Air","A1 Plus Electrical, Plumbing and Air",info@a1pluselectrical.com,(832) 509-5747,https://a1plus.com/electrical-services/?utm_source=google&utm_medium=organic&utm_campaign=gbp-northwestfwy&utm_content=listing,"15110 Northwest Fwy #190, Houston, TX 77040",Houston,4.8,4584,Electrician,good,ok,ChIJz_aY7fnAQIYRzGEWJDvouAs,2,smartlead-launch-good-first-500-2026-04-20,"bartlett-labs-outbound,houston,mv-verified,mv-good,smartlead-launch-good-first-500-2026-04-20"
Maggiano's,Little Italy,Maggiano's Little Italy,info@maggianos.com,(713) 961-2700,https://www.maggianos.com/locations/texas/houston/2019-post-oak-blvd.?utm_source=google&utm_medium=organic&utm_campaign=Maggianos,"2019 Post Oak Blvd, Houston, TX 77056",Houston,4.5,4565,Italian restaurant,good,ok,ChIJIYYEE2rBQIYRTvRWZ6wO_pA,1,smartlead-launch-good-first-500-2026-04-20,"bartlett-labs-outbound,houston,mv-verified,mv-good,smartlead-launch-good-first-500-2026-04-20"
Parry’s,Pizzeria & Taphouse,Parry’s Pizzeria & Taphouse,info@parryspizza.com,(210) 455-1455,https://parryspizza.com/locations/san-antonio/,"5311 N Loop 1604 W Suite 114, San Antonio, TX 78249",San Antonio,4.8,4553,Pizza restaurant,good,ok,ChIJKez83y5nXIYRGFTgdzmlZdU,2,smartlead-launch-good-first-500-2026-04-20,"bartlett-labs-outbound,houston,mv-verified,mv-good,smartlead-launch-good-first-500-2026-04-20"
Katy,Asian Town,Katy Asian Town,amaonthego@gmail.com,(346) 998-8000,https://katyasiantownandmarketplace.com/,"23119 Colonial Pkwy, Katy, TX 77449",Katy,4.7,4536,Restaurant,good,ok,ChIJpbX2uTQnQYYRcNLurxfOYBg,1,smartlead-launch-good-first-500-2026-04-20,"bartlett-labs-outbound,houston,mv-verified,mv-good,smartlead-launch-good-first-500-2026-04-20"
Savoy,Restaurant,Savoy Restaurant,savoyrestaurant01@gmail.com,(281) 568-6772,http://www.savoyrestauranthouston.com/,"11246 S Wilcrest Dr 145 B, Houston, TX 77099",Houston,4.5,4524,Indian restaurant,good,ok,ChIJu2RgdeXnQIYR5qm6vHq5Uko,1,smartlead-launch-good-first-500-2026-04-20,"bartlett-labs-outbound,houston,mv-verified,mv-good,smartlead-launch-good-first-500-2026-04-20"
Brothers,Taco House,Brothers Taco House,placejoys.com@gmail.com,(713) 223-0091,https://brothers-taco-house.shop/,"1604 Emancipation Ave, Houston, TX 77003",Houston,4.6,4496,Mexican restaurant,good,ok,ChIJ9ULTrx6_QIYR_0KJi_DlMC8,5,smartlead-launch-good-first-500-2026-04-20,"bartlett-labs-outbound,houston,mv-verified,mv-good,smartlead-launch-good-first-500-2026-04-20"
Perry's,Steakhouse & Grille - Downtown Austin,Perry's Steakhouse & Grille - Downtown Austin,desiree@perryssteakhouse.com,(512) 474-6300,http://www.perryssteakhouse.com/menu-locations/austin/downtown/,"114 W 7th St, Austin, TX 78701",Austin,4.6,4470,Steak house,good,ok,ChIJz7o2jgm1RIYRi_5Y7JfjH0A,6,smartlead-launch-good-first-500-2026-04-20,"bartlett-labs-outbound,houston,mv-verified,mv-good,smartlead-launch-good-first-500-2026-04-20"
La,Hacienda Ranch,La Hacienda Ranch,colleyville@laharanch.com,(972) 335-2232,https://laharanch.com/lahaciendaranchfrisco?utm_source=google,"4110 Preston Rd, Frisco, TX 75034",Frisco,4.5,4465,Mexican restaurant,good,ok,ChIJMzCnOPc8TIYRQfeaWK470yA,3,smartlead-launch-good-first-500-2026-04-20,"bartlett-labs-outbound,houston,mv-verified,mv-good,smartlead-launch-good-first-500-2026-04-20"
J-Prime,Steakhouse,J-Prime Steakhouse,info@jprimesteakhouse.com,(210) 764-1604,http://jprimesteakhouse.com/,"1401 N Loop 1604 W, San Antonio, TX 78232",San Antonio,4.8,4450,Steak house,good,ok,ChIJCaSlbCdiXIYRpz6ScXykpR8,2,smartlead-launch-good-first-500-2026-04-20,"bartlett-labs-outbound,houston,mv-verified,mv-good,smartlead-launch-good-first-500-2026-04-20"
EchoPark,Automotive San Antonio,EchoPark Automotive San Antonio,info@echopark.com,(210) 384-2299,https://www.echopark.com/dealerships/tx/san-antonio/echopark-san-antonio?utm_source=google&utm_campaign=GoogleLocalListingSanAntonio&utm_medium=organic,"5611 N Loop 1604 W, San Antonio, TX 78257",San Antonio,4.8,4421,Used car dealer,good,ok,ChIJj3ID-jRDXIYRTDMzxTY32Lo,1,smartlead-launch-good-first-500-2026-04-20,"bartlett-labs-outbound,houston,mv-verified,mv-good,smartlead-launch-good-first-500-2026-04-20"
Fadi's,Meyerland Mediterranean Grill,Fadi's Meyerland Mediterranean Grill,info@fadismeyerland.com,(713) 666-4644,https://www.fadismeyerland.com/,"4738 Beechnut St, Houston, TX 77096",Houston,4.6,4414,Mediterranean restaurant,good,ok,ChIJVyTxkejBQIYRxU4YABy9BVo,1,smartlead-launch-good-first-500-2026-04-20,"bartlett-labs-outbound,houston,mv-verified,mv-good,smartlead-launch-good-first-500-2026-04-20"
Alamo,Biscuit Company & Panaderia River walk,Alamo Biscuit Company & Panaderia River walk,info@alamobiscuitco.com,(726) 217-7650,https://alamobiscuitco.com/?utm_source=GMB&utm_medium=organic,"849 E Commerce St #197, San Antonio, TX 78205",San Antonio,4.7,4380,Breakfast restaurant,good,ok,ChIJT216XwD3XIYRtFkuv2sCobk,1,smartlead-launch-good-first-500-2026-04-20,"bartlett-labs-outbound,houston,mv-verified,mv-good,smartlead-launch-good-first-500-2026-04-20"
Batters,& Brunch,Batters & Brunch,info@battersandbrunch.com,(832) 621-1297,https://battersandbrunch.com/?fbclid=PAZXh0bgNhZW0CMTEAAaatAAdDw0oeoarRsh5nUDrlXrL9rB9TjSca9WZ-uU6Npz122VXMbtU5lYk_aem_00Thk4MhLYs7v1soB8I-9Q,"9739 N Sam Houston Pkwy E #200, Humble, TX 77396",Humble,4.7,4372,Brunch restaurant,good,ok,ChIJY13WTDixQIYRkPqo2_uO4MU,1,smartlead-launch-good-first-500-2026-04-20,"bartlett-labs-outbound,houston,mv-verified,mv-good,smartlead-launch-good-first-500-2026-04-20"
Flying,Saucer Draught Emporium,Flying Saucer Draught Emporium,info@beerknurd.com,(713) 228-9472,http://www.beerknurd.com/locations/houston-flying-saucer,"705 Main St, Houston, TX 77002",Houston,4.5,4369,Restaurant,good,ok,ChIJnZ2b0Dq_QIYRD_Cn_lhWq8c,2,smartlead-launch-good-first-500-2026-04-20,"bartlett-labs-outbound,houston,mv-verified,mv-good,smartlead-launch-good-first-500-2026-04-20"
Hobbit,Cafe,Hobbit Cafe,agustinamingote@gmail.com,(713) 526-5460,http://www.hobbitcafehtx.com/,"2243 Richmond Ave, Houston, TX 77098",Houston,4.5,4362,Hamburger restaurant,good,ok,ChIJ28ljLY3AQIYRIbfNV2mVpys,9,smartlead-launch-good-first-500-2026-04-20,"bartlett-labs-outbound,houston,mv-verified,mv-good,smartlead-launch-good-first-500-2026-04-20"
Steak,48,Steak 48,guestserviceshouston@steak48.com,(713) 322-7448,https://www.steak48.com/steakhouses/houston/?utm_source=google&utm_medium=organic&utm_campaign=gmb,"4444 Westheimer Rd, Houston, TX 77027",Houston,4.6,4361,Steak house,good,ok,ChIJBx-DjBTBQIYRg-AGJi1o8ac,1,smartlead-launch-good-first-500-2026-04-20,"bartlett-labs-outbound,houston,mv-verified,mv-good,smartlead-launch-good-first-500-2026-04-20"
CorkScrew,BBQ,CorkScrew BBQ,corkscrewbbq@corkscrewbbq.com,(281) 330-2178,http://www.corkscrewbbq.com/,"26608 Keith St, Spring, TX 77373",Spring,4.7,4352,Barbecue restaurant,good,ok,ChIJRfY7ATs0R4YRNVMqjkDzTHU,1,smartlead-launch-good-first-500-2026-04-20,"bartlett-labs-outbound,houston,mv-verified,mv-good,smartlead-launch-good-first-500-2026-04-20"
Sixty,Vines,Sixty Vines,boca@sixtyvines.com,(469) 620-8463,https://sixtyvines.com/,"3701 Dallas Pkwy, Plano, TX 75093",Plano,4.6,4320,Restaurant,good,ok,ChIJzyWnoGAjTIYRrOlShOmDJG8,1,smartlead-launch-good-first-500-2026-04-20,"bartlett-labs-outbound,houston,mv-verified,mv-good,smartlead-launch-good-first-500-2026-04-20"
Lockhart,Smokehouse BBQ,Lockhart Smokehouse BBQ,info@lockhartsmokehouse.com,(214) 944-5521,https://lockhartsmokehouse.com/,"400 W Davis St, Dallas, TX 75208",Dallas,4.4,4259,Barbecue restaurant,good,ok,ChIJDziQyoWZToYRAAIV6Mf35KQ,1,smartlead-launch-good-first-500-2026-04-20,"bartlett-labs-outbound,houston,mv-verified,mv-good,smartlead-launch-good-first-500-2026-04-20"
Cowboy,Bail Bonds,Cowboy Bail Bonds,info@cowboybail.com,(214) 494-8263,http://www.cowboybail.com/,"311 S Riverfront Blvd, Dallas, TX 75207",Dallas,4.8,4249,Bail bonds service,good,ok,ChIJo2VJOBOZToYRhhZHXcLaIFQ,1,smartlead-launch-good-first-500-2026-04-20,"bartlett-labs-outbound,houston,mv-verified,mv-good,smartlead-launch-good-first-500-2026-04-20"
Mister,Sparky,Mister Sparky,info@mistersparky.com,(210) 899-2430,http://www.mistersparky.com/san-antonio/,"12829 Wetmore Rd, San Antonio, TX 78247",San Antonio,4.8,4220,Electrician,good,ok,ChIJ7a7zRfRnXIYR9wk1HagK0pU,14,smartlead-launch-good-first-500-2026-04-20,"bartlett-labs-outbound,houston,mv-verified,mv-good,smartlead-launch-good-first-500-2026-04-20"
Rays,Real Pit BBQ Shack,Rays Real Pit BBQ Shack,info@raysbbqshack.com,(713) 748-4227,https://www.raysbbqshack.com/,"3929 Old Spanish Trl ste. 300, Houston, TX 77021",Houston,4.4,4191,Barbecue restaurant,good,ok,ChIJK9AySUi-QIYRraotyNoGDJE,1,smartlead-launch-good-first-500-2026-04-20,"bartlett-labs-outbound,houston,mv-verified,mv-good,smartlead-launch-good-first-500-2026-04-20"
Lightfoot,"Plumbing, Heating, Air & Electrical","Lightfoot Plumbing, Heating, Air & Electrical",info@lightfootmechanical.com,(817) 661-0894,https://lightfootmechanical.com/?utm_source=google&utm_medium=organic&utm_campaign=GMBListing-Weatherford-TX,"1026 Fort Worth Hwy, Weatherford, TX 76086",Weatherford,4.8,4183,Plumber,good,ok,ChIJHWZZs_wBToYRC6dMNaFc85U,1,smartlead-launch-good-first-500-2026-04-20,"bartlett-labs-outbound,houston,mv-verified,mv-good,smartlead-launch-good-first-500-2026-04-20"
Kenny's,Wood Fired Grill,Kenny's Wood Fired Grill,info@kennyswoodfiredgrill.com,(972) 392-9663,http://www.kennyswoodfiredgrill.com/,"5000 Belt Line Rd Suite 775, Dallas, TX 75254",Dallas,4.7,4167,Steak house,good,ok,ChIJCdq2QDohTIYRcmRn5noVeEY,1,smartlead-launch-good-first-500-2026-04-20,"bartlett-labs-outbound,houston,mv-verified,mv-good,smartlead-launch-good-first-500-2026-04-20"
La,Fonda On Main,La Fonda On Main,info@lafondaonmain.com,(210) 733-0621,https://www.lafondaonmain.com/?utm_source=google&utm_medium=organic&utm_campaign=gbp_listing,"2415 N Main Ave, San Antonio, TX 78212",San Antonio,4.5,4167,Mexican restaurant,good,ok,ChIJ-QHSFWZfXIYRsvm79z3Fvc4,1,smartlead-launch-good-first-500-2026-04-20,"bartlett-labs-outbound,houston,mv-verified,mv-good,smartlead-launch-good-first-500-2026-04-20"
Mad,Dogs British Pub (River Walk),Mad Dogs British Pub (River Walk),info@maddogs.net,(210) 222-0220,https://www.maddogs.net/,"123 Losoya St #19, San Antonio, TX 78205",San Antonio,4.2,4167,Pub,good,ok,ChIJIUZeM6tYXIYRUk1zSTelEwk,1,smartlead-launch-good-first-500-2026-04-20,"bartlett-labs-outbound,houston,mv-verified,mv-good,smartlead-launch-good-first-500-2026-04-20"
Reza,Persian Grill,Reza Persian Grill,info@rezagrill.com,(832) 804-6160,https://rezagrill.com/,"5714 Hillcroft Ave, Houston, TX 77036",Houston,4.8,4165,Persian restaurant,good,ok,ChIJjewvyZDDQIYRhpG3Cb6JHyA,1,smartlead-launch-good-first-500-2026-04-20,"bartlett-labs-outbound,houston,mv-verified,mv-good,smartlead-launch-good-first-500-2026-04-20"
Privacy,Houston,Privacy Houston,info@privacyhouston.com,(832) 713-8404,http://privacyhouston.com/,"2402 Austin St, Houston, TX 77004",Houston,4.5,4150,Restaurant,good,ok,ChIJ56x4oX2_QIYRzYaPg7HLxpY,1,smartlead-launch-good-first-500-2026-04-20,"bartlett-labs-outbound,houston,mv-verified,mv-good,smartlead-launch-good-first-500-2026-04-20"
Moody,Center,Moody Center,info@moodycenteratx.com,(512) 651-7600,https://moodycenteratx.com/,"2001 Robert Dedman Dr, Austin, TX 78712",Austin,4.4,4125,Arena,good,ok,ChIJFyXMCz21RIYRFA1vxCkln0I,1,smartlead-launch-good-first-500-2026-04-20,"bartlett-labs-outbound,houston,mv-verified,mv-good,smartlead-launch-good-first-500-2026-04-20"
Truck,Yard,Truck Yard,commissary@texastruckyard.com,(877) 447-2967,http://truckyardcommissarykitchen.com/,"5624 Sears St, Dallas, TX 75206",Dallas,4.6,4124,Live music bar,good,ok,ChIJMd1hKzafToYReP4XfULxAfI,1,smartlead-launch-good-first-500-2026-04-20,"bartlett-labs-outbound,houston,mv-verified,mv-good,smartlead-launch-good-first-500-2026-04-20"
King,Spa & Sauna,King Spa & Sauna,info@kingspa.com,(214) 420-9070,http://www.kingspa.com/dallas/,"2154 Royal Ln, Dallas, TX 75229",Dallas,4,4120,Spa,good,ok,ChIJcxIsuvYnTIYRZKtTdqYoIYw,1,smartlead-launch-good-first-500-2026-04-20,"bartlett-labs-outbound,houston,mv-verified,mv-good,smartlead-launch-good-first-500-2026-04-20"
Xochi,,Xochi,info@xochihouston.com,(713) 400-3330,http://www.xochihouston.com/?y_source=1_MTAzMTYxNjcyOS03MTUtbG9jYXRpb24ud2Vic2l0ZQ%3D%3D,"1777 Walker St, Houston, TX 77010",Houston,4.6,4073,Oaxacan restaurant,good,ok,ChIJsT1r2yO_QIYRdz286CS4Kt0,1,smartlead-launch-good-first-500-2026-04-20,"bartlett-labs-outbound,houston,mv-verified,mv-good,smartlead-launch-good-first-500-2026-04-20"
Caliber,Car Wash - Basswood,Caliber Car Wash - Basswood,info@calibercarwash.com,(817) 813-9514,https://calibercarwash.com/location/tx-fort-worth-3180-basswood-blvd-76137/?utm_source=gbp&utm_medium=organic&utm_campaign=CCW,"3180 Basswood Blvd, Fort Worth, TX 76137",Fort Worth,4.9,4068,Car wash,good,ok,ChIJdw4hn7LZTYYR0WGmUlxPbHU,3,smartlead-launch-good-first-500-2026-04-20,"bartlett-labs-outbound,houston,mv-verified,mv-good,smartlead-launch-good-first-500-2026-04-20"
Solutions,Pest & Lawn,Solutions Pest & Lawn,support@solutionsstores.com,(713) 473-3345,https://solutionsstores.com/,"12064 Beamer Rd, Houston, TX 77089",Houston,4.8,4064,Pest control service,good,ok,ChIJfwDMyv4h2YgRAXJUNcbUhkE,3,smartlead-launch-good-first-500-2026-04-20,"bartlett-labs-outbound,houston,mv-verified,mv-good,smartlead-launch-good-first-500-2026-04-20"
Beat,The Bomb Houston,Beat The Bomb Houston,info@beatthebomb.com,(518) 207-9440,https://www.beatthebomb.com/locations/houston,"2103 Lyons Ave #300, Houston, TX 77020",Houston,5,4057,Amusement center,good,ok,ChIJ85BrXaW_QIYRwTvrQszVy8c,1,smartlead-launch-good-first-500-2026-04-20,"bartlett-labs-outbound,houston,mv-verified,mv-good,smartlead-launch-good-first-500-2026-04-20"
Cosmic,Air Adventure Park & Arcade,Cosmic Air Adventure Park & Arcade,info@cosmicairpark.com,(281) 215-5000,https://cosmicairpark.com/tx-katy/?utm_source=google&utm_medium=organic&utm_campaign=gbp_profile,"1210 Fry Rd, Houston, TX 77084",Houston,4.6,4055,Amusement park,good,ok,ChIJI9fxnTvZQIYRuslFSYT943Y,3,smartlead-launch-good-first-500-2026-04-20,"bartlett-labs-outbound,houston,mv-verified,mv-good,smartlead-launch-good-first-500-2026-04-20"
The,Original Pancake House DFW,The Original Pancake House DFW,info@ophdfw.com,(214) 528-7215,https://ophdfw.com/uptown-location/?utm_source=google&utm_medium=organic&utm_campaign=mybusiness,"2900 Lemmon Ave E #200, Dallas, TX 75204",Dallas,4.5,4052,Breakfast restaurant,good,ok,ChIJw6ExsNSeToYRvKdNRrcDpHg,1,smartlead-launch-good-first-500-2026-04-20,"bartlett-labs-outbound,houston,mv-verified,mv-good,smartlead-launch-good-first-500-2026-04-20"
Mel's,Country Cafe,Mel's Country Cafe,info@melscountrycafe.com,(281) 255-6357,https://melscountrycafe.com/,"24814 Stanolind Rd, Tomball, TX 77375",Tomball,4.6,4046,American restaurant,good,ok,ChIJO1Bfr9EtR4YR0i_BA_Yf3Tk,1,smartlead-launch-good-first-500-2026-04-20,"bartlett-labs-outbound,houston,mv-verified,mv-good,smartlead-launch-good-first-500-2026-04-20"
Red,Door Escape Room,Red Door Escape Room,info@reddoorescape.com,(972) 787-0085,https://www.reddoorescape.com/escape-rooms/plano,"8103 Rasor Boulevard Suite #100, Plano, TX 75024",Plano,4.9,4045,Escape room center,good,ok,ChIJy3TGE9k8TIYR3da3JmnH9Hw,1,smartlead-launch-good-first-500-2026-04-20,"bartlett-labs-outbound,houston,mv-verified,mv-good,smartlead-launch-good-first-500-2026-04-20"
Nick's,Plumbing & Air Conditioning,Nick's Plumbing & Air Conditioning,service@nicksplumbing.com,(713) 868-9907,https://www.nicksplumbing.com/,"3780 Yale St, Houston, TX 77018",Houston,4.7,4044,Plumber,good,ok,ChIJc48_TGrHQIYRiWl40K2R6Xo,1,smartlead-launch-good-first-500-2026-04-20,"bartlett-labs-outbound,houston,mv-verified,mv-good,smartlead-launch-good-first-500-2026-04-20"
Provaré,Houston,Provaré Houston,info@provarerestaurants.com,(713) 993-6060,http://provarerestaurants.com/,"5102 Washington Ave, Houston, TX 77007",Houston,4.8,4044,Italian restaurant,good,ok,ChIJH0WzifPBQIYRt0u5klMYtN8,1,smartlead-launch-good-first-500-2026-04-20,"bartlett-labs-outbound,houston,mv-verified,mv-good,smartlead-launch-good-first-500-2026-04-20"
Hugo's,,Hugo's,info@hugosrestaurant.net,(713) 524-7744,http://www.hugosrestaurant.net/?y_source=1_MTAzMTYxNjcyOC03MTUtbG9jYXRpb24ud2Vic2l0ZQ%3D%3D,"1600 Westheimer Rd, Houston, TX 77006",Houston,4.6,4043,Mexican restaurant,good,ok,ChIJWZy-UJnAQIYRJwZNRAGa6JI,1,smartlead-launch-good-first-500-2026-04-20,"bartlett-labs-outbound,houston,mv-verified,mv-good,smartlead-launch-good-first-500-2026-04-20"
The,Whitehall,The Whitehall,frontdesk@thewhitehallhouston.com,(713) 739-8800,https://www.thewhitehallhouston.com/?utm_source=google&utm_medium=organic&utm_campaign=business_listing,"1700 Smith St, Houston, TX 77002",Houston,4.5,4031,Hotel,good,ok,ChIJK1X9nkC_QIYRlp8QGc85bU8,1,smartlead-launch-good-first-500-2026-04-20,"bartlett-labs-outbound,houston,mv-verified,mv-good,smartlead-launch-good-first-500-2026-04-20"
Black's,Barbecue Austin,Black's Barbecue Austin,info@blacksbbq.com,(512) 524-0801,http://blacksbbq.com/,"3110 Guadalupe St, Austin, TX 78705",Austin,4.4,3993,Barbecue restaurant,good,ok,ChIJxZAwBIC1RIYRGSnQBuFng7M,1,smartlead-launch-good-first-500-2026-04-20,"bartlett-labs-outbound,houston,mv-verified,mv-good,smartlead-launch-good-first-500-2026-04-20"
Augusta,Vin,Augusta Vin,info@augustavin.com,(830) 307-1007,https://augustavin.com/,"140 Augusta Vin Ln, Fredericksburg, TX 78624",Fredericksburg,4.8,3991,Winery,good,ok,ChIJoeiqG5DpW4YRSExhCHmVjUI,1,smartlead-launch-good-first-500-2026-04-20,"bartlett-labs-outbound,houston,mv-verified,mv-good,smartlead-launch-good-first-500-2026-04-20"
Smoke,Skybar,Smoke Skybar,eben@eyebytes.com,(210) 253-9919,http://www.smokedowntown.com/,"1100 E Houston St, San Antonio, TX 78205",San Antonio,4,3981,Barbecue restaurant,good,ok,ChIJZeJqtAb2XIYRhuTbDqHWxG8,61,smartlead-launch-good-first-500-2026-04-20,"bartlett-labs-outbound,houston,mv-verified,mv-good,smartlead-launch-good-first-500-2026-04-20"
Uncle,Dan's Pawn Shop - South Dallas,Uncle Dan's Pawn Shop - South Dallas,info@uncledanspawnshops.com,(972) 228-8524,https://uncledanspawnshops.com/,"8210 S Hampton Rd, Dallas, TX 75232",Dallas,4.9,3955,Pawn shop,good,ok,ChIJ7_szgRWRToYRzfFv-wM9x9M,8,smartlead-launch-good-first-500-2026-04-20,"bartlett-labs-outbound,houston,mv-verified,mv-good,smartlead-launch-good-first-500-2026-04-20"
Lazy,Dog Restaurant & Bar,Lazy Dog Restaurant & Bar,digital@ldeat.com,(682) 276-7300,https://lazydogrestaurants.com/pages/arlington-tx,"241 E Interstate 20, Arlington, TX 76018",Arlington,4.5,3949,American restaurant,good,ok,ChIJD3AjK2FjToYR3Ra0ysCMUS8,3,smartlead-launch-good-first-500-2026-04-20,"bartlett-labs-outbound,houston,mv-verified,mv-good,smartlead-launch-good-first-500-2026-04-20"
Buddy's,Burger,Buddy's Burger,info@buddysburger.com,(512) 401-3325,http://www.buddysburger.com/,"9001 Cameron Rd Ste 101, Austin, TX 78754",Austin,4.6,3948,Hamburger restaurant,good,ok,ChIJs9UZeXTJRIYRAu66JBuVyII,1,smartlead-launch-good-first-500-2026-04-20,"bartlett-labs-outbound,houston,mv-verified,mv-good,smartlead-launch-good-first-500-2026-04-20"
Top,Notch Hamburgers,Top Notch Hamburgers,info@topnotchaustin.com,(512) 452-2181,http://www.topnotchaustin.com/,"7525 Burnet Rd, Austin, TX 78757",Austin,4.5,3925,Hamburger restaurant,good,ok,ChIJIfcwh67LRIYRKbJlYCIJcC4,1,smartlead-launch-good-first-500-2026-04-20,"bartlett-labs-outbound,houston,mv-verified,mv-good,smartlead-launch-good-first-500-2026-04-20"
Radio,Coffee & Beer,Radio Coffee & Beer,info@radiocoffeeandbeer.com,(512) 394-7844,http://radiocoffeeandbeer.com/,"4204 Menchaca Rd, Austin, TX 78704",Austin,4.6,3920,Coffee shop,good,ok,ChIJR55fXzRLW4YRuB1uAbBXcpg,1,smartlead-launch-good-first-500-2026-04-20,"bartlett-labs-outbound,houston,mv-verified,mv-good,smartlead-launch-good-first-500-2026-04-20"
Musaafer,,Musaafer,reservation@musaaferhouston.com,(713) 242-8087,https://www.musaaferhouston.com/,"Suite C-3500, 5115 Westheimer Rd, Houston, TX 77056",Houston,4.6,3916,Modern Indian restaurant,good,ok,ChIJk3AANG_BQIYRslF9Sn9-03U,1,smartlead-launch-good-first-500-2026-04-20,"bartlett-labs-outbound,houston,mv-verified,mv-good,smartlead-launch-good-first-500-2026-04-20"
Gus's,World Famous Fried Chicken,Gus's World Famous Fried Chicken,info@gusfriedchicken.com,(832) 740-4022,http://gusfriedchicken.com/houston-texas-location/,"1815 Washington Ave, Houston, TX 77007",Houston,4.5,3898,Chicken restaurant,good,ok,ChIJhaXJxEu_QIYRJTyc91EMOlo,2,smartlead-launch-good-first-500-2026-04-20,"bartlett-labs-outbound,houston,mv-verified,mv-good,smartlead-launch-good-first-500-2026-04-20"
Exclusive,Furniture,Exclusive Furniture,info@exclusivefurniture.com,(713) 777-0606,https://www.exclusivefurniture.com/,"6900 Southwest Fwy, Houston, TX 77074",Houston,4.7,3894,Furniture store,good,ok,ChIJO-FEPpDCQIYRKDCemE9HKj8,3,smartlead-launch-good-first-500-2026-04-20,"bartlett-labs-outbound,houston,mv-verified,mv-good,smartlead-launch-good-first-500-2026-04-20"
Rodeo,Dental & Orthodontics,Rodeo Dental & Orthodontics,laredog@rodeodental.com,(956) 413-7537,https://www.rodeodental.com/locations/brownsville-southmost-tx/?utm_source=extnet&utm_medium=organic&utm_campaign=brownsville-southmost-extnet,"2950 Southmost Rd Suite 103, Brownsville, TX 78521",Brownsville,5,3892,Pediatric dentist,good,ok,ChIJgSH6eKOVb4YR-TGppheIY5M,8,smartlead-launch-good-first-500-2026-04-20,"bartlett-labs-outbound,houston,mv-verified,mv-good,smartlead-launch-good-first-500-2026-04-20"
Palette,Indian Kitchen,Palette Indian Kitchen,info@paletteindian.com,(281) 362-5999,https://www.paletteindian.com/,"3559 Rayford Rd Suite 200, Spring, TX 77386",Spring,4.8,3887,Indian restaurant,good,ok,ChIJZ4aKEnBKR4YRLsIKcmDAykY,1,smartlead-launch-good-first-500-2026-04-20,"bartlett-labs-outbound,houston,mv-verified,mv-good,smartlead-launch-good-first-500-2026-04-20"
Burns,Original BBQ,Burns Original BBQ,info@burnsoriginalbbq.com,(346) 869-1402,http://burnsoriginalbbq.com/,"8307 De Priest St, Houston, TX 77088",Houston,4.3,3869,Barbecue restaurant,good,ok,ChIJmbRBT4FGQYYRT6Lf7-if7Lg,1,smartlead-launch-good-first-500-2026-04-20,"bartlett-labs-outbound,houston,mv-verified,mv-good,smartlead-launch-good-first-500-2026-04-20"
Winspear,Opera House,Winspear Opera House,info@attpac.org,(214) 880-0202,http://www.attpac.org/,"2403 Flora St, Dallas, TX 75201",Dallas,4.8,3867,Opera house,good,ok,ChIJ7W-zeCaZToYRAdGtL_ORMlU,2,smartlead-launch-good-first-500-2026-04-20,"bartlett-labs-outbound,houston,mv-verified,mv-good,smartlead-launch-good-first-500-2026-04-20"
Houston,Improv,Houston Improv,info@improvtx.com,(713) 333-8800,https://improvtx.com/houston/,"7620 Katy Fwy #45, Houston, TX 77024",Houston,4.4,3850,Comedy club,good,ok,ChIJz5s0I7vGQIYRPKSdbmPSPYY,3,smartlead-launch-good-first-500-2026-04-20,"bartlett-labs-outbound,houston,mv-verified,mv-good,smartlead-launch-good-first-500-2026-04-20"
Aunt,Bill's Soul Food Cafe,Aunt Bill's Soul Food Cafe,info@auntbillsoulfood.com,(281) 665-8457,http://www.auntbillsoulfood.com/,"22603 Morton Ranch Rd Ste 220, Katy, TX 77449",Katy,4.7,3836,Soul food restaurant,good,ok,ChIJN0zYifgnQYYRv_iRLdZiJaI,1,smartlead-launch-good-first-500-2026-04-20,"bartlett-labs-outbound,houston,mv-verified,mv-good,smartlead-launch-good-first-500-2026-04-20"
The,Sunrise House,The Sunrise House,info@thesunrisehouse.com,(832) 307-3797,https://www.thesunrisehouse.com/,"1830 W Alabama St, Houston, TX 77098",Houston,4.7,3818,Breakfast restaurant,good,ok,ChIJ11klvkDBQIYRZN8u6UsLpFo,1,smartlead-launch-good-first-500-2026-04-20,"bartlett-labs-outbound,houston,mv-verified,mv-good,smartlead-launch-good-first-500-2026-04-20"
First,Watch,First Watch,info@firstwatch.com,(281) 716-3014,http://www.firstwatch.com/locations/pearland-parkway/?utm_source=gbp-listing&utm_medium=organic&utm_campaign=gbp-listing&utm_content=pearland-parkway,"2560 Pearland Pkwy Ste 100, Pearland, TX 77581",Pearland,4.7,3799,Breakfast restaurant,good,ok,ChIJD2uRG-WQQIYRPCKoUi6n0-Q,7,smartlead-launch-good-first-500-2026-04-20,"bartlett-labs-outbound,houston,mv-verified,mv-good,smartlead-launch-good-first-500-2026-04-20"
Family,Christian Doors,Family Christian Doors,service@fcdoors.com,(817) 595-9900,https://www.familychristiandoors.com/,"2809 Haltom Rd, Haltom City, TX 76117",Haltom City,4.9,3779,Garage door supplier,good,ok,ChIJD0O4FLR5ToYRj_2S8HqsT2c,2,smartlead-launch-good-first-500-2026-04-20,"bartlett-labs-outbound,houston,mv-verified,mv-good,smartlead-launch-good-first-500-2026-04-20"
Pier,8,Pier 8,contact@restaurants-world.net,(281) 474-2078,https://pier-8.shop/,"409 Todville Rd, Seabrook, TX 77586",Seabrook,4.3,3772,Seafood restaurant,good,ok,ChIJCWLZPf9iP4YRuQMUEluBGZ8,1,smartlead-launch-good-first-500-2026-04-20,"bartlett-labs-outbound,houston,mv-verified,mv-good,smartlead-launch-good-first-500-2026-04-20"
Hotel,Contessa,Hotel Contessa,info@thehotelcontessa.com,(210) 229-9222,http://www.thehotelcontessa.com/?utm_source=google&utm_medium=organic&utm_campaign=business-listing,"306 W Market St, San Antonio, TX 78205",San Antonio,4.2,3764,Hotel,good,ok,ChIJTx6_gqxYXIYR0VO2MJ9EIuw,1,smartlead-launch-good-first-500-2026-04-20,"bartlett-labs-outbound,houston,mv-verified,mv-good,smartlead-launch-good-first-500-2026-04-20"
Moxies,Plano Restaurant,Moxies Plano Restaurant,bmartinez@eatzhospitality.com,(469) 535-5300,https://moxies.com/restaurants/plano?utm_source=GMB&utm_medium=google-location-listing&utm_campaign=organic,"8451 Parkwood Blvd, Plano, TX 75024",Plano,4.7,3741,Restaurant,good,ok,ChIJgTS2X788TIYRhd7MOk_o-qE,2,smartlead-launch-good-first-500-2026-04-20,"bartlett-labs-outbound,houston,mv-verified,mv-good,smartlead-launch-good-first-500-2026-04-20"
DFW,Security,DFW Security,info@dfwsecurity.com,(855) 499-3019,https://www.dfwsecurity.com/,"2533 East Loop 820 N, Fort Worth, TX 76118",Fort Worth,4.9,3738,Security service,good,ok,ChIJjzM5QsV4ToYR1WjcKe1zHYs,1,smartlead-launch-good-first-500-2026-04-20,"bartlett-labs-outbound,houston,mv-verified,mv-good,smartlead-launch-good-first-500-2026-04-20"
Two,Bros. BBQ Market,Two Bros. BBQ Market,info@twobrosbbqmarket.com,(210) 496-0222,http://www.twobrosbbqmarket.com/,"12656 West Ave, San Antonio, TX 78216",San Antonio,4.2,3736,Barbecue restaurant,good,ok,ChIJU1_gfjFgXIYR1_f7z3E5Nps,1,smartlead-launch-good-first-500-2026-04-20,"bartlett-labs-outbound,houston,mv-verified,mv-good,smartlead-launch-good-first-500-2026-04-20"
The,Republic of the Rio Grande,The Republic of the Rio Grande,republicmanagement1411@gmail.com,(956) 994-8385,http://www.therepublicmcallen.com/,"1411 S 10th St, McAllen, TX 78501",McAllen,4.7,3720,Steak house,good,ok,ChIJ2ZhIo1CnZYYRdq9655fDWr4,1,smartlead-launch-good-first-500-2026-04-20,"bartlett-labs-outbound,houston,mv-verified,mv-good,smartlead-launch-good-first-500-2026-04-20"
Lowe's,Home Improvement,Lowe's Home Improvement,info@lowes.com,(210) 979-7990,https://www.lowes.com/store/TX-San-Antonio/1155?cm_mmc=lod-_-c-_-lcl-_-awr-_-yxt-_-go-_-1155-_-na-_-0-_-0&y_source=1_MTE4Mjg1Ny03MTUtbG9jYXRpb24ud2Vic2l0ZQ%3D%3D,"7901 Callaghan Rd, San Antonio, TX 78229",San Antonio,3.9,3719,Hardware store,good,ok,ChIJ8xm5-R5eXIYRfXeCdawrxwg,6,smartlead-launch-good-first-500-2026-04-20,"bartlett-labs-outbound,houston,mv-verified,mv-good,smartlead-launch-good-first-500-2026-04-20"
CW,"Service Pros Plumbing, Heating & Air Conditioning","CW Service Pros Plumbing, Heating & Air Conditioning",info@cwservicepros.com,(972) 845-8220,https://www.cwservicepros.com/lewisville-plumbers/?utm_source=google&utm_medium=organic&utm_campaign=gbp_lewisville,"1890 Midway Rd, Lewisville, TX 75056",Lewisville,4.8,3713,Plumber,good,ok,ChIJrYXTeOsvTIYRzcAecBPKTRM,2,smartlead-launch-good-first-500-2026-04-20,"bartlett-labs-outbound,houston,mv-verified,mv-good,smartlead-launch-good-first-500-2026-04-20"
Milano,Nail Spa West U,Milano Nail Spa West U,milanonailswestu@gmail.com,(832) 767-5541,https://milanonailwestuniversity.com/,"5110 Buffalo Speedway Suite C, Houston, TX 77005",Houston,4.8,3702,Nail salon,good,ok,ChIJsQOM9hPBQIYRRCWHxeA1O6Y,1,smartlead-launch-good-first-500-2026-04-20,"bartlett-labs-outbound,houston,mv-verified,mv-good,smartlead-launch-good-first-500-2026-04-20"
Planet,Dental & Orthodontics,Planet Dental & Orthodontics,info@planetdentaltexas.com,(956) 242-4245,http://planetdentaltexas.com/,"1400 Guadalupe St Suite A, Laredo, TX 78040",Laredo,5,3683,Dentist,good,ok,ChIJC6wrZ98jYYYRen9XI0SMGXw,3,smartlead-launch-good-first-500-2026-04-20,"bartlett-labs-outbound,houston,mv-verified,mv-good,smartlead-launch-good-first-500-2026-04-20"
Cheddar's,Scratch Kitchen,Cheddar's Scratch Kitchen,info@cheddars.com,(956) 686-6766,https://www.cheddars.com/locations/tx/south-mcallen/south-mcallen-palm-crossing/2038?cmpid=br:csk_ag:ie_ch:loc_ca:CSKGMB_sn:gmb_gt:mcallen-tx-2038_pl:locurl_rd:1032,"3020 W Expy 83, McAllen, TX 78501",McAllen,4.5,3677,Traditional American restaurant,good,ok,ChIJnVrEfZGnZYYRQMiHQzBGYnQ,8,smartlead-launch-good-first-500-2026-04-20,"bartlett-labs-outbound,houston,mv-verified,mv-good,smartlead-launch-good-first-500-2026-04-20"
Jones,Hall for the Performing Arts,Jones Hall for the Performing Arts,info@houstonsymphony.org,(832) 487-7050,https://houstonsymphony.org/,"615 Louisiana St, Houston, TX 77002",Houston,4.7,3668,Performing arts theater,good,ok,ChIJSzrEtmK_QIYR-S_tv3teTvY,1,smartlead-launch-good-first-500-2026-04-20,"bartlett-labs-outbound,houston,mv-verified,mv-good,smartlead-launch-good-first-500-2026-04-20"
Soto,,Soto,manager@sotorestaurant.com,(512) 531-9142,https://sotosouthlamar.com/?y_source=1_MTYxMDkxMDQtNzE1LWxvY2F0aW9uLndlYnNpdGU=,"1100 S Lamar Blvd Ste 2115, Austin, TX 78704",Austin,4.7,3667,Japanese restaurant,good,ok,ChIJz7WqZx-1RIYRg92N62_QVKk,1,smartlead-launch-good-first-500-2026-04-20,"bartlett-labs-outbound,houston,mv-verified,mv-good,smartlead-launch-good-first-500-2026-04-20"
Hello!,Deluxe Car Wash,Hello! Deluxe Car Wash,info@hellocarwash.com,(469) 208-1158,https://www.hellocarwash.com/kessler-park,"2500 Fort Worth Ave, Dallas, TX 75211",Dallas,4.9,3662,Car wash,good,ok,ChIJydagpV2bToYRNnqT9SrnRbs,2,smartlead-launch-good-first-500-2026-04-20,"bartlett-labs-outbound,houston,mv-verified,mv-good,smartlead-launch-good-first-500-2026-04-20"
UpFront,Home Services,UpFront Home Services,info@upfronthomeservices.com,(832) 303-3546,https://upfronthomeservices.com/carpet-cleaning-katy-tx/,"19911 Morton Rd suite 700, Katy, TX 77449",Katy,4.9,3648,Carpet cleaning service,good,ok,ChIJ7V--YnnYQIYRfkja7wyzIMg,1,smartlead-launch-good-first-500-2026-04-20,"bartlett-labs-outbound,houston,mv-verified,mv-good,smartlead-launch-good-first-500-2026-04-20"
Hawkers,Asian Street Food,Hawkers Asian Street Food,info@eathawkers.com,(214) 271-8111,https://eathawkers.com/?olonwp=JjBtp_vMLk25gkYh_bnoiQ,"2800 Main St, Dallas, TX 75226",Dallas,4.8,3641,Restaurant,good,ok,ChIJZyDW1_OZToYRFNAib7RDwzs,1,smartlead-launch-good-first-500-2026-04-20,"bartlett-labs-outbound,houston,mv-verified,mv-good,smartlead-launch-good-first-500-2026-04-20"
The,Boiling Crab,The Boiling Crab,info@theboilingcrab.com,(972) 272-7086,https://theboilingcrab.com/locations/dallas/,"13340 Audelia Rd #106, Dallas, TX 75243",Dallas,4.4,3639,Seafood restaurant,good,ok,ChIJSwJF_jMeTIYRN3sDpa_CYgU,1,smartlead-launch-good-first-500-2026-04-20,"bartlett-labs-outbound,houston,mv-verified,mv-good,smartlead-launch-good-first-500-2026-04-20"
Odd,Duck,Odd Duck,foh@oddduckaustin.com,(512) 433-6521,http://oddduckaustin.com/,"1201 S Lamar Blvd, Austin, TX 78704",Austin,4.7,3623,New American restaurant,good,ok,ChIJi8__nx-1RIYR56djED9FLLE,1,smartlead-launch-good-first-500-2026-04-20,"bartlett-labs-outbound,houston,mv-verified,mv-good,smartlead-launch-good-first-500-2026-04-20"
Dan's,Hamburgers - Austin,Dan's Hamburgers - Austin,info@dans-hamburgers.com,(512) 459-3239,http://www.dans-hamburgers.com/,"5602 N Lamar Blvd, Austin, TX 78751",Austin,4.6,3609,Hamburger restaurant,good,ok,ChIJcQTGRULKRIYROvN6-5kfCvY,1,smartlead-launch-good-first-500-2026-04-20,"bartlett-labs-outbound,houston,mv-verified,mv-good,smartlead-launch-good-first-500-2026-04-20"
Fonda,San Miguel,Fonda San Miguel,events@fondasanmiguel.com,(512) 459-4121,http://www.fondasanmiguel.com/,"2330 W N Loop Blvd, Austin, TX 78756",Austin,4.6,3603,Mexican restaurant,good,ok,ChIJc7Guu_XKRIYRSxDQUZwxkns,1,smartlead-launch-good-first-500-2026-04-20,"bartlett-labs-outbound,houston,mv-verified,mv-good,smartlead-launch-good-first-500-2026-04-20"
Mai's,Restaurant,Mai's Restaurant,info@maishouston.com,(713) 520-5300,http://maishouston.com/,"3403 Milam St, Houston, TX 77002",Houston,4.2,3574,Vietnamese restaurant,good,ok,ChIJU6SZ8W6_QIYRcwMq_v3qT_A,1,smartlead-launch-good-first-500-2026-04-20,"bartlett-labs-outbound,houston,mv-verified,mv-good,smartlead-launch-good-first-500-2026-04-20"
El,Tiempo Cantina,El Tiempo Cantina,info@eltiempocantina.com,(713) 222-6800,https://www.eltiempocantina.com/,"2814 Navigation Blvd, Houston, TX 77003",Houston,4.4,3554,Tex-Mex restaurant,good,ok,ChIJP2iRVMO-QIYRbTs6frqCGJ4,3,smartlead-launch-good-first-500-2026-04-20,"bartlett-labs-outbound,houston,mv-verified,mv-good,smartlead-launch-good-first-500-2026-04-20"
Karahi,Boys,Karahi Boys,info@karahiboys.com,(281) 800-5880,https://www.karahiboys.com/,"16535 Lexington Blvd Suite 100, Sugar Land, TX 77479",Sugar Land,4.6,3527,Pakistani restaurant,good,ok,ChIJA0fns8jnQIYRCmKkkO552jg,1,smartlead-launch-good-first-500-2026-04-20,"bartlett-labs-outbound,houston,mv-verified,mv-good,smartlead-launch-good-first-500-2026-04-20"
Maple,& Motor,Maple & Motor,catering@mapleandmotor.com,(214) 522-4400,http://mapleandmotor.com/,"4810 Maple Ave, Dallas, TX 75219",Dallas,4.6,3527,Hamburger restaurant,good,ok,ChIJLa5gnaWeToYRY2vYniKVLBA,2,smartlead-launch-good-first-500-2026-04-20,"bartlett-labs-outbound,houston,mv-verified,mv-good,smartlead-launch-good-first-500-2026-04-20"
787,Coffee,787 Coffee,hello@787coffee.com,(915) 219-8718,http://www.787coffee.com/,"5038 Alameda Ave, El Paso, TX 79905",El Paso,4.9,3515,Coffee shop,good,ok,ChIJ7xTWUFRb54YRJeD4nf0ed6k,4,smartlead-launch-good-first-500-2026-04-20,"bartlett-labs-outbound,houston,mv-verified,mv-good,smartlead-launch-good-first-500-2026-04-20"
Avesta,Persian Middle Eastern,Avesta Persian Middle Eastern,avestahouston@gmail.com,(713) 781-5555,https://www.avestahouston.com/,"11165 Westheimer Rd, Houston, TX 77042",Houston,4.7,3506,Persian restaurant,good,ok,ChIJ-5rPUs_cQIYRumV7nQ61xis,2,smartlead-launch-good-first-500-2026-04-20,"bartlett-labs-outbound,houston,mv-verified,mv-good,smartlead-launch-good-first-500-2026-04-20"
Caracol,,Caracol,info@caracol.net,(713) 622-9996,http://caracol.net/?y_source=1_MTAzMTYxNjcyNi03MTUtbG9jYXRpb24ud2Vic2l0ZQ%3D%3D,"2200 Post Oak Blvd #160, Houston, TX 77056",Houston,4.6,3451,Mexican restaurant,good,ok,ChIJia_uLmrBQIYRTh9IbLUgNRQ,1,smartlead-launch-good-first-500-2026-04-20,"bartlett-labs-outbound,houston,mv-verified,mv-good,smartlead-launch-good-first-500-2026-04-20"
The,Original Roy Hutchins Barbeque,The Original Roy Hutchins Barbeque,info@royhutchinsbbq.com,(682) 237-4100,http://royhutchinsbbq.com/,"3000 TX-114, Trophy Club, TX 76262",Trophy Club,4.8,3445,Barbecue restaurant,good,ok,ChIJ1bBV6tfTTYYRmalW1cS_Gng,1,smartlead-launch-good-first-500-2026-04-20,"bartlett-labs-outbound,houston,mv-verified,mv-good,smartlead-launch-good-first-500-2026-04-20"
la,Barbecue,la Barbecue,hello@labarbecue.com,,http://www.labarbecue.com/,"2401 E Cesar Chavez St, Austin, TX 78702",Austin,4.4,3436,Barbecue restaurant,good,ok,ChIJIR1tw661RIYRUgfHust5Vv0,1,smartlead-launch-good-first-500-2026-04-20,"bartlett-labs-outbound,houston,mv-verified,mv-good,smartlead-launch-good-first-500-2026-04-20"
Doc,B's Restaurant,Doc B's Restaurant,ap@docbsfreshkitchen.com,(512) 672-8400,https://docbsrestaurant.com/locations/austin,"3001 Palm Way Suite 120, Austin, TX 78758",Austin,4.7,3422,American restaurant,good,ok,ChIJiSgwmnLMRIYRifsgXKrwVSQ,3,smartlead-launch-good-first-500-2026-04-20,"bartlett-labs-outbound,houston,mv-verified,mv-good,smartlead-launch-good-first-500-2026-04-20"
Atwoods,,Atwoods,info@atwoods.com,(817) 237-8574,http://www.atwoods.com/,"6001 Lake Worth Blvd, Fort Worth, TX 76106",Fort Worth,4.5,3416,Pet supply store,good,ok,ChIJeezt0ud0ToYRIrJufN9nHHg,1,smartlead-launch-good-first-500-2026-04-20,"bartlett-labs-outbound,houston,mv-verified,mv-good,smartlead-launch-good-first-500-2026-04-20"
Taco,Fuego,Taco Fuego,admin@tacofuego.com,,https://tacofuego.com/,"401 Franklin St Suite 1260, Houston, TX 77201",Houston,4.9,3414,Mexican restaurant,good,ok,ChIJIXHDpMu_QIYRtXiTzXzMNfo,2,smartlead-launch-good-first-500-2026-04-20,"bartlett-labs-outbound,houston,mv-verified,mv-good,smartlead-launch-good-first-500-2026-04-20"
Aspen,Creek Grill,Aspen Creek Grill,info@aspencreekgrill.com,(903) 630-8370,https://www.aspencreekgrill.com/,"1725 W SW Loop 323, Tyler, TX 75701",Tyler,4.5,3404,Steak house,good,ok,ChIJNerLB5HLSYYRb75TKIg2oNM,3,smartlead-launch-good-first-500-2026-04-20,"bartlett-labs-outbound,houston,mv-verified,mv-good,smartlead-launch-good-first-500-2026-04-20"
The,Hampton Social - Dallas,The Hampton Social - Dallas,norris@parkerhospitality.com,(469) 498-9890,https://www.thehamptonsocial.com/,"1520 Main St, Dallas, TX 75201",Dallas,4.8,3352,American restaurant,good,ok,ChIJW4OxHwCZToYRlEQxoOQwBIM,1,smartlead-launch-good-first-500-2026-04-20,"bartlett-labs-outbound,houston,mv-verified,mv-good,smartlead-launch-good-first-500-2026-04-20"
GreenWorks,Inspections & Engineering,GreenWorks Inspections & Engineering,info@greenworksinspections.com,(214) 216-0095,https://greenworksinspections.com/locations/dallas-tx/?utm_source=google&utm_medium=organic&utm_campaign=google_my_business,"3626 N Hall St Suite 610, Dallas, TX 75219",Dallas,4.9,3340,Home inspector,good,ok,ChIJLb1wekKcToYRUmXJnzbdybU,4,smartlead-launch-good-first-500-2026-04-20,"bartlett-labs-outbound,houston,mv-verified,mv-good,smartlead-launch-good-first-500-2026-04-20"
The,Law Offices of Hilda Sibrian,The Law Offices of Hilda Sibrian,hilda@sibrianlaw.com,(713) 714-1414,https://hildasibrian.com/?utm_campaign=gmb,"846 North Loop, Houston, TX 77009",Houston,5,3324,Personal injury attorney,good,ok,ChIJ1-eAjQTHQIYRwYPpeAEeB9M,1,smartlead-launch-good-first-500-2026-04-20,"bartlett-labs-outbound,houston,mv-verified,mv-good,smartlead-launch-good-first-500-2026-04-20"
Carrabba's,- The Original On Kirby,Carrabba's - The Original On Kirby,kirby@carrabbasoriginal.com,(713) 522-3131,http://www.carrabbasoriginal.com/,"3115 Kirby Dr, Houston, TX 77098",Houston,4.6,3317,Italian restaurant,good,ok,ChIJ2w9_he3AQIYRofCumgLvKu4,1,smartlead-launch-good-first-500-2026-04-20,"bartlett-labs-outbound,houston,mv-verified,mv-good,smartlead-launch-good-first-500-2026-04-20"
Mandola's,Italian Kitchen,Mandola's Italian Kitchen,office@mandolas.com,(512) 419-9700,https://mandolas.com/,"4700 W Guadalupe St #12, Austin, TX 78751",Austin,4.5,3313,Italian restaurant,good,ok,ChIJ5TZAf2XKRIYRg7t2uQYn1Kw,1,smartlead-launch-good-first-500-2026-04-20,"bartlett-labs-outbound,houston,mv-verified,mv-good,smartlead-launch-good-first-500-2026-04-20"
Black,Walnut Kitchen & Bar,Black Walnut Kitchen & Bar,info@blackwalnutcafe.com,(713) 526-5551,https://www.blackwalnutcafe.com/locations/houston-locations/rice-village/?utm_source=local&utm_medium=organic&utm_campaign=gmb&utm_content=rice,"5510 Morningside Dr Suite #150, Houston, TX 77005",Houston,4.4,3312,Breakfast restaurant,good,ok,ChIJSao_gl3AQIYRY1yXyNZ-BkY,1,smartlead-launch-good-first-500-2026-04-20,"bartlett-labs-outbound,houston,mv-verified,mv-good,smartlead-launch-good-first-500-2026-04-20"
Fung's,Kitchen,Fung's Kitchen,info@fungskitchen.com,(713) 779-2288,http://www.fungskitchen.com/,"7320 Southwest Fwy #115, Houston, TX 77074",Houston,4.3,3307,Chinese restaurant,good,ok,ChIJ2cJZ117CQIYRRxQRJcJftB4,1,smartlead-launch-good-first-500-2026-04-20,"bartlett-labs-outbound,houston,mv-verified,mv-good,smartlead-launch-good-first-500-2026-04-20"
A&A,"Plumbing, Heating, and Cooling","A&A Plumbing, Heating, and Cooling",office@aaplumbingsa.com,(210) 642-1847,https://www.aaplumbingsa.com/,"121 Windy Meadows Dr, Schertz, TX 78154",Schertz,4.9,3300,Plumber,good,ok,ChIJr_cwyPOMXIYRmbJxH1ZCTF4,1,smartlead-launch-good-first-500-2026-04-20,"bartlett-labs-outbound,houston,mv-verified,mv-good,smartlead-launch-good-first-500-2026-04-20"
Berkeys,"Plumbing, A/C & Electrical","Berkeys Plumbing, A/C & Electrical",info@berkeys.com,(214) 612-0133,https://www.berkeys.com/?utm_campaign=gmb_be_home_everyone_gmb-dallas&utm_medium=gmb&utm_source=google,"4311 Belmont Ave Suite 125, Dallas, TX 75204",Dallas,4.9,3299,Plumber,good,ok,ChIJV9_c94vhJYMRjiZw629K_Pk,3,smartlead-launch-good-first-500-2026-04-20,"bartlett-labs-outbound,houston,mv-verified,mv-good,smartlead-launch-good-first-500-2026-04-20"
DTF,"Order - Premium, Vibrant & Swift DTF Printing Services","DTF Order - Premium, Vibrant & Swift DTF Printing Services",support@dtforder.com,(972) 707-1206,https://dtforder.com/,"11834 Harry Hines Blvd Suite 115, Dallas, TX 75234",Dallas,4.9,3296,Screen printing shop,good,ok,ChIJr7XZBzIfTIYRHeE3Oq8pnwg,1,smartlead-launch-good-first-500-2026-04-20,"bartlett-labs-outbound,houston,mv-verified,mv-good,smartlead-launch-good-first-500-2026-04-20"
Carnation,Auto Spa,Carnation Auto Spa,hello@carnationautospa.com,(972) 777-5170,https://carnationautospa.com/carnation-locations/dallas-lemmon/?utm_source=google&utm_medium=organic&utm_campaign=gmb,"4915 Lemmon Ave, Dallas, TX 75219",Dallas,4.5,3289,Car wash,good,ok,ChIJV4lQHEifToYRu839UWXY7Dc,3,smartlead-launch-good-first-500-2026-04-20,"bartlett-labs-outbound,houston,mv-verified,mv-good,smartlead-launch-good-first-500-2026-04-20"
Colair,,Colair,sales@colairinc.com,(956) 581-5212,https://colairinc.com/,"1221 E Expressway 83 Suite A, Mission, TX 78572",Mission,5,3278,HVAC contractor,good,ok,ChIJ8XVUfQuoZYYR1Ct4Y8QBDuc,2,smartlead-launch-good-first-500-2026-04-20,"bartlett-labs-outbound,houston,mv-verified,mv-good,smartlead-launch-good-first-500-2026-04-20"
Harry's,,Harry's,info@harryshtx.com,(713) 528-0198,http://www.harryshtx.com/,"318 Tuam St, Houston, TX 77006",Houston,4.4,3271,Breakfast restaurant,good,ok,ChIJ1_2FVmi_QIYRC5t-LAsAtIk,1,smartlead-launch-good-first-500-2026-04-20,"bartlett-labs-outbound,houston,mv-verified,mv-good,smartlead-launch-good-first-500-2026-04-20"
EōS,Fitness,EōS Fitness,fmtxhga@eosfitness.com,(832) 478-1956,https://eosfitness.com/gym/houston-gillette-st-allen-pkwy/?utm_source=local&utm_medium=organic&utm_campaign=evergreen_gmb,"1755 Allen Pkwy ste 2, Houston, TX 77019",Houston,4.3,3266,Gym,good,ok,ChIJbzpGZFm_QIYRwF6S5OkowRA,8,smartlead-launch-good-first-500-2026-04-20,"bartlett-labs-outbound,houston,mv-verified,mv-good,smartlead-launch-good-first-500-2026-04-20"
Tandoorish,,Tandoorish,hello@rfuenzalida.com,(346) 206-4299,https://www.tandoorish.com/,"9135 W Sam Houston Pkwy N #400, Houston, TX 77064",Houston,4.7,3240,Indian restaurant,good,ok,ChIJ11ojwyzOQIYRhCdxA0RpCss,41,smartlead-launch-good-first-500-2026-04-20,"bartlett-labs-outbound,houston,mv-verified,mv-good,smartlead-launch-good-first-500-2026-04-20"
Movers,of San Antonio,Movers of San Antonio,info@moversofsanantonio.com,(210) 348-8199,https://www.moversofsanantonio.com/,"6977 San Pedro Ave, San Antonio, TX 78216",San Antonio,4.7,3209,Mover,good,ok,ChIJdxHtv-VfXIYRv69qnxo3Uus,1,smartlead-launch-good-first-500-2026-04-20,"bartlett-labs-outbound,houston,mv-verified,mv-good,smartlead-launch-good-first-500-2026-04-20"
One,Hour Air Conditioning & Heating,One Hour Air Conditioning & Heating,customerservice@onehourair.com,(817) 766-5706,https://www.onehourairftworth.com/?utm_source=organic&utm_medium=gbp,"2535 Brennan Ave, Fort Worth, TX 76106",Fort Worth,4.8,3209,HVAC contractor,good,ok,ChIJp-CLd_nhTYYRN-AndhiVWlY,1,smartlead-launch-good-first-500-2026-04-20,"bartlett-labs-outbound,houston,mv-verified,mv-good,smartlead-launch-good-first-500-2026-04-20"
Champion,"Cooling, Heating & Plumbing","Champion Cooling, Heating & Plumbing",info@championac.com,(512) 595-3473,https://www.championacaustin.com/service-areas/austin/?utm_source=google-gbp&utm_medium=organic&utm_campaign=*60*champion-ac-austin,"1106 Smith Rd Suite 102, Austin, TX 78721",Austin,4.8,3202,Plumber,good,ok,ChIJnawbSUZJW4YRUmIhrfh_eNQ,1,smartlead-launch-good-first-500-2026-04-20,"bartlett-labs-outbound,houston,mv-verified,mv-good,smartlead-launch-good-first-500-2026-04-20"
The,Rice Box,The Rice Box,heights@riceboxed.com,(713) 408-8678,https://riceboxed.com/locations/heights/,"300 W 20th St, Houston, TX 77008",Houston,4.3,3202,Chinese restaurant,good,ok,ChIJld24_WTHQIYRxXvG7YH40_g,2,smartlead-launch-good-first-500-2026-04-20,"bartlett-labs-outbound,houston,mv-verified,mv-good,smartlead-launch-good-first-500-2026-04-20"
Mamacita's,,Mamacita's,info@mamacitashouston.com,(281) 332-5362,https://mamacitashouston.com/,"515 E Nasa Rd 1, Webster, TX 77598",Webster,4.4,3197,Mexican restaurant,good,ok,ChIJIYC_FfCcQIYRcTjsa1bUcs4,1,smartlead-launch-good-first-500-2026-04-20,"bartlett-labs-outbound,houston,mv-verified,mv-good,smartlead-launch-good-first-500-2026-04-20"
Phoenicia,Specialty Foods,Phoenicia Specialty Foods,info@phoeniciafoods.com,(281) 558-8225,https://www.phoeniciafoods.com/locations/westheimer-market/,"12141 Westheimer Rd, Houston, TX 77077",Houston,4.4,3175,Gourmet grocery store,good,ok,ChIJI38BR_LcQIYRzJClZSoqftE,2,smartlead-launch-good-first-500-2026-04-20,"bartlett-labs-outbound,houston,mv-verified,mv-good,smartlead-launch-good-first-500-2026-04-20"
Campuzano,Mexican Food,Campuzano Mexican Food,info@indiantypefoundry.com,(214) 526-0100,http://www.campuzanomexicanfood.com/?utm_source=local&utm_medium=organic&utm_campaign=gmb,"2618 Oak Lawn Ave, Dallas, TX 75219",Dallas,4.4,3174,Mexican restaurant,good,ok,ChIJo8vd7cqeToYRpB9B5L8B5VA,31,smartlead-launch-good-first-500-2026-04-20,"bartlett-labs-outbound,houston,mv-verified,mv-good,smartlead-launch-good-first-500-2026-04-20"
Bungalow,,Bungalow,reservation@alifehospitality.com,(713) 393-7868,https://bungalowdining.com/,"407 Main St, Houston, TX 77002",Houston,4.5,3173,Steak house,good,ok,ChIJUywG2OG_QIYRUp64RJXu9wA,1,smartlead-launch-good-first-500-2026-04-20,"bartlett-labs-outbound,houston,mv-verified,mv-good,smartlead-launch-good-first-500-2026-04-20"
McCullough,Heating & Air Conditioning,McCullough Heating & Air Conditioning,info@coolmenow.com,(512) 877-6043,https://coolmenow.com/?utm_source=google&utm_medium=gbp-aus,"2620 Buell Ave, Austin, TX 78757",Austin,4.8,3171,HVAC contractor,good,ok,ChIJ12qmJKPLRIYRBiFkq3Mp6mY,2,smartlead-launch-good-first-500-2026-04-20,"bartlett-labs-outbound,houston,mv-verified,mv-good,smartlead-launch-good-first-500-2026-04-20"
Bayou,Music Center,Bayou Music Center,infobmc@livenation.com,(713) 230-1600,https://www.bayoumusiccenter.com/?utm_source=GMBlisting&utm_medium=organic,"520 Texas Ave, Houston, TX 77002",Houston,4.4,3169,Live music venue,good,ok,ChIJwaIsyDC_QIYRWjyGIQYmPYM,1,smartlead-launch-good-first-500-2026-04-20,"bartlett-labs-outbound,houston,mv-verified,mv-good,smartlead-launch-good-first-500-2026-04-20"
La,Mexicana,La Mexicana,donations@lamexicanarestaurant.com,(713) 521-0963,http://www.lamexicanarestaurant.com/,"1018 Fairview St, Houston, TX 77006",Houston,4,3147,Mexican restaurant,good,ok,ChIJVYLye2C_QIYRf_Djo1Ugx_s,1,smartlead-launch-good-first-500-2026-04-20,"bartlett-labs-outbound,houston,mv-verified,mv-good,smartlead-launch-good-first-500-2026-04-20"
Cane,Rosso,Cane Rosso,jamador@canerosso.com,(817) 922-9222,https://www.canerosso.com/,"815 W Magnolia Ave, Fort Worth, TX 76104",Fort Worth,4.5,3143,Pizza restaurant,good,ok,ChIJKW01mXVxToYRH3kzgP4CFKE,2,smartlead-launch-good-first-500-2026-04-20,"bartlett-labs-outbound,houston,mv-verified,mv-good,smartlead-launch-good-first-500-2026-04-20"
Frankie's,Downtown,Frankie's Downtown,info@frankiesbar.com,(214) 741-1919,https://www.frankiesbar.com/,"1303 Main St, Dallas, TX 75202",Dallas,4.4,3131,Sports bar,good,ok,ChIJ0RmJXRiZToYRlEzKpECzHdw,1,smartlead-launch-good-first-500-2026-04-20,"bartlett-labs-outbound,houston,mv-verified,mv-good,smartlead-launch-good-first-500-2026-04-20"
Patron,Grill,Patron Grill,contact@foodplacee.com,(936) 328-8333,https://patrongrill.shop/,"1301 W Church St, Livingston, TX 77351",Livingston,4.4,3123,Mexican restaurant,good,ok,ChIJNxEZb52GOIYRWHNarwCRkz8,1,smartlead-launch-good-first-500-2026-04-20,"bartlett-labs-outbound,houston,mv-verified,mv-good,smartlead-launch-good-first-500-2026-04-20"
Milano,Nail Spa Meyerland,Milano Nail Spa Meyerland,milanonailspameyerland@gmail.com,(281) 974-2904,https://milanonailspameyerland.com/,"600 Meyerland Plz, Houston, TX 77096",Houston,4.8,3121,Nail salon,good,ok,ChIJR-GjaADBQIYR6OG4CGEPd_g,1,smartlead-launch-good-first-500-2026-04-20,"bartlett-labs-outbound,houston,mv-verified,mv-good,smartlead-launch-good-first-500-2026-04-20"
Cris,and John,Cris and John,info@crisandjohn.com,(972) 803-4750,http://crisandjohn.com/,"6090 Campbell Rd #136, Dallas, TX 75248",Dallas,4.5,3112,Vietnamese restaurant,good,ok,ChIJG4Q5Vh8hTIYRgKiCQLWFub4,1,smartlead-launch-good-first-500-2026-04-20,"bartlett-labs-outbound,houston,mv-verified,mv-good,smartlead-launch-good-first-500-2026-04-20"
Air,Tech of Katy,Air Tech of Katy,service@airtechofkaty.com,(281) 317-7680,https://www.airtechofkaty.com/locations/katy-tx/?utm_source=google-gbp&utm_medium=organic&utm_campaign=*21*air-tech-katy,"5614 Franz Rd Suite B, Katy, TX 77493",Katy,4.8,3101,Electrician,good,ok,ChIJm4Cj5NIlQYYRnb97wlFDkDk,1,smartlead-launch-good-first-500-2026-04-20,"bartlett-labs-outbound,houston,mv-verified,mv-good,smartlead-launch-good-first-500-2026-04-20"
Gen,Korean BBQ House,Gen Korean BBQ House,info@genkoreanbbq.com,(713) 807-7444,https://www.genkoreanbbq.com/,"3201 Louisiana St #101, Houston, TX 77006",Houston,4.5,3090,Korean barbecue restaurant,good,ok,ChIJR0cj-zm_QIYR09XfqRcUQEA,2,smartlead-launch-good-first-500-2026-04-20,"bartlett-labs-outbound,houston,mv-verified,mv-good,smartlead-launch-good-first-500-2026-04-20"
Crowne,Plaza Houston Med Ctr-Galleria Area by IHG,Crowne Plaza Houston Med Ctr-Galleria Area by IHG,info@ihg.com,(713) 523-8448,https://www.ihg.com/crowneplaza/hotels/us/en/houston/hougp/hoteldetail?cm_mmc=GoogleMaps-_-CP-_-US-_-HOUGP,"2712 Southwest Fwy, Houston, TX 77098",Houston,3.7,3082,Hotel,good,ok,ChIJFaq-RvHAQIYRkWjwi4nyTKw,27,smartlead-launch-good-first-500-2026-04-20,"bartlett-labs-outbound,houston,mv-verified,mv-good,smartlead-launch-good-first-500-2026-04-20"
Trattoria,Bella Sera,Trattoria Bella Sera,info@trattoriabellasera.com,(915) 598-7948,http://www.trattoriabellasera.com/,"3512 N Yarbrough Dr Suite B, El Paso, TX 79925",El Paso,4.5,3076,Italian restaurant,good,ok,ChIJcYdjSsVa54YR5Wft5qYUHBI,1,smartlead-launch-good-first-500-2026-04-20,"bartlett-labs-outbound,houston,mv-verified,mv-good,smartlead-launch-good-first-500-2026-04-20"
Affordable,Furniture,Affordable Furniture,affordablefurniturenw@gmail.com,(713) 681-6300,http://www.affordablefurniturehouston.com/,"12005 Northwest Fwy Suite B, Houston, TX 77092",Houston,4.9,3048,Furniture store,good,ok,ChIJV-xoQz2XQIYR49yqfDCQn00,1,smartlead-launch-good-first-500-2026-04-20,"bartlett-labs-outbound,houston,mv-verified,mv-good,smartlead-launch-good-first-500-2026-04-20"
FotoLab,Studio,FotoLab Studio,info@fotolab.studio,(281) 770-9776,http://www.fotolab.studio/,"401 Franklin St suite 1505, Houston, TX 77201",Houston,5,3040,Photography studio,good,ok,ChIJS4ttVIG_QIYRHhI9O2tp0sE,1,smartlead-launch-good-first-500-2026-04-20,"bartlett-labs-outbound,houston,mv-verified,mv-good,smartlead-launch-good-first-500-2026-04-20"
Shammy's,"Car Wash (Forest Ln. East) - Dallas, TX","Shammy's Car Wash (Forest Ln. East) - Dallas, TX",info@shammyscarwash.com,(844) 742-6697,https://www.shammyscarwash.com/dallas-tx-location,"9262 Forest Ln, Dallas, TX 75243",Dallas,4.9,3016,Car wash,good,ok,ChIJkSUvrKgfTIYR4g2n8gAcLi8,4,smartlead-launch-good-first-500-2026-04-20,"bartlett-labs-outbound,houston,mv-verified,mv-good,smartlead-launch-good-first-500-2026-04-20"
Neches,River Wheelhouse,Neches River Wheelhouse,setxwheelhouse@gmail.com,(409) 853-1249,http://nechesriverwheelhouse.com/,"720 Lee Ave, Port Neches, TX 77651",Port Neches,4.4,3013,Seafood restaurant,good,ok,ChIJb5HZEHqxPoYRQY9sLadfXPg,1,smartlead-launch-good-first-500-2026-04-20,"bartlett-labs-outbound,houston,mv-verified,mv-good,smartlead-launch-good-first-500-2026-04-20"
Hook,Line & Sinker,Hook Line & Sinker,info@hookline-sinker.com,(214) 965-0707,http://hookline-sinker.com/,"3103 Lemmon Ave E, Dallas, TX 75204",Dallas,4.3,3012,Seafood restaurant,good,ok,ChIJB2xpatOeToYRoklKUEWXO08,1,smartlead-launch-good-first-500-2026-04-20,"bartlett-labs-outbound,houston,mv-verified,mv-good,smartlead-launch-good-first-500-2026-04-20"
Mike's,Chicken,Mike's Chicken,hello@mikeschicken.co,(214) 443-7822,http://www.mikeschicken.co/,"4234 Maple Ave, Dallas, TX 75219",Dallas,4.6,3012,Chicken restaurant,good,ok,ChIJAy4sBLSeToYRJtM1Kqlnj00,2,smartlead-launch-good-first-500-2026-04-20,"bartlett-labs-outbound,houston,mv-verified,mv-good,smartlead-launch-good-first-500-2026-04-20"
Home,Zone Furniture,Home Zone Furniture,manager15@homezonefurniture.com,(512) 852-8610,https://homezonefurniture.com/pages/round-rock?utm_source=local&utm_medium=organic,"1601 N Interstate Hwy 35 #500, Round Rock, TX 78664",Round Rock,4.9,3011,Furniture store,good,ok,ChIJ4QKsGCHORIYRD5vJ0iJ3z8w,1,smartlead-launch-good-first-500-2026-04-20,"bartlett-labs-outbound,houston,mv-verified,mv-good,smartlead-launch-good-first-500-2026-04-20"
The,Hoppy Monk,The Hoppy Monk,feedback@thehoppymonk.com,(210) 545-3330,http://www.thehoppymonk.com/sanantonio,"1010 N Loop 1604 E, San Antonio, TX 78232",San Antonio,4.5,3004,Bar,good,ok,ChIJt-ifFgKKXIYR8Z2LD4bFrsw,1,smartlead-launch-good-first-500-2026-04-20,"bartlett-labs-outbound,houston,mv-verified,mv-good,smartlead-launch-good-first-500-2026-04-20"
Eno's,Pizza Tavern,Eno's Pizza Tavern,info@enospizza.com,(214) 943-9200,http://www.enospizza.com/,"407 N Bishop Ave, Dallas, TX 75208",Dallas,4.4,2995,Pizza restaurant,good,ok,ChIJg9LVxoWZToYROYcMz4NT_Cw,1,smartlead-launch-good-first-500-2026-04-20,"bartlett-labs-outbound,houston,mv-verified,mv-good,smartlead-launch-good-first-500-2026-04-20"
Eureka!,,Eureka!,guestservices@eurekarestaurantgroup.com,(512) 735-1144,http://eurekarestaurantgroup.com/blog/locations/austin/,"200 E 6th St, Austin, TX 78701",Austin,4.4,2986,American restaurant,good,ok,ChIJF9Jpeqe1RIYRqEgyqpTpZ1c,1,smartlead-launch-good-first-500-2026-04-20,"bartlett-labs-outbound,houston,mv-verified,mv-good,smartlead-launch-good-first-500-2026-04-20"
Lupe,Tortilla Mexican Restaurant,Lupe Tortilla Mexican Restaurant,twilson@lupetortilla.com,(713) 522-4420,https://tex-mex.com/west-university-downtown/,"2414 Southwest Fwy, Houston, TX 77098",Houston,4.4,2984,Mexican restaurant,good,ok,ChIJIZL7EvPAQIYRV94ozpA6pFs,1,smartlead-launch-good-first-500-2026-04-20,"bartlett-labs-outbound,houston,mv-verified,mv-good,smartlead-launch-good-first-500-2026-04-20"
Bread,Winners Cafe & Bakery,Bread Winners Cafe & Bakery,uptown@breadwinnerscafe.com,(214) 556-1334,https://breadwinnerscafe.com/uptown-dallas,"3301 McKinney Ave, Dallas, TX 75204",Dallas,4.3,2982,Restaurant,good,ok,ChIJFWBqMtOeToYRvS9FXF0BOCw,1,smartlead-launch-good-first-500-2026-04-20,"bartlett-labs-outbound,houston,mv-verified,mv-good,smartlead-launch-good-first-500-2026-04-20"
Eldorado,Cafe,Eldorado Cafe,info@eldoradocafeatx.com,(512) 420-2222,http://www.eldoradocafeatx.com/,"3300 W Anderson Ln. #303, Austin, TX 78757",Austin,4.7,2981,Mexican restaurant,good,ok,ChIJMW6HHQrLRIYRGYgJdE4dGwI,1,smartlead-launch-good-first-500-2026-04-20,"bartlett-labs-outbound,houston,mv-verified,mv-good,smartlead-launch-good-first-500-2026-04-20"
Air,Tech of Humble - Elite Comfort,Air Tech of Humble - Elite Comfort,service@airtechofhumble.com,(346) 236-1240,https://www.airtechofhumble.com/locations/humble-tx/?utm_source=google-gbp&utm_medium=organic&utm_campaign=*20*air-tech-humble,"1710 1st St E, Humble, TX 77338",Humble,4.9,2970,HVAC contractor,good,ok,ChIJJ8yZOL-yQIYRCvmn6R0BcsI,1,smartlead-launch-good-first-500-2026-04-20,"bartlett-labs-outbound,houston,mv-verified,mv-good,smartlead-launch-good-first-500-2026-04-20"
Megg's,Cafe,Megg's Cafe,info@meggs-cafe.com,(254) 771-3800,http://www.meggs-cafe.com/,"1749 Everton Dr, Temple, TX 76504",Temple,4.4,2970,American restaurant,good,ok,ChIJP5nX9GprRYYRoHiDJzzyIB8,1,smartlead-launch-good-first-500-2026-04-20,"bartlett-labs-outbound,houston,mv-verified,mv-good,smartlead-launch-good-first-500-2026-04-20"
Sushi,Masa Beaumont,Sushi Masa Beaumont,batonrougela@sushimasaus.com,(409) 225-5969,https://sushimasaus.com/,"4185 Dowlen Rd, Beaumont, TX 77706",Beaumont,4.9,2943,Sushi restaurant,good,ok,ChIJ46NMQVgzOYYR9dfLCG0QLUQ,2,smartlead-launch-good-first-500-2026-04-20,"bartlett-labs-outbound,houston,mv-verified,mv-good,smartlead-launch-good-first-500-2026-04-20"
Gatlin's,BBQ,Gatlin's BBQ,info@gatlinsbbq.com,(713) 869-4227,https://gatlinsbbq.com/?utm_source=google,"3510 Ella Blvd Bldg C Ste A, Houston, TX 77018",Houston,4.4,2936,Barbecue restaurant,good,ok,ChIJn_o7uwTHQIYRpV9BxKBlCZo,1,smartlead-launch-good-first-500-2026-04-20,"bartlett-labs-outbound,houston,mv-verified,mv-good,smartlead-launch-good-first-500-2026-04-20"
Southwest,Irrigation Systems,Southwest Irrigation Systems,service@swis-inc.com,(281) 494-3700,http://www.swis-inc.com/,"2511 McKeever Rd, Rosharon, TX 77583",Rosharon,4.9,2928,Lawn sprinkler system contractor,good,ok,ChIJeez3kqDvQIYRdq8Td9PiX7g,2,smartlead-launch-good-first-500-2026-04-20,"bartlett-labs-outbound,houston,mv-verified,mv-good,smartlead-launch-good-first-500-2026-04-20"
Truluck's,Ocean's Finest Seafood & Crab,Truluck's Ocean's Finest Seafood & Crab,austinevents@trulucks.com,(713) 783-7270,https://trulucks.com/locations/houston-texas/,"5350 Westheimer Rd, Houston, TX 77056",Houston,4.6,2924,Seafood restaurant,good,ok,ChIJS_vq1GXBQIYRaGH_5YQ4x3M,4,smartlead-launch-good-first-500-2026-04-20,"bartlett-labs-outbound,houston,mv-verified,mv-good,smartlead-launch-good-first-500-2026-04-20"
Sawyer,& Co,Sawyer & Co,info@sawyerand.co,(512) 531-9033,https://www.sawyerand.co/,"4827 E Cesar Chavez St, Austin, TX 78702",Austin,4.5,2922,Breakfast restaurant,good,ok,ChIJD0B3uSu0RIYRjyLH4OTZI2k,1,smartlead-launch-good-first-500-2026-04-20,"bartlett-labs-outbound,houston,mv-verified,mv-good,smartlead-launch-good-first-500-2026-04-20"
Meno's,Méxican Grill | Stan Schlueter,Meno's Méxican Grill | Stan Schlueter,menosgrill@gmail.com,(254) 554-8220,https://menosgrilltx.com/,"1100 E Stan Schlueter Loop, Killeen, TX 76542",Killeen,4.2,2914,Mexican restaurant,good,ok,ChIJ787sTlRKRYYRM610sR9eKr0,1,smartlead-launch-good-first-500-2026-04-20,"bartlett-labs-outbound,houston,mv-verified,mv-good,smartlead-launch-good-first-500-2026-04-20"
Frank’s,Repair Plumbing Inc.,Frank’s Repair Plumbing Inc.,info@franksrepairplumbing.com,(806) 545-8565,https://www.franksrepairplumbing.com/?utm_source=GMB&utm_medium=organic&utm_campaign=Amarillo,"4112 NW 10th Ave, Amarillo, TX 79106",Amarillo,4.9,2913,Plumber,good,ok,ChIJcaLM_htOAYcR3WMCYiZB61M,1,smartlead-launch-good-first-500-2026-04-20,"bartlett-labs-outbound,houston,mv-verified,mv-good,smartlead-launch-good-first-500-2026-04-20"
Schrader,Plumbing,Schrader Plumbing,contact@schraderplumbing.com,(817) 262-0989,https://www.schraderplumbing.com/,"5520 Davis Blvd, North Richland Hills, TX 76180",North Richland Hills,4.9,2901,Plumber,good,ok,ChIJf6ba2pF_ToYRO0yhu_thTSY,1,smartlead-launch-good-first-500-2026-04-20,"bartlett-labs-outbound,houston,mv-verified,mv-good,smartlead-launch-good-first-500-2026-04-20"
Taqueria,Datapoint,Taqueria Datapoint,taqueriadatapointmedicaldrive@gmail.com,(726) 238-4286,https://www.taqueriadatapointmedicaldrive.net/,"4061 Medical Dr, San Antonio, TX 78229",San Antonio,4.4,2900,Mexican restaurant,good,ok,ChIJOe8ItKhgXIYRZ6Ot0Abv0Ac,1,smartlead-launch-good-first-500-2026-04-20,"bartlett-labs-outbound,houston,mv-verified,mv-good,smartlead-launch-good-first-500-2026-04-20"
Perla's,,Perla's,events@perlasaustin.com,(512) 291-7300,http://perlasaustin.com/,"1400 S Congress Ave, Austin, TX 78704",Austin,4.5,2898,Seafood restaurant,good,ok,ChIJb7byD_20RIYRT9uoSeSUvzY,1,smartlead-launch-good-first-500-2026-04-20,"bartlett-labs-outbound,houston,mv-verified,mv-good,smartlead-launch-good-first-500-2026-04-20"
Aladdin,Mediterranean cuisine,Aladdin Mediterranean cuisine,catering@aladdinshouston.com,(713) 942-2321,https://aladdinshouston.com/,"912 Westheimer Rd, Houston, TX 77006",Houston,4.6,2883,Mediterranean restaurant,good,ok,ChIJ3RBHCWG_QIYRXqlqTIyTIf4,2,smartlead-launch-good-first-500-2026-04-20,"bartlett-labs-outbound,houston,mv-verified,mv-good,smartlead-launch-good-first-500-2026-04-20"
Andretti,Indoor Karting & Games Katy,Andretti Indoor Karting & Games Katy,info@andrettikarting.com,(832) 974-2201,https://andrettikarting.com/katy/,"1230 Grand W Blvd, Katy, TX 77449",Katy,4.1,2877,Go-karting venue,good,ok,ChIJnT6dx6MnQYYRREYepx63G48,1,smartlead-launch-good-first-500-2026-04-20,"bartlett-labs-outbound,houston,mv-verified,mv-good,smartlead-launch-good-first-500-2026-04-20"
Auto,Liquidators Plus,Auto Liquidators Plus,sales@autoliquidators.net,(469) 291-9948,https://www.autoliquidatorsplus.com/?utm_source=googlemybusiness&utm_medium=organic,"39670 Lyndon B Johnson Fwy, Dallas, TX 75237",Dallas,4.7,2877,Used car dealer,good,ok,ChIJs8n-mhSRToYRULAAFQxm8eE,1,smartlead-launch-good-first-500-2026-04-20,"bartlett-labs-outbound,houston,mv-verified,mv-good,smartlead-launch-good-first-500-2026-04-20"
Executive,Tint,Executive Tint,info@xmhouston.com,(713) 780-8000,https://www.xmhouston.com/,"2823 Hillcroft St, Houston, TX 77057",Houston,4.8,2859,Window tinting service,good,ok,ChIJ0yJ1WrjDQIYR-usOJ-GQGGE,3,smartlead-launch-good-first-500-2026-04-20,"bartlett-labs-outbound,houston,mv-verified,mv-good,smartlead-launch-good-first-500-2026-04-20"
Mission,Air Conditioning & Plumbing,Mission Air Conditioning & Plumbing,info@missionac.com,(281) 502-2062,https://www.missionac.com/locations/houston-tx/?utm_source=google&utm_medium=organic&utm_campaign=gbp,"1630 Elmview Dr, Houston, TX 77080",Houston,4.8,2855,HVAC contractor,good,ok,ChIJOzxuebLHQIYR3BI5ClV2ftI,3,smartlead-launch-good-first-500-2026-04-20,"bartlett-labs-outbound,houston,mv-verified,mv-good,smartlead-launch-good-first-500-2026-04-20"
Dimassi's,,Dimassi's,info@dimassis.com,(713) 526-5111,https://www.dimassis.com/dimassis-mediterranean-buffet-lcations/kirby-houston-tx,"8236 Kirby Dr, Houston, TX 77054",Houston,4.5,2852,Mediterranean restaurant,good,ok,ChIJk6KbOBjAQIYRRQWvFzacUvk,1,smartlead-launch-good-first-500-2026-04-20,"bartlett-labs-outbound,houston,mv-verified,mv-good,smartlead-launch-good-first-500-2026-04-20"
Tia,Juanita's Fish Camp,Tia Juanita's Fish Camp,admin@tiaswaco.com,(409) 434-4532,https://www.tjfishcamp.com/,"5555 Calder Ave, Beaumont, TX 77706",Beaumont,4.6,2841,Mexican restaurant,good,ok,ChIJIRVKlqjMPoYRDNdt6xa3-uk,6,smartlead-launch-good-first-500-2026-04-20,"bartlett-labs-outbound,houston,mv-verified,mv-good,smartlead-launch-good-first-500-2026-04-20"
RAKKAN,Ramen - Westchase,RAKKAN Ramen - Westchase,info@rakkanramen.com,(281) 888-1582,https://rakkanramen.com/?olonwp=JjBtp_vMLk25gkYh_bnoiQ,"2550 CityWest Blvd Suite 400, Houston, TX 77042",Houston,4.9,2832,Japanese restaurant,good,ok,ChIJQwQ3BYvDQIYR0cwAlquOVyo,4,smartlead-launch-good-first-500-2026-04-20,"bartlett-labs-outbound,houston,mv-verified,mv-good,smartlead-launch-good-first-500-2026-04-20"
Dermatology,San Antonio,Dermatology San Antonio,info@dermsanantonio.com,(210) 615-7171,http://www.dermsanantonio.com/,"16110 Via Shavano, San Antonio, TX 78249",San Antonio,4.9,2830,Dermatologist,good,ok,ChIJl50Sv1JhXIYRpCeB2LuSAr8,3,smartlead-launch-good-first-500-2026-04-20,"bartlett-labs-outbound,houston,mv-verified,mv-good,smartlead-launch-good-first-500-2026-04-20"
Riverwalk,Plaza Hotel,Riverwalk Plaza Hotel,info@riverwalkplaza.com,(210) 225-1234,https://www.riverwalkplaza.com/,"100 Villita St, San Antonio, TX 78205",San Antonio,3.8,2827,Hotel,good,ok,ChIJnRWhBa1YXIYReQg4LVjL85w,1,smartlead-launch-good-first-500-2026-04-20,"bartlett-labs-outbound,houston,mv-verified,mv-good,smartlead-launch-good-first-500-2026-04-20"
Umiya,Sushi,Umiya Sushi,umiyasushisa@gmail.com,(210) 455-0299,https://www.umiyasa.com/,"11075 I-10 Suite 200, San Antonio, TX 78230",San Antonio,4.5,2810,Japanese restaurant,good,ok,ChIJO0AnxS9nXIYRu3CYYsaBz3o,1,smartlead-launch-good-first-500-2026-04-20,"bartlett-labs-outbound,houston,mv-verified,mv-good,smartlead-launch-good-first-500-2026-04-20"
Seasons,52,Seasons 52,info@seasons52.com,(972) 312-8852,https://www.seasons52.com/locations/tx/plano/plano/4518?cmpid=br:s52_ag:ie_ch:loc_ca:S52GMB_sn:gmb_gt:plano-tx-4518_pl:locurl_rd:1017,"7300 Lone Star Dr Suite C100, Plano, TX 75024",Plano,4.6,2805,New American restaurant,good,ok,ChIJO8_2t7E8TIYRAdbA8OyDGI0,2,smartlead-launch-good-first-500-2026-04-20,"bartlett-labs-outbound,houston,mv-verified,mv-good,smartlead-launch-good-first-500-2026-04-20"
NOLA,Restaurant,NOLA Restaurant,hello@whereyatsa.com,(210) 255-8842,http://eatatnola.com/,"1101 Broadway Ste 120, San Antonio, TX 78215",San Antonio,4.4,2796,Breakfast restaurant,good,ok,ChIJqwuNwmFfXIYRgIqnSM7xSAs,1,smartlead-launch-good-first-500-2026-04-20,"bartlett-labs-outbound,houston,mv-verified,mv-good,smartlead-launch-good-first-500-2026-04-20"
Speedy's,Fast Track,Speedy's Fast Track,info@houstonfasttrack.com,(713) 957-8803,https://www.houstonfasttrack.com/,"11440 Hempstead Rd, Houston, TX 77092",Houston,4.4,2790,Go-karting venue,good,ok,ChIJCR4OTtXFQIYRp5yfadImDsw,1,smartlead-launch-good-first-500-2026-04-20,"bartlett-labs-outbound,houston,mv-verified,mv-good,smartlead-launch-good-first-500-2026-04-20"
Daniel's,Plumbing and Air Conditioning,Daniel's Plumbing and Air Conditioning,info@danielsaustin.com,(512) 456-3570,https://www.danielsaustin.com/?utm_source=GMB&utm_medium=organic&utm_campaign=austin,"2929 Longhorn Blvd #105, Austin, TX 78758",Austin,4.7,2789,Plumber,good,ok,ChIJx4aR843LRIYRxtI2fjgdyPE,1,smartlead-launch-good-first-500-2026-04-20,"bartlett-labs-outbound,houston,mv-verified,mv-good,smartlead-launch-good-first-500-2026-04-20"
Rainbow,Lodge,Rainbow Lodge,info@rainbow-lodge.com,(713) 861-8666,http://rainbow-lodge.com/,"2011 Ella Blvd, Houston, TX 77008",Houston,4.5,2789,American restaurant,good,ok,ChIJW_s0SRvHQIYREXn0DXARk9U,1,smartlead-launch-good-first-500-2026-04-20,"bartlett-labs-outbound,houston,mv-verified,mv-good,smartlead-launch-good-first-500-2026-04-20"
Proven,Plumbing & Air,Proven Plumbing & Air,customerservice@provenplumbing.com,(512) 775-1234,https://www.callproven.com/,"300 Brushy Creek Rd Suite 402, Cedar Park, TX 78613",Cedar Park,4.9,2785,Plumber,good,ok,ChIJmUYKBAotW4YRh06-vt0DbcY,1,smartlead-launch-good-first-500-2026-04-20,"bartlett-labs-outbound,houston,mv-verified,mv-good,smartlead-launch-good-first-500-2026-04-20"
Calico,County Restaurant,Calico County Restaurant,steve@ccr.rest,(806) 358-7664,http://www.calicocountydiner.com/,"2410 Paramount Blvd, Amarillo, TX 79109",Amarillo,4.3,2778,American restaurant,good,ok,ChIJibnhXc9PAYcRUCU-C-nqxas,1,smartlead-launch-good-first-500-2026-04-20,"bartlett-labs-outbound,houston,mv-verified,mv-good,smartlead-launch-good-first-500-2026-04-20"
The,Yard McKinney TX,The Yard McKinney TX,eatdrinkplay@yardtx.com,(469) 631-0035,http://www.yardtx.com/,"107 S Church St, McKinney, TX 75069",McKinney,4.5,2778,Restaurant,good,ok,ChIJV1T-K2ETTIYRlYXWCDiDwO0,1,smartlead-launch-good-first-500-2026-04-20,"bartlett-labs-outbound,houston,mv-verified,mv-good,smartlead-launch-good-first-500-2026-04-20"
Farmhouse,Cafe,Farmhouse Cafe,farmhousecafe@me.com,(936) 435-1450,http://www.farmhousecafetexas.com/,"1004 14th St, Huntsville, TX 77340",Huntsville,4.5,2777,American restaurant,good,ok,ChIJQyno1o8IR4YR15Iko0rKPaE,1,smartlead-launch-good-first-500-2026-04-20,"bartlett-labs-outbound,houston,mv-verified,mv-good,smartlead-launch-good-first-500-2026-04-20"
Los,Vaqueros,Los Vaqueros,lvinfo@losvaqueros.com,(817) 624-1511,http://www.losvaqueros.com/,"2513 Rodeo Plaza, Fort Worth, TX 76164",Fort Worth,4.2,2771,Mexican restaurant,good,ok,ChIJyUhJUqB2ToYRW4oiw8sss4o,1,smartlead-launch-good-first-500-2026-04-20,"bartlett-labs-outbound,houston,mv-verified,mv-good,smartlead-launch-good-first-500-2026-04-20"
Olive,Garden Italian Restaurant,Olive Garden Italian Restaurant,info@olivegarden.com,(915) 585-1097,https://www.olivegarden.com/locations/tx/el-paso/el-paso-sunland-mall/1202?cmpid=br:og_ag:ie_ch:loc_ca:OGGMB_sn:gmb_gt:el-paso-tx-1202_pl:locurl_rd:1151,"740 Sunland Park Dr, El Paso, TX 79912",El Paso,4.4,2771,Italian restaurant,good,ok,ChIJgR0xMg743YYRVDQPeMzIKT4,3,smartlead-launch-good-first-500-2026-04-20,"bartlett-labs-outbound,houston,mv-verified,mv-good,smartlead-launch-good-first-500-2026-04-20"
Locktopia,Escape Room Houston,Locktopia Escape Room Houston,info@locktopiahouston.com,(713) 588-1705,https://locktopiahouston.com/,"5326 Weslayan St, Houston, TX 77005",Houston,5,2760,Escape room center,good,ok,ChIJc0VvtUTBQIYRHfbEGci0964,1,smartlead-launch-good-first-500-2026-04-20,"bartlett-labs-outbound,houston,mv-verified,mv-good,smartlead-launch-good-first-500-2026-04-20"
Picos,Restaurant,Picos Restaurant,arichards@picos.net,(832) 831-9940,https://picos.net/?utm_source=google,"3601 Kirby Dr, Houston, TX 77098",Houston,4.3,2756,Mexican restaurant,good,ok,ChIJZcpAhCTCQIYRt5hw6OjmZHs,1,smartlead-launch-good-first-500-2026-04-20,"bartlett-labs-outbound,houston,mv-verified,mv-good,smartlead-launch-good-first-500-2026-04-20"
Mighty,"Mike's Plumbing, Electrical & HVAC","Mighty Mike's Plumbing, Electrical & HVAC",info@callmightymike.com,(956) 686-1353,https://callmightymike.com/,"3104 N Jackson Rd, Pharr, TX 78577",Pharr,4.9,2754,Plumber,good,ok,ChIJz88Hf92gZYYRV3NH3uwGTx4,1,smartlead-launch-good-first-500-2026-04-20,"bartlett-labs-outbound,houston,mv-verified,mv-good,smartlead-launch-good-first-500-2026-04-20"
K1,"Speed - Indoor Go Karts, Corporate Event Venue, Team Building Activities","K1 Speed - Indoor Go Karts, Corporate Event Venue, Team Building Activities",info@k1speed.com,(281) 674-8012,https://k1speed.com/houston-location.html,"14900 Northwest Fwy, Houston, TX 77040",Houston,4.3,2740,Go-karting venue,good,ok,ChIJ1QQg8e3PQIYRmSxDRbM_VGc,1,smartlead-launch-good-first-500-2026-04-20,"bartlett-labs-outbound,houston,mv-verified,mv-good,smartlead-launch-good-first-500-2026-04-20"
Two,Guys From Italy,Two Guys From Italy,twoguysfromitalydallas@gmail.com,(972) 247-6814,http://www.twoguysfromitalyrestaurant.com/,"11637 Webb Chapel Rd, Dallas, TX 75229",Dallas,4.5,2740,Italian restaurant,good,ok,ChIJFYgACXQnTIYRFCq-HvOhzW0,1,smartlead-launch-good-first-500-2026-04-20,"bartlett-labs-outbound,houston,mv-verified,mv-good,smartlead-launch-good-first-500-2026-04-20"
Komé:,Sushi Kitchen,Komé: Sushi Kitchen,info@kome-austin.com,(512) 712-5700,http://www.kome-austin.com/,"5301 Airport Blvd #100, Austin, TX 78751",Austin,4.5,2736,Sushi restaurant,good,ok,ChIJDfgc5g3KRIYRSxRCBb-Zez8,1,smartlead-launch-good-first-500-2026-04-20,"bartlett-labs-outbound,houston,mv-verified,mv-good,smartlead-launch-good-first-500-2026-04-20"
Club,"Quarters Hotel Downtown, Houston","Club Quarters Hotel Downtown, Houston",guestservices@clubquarters.com,(713) 224-6400,https://clubquartershotels.com/houston/downtown,"720 Fannin St, Houston, TX 77002",Houston,3.9,2734,Hotel,good,ok,ChIJB_NsLDu_QIYRZ3Buf7UtEeE,1,smartlead-launch-good-first-500-2026-04-20,"bartlett-labs-outbound,houston,mv-verified,mv-good,smartlead-launch-good-first-500-2026-04-20"
The,Dentist,The Dentist,thedentistelpaso@gmail.com,(915) 228-3084,https://thedentistelpaso.com/?utm_source=local&utm_medium=organic&utm_campaign=gmb,"3060 Joe Battle Blvd, El Paso, TX 79938",El Paso,4.9,2714,Dentist,good,ok,ChIJ4_Mf9zBE54YRw26iCFZsOdw,1,smartlead-launch-good-first-500-2026-04-20,"bartlett-labs-outbound,houston,mv-verified,mv-good,smartlead-launch-good-first-500-2026-04-20"
Canales,Furniture / Muebleria Oak Cliff,Canales Furniture / Muebleria Oak Cliff,dallas@canalesfurniture.com,(214) 946-2659,https://www.canalesfurniture.com/pages/oak-cliff,"101 E Jefferson Blvd, Dallas, TX 75203",Dallas,4.9,2704,Furniture store,good,ok,ChIJS7VgKk-ZToYRnza55qcZ2kE,3,smartlead-launch-good-first-500-2026-04-20,"bartlett-labs-outbound,houston,mv-verified,mv-good,smartlead-launch-good-first-500-2026-04-20"
Ameritex,Movers Houston - Packers and Movers Houston,Ameritex Movers Houston - Packers and Movers Houston,info@ameritexhouston.com,(713) 484-6683,https://ameritexhouston.com/,"9200 W Sam Houston Pkwy S, Houston, TX 77099",Houston,4.7,2701,Mover,good,ok,ChIJQZdJPqnDQIYRmgLJqSNweEk,2,smartlead-launch-good-first-500-2026-04-20,"bartlett-labs-outbound,houston,mv-verified,mv-good,smartlead-launch-good-first-500-2026-04-20"
Sandoval,& James Car Accident & Personal Injury Lawyers Austin,Sandoval & James Car Accident & Personal Injury Lawyers Austin,info@sj-lawfirm.com,(512) 382-7707,https://sj-lawfirm.com/austin-texas-car-accident-lawyer-near-me/?utm_source=google&utm_medium=organic&utm_campaign=gmbwebsite,"4807 Spicewood Springs Rd Bldg. 2, STE 100, Austin, TX 78759",Austin,4.9,2700,Personal injury attorney,good,ok,ChIJ76oaF4zMRIYRqC5ggUkSQrc,1,smartlead-launch-good-first-500-2026-04-20,"bartlett-labs-outbound,houston,mv-verified,mv-good,smartlead-launch-good-first-500-2026-04-20"
Lucky,Robot Restaurant,Lucky Robot Restaurant,info@luckyrobotrestaurant.com,(512) 444-8081,https://luckyrobotatx.com/?utm_source=google,"1303 S Congress Ave, Austin, TX 78704",Austin,4.5,2697,Japanese restaurant,good,ok,ChIJT-5pvP20RIYRomVuik28HBI,1,smartlead-launch-good-first-500-2026-04-20,"bartlett-labs-outbound,houston,mv-verified,mv-good,smartlead-launch-good-first-500-2026-04-20"
SIXT,Rent a Car Houston Airport,SIXT Rent a Car Houston Airport,info@sixt.com,(888) 749-8227,https://www.sixt.com/car-rental/usa/houston/iah-houston-george-bush-airport/?utm_source=google_business&utm_medium=organic&utm_campaign=Listings&c1=US&c2=houston&c3=iah-houston-george-bush-airport,"17330 Palmetto Pines, Houston, TX 77032",Houston,4.2,2697,Car rental agency,good,ok,ChIJb_AbHgK1QIYRO-AerY8BtFk,3,smartlead-launch-good-first-500-2026-04-20,"bartlett-labs-outbound,houston,mv-verified,mv-good,smartlead-launch-good-first-500-2026-04-20"
Hungry,Jack's,Hungry Jack's,support@spoton.com,(281) 462-7153,https://hungryjacks.restaurant/,"14045 FM 2100 Ste 120, Crosby, TX 77532",Crosby,4.7,2693,Breakfast restaurant,good,ok,ChIJs_9vcxyoQIYRwZC59ndS6NY,2,smartlead-launch-good-first-500-2026-04-20,"bartlett-labs-outbound,houston,mv-verified,mv-good,smartlead-launch-good-first-500-2026-04-20"
Pie,Tap Pizza + Rotisserie + Bar,Pie Tap Pizza + Rotisserie + Bar,info@pie-tap.com,(469) 677-0997,https://www.pie-tap.com/,"1212 Oak Lawn Ave, Dallas, TX 75207",Dallas,4.6,2691,Pizza restaurant,good,ok,ChIJd1sttTqfToYRd3lzgz5xUGo,2,smartlead-launch-good-first-500-2026-04-20,"bartlett-labs-outbound,houston,mv-verified,mv-good,smartlead-launch-good-first-500-2026-04-20"
Republic,Harley-Davidson,Republic Harley-Davidson,info@republichd.com,(281) 295-1000,http://www.republichd.com/?utm_medium=organic&utm_source=GMBlisting&utm_campaign=harleydavidsonsales,"12707 Southwest Fwy, Stafford, TX 77477",Stafford,4.8,2689,Harley-Davidson dealer,good,ok,ChIJAYyc5bfnQIYRwUuyAVowSjI,1,smartlead-launch-good-first-500-2026-04-20,"bartlett-labs-outbound,houston,mv-verified,mv-good,smartlead-launch-good-first-500-2026-04-20"
Street's,Fine Chicken,Street's Fine Chicken,sfc.team.cedarsprings@gmail.com,(469) 917-7140,https://www.streetsfinechicken.com/,"3857 Cedar Springs Rd, Dallas, TX 75219",Dallas,4.5,2686,Southern restaurant (US),good,ok,ChIJJeeAesmeToYRgrjusxjTtyo,2,smartlead-launch-good-first-500-2026-04-20,"bartlett-labs-outbound,houston,mv-verified,mv-good,smartlead-launch-good-first-500-2026-04-20"
Grimaldi's,Pizzeria,Grimaldi's Pizzeria,mmoss@grimaldispizzeria.com,(915) 594-4929,https://www.grimaldispizzeria.com/locations/el-paso/,"8889 Gateway Blvd W Ste 1200, El Paso, TX 79925",El Paso,4.4,2676,Pizza restaurant,good,ok,ChIJfziMJxpb54YRCe0xrP7QrBo,2,smartlead-launch-good-first-500-2026-04-20,"bartlett-labs-outbound,houston,mv-verified,mv-good,smartlead-launch-good-first-500-2026-04-20"
Paschal,"Air, Plumbing & Electric","Paschal Air, Plumbing & Electric",info@gopaschal.com,(972) 435-9828,https://gopaschal.com/service-areas/arlington-tx?utm_source=gbp-arlington,"7120 W Interstate 20, Arlington, TX 76017",Arlington,4.8,2675,Plumber,good,ok,ChIJQ9jQVoc5TIYRP2aEBHcv_PE,2,smartlead-launch-good-first-500-2026-04-20,"bartlett-labs-outbound,houston,mv-verified,mv-good,smartlead-launch-good-first-500-2026-04-20"
Al,Biernat's Oak Lawn,Al Biernat's Oak Lawn,frontdesk@albiernats.com,(214) 219-2201,https://www.albiernats.com/locations/oak-lawn/?utm_source=google&utm_medium=organic&utm_campaign=gbp,"4217 Oak Lawn Ave, Dallas, TX 75219",Dallas,4.7,2667,Steak house,good,ok,ChIJTdYTTtueToYR1n1KpfzBLVo,1,smartlead-launch-good-first-500-2026-04-20,"bartlett-labs-outbound,houston,mv-verified,mv-good,smartlead-launch-good-first-500-2026-04-20"
El,Alma,El Alma,info@elalmacafe.com,(512) 609-8923,http://www.elalmacafe.com/,"1025 Barton Springs Rd, Austin, TX 78704",Austin,4.4,2663,Mexican restaurant,good,ok,ChIJhW2TpRu1RIYRq1ErlAiHj-A,1,smartlead-launch-good-first-500-2026-04-20,"bartlett-labs-outbound,houston,mv-verified,mv-good,smartlead-launch-good-first-500-2026-04-20"
Paesanos,Lincoln Heights,Paesanos Lincoln Heights,%20plhbqts@joesfood.com,(210) 828-5191,https://www.paesanos.com/,"555 E Basse Rd, San Antonio, TX 78209",San Antonio,4.4,2663,Italian restaurant,good,ok,ChIJx3hz5Vz1XIYRdC22_0Sf3JE,1,smartlead-launch-good-first-500-2026-04-20,"bartlett-labs-outbound,houston,mv-verified,mv-good,smartlead-launch-good-first-500-2026-04-20"
The,Moonshiners Southern Table + Bar,The Moonshiners Southern Table + Bar,info@themoonshinershouston.com,(713) 226-7717,http://www.themoonshinershouston.com/,"1000 Prairie St, Houston, TX 77002",Houston,4.2,2662,American restaurant,good,ok,ChIJs1xxRSW_QIYRvgzsZIJbctw,1,smartlead-launch-good-first-500-2026-04-20,"bartlett-labs-outbound,houston,mv-verified,mv-good,smartlead-launch-good-first-500-2026-04-20"
The,Crafty Irishman,The Crafty Irishman,info@merriongp.com,(972) 707-7589,https://www.thecraftyirishman.com/,"1800 Main St, Dallas, TX 75201",Dallas,4.6,2657,Irish restaurant,good,ok,ChIJS_Yjah-ZToYRJWd9XDazHpI,2,smartlead-launch-good-first-500-2026-04-20,"bartlett-labs-outbound,houston,mv-verified,mv-good,smartlead-launch-good-first-500-2026-04-20"
Legacy,Dental,Legacy Dental,info@legacydentaltx.com,(956) 986-2222,https://www.legacydentaltx.com/,"2200 Boca Chica Blvd #138, Brownsville, TX 78521",Brownsville,4.9,2641,Dentist,good,ok,ChIJ-w75mTaUb4YRWqCmgxlQOhw,1,smartlead-launch-good-first-500-2026-04-20,"bartlett-labs-outbound,houston,mv-verified,mv-good,smartlead-launch-good-first-500-2026-04-20"
Taqueria,Chapala Jalisco,Taqueria Chapala Jalisco,black9@qq.com,(210) 735-5352,https://taqueriachapala.top/,"1902 McCullough Ave, San Antonio, TX 78212",San Antonio,4.3,2624,Mexican restaurant,good,ok,ChIJTZXmkF1fXIYROCUnT57g94o,8,smartlead-launch-good-first-500-2026-04-20,"bartlett-labs-outbound,houston,mv-verified,mv-good,smartlead-launch-good-first-500-2026-04-20"
Supernova,,Supernova,info@supernovafurniture.com,(832) 476-7290,https://www.supernovafurniture.com/Contents/Site/houston/houston_TX/370,"10000 Northwest Fwy, Houston, TX 77092",Houston,4.7,2620,Furniture store,good,ok,ChIJRajjSPLGQIYR3Z7wehdMBwU,1,smartlead-launch-good-first-500-2026-04-20,"bartlett-labs-outbound,houston,mv-verified,mv-good,smartlead-launch-good-first-500-2026-04-20"
Freda's,Seafood Grille,Freda's Seafood Grille,info@fredasaustin.com,(512) 506-8700,http://www.fredasaustin.com/,"10903 Pecan Park Blvd, Austin, TX 78750",Austin,4.4,2618,Seafood restaurant,good,ok,ChIJYyfeVbwyW4YRaMe29HDerck,1,smartlead-launch-good-first-500-2026-04-20,"bartlett-labs-outbound,houston,mv-verified,mv-good,smartlead-launch-good-first-500-2026-04-20"
Krustaceans,Seafood,Krustaceans Seafood,info@krustaceansdallas.com,(972) 315-1400,https://krustaceansdallas.com/?utm_source=google,"2601 S Stemmons Fwy, Lewisville, TX 75067",Lewisville,4.5,2617,Seafood restaurant,good,ok,ChIJRT3c5nQvTIYRJRH_5wibM80,1,smartlead-launch-good-first-500-2026-04-20,"bartlett-labs-outbound,houston,mv-verified,mv-good,smartlead-launch-good-first-500-2026-04-20"
Bartlett's,,Bartlett's,bartletts@bartlettsaustin.com,(512) 451-7333,http://bartlettsaustin.com/,"2408 W Anderson Ln., Austin, TX 78757",Austin,4.5,2601,Steak house,good,ok,ChIJm1Lr-K_LRIYRmy1ivVVaF8E,1,smartlead-launch-good-first-500-2026-04-20,"bartlett-labs-outbound,houston,mv-verified,mv-good,smartlead-launch-good-first-500-2026-04-20"
Urbanex,Pest Control,Urbanex Pest Control,info@urbanexpro.com,(817) 383-7082,https://www.urbanexpro.com/,"3450 Alemeda St ste 347, Fort Worth, TX 76126",Fort Worth,5,2593,Pest control service,good,ok,ChIJI9sVPqYNToYRCz50U6Dg8ZY,1,smartlead-launch-good-first-500-2026-04-20,"bartlett-labs-outbound,houston,mv-verified,mv-good,smartlead-launch-good-first-500-2026-04-20"
Bohanan's,Prime Steaks and Seafood,Bohanan's Prime Steaks and Seafood,info@bohanans.com,(210) 472-2600,http://www.bohanans.com/?utm_source=google&utm_medium=local&utm_campaign=1&utm_content=primary,"219 E Houston St #275, San Antonio, TX 78205",San Antonio,4.7,2582,Steak house,good,ok,ChIJbYly-VJfXIYR47d6ljPzzxQ,1,smartlead-launch-good-first-500-2026-04-20,"bartlett-labs-outbound,houston,mv-verified,mv-good,smartlead-launch-good-first-500-2026-04-20"
Alamo,City Urgent Care | Marbach,Alamo City Urgent Care | Marbach,info@alamocityuc.com,(210) 941-2282,https://www.alamocityuc.com/,"8223 Marbach Rd STE 102, San Antonio, TX 78227",San Antonio,4.8,2578,Urgent care center,good,ok,ChIJa5i_8ZtdXIYREgSnG2YQijw,3,smartlead-launch-good-first-500-2026-04-20,"bartlett-labs-outbound,houston,mv-verified,mv-good,smartlead-launch-good-first-500-2026-04-20"
Elite,Dermatology & Plastic Surgery,Elite Dermatology & Plastic Surgery,info@elitedermatology.com,(281) 501-5599,https://www.elitedermatology.com/?utm_source=gmb_auth&utm_campaign=vintage-park,"20326 TX-249 Ste 400, Houston, TX 77070",Houston,4.9,2577,Dermatologist,good,ok,ChIJv_FwH-_TQIYRwkmffL24uTg,3,smartlead-launch-good-first-500-2026-04-20,"bartlett-labs-outbound,houston,mv-verified,mv-good,smartlead-launch-good-first-500-2026-04-20"
Guanajuato,Bakery,Guanajuato Bakery,guanajuatobakery@gmail.com,(817) 831-6066,http://www.guanajuatobakery.com/,"3301 E Belknap St, Fort Worth, TX 76111",Fort Worth,4.5,2577,Bakery,good,ok,ChIJK7oBHtNwToYRokBIO7OcQSI,1,smartlead-launch-good-first-500-2026-04-20,"bartlett-labs-outbound,houston,mv-verified,mv-good,smartlead-launch-good-first-500-2026-04-20"
Sanova,Dermatology | North Austin,Sanova Dermatology | North Austin,info@sanovadermatology.com,(512) 837-3376,https://www.sanovadermatology.com/locations/north-austin/?utm_source=gmb&utm_medium=organic&utm_content=listing&utm_campaign=sanovadermatology1,"12319 N Mopac Expy #100, Austin, TX 78758",Austin,4.8,2570,Dermatologist,good,ok,ChIJUw6-ZiLMRIYRDzUq7bgZK4w,2,smartlead-launch-good-first-500-2026-04-20,"bartlett-labs-outbound,houston,mv-verified,mv-good,smartlead-launch-good-first-500-2026-04-20"
Elizabeth,Street Café,Elizabeth Street Café,info@elizabethstreetcafe.com,(512) 291-2881,http://elizabethstreetcafe.com/,"1501 S 1st St, Austin, TX 78704",Austin,4.3,2557,Vietnamese restaurant,good,ok,ChIJWyfc5uK0RIYRq5-s4p2EOkc,1,smartlead-launch-good-first-500-2026-04-20,"bartlett-labs-outbound,houston,mv-verified,mv-good,smartlead-launch-good-first-500-2026-04-20"
The,Crockett Hotel,The Crockett Hotel,reservations@crocketthotel.com,(210) 225-6500,https://www.crocketthotel.com/?utm_source=google&utm_medium=organic&utm_campaign=business-listing,"320 Bonham Suite #2, San Antonio, TX 78205",San Antonio,4.4,2557,Hotel,good,ok,ChIJCWResapYXIYR6fCu-9XRMEk,1,smartlead-launch-good-first-500-2026-04-20,"bartlett-labs-outbound,houston,mv-verified,mv-good,smartlead-launch-good-first-500-2026-04-20"
The,Backyard Bar Stage and Grill,The Backyard Bar Stage and Grill,backyardwaco@gmail.com,(254) 235-1151,http://www.backyardwaco.com/,"511 S 8th St, Waco, TX 76706",Waco,4.4,2556,Bar & grill,good,ok,ChIJ1_-2mE6CT4YRtupchRPntsk,1,smartlead-launch-good-first-500-2026-04-20,"bartlett-labs-outbound,houston,mv-verified,mv-good,smartlead-launch-good-first-500-2026-04-20"
Texan,Insurance,Texan Insurance,info@texaninsurance.com,(281) 998-2500,https://www.texaninsurance.com/,"6161 Savoy Dr #960, Houston, TX 77036",Houston,4.9,2555,Insurance agency,good,ok,ChIJP0NXi0vCQIYRCSbsLnCw7qE,1,smartlead-launch-good-first-500-2026-04-20,"bartlett-labs-outbound,houston,mv-verified,mv-good,smartlead-launch-good-first-500-2026-04-20"
De,Nada Cantina,De Nada Cantina,hablar@denadacantina.com,(512) 615-3555,https://denadacantina.com/,"4715 E Cesar Chavez St, Austin, TX 78702",Austin,4.6,2550,Taco restaurant,good,ok,ChIJYzTW7YK1RIYRCW0QG4_Eik4,1,smartlead-launch-good-first-500-2026-04-20,"bartlett-labs-outbound,houston,mv-verified,mv-good,smartlead-launch-good-first-500-2026-04-20"
Lochridge,Priest Home Services,Lochridge Priest Home Services,service@lpwaco.com,(254) 545-2688,https://lochridgepriesthome.com/locations/waco/?utm_source=google-gbp&utm_medium=organic&utm_campaign=*263*lochridge-waco,"401 S 13th St, Waco, TX 76706",Waco,4.9,2533,Plumber,good,ok,ChIJ58W6nOmDT4YRwIawDCp1c04,1,smartlead-launch-good-first-500-2026-04-20,"bartlett-labs-outbound,houston,mv-verified,mv-good,smartlead-launch-good-first-500-2026-04-20"
A-Action,Home Inspection Houston,A-Action Home Inspection Houston,info@aactionhouston.com,(713) 730-3151,http://a-actionhouston.com/,"10718 Russett Dr, Houston, TX 77042",Houston,5,2529,Home inspector,good,ok,ChIJvVR5bGidQIYRVv7acG3qBLM,1,smartlead-launch-good-first-500-2026-04-20,"bartlett-labs-outbound,houston,mv-verified,mv-good,smartlead-launch-good-first-500-2026-04-20"
Walnut,Hill Wrecker,Walnut Hill Wrecker,dfwcallcenter@vmsolutions.com,(972) 284-1121,https://walnuthillwrecker.com/?utm_campaign=corporate_branding&utm_source=google&utm_medium=organic,"11239 Goodnight Ln, Dallas, TX 75229",Dallas,4.7,2527,Towing service,good,ok,ChIJZ0wJqfUnTIYREMWjqWExWDQ,1,smartlead-launch-good-first-500-2026-04-20,"bartlett-labs-outbound,houston,mv-verified,mv-good,smartlead-launch-good-first-500-2026-04-20"
La,Stella Cucina Verace,La Stella Cucina Verace,management@lastellatx.com,(469) 663-7800,https://www.lastellatx.com/,"2330 Flora St #150, Dallas, TX 75201",Dallas,4.8,2524,Italian restaurant,good,ok,ChIJUZEW2V-ZToYRUPceX82HbOg,1,smartlead-launch-good-first-500-2026-04-20,"bartlett-labs-outbound,houston,mv-verified,mv-good,smartlead-launch-good-first-500-2026-04-20"
Killen's,Burgers,Killen's Burgers,info@killensburgerstx.com,(281) 412-4922,https://www.killensburgerstx.com/,"2804 S Main St, Pearland, TX 77581",Pearland,4.5,2521,Hamburger restaurant,good,ok,ChIJ3XpBUBSRQIYRm9cu6PNUUqU,1,smartlead-launch-good-first-500-2026-04-20,"bartlett-labs-outbound,houston,mv-verified,mv-good,smartlead-launch-good-first-500-2026-04-20"
Mia's,Table,Mia's Table,mpendleton@miastable.com,(832) 626-0545,https://www.miastable.com/,"19325 Gulf Fwy Ste 6, Webster, TX 77598",Webster,4.5,2517,Family restaurant,good,ok,ChIJVfxB38SdQIYRhNwBAFunL8g,2,smartlead-launch-good-first-500-2026-04-20,"bartlett-labs-outbound,houston,mv-verified,mv-good,smartlead-launch-good-first-500-2026-04-20"
Cypress,Creek Pest Control,Cypress Creek Pest Control,nobugs@cycreekpestcontrol.com,(281) 469-2679,https://cycreekpestcontrol.com/,,,4.8,2511,Pest control service,good,ok,ChIJWdTEuAjOQIYRJullL1xL_ik,1,smartlead-launch-good-first-500-2026-04-20,"bartlett-labs-outbound,houston,mv-verified,mv-good,smartlead-launch-good-first-500-2026-04-20"
Zips,Car Wash,Zips Car Wash,info@zipscarwash.com,(469) 654-3769,https://www.zipscarwash.com/,"5021 Ross Ave, Dallas, TX 75206",Dallas,4.3,2507,Car wash,good,ok,ChIJAQAAADyfToYR_MJzaoTez8o,2,smartlead-launch-good-first-500-2026-04-20,"bartlett-labs-outbound,houston,mv-verified,mv-good,smartlead-launch-good-first-500-2026-04-20"
512,Locksmith,512 Locksmith,dispatch@512locksmith.com,(512) 777-0021,https://texaslocksmiths.wixsite.com/512locksmith,,,4.9,2504,Locksmith,good,ok,ChIJWfpdgKzLRIYR-yLClo0Upr4,1,smartlead-launch-good-first-500-2026-04-20,"bartlett-labs-outbound,houston,mv-verified,mv-good,smartlead-launch-good-first-500-2026-04-20"
Bryan,& Bryan Inspections - Houston,Bryan & Bryan Inspections - Houston,info@inspectorteam.com,(281) 247-6540,https://www.inspectorteam.com/pearland-tx/?utm_source=google&utm_medium=organic&utm_campaign=google_my_business,"2431 S San Antonio St, Pearland, TX 77581",Pearland,4.9,2503,Home inspector,good,ok,ChIJn7wqqmyRQIYRlG-Hu1w8aoE,4,smartlead-launch-good-first-500-2026-04-20,"bartlett-labs-outbound,houston,mv-verified,mv-good,smartlead-launch-good-first-500-2026-04-20"
Malai,Kitchen,Malai Kitchen,info@malaikitchen.com,(214) 599-7857,http://malaikitchen.com/,"3699 McKinney Ave #319, Dallas, TX 75204",Dallas,4.5,2497,Vietnamese restaurant,good,ok,ChIJQyZ5EtSeToYRcb1Tv5sQL90,1,smartlead-launch-good-first-500-2026-04-20,"bartlett-labs-outbound,houston,mv-verified,mv-good,smartlead-launch-good-first-500-2026-04-20"
The,Rouxpour,The Rouxpour,baybrook@therouxpour.com,(281) 480-4052,https://www.therouxpour.com/,"700 Baybrook Mall H100, Friendswood, TX 77546",Friendswood,4.5,2495,Creole restaurant,good,ok,ChIJNVy5L3qbQIYRjhi3Tthu68E,1,smartlead-launch-good-first-500-2026-04-20,"bartlett-labs-outbound,houston,mv-verified,mv-good,smartlead-launch-good-first-500-2026-04-20"
The,Common Table,The Common Table,frisco@thecommontable.com,(469) 797-0964,https://www.thecommontable.com/,"6740 Winning Dr #1005, Frisco, TX 75034",Frisco,4.3,2494,American restaurant,good,ok,ChIJa9WY5YQ8TIYRCkSq0aCSaSs,1,smartlead-launch-good-first-500-2026-04-20,"bartlett-labs-outbound,houston,mv-verified,mv-good,smartlead-launch-good-first-500-2026-04-20"
Uptown,Heating & Air Conditioning,Uptown Heating & Air Conditioning,uptownair@gmail.com,(832) 709-0236,https://www.uptownac.com/,"11211 Richmond Ave Suite B102, Houston, TX 77082",Houston,4.8,2492,HVAC contractor,good,ok,ChIJdwLISKraQIYRZSnde9fD4Vg,1,smartlead-launch-good-first-500-2026-04-20,"bartlett-labs-outbound,houston,mv-verified,mv-good,smartlead-launch-good-first-500-2026-04-20"
B&B,Butchers,B&B Butchers,bbbutchersfw@berghospitality.com,(713) 862-1814,https://www.bbbutchers.com/,"1814 Washington Ave, Houston, TX 77007",Houston,4.5,2489,Steak house,good,ok,ChIJZ5W1zUu_QIYRHiNhFaSst-U,1,smartlead-launch-good-first-500-2026-04-20,"bartlett-labs-outbound,houston,mv-verified,mv-good,smartlead-launch-good-first-500-2026-04-20"
Shark,Shack,Shark Shack,sharkshackgalveston@hotmail.com,(409) 497-2006,http://sharkshackbeachbarandgrill.com/home/,"2402 The Strand, Galveston, TX 77550",Galveston,4.6,2486,Seafood restaurant,good,ok,ChIJZ0PvJR-fP4YR0IE-iEFAFIA,1,smartlead-launch-good-first-500-2026-04-20,"bartlett-labs-outbound,houston,mv-verified,mv-good,smartlead-launch-good-first-500-2026-04-20"
Bad,Chicken,Bad Chicken,admin@badchicken.com,(469) 206-0237,http://badchicken.com/,"5014 Ross Ave, Dallas, TX 75206",Dallas,4.4,2467,Chicken wings restaurant,good,ok,ChIJ6xAQuW6fToYRypB4c2LtIOo,1,smartlead-launch-good-first-500-2026-04-20,"bartlett-labs-outbound,houston,mv-verified,mv-good,smartlead-launch-good-first-500-2026-04-20"
Paris,Coffee Shop,Paris Coffee Shop,pariscoffeeshopftw@gmail.com,(817) 945-1702,https://pariscoffeeshopfw.com/,"704 W Magnolia Ave, Fort Worth, TX 76104",Fort Worth,4.3,2465,Breakfast restaurant,good,ok,ChIJg6e8a3VxToYRyfBYTS3OSeA,1,smartlead-launch-good-first-500-2026-04-20,"bartlett-labs-outbound,houston,mv-verified,mv-good,smartlead-launch-good-first-500-2026-04-20"
Pizza,Shack,Pizza Shack,info@pizzashack.com,(936) 856-9780,http://www.pizzashack.com/,"115 W Montgomery St, Willis, TX 77378",Willis,4.6,2465,Pizza restaurant,good,ok,ChIJCYaozAcWR4YR64io1McGX-o,1,smartlead-launch-good-first-500-2026-04-20,"bartlett-labs-outbound,houston,mv-verified,mv-good,smartlead-launch-good-first-500-2026-04-20"
Epoch,Coffee,Epoch Coffee,info@epochcoffee.com,(512) 454-3762,http://www.epochcoffee.com/,"221 W N Loop Blvd, Austin, TX 78751",Austin,4.5,2463,Coffee shop,good,ok,ChIJG-gJw2vKRIYROWi2uwOp8QE,1,smartlead-launch-good-first-500-2026-04-20,"bartlett-labs-outbound,houston,mv-verified,mv-good,smartlead-launch-good-first-500-2026-04-20"
Chilangos,Tacos,Chilangos Tacos,info@stagheaddesigns.com,(214) 200-3869,http://www.chilangostacos.com/,"10777 Harry Hines Blvd #130, Dallas, TX 75220",Dallas,4.5,2462,Mexican restaurant,good,ok,ChIJeb1OpeOdToYR5PDF3qjm_uY,4,smartlead-launch-good-first-500-2026-04-20,"bartlett-labs-outbound,houston,mv-verified,mv-good,smartlead-launch-good-first-500-2026-04-20"
Escapology,Escape Rooms Dallas - Victory Park,Escapology Escape Rooms Dallas - Victory Park,dallas@escapology.com,(469) 421-1445,https://www.escapology.com/en/dallas-tx-victory-park,"2375 Victory Park Ln Ste 110 Ste 110 Suite 110, Dallas, TX 75219",Dallas,4.9,2461,Escape room center,good,ok,ChIJmwkEaZuZToYRLMdFDyrH9Sc,1,smartlead-launch-good-first-500-2026-04-20,"bartlett-labs-outbound,houston,mv-verified,mv-good,smartlead-launch-good-first-500-2026-04-20"
Pinnacle,Foundation Repair,Pinnacle Foundation Repair,info@pinnaclefoundationrepair.com,(972) 251-0018,https://pinnaclefoundationrepair.com/,"601 Dickey Rd, Grand Prairie, TX 75051",Grand Prairie,5,2451,Concrete contractor,good,ok,ChIJHzagAzDVTYYRHa9tCVCokiM,3,smartlead-launch-good-first-500-2026-04-20,"bartlett-labs-outbound,houston,mv-verified,mv-good,smartlead-launch-good-first-500-2026-04-20"
The,Barbecue Station,The Barbecue Station,speacock@barbecuestation.com,(210) 824-9191,https://www.barbecuestation.com/,"1610 NE Interstate 410 Loop, San Antonio, TX 78209",San Antonio,4.4,2451,Barbecue restaurant,good,ok,ChIJf5W0Cdb0XIYR_OJVSkJZmsE,1,smartlead-launch-good-first-500-2026-04-20,"bartlett-labs-outbound,houston,mv-verified,mv-good,smartlead-launch-good-first-500-2026-04-20"
Hughie's,Tavern & Viet Grill,Hughie's Tavern & Viet Grill,info@hughiesgrille.com,(713) 869-1830,http://www.hughiesgrille.com/,"1802 W 18th St, Houston, TX 77008",Houston,4.6,2440,Vietnamese restaurant,good,ok,ChIJPUHehBvHQIYRPikYjqxjvE0,1,smartlead-launch-good-first-500-2026-04-20,"bartlett-labs-outbound,houston,mv-verified,mv-good,smartlead-launch-good-first-500-2026-04-20"
Gulf,Coast Veterinary Specialists (GCVS),Gulf Coast Veterinary Specialists (GCVS),info@gcvs.com,(713) 693-1111,https://www.gcvs.com/locations/houston?y_source=1_MjkzNDQyODMtNzE1LWxvY2F0aW9uLndlYnNpdGU%3D,"8042 Katy Fwy, Houston, TX 77024",Houston,4.1,2438,Emergency veterinarian service,good,ok,ChIJ80WkjjfBQIYRSr2WIk-3Opg,1,smartlead-launch-good-first-500-2026-04-20,"bartlett-labs-outbound,houston,mv-verified,mv-good,smartlead-launch-good-first-500-2026-04-20"
Angry,Owl Southwest Grill & Cantina,Angry Owl Southwest Grill & Cantina,info@angryowlgrill.com,(915) 532-2450,https://angryowlgrill.com/,"4799 N Mesa St, El Paso, TX 79912",El Paso,4.3,2426,Hamburger restaurant,good,ok,ChIJTaeVQCBY54YR-xUVYZY3qwc,1,smartlead-launch-good-first-500-2026-04-20,"bartlett-labs-outbound,houston,mv-verified,mv-good,smartlead-launch-good-first-500-2026-04-20"
Lazarus,Brewing Co. East 6th,Lazarus Brewing Co. East 6th,info@lazarusbrewing.com,(512) 394-7620,http://www.lazarusbrewing.com/,"1902 E 6th St, Austin, TX 78702",Austin,4.7,2424,Brewery,good,ok,ChIJlZhRW7a1RIYR5xxRXpc_6tM,1,smartlead-launch-good-first-500-2026-04-20,"bartlett-labs-outbound,houston,mv-verified,mv-good,smartlead-launch-good-first-500-2026-04-20"
Frisco,Diner,Frisco Diner,friscodiner2107@gmail.com,(214) 618-0652,http://friscodiner.com/,"9250 Dallas Pkwy #160, Frisco, TX 75033",Frisco,4.8,2407,Breakfast restaurant,good,ok,ChIJS-ZuNFQ5TIYR3X7lQFWxmDg,1,smartlead-launch-good-first-500-2026-04-20,"bartlett-labs-outbound,houston,mv-verified,mv-good,smartlead-launch-good-first-500-2026-04-20"
Amigo,Bail Bonds,Amigo Bail Bonds,amigo@amigobail.com,(915) 532-3500,https://www.amigobail.com/,"501 N Kansas St, El Paso, TX 79901",El Paso,4.9,2392,Bail bonds service,good,ok,ChIJK7BlH_5Y54YREOYSm1yHCQ8,1,smartlead-launch-good-first-500-2026-04-20,"bartlett-labs-outbound,houston,mv-verified,mv-good,smartlead-launch-good-first-500-2026-04-20"
Mr.,Sugar Rush,Mr. Sugar Rush,love@mrsugarrush.com,(469) 458-6888,http://www.mrsugarrush.com/,"909 Dragon St, Dallas, TX 75207",Dallas,4.9,2382,Caterer,good,ok,ChIJYX4yhCSGToYRR06ElpD2PcY,1,smartlead-launch-good-first-500-2026-04-20,"bartlett-labs-outbound,houston,mv-verified,mv-good,smartlead-launch-good-first-500-2026-04-20"
Tumble,22 - Texas Chicken Joint,Tumble 22 - Texas Chicken Joint,info@tumble22.com,(512) 201-4333,http://www.tumble22.com/,"2111 N Interstate Hwy 35, Round Rock, TX 78664",Round Rock,4.5,2375,Chicken restaurant,good,ok,ChIJN4oD_GPRRIYRmhCk__Bollk,3,smartlead-launch-good-first-500-2026-04-20,"bartlett-labs-outbound,houston,mv-verified,mv-good,smartlead-launch-good-first-500-2026-04-20"
Bijan,Persian Grill,Bijan Persian Grill,bijan5922@gmail.com,(832) 242-1500,https://www.bijanpersiangrill.com/,"5922 Hillcroft St #A, Houston, TX 77036",Houston,4.2,2370,Persian restaurant,good,ok,ChIJOb8sQ0rCQIYRZolk2L7LMbE,1,smartlead-launch-good-first-500-2026-04-20,"bartlett-labs-outbound,houston,mv-verified,mv-good,smartlead-launch-good-first-500-2026-04-20"
Pho,Please,Pho Please,phopleaseaustin@gmail.com,(512) 354-9779,http://www.phopleaseaustin.com/,"1920 E Riverside Dr, Austin, TX 78741",Austin,4.5,2364,Vietnamese restaurant,good,ok,ChIJncD9d0-0RIYRQyKMbcGMtIs,1,smartlead-launch-good-first-500-2026-04-20,"bartlett-labs-outbound,houston,mv-verified,mv-good,smartlead-launch-good-first-500-2026-04-20"
Puttshack,- Addison,Puttshack - Addison,info@puttshack.com,(214) 216-7888,https://www.puttshack.com/,"5100 Belt Line Rd, Addison, TX 75254",Addison,4.7,2359,Miniature golf course,good,ok,ChIJHSGlGXshTIYRM3VKdxnSNaU,2,smartlead-launch-good-first-500-2026-04-20,"bartlett-labs-outbound,houston,mv-verified,mv-good,smartlead-launch-good-first-500-2026-04-20"
IchiUmi,Sushi (Haru Sushi),IchiUmi Sushi (Haru Sushi),ichiumisushi888@gmail.com,(512) 795-8666,http://ichiumisushitx.com/,"9503 Research Blvd #500, Austin, TX 78759",Austin,4.5,2355,Sushi restaurant,good,ok,ChIJbQlC9qXLRIYRbjTIRrVzBYo,1,smartlead-launch-good-first-500-2026-04-20,"bartlett-labs-outbound,houston,mv-verified,mv-good,smartlead-launch-good-first-500-2026-04-20"
Envoy,Mortgage,Envoy Mortgage,info@envoymortgage.com,(713) 977-8005,https://www.envoymortgage.com/?utm_source=google%20my%20business&utm_medium=listing&utm_campaign=visit%20website,"952 Echo Ln Suite 190, Houston, TX 77024",Houston,4.9,2350,Mortgage lender,good,ok,ChIJH846dfzFQIYREpCz02jWLxU,1,smartlead-launch-good-first-500-2026-04-20,"bartlett-labs-outbound,houston,mv-verified,mv-good,smartlead-launch-good-first-500-2026-04-20"
AGR,"Sports Indoor Paintball, Laser Tag, Gellyball and Axe Throwing","AGR Sports Indoor Paintball, Laser Tag, Gellyball and Axe Throwing",agrsports.katy@gmail.com,(281) 657-9220,https://agrsports.com/,"1300 E 40th St, Houston, TX 77022",Houston,4.8,2347,Paintball center,good,ok,ChIJlxUI0Sy5QIYRc33SDvqdlgg,2,smartlead-launch-good-first-500-2026-04-20,"bartlett-labs-outbound,houston,mv-verified,mv-good,smartlead-launch-good-first-500-2026-04-20"
Game,Theory Restaurant + Bar,Game Theory Restaurant + Bar,info@gametheorytx.com,(817) 717-6443,http://www.gametheorytx.com/,"804 S Main St, Fort Worth, TX 76104",Fort Worth,4.7,2340,Restaurant,good,ok,ChIJK0MbpPdxToYRQEN3L_4tJRI,1,smartlead-launch-good-first-500-2026-04-20,"bartlett-labs-outbound,houston,mv-verified,mv-good,smartlead-launch-good-first-500-2026-04-20"
The,Diner Tyler,The Diner Tyler,info@thedinertyler.com,(903) 509-3463,https://www.thedinertyler.com/,"7924 S Broadway Ave, Tyler, TX 75703",Tyler,4.6,2339,American restaurant,good,ok,ChIJ4-Uz-6bMSYYRLGR_ogpFGxQ,1,smartlead-launch-good-first-500-2026-04-20,"bartlett-labs-outbound,houston,mv-verified,mv-good,smartlead-launch-good-first-500-2026-04-20"
Frontier,Cooling & Heating,Frontier Cooling & Heating,jay@frontieraircon.net,(956) 476-2280,https://www.frontieraircon.com/?utm_source=google&utm_medium=organic&utm_campaign=mission_gbp,"1812 W Griffin Pkwy B, Mission, TX 78572",Mission,4.9,2335,HVAC contractor,good,ok,ChIJOQkJofmoZYYRZ0yH4BtDs7A,1,smartlead-launch-good-first-500-2026-04-20,"bartlett-labs-outbound,houston,mv-verified,mv-good,smartlead-launch-good-first-500-2026-04-20"
Grooves,of Houston,Grooves of Houston,houstongrooves@gmail.com,+1 713-652-9900,https://www.groovesofhouston.com/,"2300 Pierce St, Houston, TX 77003, United States",Houston,4.3,2322,Bar,good,ok,ChIJ1cWJuhu_QIYRvx1Pbd20B-E,1,smartlead-launch-good-first-500-2026-04-20,"bartlett-labs-outbound,houston,mv-verified,mv-good,smartlead-launch-good-first-500-2026-04-20"
BREWED,,BREWED,steve@brewedfw.com,(833) 367-9073,http://www.brewedfw.com/,"801 W Magnolia Ave, Fort Worth, TX 76104",Fort Worth,4.3,2320,Breakfast restaurant,good,ok,ChIJ0b6zd3VxToYRCfie07JxT0I,1,smartlead-launch-good-first-500-2026-04-20,"bartlett-labs-outbound,houston,mv-verified,mv-good,smartlead-launch-good-first-500-2026-04-20"
Press,Café,Press Café,events@farouthospitality.com,(817) 570-6002,https://www.presscafeftworth.com/,"4801 Edwards Ranch Rd #105, Fort Worth, TX 76109",Fort Worth,4.4,2316,American restaurant,good,ok,ChIJLc8hYl9yToYRVu-fTwrPW_g,3,smartlead-launch-good-first-500-2026-04-20,"bartlett-labs-outbound,houston,mv-verified,mv-good,smartlead-launch-good-first-500-2026-04-20"
Discount,Inspection & Brake,Discount Inspection & Brake,marketing@dibtx.com,(281) 506-2345,https://www.dibtx.com/,"2606 East Sam Houston Pkwy S, Pasadena, TX 77503",Pasadena,4.9,2314,Auto repair shop,good,ok,ChIJjyPlrruYQIYRnbv2_OFh7qA,4,smartlead-launch-good-first-500-2026-04-20,"bartlett-labs-outbound,houston,mv-verified,mv-good,smartlead-launch-good-first-500-2026-04-20"
Meineke,Car Care Center,Meineke Car Care Center,shop.2898@meineke.net,(512) 782-8011,https://www.meineke.com/locations/tx/pflugerville-1460/?utm_source=google&utm_medium=organic&utm_campaign=gbp_website,"2324 W Pecan St, Pflugerville, TX 78660",Pflugerville,4.8,2314,Auto repair shop,good,ok,ChIJIezPhavPRIYRwiPdZBPJsNs,7,smartlead-launch-good-first-500-2026-04-20,"bartlett-labs-outbound,houston,mv-verified,mv-good,smartlead-launch-good-first-500-2026-04-20"
Alamo,Termite & Pest Control,Alamo Termite & Pest Control,info@alamopest.com,(817) 813-8003,https://alamopest.com/locations/pest-control-fort-worth?utm_source=gbp&utm_medium=organic&utm_campaign=fort-worth,"3200 S Main St, Fort Worth, TX 76110",Fort Worth,4.8,2313,Pest control service,good,ok,ChIJAcULtPRxToYRFt4AMYuM5NI,2,smartlead-launch-good-first-500-2026-04-20,"bartlett-labs-outbound,houston,mv-verified,mv-good,smartlead-launch-good-first-500-2026-04-20"
G.L.,Hunt Foundation Repair,G.L. Hunt Foundation Repair,info@glhunt.com,(210) 428-6278,https://glhunt.com/location/san-antonio-tx/?utm_source=google&utm_medium=organic&utm_campaign=gbp,"4827 Whirlwind Dr, San Antonio, TX 78217",San Antonio,4.9,2307,Foundation,good,ok,ChIJ3S30PTjxXIYRgwnJQcUoHdA,4,smartlead-launch-good-first-500-2026-04-20,"bartlett-labs-outbound,houston,mv-verified,mv-good,smartlead-launch-good-first-500-2026-04-20"
Main,Bird,Main Bird,info@mainbirdhotchicken.com,(346) 571-0496,https://mainbirdhotchicken.com/,"3407 Montrose Blvd b2, Houston, TX 77006",Houston,4.7,2306,Chicken restaurant,good,ok,ChIJGTcwDO-_QIYRbfVXIy-YFVU,2,smartlead-launch-good-first-500-2026-04-20,"bartlett-labs-outbound,houston,mv-verified,mv-good,smartlead-launch-good-first-500-2026-04-20"
Smokey,John's,Smokey John's,info@smokeyjohns.com,(214) 352-2752,https://www.smokeyjohns.com/,"1820 W Mockingbird Ln #18, Dallas, TX 75235",Dallas,4.5,2302,Barbecue restaurant,good,ok,ChIJG0FOERWcToYRlLI1E1iU2v4,1,smartlead-launch-good-first-500-2026-04-20,"bartlett-labs-outbound,houston,mv-verified,mv-good,smartlead-launch-good-first-500-2026-04-20"
Affordable,Dentist Near Me of Fort Worth,Affordable Dentist Near Me of Fort Worth,info@affordabledentistnearme.com,(817) 496-2343,https://affordabledentistnearme.com/locations/fort-worth/,"6426 Meadowbrook Dr, Fort Worth, TX 76112",Fort Worth,4.8,2301,Dentist,good,ok,ChIJSQm7Cq17ToYRxdIqv4P6S44,3,smartlead-launch-good-first-500-2026-04-20,"bartlett-labs-outbound,houston,mv-verified,mv-good,smartlead-launch-good-first-500-2026-04-20"
Lytle,Land & Cattle Company,Lytle Land & Cattle Company,lindsayf@lytlelandandcattle.com,(325) 677-1925,https://www.lytlelandandcattle.com/,"1150 E South 11th St, Abilene, TX 79602",Abilene,4.2,2291,Steak house,good,ok,ChIJW6wDE_SRVoYRHORS_EOvu8s,1,smartlead-launch-good-first-500-2026-04-20,"bartlett-labs-outbound,houston,mv-verified,mv-good,smartlead-launch-good-first-500-2026-04-20"
1st,Rate Inspections,1st Rate Inspections,clientcare@1strateinspections.com,(832) 567-5791,https://1strateinspections.com/?utm_source=google&utm_medium=organic&utm_campaign=google_my_business,"16111 Mary Ann Ln, Cypress, TX 77429",Cypress,4.9,2290,Home inspector,good,ok,ChIJZ4yKx6jRQIYRd3DOLqj40l8,1,smartlead-launch-good-first-500-2026-04-20,"bartlett-labs-outbound,houston,mv-verified,mv-good,smartlead-launch-good-first-500-2026-04-20"
Social,Beer Garden HTX,Social Beer Garden HTX,socialbeergardenhtx@gmail.com,(713) 636-9357,https://www.socialbeergardenhtx.com/,"3101 San Jacinto St, Houston, TX 77004",Houston,4.7,2287,Sports bar,good,ok,ChIJ8b12Ex2_QIYRMTefkQiQQPk,1,smartlead-launch-good-first-500-2026-04-20,"bartlett-labs-outbound,houston,mv-verified,mv-good,smartlead-launch-good-first-500-2026-04-20"
Kiran's,,Kiran's,info@kiranshouston.com,(713) 960-8472,http://kiranshouston.com/,"2925 Richmond Ave Suite 160, Houston, TX 77098",Houston,4.4,2281,Modern Indian restaurant,good,ok,ChIJfZC_2BbBQIYRnyQ2EtjAymk,1,smartlead-launch-good-first-500-2026-04-20,"bartlett-labs-outbound,houston,mv-verified,mv-good,smartlead-launch-good-first-500-2026-04-20"
The,Barn Door Restaurant & Meat Market,The Barn Door Restaurant & Meat Market,barndoorbanquets@gmail.com,(210) 824-0116,http://www.thebarndoorrestaurant.com/,"8400 N New Braunfels Ave, San Antonio, TX 78209",San Antonio,4.4,2280,Steak house,good,ok,ChIJlQry-jb1XIYRjbgE35VQaSk,1,smartlead-launch-good-first-500-2026-04-20,"bartlett-labs-outbound,houston,mv-verified,mv-good,smartlead-launch-good-first-500-2026-04-20"
Purple,Care - Lawn Care & Pest Control Fort Worth,Purple Care - Lawn Care & Pest Control Fort Worth,contact@purplecare.com,(817) 803-9433,https://www.purplecare.com/?utm_campaign=gmb,"12121 Eagle Mountain Dam Rd, Fort Worth, TX 76135",Fort Worth,4.7,2276,Landscaper,good,ok,ChIJx1xKloLhTYYRjFbCGQTzKEo,2,smartlead-launch-good-first-500-2026-04-20,"bartlett-labs-outbound,houston,mv-verified,mv-good,smartlead-launch-good-first-500-2026-04-20"
The,White Horse,The White Horse,thewhitehorseatx@gmail.com,(512) 553-6756,http://thewhitehorseaustin.com/,"500 Comal St, Austin, TX 78702",Austin,4.4,2269,Bar,good,ok,ChIJ279pHrG1RIYRicks_tZPpjs,1,smartlead-launch-good-first-500-2026-04-20,"bartlett-labs-outbound,houston,mv-verified,mv-good,smartlead-launch-good-first-500-2026-04-20"
Bollo,Woodfired Pizza,Bollo Woodfired Pizza,manager@bollohouston.com,(713) 677-0391,http://www.bollohouston.com/,"2202 W Alabama St A, Houston, TX 77098",Houston,4.5,2265,Pizza restaurant,good,ok,ChIJ5wnd4JLAQIYRCfZM17__40g,1,smartlead-launch-good-first-500-2026-04-20,"bartlett-labs-outbound,houston,mv-verified,mv-good,smartlead-launch-good-first-500-2026-04-20"
Silver,"Spur Air, Heating, & Plumbing of DFW","Silver Spur Air, Heating, & Plumbing of DFW",servicedfw@silverspurhome.com,(682) 324-3936,https://silverspurhome.com/?utm_source=google&utm_medium=organic&utm_campaign=gbp-DFW,"4204 Garland Dr, Haltom City, TX 76117",Haltom City,4.9,2263,HVAC contractor,good,ok,ChIJ77pCfwZ3ToYR5NyRxGjwqQ0,3,smartlead-launch-good-first-500-2026-04-20,"bartlett-labs-outbound,houston,mv-verified,mv-good,smartlead-launch-good-first-500-2026-04-20"
Copeland,Heating Air Conditioning Plumbing and Electrical Repair Services,Copeland Heating Air Conditioning Plumbing and Electrical Repair Services,info@copelandairtexas.com,(469) 720-4440,https://copelandairtexas.com/,"11808 S Profit Row, Forney, TX 75126",Forney,4.9,2256,Plumber,good,ok,ChIJ3apoCUKzToYR7LjyDhSLS2Q,2,smartlead-launch-good-first-500-2026-04-20,"bartlett-labs-outbound,houston,mv-verified,mv-good,smartlead-launch-good-first-500-2026-04-20"
The,Continental Club,The Continental Club,info@continentalclub.com,(512) 441-2444,https://continentalclub.com/,"1315 S Congress Ave, Austin, TX 78704",Austin,4.7,2253,Night club,good,ok,ChIJJUbJuv20RIYRpFyFb-IiSZo,2,smartlead-launch-good-first-500-2026-04-20,"bartlett-labs-outbound,houston,mv-verified,mv-good,smartlead-launch-good-first-500-2026-04-20"
Granada,Theater,Granada Theater,booking@granadatheater.com,(214) 841-4900,https://www.granadatheater.com/,"3524 Greenville Ave, Dallas, TX 75206",Dallas,4.6,2252,Live music venue,good,ok,ChIJ20xM2mqfToYRZ_oW1VjNYc0,1,smartlead-launch-good-first-500-2026-04-20,"bartlett-labs-outbound,houston,mv-verified,mv-good,smartlead-launch-good-first-500-2026-04-20"
Altitude,Trampoline Park,Altitude Trampoline Park,info@altitudetrampolinepark.com,(281) 310-5904,https://www.altitudetrampolinepark.com/locations/texas/webster/20810-gulf-freeway/,"20810 Gulf Fwy, Webster, TX 77598",Webster,4.9,2241,Amusement center,good,ok,ChIJdZfXSXWdQIYR_GA98m0J_IQ,3,smartlead-launch-good-first-500-2026-04-20,"bartlett-labs-outbound,houston,mv-verified,mv-good,smartlead-launch-good-first-500-2026-04-20"
Revelus,Dermatology,Revelus Dermatology,info@revelus.com,(512) 815-2559,https://revelusdermatology.com/?utm_source=google/waze%20maps&utm_medium=organic%20maps&utm_campaign=ongoing,"4401 West Gate Blvd Ste 120, Austin, TX 78745",Austin,4.8,2239,Dermatologist,good,ok,ChIJ8QfLVThLW4YRWemqC8QgvAs,1,smartlead-launch-good-first-500-2026-04-20,"bartlett-labs-outbound,houston,mv-verified,mv-good,smartlead-launch-good-first-500-2026-04-20"
Italia,Express Cedar Springs,Italia Express Cedar Springs,italiaexpressdelivery@gmail.com,(214) 521-3300,https://italiaexpresscedarsprings.com/?utm_source=google,"4000 Cedar Springs Rd, Dallas, TX 75219",Dallas,4.7,2238,Italian restaurant,good,ok,ChIJoXUMp8meToYRwIxIoNjQJ80,1,smartlead-launch-good-first-500-2026-04-20,"bartlett-labs-outbound,houston,mv-verified,mv-good,smartlead-launch-good-first-500-2026-04-20"
Delucca,Gaucho Pizza & Wine - Dallas,Delucca Gaucho Pizza & Wine - Dallas,info@delucca.com,(214) 774-9903,https://www.delucca.com/,"1628 Oak Lawn Ave Ste 100, Dallas, TX 75207",Dallas,4.5,2237,Pizza restaurant,good,ok,ChIJ__9vrU6ZToYRf7PskS8tRqA,2,smartlead-launch-good-first-500-2026-04-20,"bartlett-labs-outbound,houston,mv-verified,mv-good,smartlead-launch-good-first-500-2026-04-20"
Dakota's,Steakhouse,Dakota's Steakhouse,info@dakotasrestaurant.com,(214) 740-4001,https://www.dakotasrestaurant.com/,"600 N Akard St, Dallas, TX 75201",Dallas,4.5,2230,Steak house,good,ok,ChIJiTH8AyOZToYRjgcpq1BhUdE,1,smartlead-launch-good-first-500-2026-04-20,"bartlett-labs-outbound,houston,mv-verified,mv-good,smartlead-launch-good-first-500-2026-04-20"
Istanbul,Grill & Deli,Istanbul Grill & Deli,info@istanbulgrill.com,(713) 526-2800,http://istanbulgrill.com/,"5613 Morningside Dr, Houston, TX 77005",Houston,4.5,2228,Mediterranean restaurant,good,ok,ChIJqSG-hmfAQIYRgSKRANHAcIY,1,smartlead-launch-good-first-500-2026-04-20,"bartlett-labs-outbound,houston,mv-verified,mv-good,smartlead-launch-good-first-500-2026-04-20"
The,Juicy Crab,The Juicy Crab,info@thejuicycrab.com,(713) 636-2148,http://www.thejuicycrab.com/,"12914 Northwest Fwy, Houston, TX 77040",Houston,4.7,2227,Seafood restaurant,good,ok,ChIJpyxt9-zFQIYRrOyW0nBT7_s,2,smartlead-launch-good-first-500-2026-04-20,"bartlett-labs-outbound,houston,mv-verified,mv-good,smartlead-launch-good-first-500-2026-04-20"
K-2,Steak House,K-2 Steak House,k2steakhouseinc@gmail.com,(979) 245-6936,http://www.k2steakhouse.com/,"1701 8th St, Bay City, TX 77414",Bay City,4.3,2223,Steak house,good,ok,ChIJ0cKGgke5QYYRYPX6uOljvgk,1,smartlead-launch-good-first-500-2026-04-20,"bartlett-labs-outbound,houston,mv-verified,mv-good,smartlead-launch-good-first-500-2026-04-20"
Birraporetti's,,Birraporetti's,webbirra@gmail.com,(713) 224-9494,https://www.birraporettis.com/,"500 Louisiana St, Houston, TX 77002",Houston,4.2,2222,Italian restaurant,good,ok,ChIJ34hlYjC_QIYRokhNiyTitHc,2,smartlead-launch-good-first-500-2026-04-20,"bartlett-labs-outbound,houston,mv-verified,mv-good,smartlead-launch-good-first-500-2026-04-20"
Nuovo,Artistic Studios,Nuovo Artistic Studios,info@nuovophotography.com,(346) 443-2131,https://nuovophotography.com/,"2111 W Loop S #210, Houston, TX 77027",Houston,4.9,2217,Photography studio,good,ok,ChIJ3_M3hAvBQIYRKbVFbSiz64A,2,smartlead-launch-good-first-500-2026-04-20,"bartlett-labs-outbound,houston,mv-verified,mv-good,smartlead-launch-good-first-500-2026-04-20"
The,“REAL” Insurance Lady,The “REAL” Insurance Lady,enroll@therealinsurancelady.com,(713) 367-1161,https://therealinsurancelady.com/,"4340 Griggs Rd, Houston, TX 77021",Houston,4.8,2215,Insurance agency,good,ok,ChIJSWv3FES_QIYRL4ccd2Ow134,1,smartlead-launch-good-first-500-2026-04-20,"bartlett-labs-outbound,houston,mv-verified,mv-good,smartlead-launch-good-first-500-2026-04-20"
Dripped,Birria (Midtown),Dripped Birria (Midtown),info@drippedbirria.com,(346) 335-3519,https://www.drippedbirria.com/,"2503 Bagby St, Houston, TX 77006",Houston,4.7,2213,Mexican restaurant,good,ok,ChIJfwmIw3-_QIYRbwjijd-7M6w,1,smartlead-launch-good-first-500-2026-04-20,"bartlett-labs-outbound,houston,mv-verified,mv-good,smartlead-launch-good-first-500-2026-04-20"
Yolk,- One Arts Plaza,Yolk - One Arts Plaza,info@eatyolk.com,(214) 855-9655,http://www.eatyolk.com/,"1722 Routh St #132, Dallas, TX 75201",Dallas,4.2,2205,Breakfast restaurant,good,ok,ChIJ7Z1ySiaZToYRHf1JJdaBAmA,2,smartlead-launch-good-first-500-2026-04-20,"bartlett-labs-outbound,houston,mv-verified,mv-good,smartlead-launch-good-first-500-2026-04-20"
The,PARC,The PARC,info@theparcvet.com,(817) 731-3733,https://theparcvet.com/?utm_source=gmb&utm_medium=web,"4801 West Fwy, Fort Worth, TX 76107",Fort Worth,4.5,2204,Veterinarian,good,ok,ChIJib071uxzToYRQFdeLE1Syfg,1,smartlead-launch-good-first-500-2026-04-20,"bartlett-labs-outbound,houston,mv-verified,mv-good,smartlead-launch-good-first-500-2026-04-20"
Zalat,Pizza,Zalat Pizza,info@zalatpizza.com,(214) 370-9786,https://zalatpizza.com/,"2519 N Fitzhugh Ave, Dallas, TX 75204",Dallas,4.5,2202,Pizza restaurant,good,ok,ChIJU140Xi6fToYRkCWbJ-V4bgk,2,smartlead-launch-good-first-500-2026-04-20,"bartlett-labs-outbound,houston,mv-verified,mv-good,smartlead-launch-good-first-500-2026-04-20"
Smith,Dental Care,Smith Dental Care,frontdesk@smithdentaltyler.com,(903) 534-1171,http://smithdentaltyler.com/?utm_campaign=gmb,"5400 New Copeland Rd, Tyler, TX 75703",Tyler,4.9,2185,Cosmetic dentist,good,ok,ChIJ1851T_XMSYYRq5WI90pHuTU,1,smartlead-launch-good-first-500-2026-04-20,"bartlett-labs-outbound,houston,mv-verified,mv-good,smartlead-launch-good-first-500-2026-04-20"
SANDAGA,813,SANDAGA 813,info@sandaga813.com,(214) 702-9945,http://sandaga813.com/,"813 Exposition Ave, Dallas, TX 75226",Dallas,4.4,2184,Jazz club,good,ok,ChIJW2aRopWYToYRviuQcb2pZFI,1,smartlead-launch-good-first-500-2026-04-20,"bartlett-labs-outbound,houston,mv-verified,mv-good,smartlead-launch-good-first-500-2026-04-20"
UltraFix,Appliance Repair,UltraFix Appliance Repair,info@ultrafix.com,(832) 998-0886,https://ultrafix.com/appliance-repair/tx/houston,"1718 N Fry Rd APT 152, Houston, TX 77084",Houston,4.8,2183,Appliance repair service,good,ok,ChIJzZ_V-z_DQIYRQOKwUptG7YY,2,smartlead-launch-good-first-500-2026-04-20,"bartlett-labs-outbound,houston,mv-verified,mv-good,smartlead-launch-good-first-500-2026-04-20"
LOCAL,Public Eatery - The Woodlands,LOCAL Public Eatery - The Woodlands,info@localpubliceatery.com,(346) 536-5639,https://localpubliceatery.com/,"9595 Six Pines Dr Ste 200, The Woodlands, TX 77380",The Woodlands,4.9,2179,Restaurant,good,ok,ChIJ4awsCgA3R4YR4SmAofKl-k0,1,smartlead-launch-good-first-500-2026-04-20,"bartlett-labs-outbound,houston,mv-verified,mv-good,smartlead-launch-good-first-500-2026-04-20"
Nancy's,Hustle,Nancy's Hustle,info@nancyshustle.com,(346) 571-7931,http://nancyshustle.com/,"2704 Polk St A, Houston, TX 77003",Houston,4.7,2177,New American restaurant,good,ok,ChIJAbtx4uG-QIYRe2Bb6bnaZv4,1,smartlead-launch-good-first-500-2026-04-20,"bartlett-labs-outbound,houston,mv-verified,mv-good,smartlead-launch-good-first-500-2026-04-20"
Furniture,To Go,Furniture To Go,mail@ftgfurniture.com,(214) 853-0989,https://www.ftgfurniture.com/,"2759 Irving Blvd, Dallas, TX 75207",Dallas,4.9,2174,Furniture store,good,ok,ChIJczxsmfibToYR7uPq4Xvhm0s,1,smartlead-launch-good-first-500-2026-04-20,"bartlett-labs-outbound,houston,mv-verified,mv-good,smartlead-launch-good-first-500-2026-04-20"
Las,Palmas Tex-Mex,Las Palmas Tex-Mex,events@laspalmastexmex.com,(214) 647-1232,https://laspalmasdallas.com/,"2708 Routh St, Dallas, TX 75201",Dallas,4.5,2167,Tex-Mex restaurant,good,ok,ChIJpVXGN7GZToYRK2EFeo9Ts88,1,smartlead-launch-good-first-500-2026-04-20,"bartlett-labs-outbound,houston,mv-verified,mv-good,smartlead-launch-good-first-500-2026-04-20"
Nu,Dentistry Houston - Best Dentist in Houston TX - Cosmetic and Emergency Dentist,Nu Dentistry Houston - Best Dentist in Houston TX - Cosmetic and Emergency Dentist,info@nudentistry.com,(346) 566-4100,https://nudentistry.com/,"5706 San Felipe St Ste B-300, Houston, TX 77057",Houston,4.9,2165,Dentist,good,ok,ChIJ9_PNaADBQIYR8pvRkYwWcQQ,1,smartlead-launch-good-first-500-2026-04-20,"bartlett-labs-outbound,houston,mv-verified,mv-good,smartlead-launch-good-first-500-2026-04-20"
Durty,Nelly's Irish Pub,Durty Nelly's Irish Pub,info@durtynellyspubsa.com,(210) 224-3343,http://www.durtynellyspubsa.com/?y_source=1_MTU0MDUzMDYtNzE1LWxvY2F0aW9uLndlYnNpdGU%3D,"200 S Alamo St, San Antonio, TX 78205",San Antonio,4.4,2159,Pub,good,ok,ChIJ_Y1_CKtYXIYRUXPT2CdtYVU,1,smartlead-launch-good-first-500-2026-04-20,"bartlett-labs-outbound,houston,mv-verified,mv-good,smartlead-launch-good-first-500-2026-04-20"
Crows,Plumbing Service,Crows Plumbing Service,info@crowsplumbing.com,(512) 643-7979,https://www.crowsplumbing.com/,"1500 Chisholm Trail Rd suite 100, Round Rock, TX 78681",Round Rock,4.9,2157,Plumber,good,ok,ChIJr43CWZvRRIYReuWHwdnGWMw,1,smartlead-launch-good-first-500-2026-04-20,"bartlett-labs-outbound,houston,mv-verified,mv-good,smartlead-launch-good-first-500-2026-04-20"
Shokku,Ramen,Shokku Ramen,info@shokkuramen.com,(832) 831-7155,http://www.shokkuramen.com/,"933 Studewood St Suite A, Houston, TX 77008",Houston,4.1,2157,Ramen restaurant,good,ok,ChIJxaAizt-5QIYRUxy82LKBH1s,1,smartlead-launch-good-first-500-2026-04-20,"bartlett-labs-outbound,houston,mv-verified,mv-good,smartlead-launch-good-first-500-2026-04-20"
Oliva,Italian Eatery,Oliva Italian Eatery,oliva@olivaeatery.com,(817) 337-6999,http://www.olivaeatery.com/,"12477 Timberland Blvd # 633, Fort Worth, TX 76244",Fort Worth,4.6,2156,Italian restaurant,good,ok,ChIJCYVG1vXZTYYREngfZ995lkI,1,smartlead-launch-good-first-500-2026-04-20,"bartlett-labs-outbound,houston,mv-verified,mv-good,smartlead-launch-good-first-500-2026-04-20"
Phat,Eatery - Katy,Phat Eatery - Katy,katy@phateatery.com,(832) 412-2927,https://www.phateatery.com/,"23119 Colonial Pkwy suite b-2, Katy, TX 77449",Katy,4.6,2156,Malaysian restaurant,good,ok,ChIJDQ2vv9knQYYRlY_6VJFA6io,1,smartlead-launch-good-first-500-2026-04-20,"bartlett-labs-outbound,houston,mv-verified,mv-good,smartlead-launch-good-first-500-2026-04-20"
Stanton's,City Bites,Stanton's City Bites,stantonscitybites@gmail.com,(713) 227-4893,https://www.stantonscitybites.com/,"1420 Edwards St, Houston, TX 77007",Houston,4.7,2147,Hamburger restaurant,good,ok,ChIJnaHKbjW_QIYR_dY-bsyLrZw,1,smartlead-launch-good-first-500-2026-04-20,"bartlett-labs-outbound,houston,mv-verified,mv-good,smartlead-launch-good-first-500-2026-04-20"
Wing,Quarter,Wing Quarter,wings.burgers.daiquiris@gmail.com,(713) 747-9464,https://www.wingquarter.com/,"3929 Old Spanish Trl #100, Houston, TX 77021",Houston,4.3,2141,Chicken wings restaurant,good,ok,ChIJ__-kFsq_QIYRSBQWcHs_bfg,1,smartlead-launch-good-first-500-2026-04-20,"bartlett-labs-outbound,houston,mv-verified,mv-good,smartlead-launch-good-first-500-2026-04-20"
Arts,Family Dentistry,Arts Family Dentistry,info@artsfamilydentistry.com,(214) 203-1145,http://artsfamilydentistry.com/,"803 W Davis St #102, Dallas, TX 75208",Dallas,5,2128,Dentist,good,ok,ChIJK_cVV3WbToYRYQnVcqGReOA,1,smartlead-launch-good-first-500-2026-04-20,"bartlett-labs-outbound,houston,mv-verified,mv-good,smartlead-launch-good-first-500-2026-04-20"
Aiden,Austin City Hotel,Aiden Austin City Hotel,info@bestwestern.com,(512) 444-0561,https://www.bestwestern.com/en_US/book/hotel-rooms.44679.html?iata=00171880&ssob=BLBWI0004G&cid=BLBWI0004G:google:gmb:44679,"2200 S I-35 Frontage Rd, Austin, TX 78704",Austin,4.3,2125,Hotel,good,ok,ChIJh0WJVl-0RIYRXeq0Ude4ijY,5,smartlead-launch-good-first-500-2026-04-20,"bartlett-labs-outbound,houston,mv-verified,mv-good,smartlead-launch-good-first-500-2026-04-20"
Air,Tech of Conroe,Air Tech of Conroe,service@airtechofconroe.com,(936) 220-1189,https://www.airtechofconroe.com/locations/conroe-tx/?utm_source=google-gbp&utm_medium=organic&utm_campaign=*18*air-tech-conroe,"12577 TX-105, Conroe, TX 77304",Conroe,4.9,2124,Plumber,good,ok,ChIJI4XNlMc8R4YRwOW3PyRg4io,1,smartlead-launch-good-first-500-2026-04-20,"bartlett-labs-outbound,houston,mv-verified,mv-good,smartlead-launch-good-first-500-2026-04-20"
Sharky's,Waterfront Grill,Sharky's Waterfront Grill,eat@sharkyswaterfrontgrill.com,(713) 904-5200,http://sharkyswaterfrontgrill.com/,"1660 W Lake Houston Pkwy Suite 104, Kingwood, TX 77339",Kingwood,4.2,2124,Seafood restaurant,good,ok,ChIJ4fWe2OesQIYR-IeilHLQhz0,1,smartlead-launch-good-first-500-2026-04-20,"bartlett-labs-outbound,houston,mv-verified,mv-good,smartlead-launch-good-first-500-2026-04-20"
Javi's,,Javi's,jonpinhorn.typedesign@gmail.com,(903) 504-5075,https://javis903.com/,"7212 Old Jacksonville Hwy, Tyler, TX 75703",Tyler,4.5,2122,Restaurant,good,ok,ChIJtxq8kl_LSYYRkxFTicYKdiA,10,smartlead-launch-good-first-500-2026-04-20,"bartlett-labs-outbound,houston,mv-verified,mv-good,smartlead-launch-good-first-500-2026-04-20"
Amorino,Gelato - Houston River Oaks,Amorino Gelato - Houston River Oaks,info@amorino.com,(346) 319-2194,https://www.amorino.com/en-us?utm_source=google&utm_medium=organic&utm_campaign=mybusiness-website,"4444 Westheimer Rd C150, Houston, TX 77027",Houston,4.7,2117,Ice cream shop,good,ok,ChIJv_D3aRTBQIYR59A004kjBqc,2,smartlead-launch-good-first-500-2026-04-20,"bartlett-labs-outbound,houston,mv-verified,mv-good,smartlead-launch-good-first-500-2026-04-20"
Bayou,City Seafood & Pasta,Bayou City Seafood & Pasta,todd@bayoucitysap.com,(713) 621-6602,https://www.bayoucityseafood.net/,"4712 Richmond Ave, Houston, TX 77027",Houston,4.3,2113,Seafood restaurant,good,ok,ChIJfYjSzXLBQIYRzonPuYFDcZU,1,smartlead-launch-good-first-500-2026-04-20,"bartlett-labs-outbound,houston,mv-verified,mv-good,smartlead-launch-good-first-500-2026-04-20"
Kids,Empire Houston Westchase,Kids Empire Houston Westchase,support@kidsempire.us,(713) 997-8090,https://www.kidsempire.com/park/westchase?utm_source=gmb&utm_medium=organic,"9749 Westheimer Rd, Houston, TX 77042",Houston,4.6,2110,Indoor playground,good,ok,ChIJO_RZFEXDQIYR_4tbmR5cc_8,1,smartlead-launch-good-first-500-2026-04-20,"bartlett-labs-outbound,houston,mv-verified,mv-good,smartlead-launch-good-first-500-2026-04-20"
H-Town,Steam,H-Town Steam,htownsteam@gmail.com,(281) 235-9090,https://houstonsteamclean.com/,,,4.9,2108,Carpet cleaning service,good,ok,ChIJaW5nEa3NQIYRKnV4Ub7YGe0,1,smartlead-launch-good-first-500-2026-04-20,"bartlett-labs-outbound,houston,mv-verified,mv-good,smartlead-launch-good-first-500-2026-04-20"
Sky,Rocket Burger,Sky Rocket Burger,info@skyrocketburger.com,(469) 863-7090,http://skyrocketburger.com/,"7877 Frankford Rd #101B, Dallas, TX 75252",Dallas,4.8,2108,Hamburger restaurant,good,ok,ChIJ_cCblxciTIYR_pw4qu1jf-g,2,smartlead-launch-good-first-500-2026-04-20,"bartlett-labs-outbound,houston,mv-verified,mv-good,smartlead-launch-good-first-500-2026-04-20"
Tom's,Watch Bar,Tom's Watch Bar,asst@devongleason.com,(281) 619-1779,https://tomswatchbar.com/houston/,"1201 Caroline St Suite #161 [level G], Houston, TX 77002",Houston,4.7,2107,Sports bar,good,ok,ChIJw-5Jfk6_QIYR_kVQTT6npyA,1,smartlead-launch-good-first-500-2026-04-20,"bartlett-labs-outbound,houston,mv-verified,mv-good,smartlead-launch-good-first-500-2026-04-20"
Crawfish,Shack,Crawfish Shack,danmeaux@crawfishshack.com,(281) 462-2121,http://www.crawfishshack.com/,"5822 FM 2100, Crosby, TX 77532",Crosby,4.6,2104,Seafood restaurant,good,ok,ChIJtQ1tVkBXP4YRJQVkqIGgvjI,1,smartlead-launch-good-first-500-2026-04-20,"bartlett-labs-outbound,houston,mv-verified,mv-good,smartlead-launch-good-first-500-2026-04-20"
Cattleack,Barbeque,Cattleack Barbeque,andrew@cattleackbbq.com,(972) 805-0999,http://cattleackbbq.com/,"13628 Gamma Rd, Farmers Branch, TX 75244",Farmers Branch,4.6,2102,Barbecue restaurant,good,ok,ChIJLYVJGSsnTIYRCJ-WzhhIbfg,1,smartlead-launch-good-first-500-2026-04-20,"bartlett-labs-outbound,houston,mv-verified,mv-good,smartlead-launch-good-first-500-2026-04-20"
The,LINE Austin,The LINE Austin,info@thelinehotel.com,(512) 478-9611,https://www.thelinehotel.com/austin/?utm_source=local-listings&utm_medium=organic&utm_campaign=local-listings,"111 E Cesar Chavez St, Austin, TX 78701",Austin,4,2100,Hotel,good,ok,ChIJA0Pwa_G1RIYRR1g97SPhn9k,1,smartlead-launch-good-first-500-2026-04-20,"bartlett-labs-outbound,houston,mv-verified,mv-good,smartlead-launch-good-first-500-2026-04-20"
Posados,,Posados,info@posados.com,(903) 234-9115,https://posados.com/,"110 Triple Creek Cir, Longview, TX 75601",Longview,4.3,2092,Mexican restaurant,good,ok,ChIJg3AWtrw4NoYRVIiUwXnsPSM,1,smartlead-launch-good-first-500-2026-04-20,"bartlett-labs-outbound,houston,mv-verified,mv-good,smartlead-launch-good-first-500-2026-04-20"
Burger,Bodega,Burger Bodega,contact@burgerbodega.com,(346) 293-8909,http://www.burgerbodega.com/,"4520 Washington Ave, Houston, TX 77007",Houston,4.5,2084,Hamburger restaurant,good,ok,ChIJC8au4CvBQIYRmqApdY7KZNQ,1,smartlead-launch-good-first-500-2026-04-20,"bartlett-labs-outbound,houston,mv-verified,mv-good,smartlead-launch-good-first-500-2026-04-20"
The,Social House,The Social House,events@thesyngroup.com,(682) 276-3830,http://socialhousearlington.com/,"1705 N Collins St #101, Arlington, TX 76011",Arlington,4.4,2079,Restaurant,good,ok,ChIJ92X4-_V9ToYRzIW-GwrKBrM,2,smartlead-launch-good-first-500-2026-04-20,"bartlett-labs-outbound,houston,mv-verified,mv-good,smartlead-launch-good-first-500-2026-04-20"
La,Condesa,La Condesa,info@lacondesa.com,(512) 499-0300,https://lacondesa.com/,"400A W 2nd St, Austin, TX 78701",Austin,4.3,2073,Mexican restaurant,good,ok,ChIJj9nrSA-1RIYRybO2K0NxQUo,1,smartlead-launch-good-first-500-2026-04-20,"bartlett-labs-outbound,houston,mv-verified,mv-good,smartlead-launch-good-first-500-2026-04-20"
A1,Garage Door Service,A1 Garage Door Service,info@a1garage.com,(210) 255-2939,https://a1garage.com/areas-served/san-antonio-tx-garage-door-repair-installation-near-you/?utm_source=google&utm_medium=organic&utm_campaign=gbpwebsite[sanantonio],"14309 Toepperwein Rd #308, San Antonio, TX 78233",San Antonio,4.9,2072,Garage door supplier,good,ok,ChIJ4xCOZTCNXIYReCQVzMZFQ88,3,smartlead-launch-good-first-500-2026-04-20,"bartlett-labs-outbound,houston,mv-verified,mv-good,smartlead-launch-good-first-500-2026-04-20"
Houston,Auto Parts,Houston Auto Parts,info@houstonautoparts.com,(281) 443-1223,http://houstonautoparts.com/,"501 Rankin Rd, Houston, TX 77073",Houston,4.9,2072,Auto parts store,good,ok,ChIJJbwOFLA-R4YRjNviwtUk0I0,1,smartlead-launch-good-first-500-2026-04-20,"bartlett-labs-outbound,houston,mv-verified,mv-good,smartlead-launch-good-first-500-2026-04-20"
Oak'd,BBQ,Oak'd BBQ,info@oakdbbq.com,(214) 242-8671,https://oakdbbq.com/,"5500 Greenville Ave # 1300, Dallas, TX 75206",Dallas,4.4,2070,Barbecue restaurant,good,ok,ChIJKSAivwufToYRqt7RRahGA98,1,smartlead-launch-good-first-500-2026-04-20,"bartlett-labs-outbound,houston,mv-verified,mv-good,smartlead-launch-good-first-500-2026-04-20"
Lankford's,Grocery & Market,Lankford's Grocery & Market,inquire@fosterrestaurant.com,(713) 522-9555,http://midtown.lankfordsburgers.com/,"88 Dennis St, Houston, TX 77006",Houston,4.5,2069,Hamburger restaurant,good,ok,ChIJO14nT12_QIYRZ76AFd3jsDw,1,smartlead-launch-good-first-500-2026-04-20,"bartlett-labs-outbound,houston,mv-verified,mv-good,smartlead-launch-good-first-500-2026-04-20"
PopStroke,,PopStroke,info@popstroke.com,(469) 262-0710,https://popstroke.com/venues/dallas-the-colony/,"5770 Grandscape Blvd, The Colony, TX 75056",The Colony,4.8,2056,Miniature golf course,good,ok,ChIJ0ep98rs7TIYRrI8COBZrBkg,3,smartlead-launch-good-first-500-2026-04-20,"bartlett-labs-outbound,houston,mv-verified,mv-good,smartlead-launch-good-first-500-2026-04-20"
12,Cuts Brazilian Steakhouse,12 Cuts Brazilian Steakhouse,groupevents@12cutssteakhouse.com,(469) 779-7012,https://12cutssteakhouse.com/,"18010 Dallas Pkwy, Dallas, TX 75287",Dallas,4.7,2055,Steak house,good,ok,ChIJbfpIn-ojTIYRWHqIqV9MX5Q,1,smartlead-launch-good-first-500-2026-04-20,"bartlett-labs-outbound,houston,mv-verified,mv-good,smartlead-launch-good-first-500-2026-04-20"
Lamberti’s,Ristorante - MacArthur,Lamberti’s Ristorante - MacArthur,david@lambertiristorante.com,(972) 506-3000,http://www.lambertiristorante.com/,"7701 N MacArthur Blvd, Irving, TX 75063",Irving,4.4,2051,Italian restaurant,good,ok,ChIJuwspz0soTIYRLVZNAcuzqhc,1,smartlead-launch-good-first-500-2026-04-20,"bartlett-labs-outbound,houston,mv-verified,mv-good,smartlead-launch-good-first-500-2026-04-20"
Uptown,Cheapskate Huebner Rd,Uptown Cheapskate Huebner Rd,info@uptowncheapskate.com,(210) 817-3712,https://www.uptowncheapskate.com/location/huebner-road,"11255 Huebner Rd Suite 205, San Antonio, TX 78230",San Antonio,4.8,2050,Thrift store,good,ok,ChIJ_6u8-S1nXIYRT9eKKjmUYnU,2,smartlead-launch-good-first-500-2026-04-20,"bartlett-labs-outbound,houston,mv-verified,mv-good,smartlead-launch-good-first-500-2026-04-20"
Epic,Plumbing,Epic Plumbing,info@epicservices.com,(281) 299-0028,https://www.epicservices.com/,"17302 County Rd 125, Pearland, TX 77581",Pearland,4.9,2049,Plumber,good,ok,ChIJbYuO7W2QQIYR9Edfq9NDKdk,1,smartlead-launch-good-first-500-2026-04-20,"bartlett-labs-outbound,houston,mv-verified,mv-good,smartlead-launch-good-first-500-2026-04-20"
Mario's,Seafood,Mario's Seafood,adriana@marioseafood.com,(737) 222-5136,http://marioseafood.com/,"7522 N Interstate 35 Frontage Rd Building C, Austin, TX 78752",Austin,4.6,2042,Seafood restaurant,good,ok,ChIJGVO2PuDLRIYR4nY6twh2pkY,2,smartlead-launch-good-first-500-2026-04-20,"bartlett-labs-outbound,houston,mv-verified,mv-good,smartlead-launch-good-first-500-2026-04-20"
Domingo,Garcia Law Office,Domingo Garcia Law Office,inquiry@domingogarcia.com,(214) 941-8300,https://domingogarcia.com/offices/dallas/?utm_source=google&utm_medium=organic&utm_campaign=gmb-listing-dallas,"1111 W Mockingbird Ln STE 1200, Dallas, TX 75247",Dallas,4.7,2036,Personal injury attorney,good,ok,ChIJ0bmG-pGZToYRb-SOknjIm-0,1,smartlead-launch-good-first-500-2026-04-20,"bartlett-labs-outbound,houston,mv-verified,mv-good,smartlead-launch-good-first-500-2026-04-20"
CityDoc,Urgent Care,CityDoc Urgent Care,info@citydoc.net,(214) 871-7000,https://citydoc.net/locations/uptown-dallas-urgent-care/,"2909 McKinney Ave # B, Dallas, TX 75204",Dallas,4.7,2034,Urgent care center,good,ok,ChIJz9cbxy2ZToYRKeBcLShFRm4,3,smartlead-launch-good-first-500-2026-04-20,"bartlett-labs-outbound,houston,mv-verified,mv-good,smartlead-launch-good-first-500-2026-04-20"
Sickies,Garage Burgers & Brews,Sickies Garage Burgers & Brews,info@sickiesburgers.com,(817) 507-0132,https://sickiesburgers.com/locations/fwtx/,"6770 Fossil Bluff Dr, Fort Worth, TX 76137",Fort Worth,4.5,2026,Restaurant,good,ok,ChIJp7AW23l3ToYRYqoOptJJyuU,1,smartlead-launch-good-first-500-2026-04-20,"bartlett-labs-outbound,houston,mv-verified,mv-good,smartlead-launch-good-first-500-2026-04-20"
Bowie,Bakery,Bowie Bakery,info@bowiebakery.com,(915) 544-6025,http://www.bowiebakery.com/,"901 Park St, El Paso, TX 79901",El Paso,4.5,2021,Bakery,good,ok,ChIJYwbElRBZ54YRAjFYmyMFmgg,1,smartlead-launch-good-first-500-2026-04-20,"bartlett-labs-outbound,houston,mv-verified,mv-good,smartlead-launch-good-first-500-2026-04-20"
ClearWater,Express Wash,ClearWater Express Wash,info@clearwaterexpresswash.com,(936) 588-5780,https://www.clearwaterexpresswash.com/,"6421 West Rd, Houston, TX 77086",Houston,4.9,2021,Car wash,good,ok,ChIJGTYaBr3PQIYRDyjUWN8nbDU,6,smartlead-launch-good-first-500-2026-04-20,"bartlett-labs-outbound,houston,mv-verified,mv-good,smartlead-launch-good-first-500-2026-04-20"
Slow,Bone BBQ,Slow Bone BBQ,catering@slowbone.com,(214) 377-7727,http://slowbone.com/,"2234 Irving Blvd, Dallas, TX 75207",Dallas,4.5,2019,Barbecue restaurant,good,ok,ChIJZypGDlaZToYRUjxJgKE1AFk,1,smartlead-launch-good-first-500-2026-04-20,"bartlett-labs-outbound,houston,mv-verified,mv-good,smartlead-launch-good-first-500-2026-04-20"
Fort,Bend Dental Missouri City,Fort Bend Dental Missouri City,info@ftbenddental.com,(281) 336-9899,https://www.ftbenddental.com/,"3717 Township Ln, Missouri City, TX 77459",Missouri City,4.8,2007,Dentist,good,ok,ChIJWc3A-vnlQIYRhv0Pzqs0A24,1,smartlead-launch-good-first-500-2026-04-20,"bartlett-labs-outbound,houston,mv-verified,mv-good,smartlead-launch-good-first-500-2026-04-20"
Doc,Holliday's Roadhouse,Doc Holliday's Roadhouse,info@dochollidaysroadhouse.com,(409) 220-3697,http://www.dochollidaysroadhouse.com/,"6010 Seawall Blvd, Galveston, TX 77551",Galveston,4.6,2006,Restaurant,good,ok,ChIJmwFSFrWdP4YRipdzcAi8BGk,1,smartlead-launch-good-first-500-2026-04-20,"bartlett-labs-outbound,houston,mv-verified,mv-good,smartlead-launch-good-first-500-2026-04-20"
Comfort,Experts,Comfort Experts,customerservicedept@acgenius.com,(817) 678-1287,https://comfortexpertsinc.com/?utm_source=GMB&utm_medium=organic&utm_campaign=fort_worth,"4255 Bryant Irvin Rd Ste 211, Fort Worth, TX 76109",Fort Worth,4.8,2003,HVAC contractor,good,ok,ChIJLUsPKXltToYRjPG3CeeER2s,2,smartlead-launch-good-first-500-2026-04-20,"bartlett-labs-outbound,houston,mv-verified,mv-good,smartlead-launch-good-first-500-2026-04-20"
US,Storage Centers,US Storage Centers,privacyinfo@usstorage.net,(210) 941-1842,https://www.usstoragecenters.com/storage-units/tx/san-antonio/2155-s-laredo-st?utm_source=google.local&utm_medium=organic&utm_campaign=local,"2155 S Laredo St, San Antonio, TX 78207",San Antonio,4.9,2000,Self-storage facility,good,ok,ChIJmYSA5s9YXIYRu67sF0aPanw,1,smartlead-launch-good-first-500-2026-04-20,"bartlett-labs-outbound,houston,mv-verified,mv-good,smartlead-launch-good-first-500-2026-04-20"
Discount,Motors 3,Discount Motors 3,mario.ybarra@discmtrs.com,(817) 834-8881,http://www.discountmotorstexas.com/,"5801 E Belknap St, Fort Worth, TX 76117",Fort Worth,4.8,1985,Used car dealer,good,ok,ChIJ9YKdT955ToYR4_O7Knly6HY,2,smartlead-launch-good-first-500-2026-04-20,"bartlett-labs-outbound,houston,mv-verified,mv-good,smartlead-launch-good-first-500-2026-04-20"
Diamond,Modern Furniture,Diamond Modern Furniture,dmf.raleigh104@gmail.com,(877) 349-5003,http://3roompackages.com/,"9524 Westheimer Rd, Houston, TX 77063",Houston,4.6,1983,Furniture store,good,ok,ChIJsc5XV6XDQIYRkFLjLELbpEw,1,smartlead-launch-good-first-500-2026-04-20,"bartlett-labs-outbound,houston,mv-verified,mv-good,smartlead-launch-good-first-500-2026-04-20"
Sunset,Animal Hospital,Sunset Animal Hospital,info@sunsetanytime.com,(713) 526-5881,http://sunsetanytime.com/,"2959 Southwest Fwy, Houston, TX 77098",Houston,3.9,1978,Veterinarian,good,ok,ChIJWzurDl_AQIYRYaVgzgekAEI,1,smartlead-launch-good-first-500-2026-04-20,"bartlett-labs-outbound,houston,mv-verified,mv-good,smartlead-launch-good-first-500-2026-04-20"
Salute,Italian Restaurant Frisco,Salute Italian Restaurant Frisco,salutefriscotx@gmail.com,(214) 407-7402,http://saluteitalianfrisco.com/,"5480 FM 423 #100, Frisco, TX 75034",Frisco,4.8,1973,Italian restaurant,good,ok,ChIJ-VjgNnw7TIYReC4WYC2mBPw,1,smartlead-launch-good-first-500-2026-04-20,"bartlett-labs-outbound,houston,mv-verified,mv-good,smartlead-launch-good-first-500-2026-04-20"
Emerald,Bowl,Emerald Bowl,info@emerald-bowl.com,(281) 933-6180,http://emerald-bowl.com/,"9307 Boone Rd, Houston, TX 77099",Houston,4.4,1969,Bowling alley,good,ok,ChIJjfokklndQIYRPCMlFWolABc,1,smartlead-launch-good-first-500-2026-04-20,"bartlett-labs-outbound,houston,mv-verified,mv-good,smartlead-launch-good-first-500-2026-04-20"
Mala,Sichuan Bistro,Mala Sichuan Bistro,info@malasichuan.com,(713) 995-1889,https://www.malasichuan.com/,"9348 Bellaire Blvd, Houston, TX 77036",Houston,4.5,1969,Sichuan restaurant,good,ok,ChIJNc4K5cTCQIYRe9OyIN7DcGE,3,smartlead-launch-good-first-500-2026-04-20,"bartlett-labs-outbound,houston,mv-verified,mv-good,smartlead-launch-good-first-500-2026-04-20"
Marais,,Marais,info@maraistx.com,(281) 534-1986,https://maraistx.com/,"2015 FM 517 Rd E, Dickinson, TX 77539",Dickinson,4.6,1966,American restaurant,good,ok,ChIJjcL39H-CQIYR_PDUv3Im5Qg,1,smartlead-launch-good-first-500-2026-04-20,"bartlett-labs-outbound,houston,mv-verified,mv-good,smartlead-launch-good-first-500-2026-04-20"
Wild,West Motoplex,Wild West Motoplex,support@pixelmotion.com,(281) 392-8850,https://www.wildwestmotoplex.com/,"22515 Katy Fwy, Katy, TX 77450",Katy,4.7,1961,Powersports vehicle dealer,good,ok,ChIJTSHRexknQYYRwke0ldhzYQA,1,smartlead-launch-good-first-500-2026-04-20,"bartlett-labs-outbound,houston,mv-verified,mv-good,smartlead-launch-good-first-500-2026-04-20"
Christian,Brothers Automotive League City,Christian Brothers Automotive League City,info@cbac.com,(281) 612-5544,https://www.cbac.com/league-city/?utm_source=GMB&utm_medium=organic&utm_campaign=league-city&utm_content=website-cta,"1515 FM 646 Rd, League City, TX 77573",League City,4.7,1958,Auto repair shop,good,ok,ChIJwfGWvVaCQIYRAW1UcYzm4TY,23,smartlead-launch-good-first-500-2026-04-20,"bartlett-labs-outbound,houston,mv-verified,mv-good,smartlead-launch-good-first-500-2026-04-20"
Tommy's,Express® Car Wash,Tommy's Express® Car Wash,tx07@teamtommys.com,(210) 971-6890,https://tommys-express.com/locations/tx07/?utm_source=yext_gbp&utm_medium=listing-management&y_source=1_MTU1ODIxODgtNzE1LWxvY2F0aW9uLndlYnNpdGU%3D,"23202 U.S. Hwy 281 N, San Antonio, TX 78259",San Antonio,4.7,1957,Car wash,good,ok,ChIJh427Ka2JXIYRjVri_UakiH4,3,smartlead-launch-good-first-500-2026-04-20,"bartlett-labs-outbound,houston,mv-verified,mv-good,smartlead-launch-good-first-500-2026-04-20"
KMP,"Plumbing, Heating & Air","KMP Plumbing, Heating & Air",info@kmpcorp.com,(817) 672-0567,https://kmpcorp.com/?utm_source=GBP&utm_medium=button&utm_campaign=burleson_location,"240 Exchange St, Burleson, TX 76028",Burleson,4.9,1955,Plumber,good,ok,ChIJD5VIvj1QToYRaSXaWncIoTs,1,smartlead-launch-good-first-500-2026-04-20,"bartlett-labs-outbound,houston,mv-verified,mv-good,smartlead-launch-good-first-500-2026-04-20"
MCMC,Auto - Fort Worth,MCMC Auto - Fort Worth,info@mcmcauto.com,(817) 529-7400,http://www.mcmcauto.com/?utm_source=googlemybusiness&utm_medium=organic,"2217 Jacksboro Hwy, Fort Worth, TX 76114",Fort Worth,4.8,1955,Used car dealer,good,ok,ChIJaaq2Am50ToYRyTN4jkN07nA,1,smartlead-launch-good-first-500-2026-04-20,"bartlett-labs-outbound,houston,mv-verified,mv-good,smartlead-launch-good-first-500-2026-04-20"
Dish,Society,Dish Society,info@dishsociety.com,(713) 467-3474,http://www.dishsociety.com/,"12525 Memorial Dr #145, Houston, TX 77024",Houston,4.4,1953,Breakfast restaurant,good,ok,ChIJtWbh4qfEQIYRttELI3ED2lI,2,smartlead-launch-good-first-500-2026-04-20,"bartlett-labs-outbound,houston,mv-verified,mv-good,smartlead-launch-good-first-500-2026-04-20"
Cafe,Homestead,Cafe Homestead,info@cafehomestead.com,(254) 754-9604,https://www.cafehomestead.com/?y_source=1_MjYyMjI2MTUtNzE1LWxvY2F0aW9uLndlYnNpdGU%3D,"608 Dry Creek Rd, Waco, TX 76705",Waco,4.8,1951,American restaurant,good,ok,ChIJX9AgqFycT4YR2kXCt0DhctA,1,smartlead-launch-good-first-500-2026-04-20,"bartlett-labs-outbound,houston,mv-verified,mv-good,smartlead-launch-good-first-500-2026-04-20"
Safari,Winery,Safari Winery,info@safariwinery.com,(830) 998-5956,http://www.safariwinery.com/,"5479 E US-290, Fredericksburg, TX 78624",Fredericksburg,4.8,1951,Winery,good,ok,ChIJNW4TbmSVW4YRzxBH_vHaUoI,1,smartlead-launch-good-first-500-2026-04-20,"bartlett-labs-outbound,houston,mv-verified,mv-good,smartlead-launch-good-first-500-2026-04-20"
Bellissima,Italian Mediterranean Restaurant,Bellissima Italian Mediterranean Restaurant,bellissimaaustin@gmail.com,(512) 284-7599,http://bellissimatx.com/,"8300 N FM 620 K-200, Austin, TX 78726",Austin,4.8,1948,Italian restaurant,good,ok,ChIJy9ZdSRkzW4YRIsogFDLNmq0,1,smartlead-launch-good-first-500-2026-04-20,"bartlett-labs-outbound,houston,mv-verified,mv-good,smartlead-launch-good-first-500-2026-04-20"
The,Shack,The Shack,info@theshacksatx.com,(210) 375-4097,https://www.theshacksatx.com/,"7431 Northwest Loop 410 Ste 115, San Antonio, TX 78245",San Antonio,4.6,1946,Hamburger restaurant,good,ok,ChIJqamlybRdXIYRwFVeAEayUsw,2,smartlead-launch-good-first-500-2026-04-20,"bartlett-labs-outbound,houston,mv-verified,mv-good,smartlead-launch-good-first-500-2026-04-20"
Micklethwait,Barbecue,Micklethwait Barbecue,team@craftmeatsaustin.com,(512) 953-3549,http://craftmeatsaustin.com/,"4602 Tanney St, Austin, TX 78721",Austin,4.7,1942,Barbecue restaurant,good,ok,ChIJB0cJf7m1RIYRLWbiT_M6QXM,1,smartlead-launch-good-first-500-2026-04-20,"bartlett-labs-outbound,houston,mv-verified,mv-good,smartlead-launch-good-first-500-2026-04-20"
State,of Grace,State of Grace,eventsstateofgrace@rocketfarmrestaurants.com,(832) 942-5080,http://www.stateofgracetx.com/,"3258 Westheimer Rd, Houston, TX 77098",Houston,4.6,1942,New American restaurant,good,ok,ChIJJ0aTHObAQIYRPKlKBtryX9Y,1,smartlead-launch-good-first-500-2026-04-20,"bartlett-labs-outbound,houston,mv-verified,mv-good,smartlead-launch-good-first-500-2026-04-20"
American,Leak Detection of San Antonio,American Leak Detection of San Antonio,info@americanleakdetection.com,(830) 549-2461,https://www.americanleakdetection.com/san-antonio/,"136 Industrial Dr, Boerne, TX 78006",Boerne,4.9,1939,Plumber,good,ok,ChIJCWdKCvZ6XIYR9J1O7Gt06K8,2,smartlead-launch-good-first-500-2026-04-20,"bartlett-labs-outbound,houston,mv-verified,mv-good,smartlead-launch-good-first-500-2026-04-20"
San,Antonio / Alamo KOA Holiday,San Antonio / Alamo KOA Holiday,info@alamokoa.com,(210) 224-9296,https://koa.com/campgrounds/san-antonio/?utm_source=google&utm_medium=organic&utm_campaign=gbp,"602 Gembler Rd, San Antonio, TX 78219",San Antonio,4.6,1939,RV park,good,ok,ChIJRZ-DQCH0XIYRXzKhlDmu5j8,2,smartlead-launch-good-first-500-2026-04-20,"bartlett-labs-outbound,houston,mv-verified,mv-good,smartlead-launch-good-first-500-2026-04-20"
Apartment,Hunters Austin,Apartment Hunters Austin,info@freeapartmenthunters.com,(512) 551-1648,http://freeapartmenthunters.com/,"901 S MoPac Expy Suite 300, Austin, TX 78746",Austin,5,1938,Apartment rental agency,good,ok,ChIJMXblcS1LW4YRz9UyQNSXjLQ,2,smartlead-launch-good-first-500-2026-04-20,"bartlett-labs-outbound,houston,mv-verified,mv-good,smartlead-launch-good-first-500-2026-04-20"
Dot's,Hop House & Cocktail Courtyard,Dot's Hop House & Cocktail Courtyard,dotshophouse@gmail.com,(214) 230-3687,http://dotshophouse.com/,"2645 Commerce St, Dallas, TX 75226",Dallas,4.5,1938,Bar,good,ok,ChIJyS6-g92YToYRqsIXgysq-hQ,1,smartlead-launch-good-first-500-2026-04-20,"bartlett-labs-outbound,houston,mv-verified,mv-good,smartlead-launch-good-first-500-2026-04-20"
Reliant,Pest Management,Reliant Pest Management,sales@reliantpest.com,(713) 955-7091,https://reliantpest.com/houston-tx/?utm_source=google&utm_medium=organic&utm_campaign=gbp-houston,"421 Chestnut Business Park Dr, Tomball, TX 77375",Tomball,4.8,1938,Pest control service,good,ok,ChIJscz1sRu2QIYR-jYl23iYfeg,1,smartlead-launch-good-first-500-2026-04-20,"bartlett-labs-outbound,houston,mv-verified,mv-good,smartlead-launch-good-first-500-2026-04-20"
Quick,Lane Tire & Auto Center,Quick Lane Tire & Auto Center,info@haciendaford.com,(956) 217-0442,https://www.haciendaford.com/quick-lane/?utm_source=GMB&utm_medium=Schedule%20Service,"2101 W Canton Rd, Edinburg, TX 78539",Edinburg,4.9,1937,Oil change service,good,ok,ChIJg9QjfEahZYYR8heRsC4WhhQ,1,smartlead-launch-good-first-500-2026-04-20,"bartlett-labs-outbound,houston,mv-verified,mv-good,smartlead-launch-good-first-500-2026-04-20"
Structured,Foundation Repairs,Structured Foundation Repairs,bryan@rosetreesolutions.com,(972) 484-1200,https://structuredfoundation.com/,"13301 Trinity Blvd, Euless, TX 76040",Euless,4.8,1937,General contractor,good,ok,ChIJE6DxdpGAToYReU7ATpAyqcQ,1,smartlead-launch-good-first-500-2026-04-20,"bartlett-labs-outbound,houston,mv-verified,mv-good,smartlead-launch-good-first-500-2026-04-20"
TX,Auto Group Houston,TX Auto Group Houston,info@txautogroup.com,(832) 582-7785,https://www.txautogroup.com/,"5803 Richmond Ave, Houston, TX 77057",Houston,4.6,1937,Used car dealer,good,ok,ChIJMVV1x6vDQIYRxL-RxVl6Yxk,1,smartlead-launch-good-first-500-2026-04-20,"bartlett-labs-outbound,houston,mv-verified,mv-good,smartlead-launch-good-first-500-2026-04-20"
