email,first_name,last_name,company_name,phone_number,website,location,address,rating,reviews,business_type,mv_quality,mv_result,source,place_id,shared_email_count
info@attstadium.com,AT&T,Stadium,AT&T Stadium,(817) 892-4000,https://attstadium.com/,Arlington,"1 AT&T Way, Arlington, TX 76011",4.7,45611,Stadium,risky,catch_all,mv-verified-houston-risky-2026-04-20,ChIJJ0eIyIZ9ToYR-J1qjOhgHm0,1
info@hmns.org,Houston,Museum of Natural Science,Houston Museum of Natural Science,(713) 639-4629,https://www.hmns.org/,Houston,"5555 Hermann Park Dr, Houston, TX 77030",4.8,30156,Science museum,risky,catch_all,mv-verified-houston-risky-2026-04-20,ChIJqzEuToa_QIYRetkd7kIw47s,1
info@agasrestaurant.com,Aga's,Restaurant & Catering,Aga's Restaurant & Catering,(832) 786-8000,https://www.agasrestaurant.com/,Houston,"11842 Wilcrest Dr, Houston, TX 77031",4.8,22075,Indian restaurant,risky,catch_all,mv-verified-houston-risky-2026-04-20,ChIJZ3_xEVfnQIYRwa4iI6gA1Q8,1
info@crepeccino.com,Crepeccino,Café & Crêperie,Crepeccino Café & Crêperie,(210) 600-3362,http://crepeccino.com/,San Antonio,"5500 Babcock Rd #104, San Antonio, TX 78240",4.9,20901,Restaurant,risky,catch_all,mv-verified-houston-risky-2026-04-20,ChIJcbCRWTxnXIYRkd_fIf2ScfA,1
hello-austin@radiantplumbing.com,Radiant,"Plumbing, Air Conditioning, & Electrical","Radiant Plumbing, Air Conditioning, & Electrical",(512) 690-4935,https://radiantplumbing.com/austin/?utm_source=google&utm_medium=businesslisting&utm_campaign=atx-brand_gmb_1023&utm_content=atx-brand,Austin,"901 Reinli St, Austin, TX 78751",4.8,16525,Plumber,risky,catch_all,mv-verified-houston-risky-2026-04-20,ChIJgaWi-H21RIYRSO43JeIAhSY,2
hello@theescapegame.com,The,Escape Game Houston (CityCentre),The Escape Game Houston (CityCentre),(713) 999-1496,https://theescapegame.com/houston/?utm_source=google&utm_medium=organic&utm_campaign=gbp&utm_id=hou-citycentre,Houston,"794 Sorella Ct #127, Houston, TX 77024",5,12316,Escape room center,risky,catch_all,mv-verified-houston-risky-2026-04-20,ChIJOzcF1LLEQIYRpkmtlUxhumI,4
info@breakoutgames.com,Breakout,Games,Breakout Games,(972) 474-0111,https://www.breakoutgames.com/dallas?utm_source=google&utm_medium=organic&utm_campaign=gmb-dallas-plano,Plano,"2301 N Central Expy # 285, Plano, TX 75075",5,12210,Escape room center,risky,catch_all,mv-verified-houston-risky-2026-04-20,ChIJj9MaVf4YTIYRuQBEXH_eu4M,1
info@mfah.org,The,"Museum of Fine Arts, Houston","The Museum of Fine Arts, Houston",(713) 639-7300,https://www.mfah.org/,Houston,"1001 Bissonnet St, Houston, TX 77005",4.8,11830,Art museum,risky,catch_all,mv-verified-houston-risky-2026-04-20,ChIJSx6QT3-_QIYRPaWcHKc3bbI,3
aquariumhouston@ldry.com,Aquarium,Restaurant,Aquarium Restaurant,(713) 315-5126,https://www.downtownaquariumhouston.com/aquarium-restaurant,Houston,"410 Bagby St, Houston, TX 77002",4.7,10570,Seafood restaurant,risky,catch_all,mv-verified-houston-risky-2026-04-20,ChIJ1_fBKTG_QIYRWdRY0QE5LH0,1
info@1800gotjunk.com,1-800-GOT-JUNK?,Houston West,1-800-GOT-JUNK? Houston West,(346) 509-4683,https://www.1800gotjunk.com/us_en/locations/junk-removal-houston/us03051?utm_source=googleplus&utm_medium=maps&utm_campaign=houstonwest,,,5,10020,Junk removal service,risky,catch_all,mv-verified-houston-risky-2026-04-20,ChIJzQHmrjjbQIYRCM65D-iCZQM,5
info@aptivepestcontrol.com,Aptive,Pest Control,Aptive Pest Control,(281) 609-6832,https://aptivepestcontrol.com/locations/texas-tx/houston-pest-control/local-branch/?utm_source=google&utm_medium=LocalListings&utm_campaign=Local+Listings+128+Houston,Houston,"8800 Jameel Rd #100B, Houston, TX 77040",4.6,9975,Pest control service,risky,catch_all,mv-verified-houston-risky-2026-04-20,ChIJa7448n3FQIYRNuC2jHJgiL0,3
info@rebrand.ly,Taquitos,West Avenue,Taquitos West Avenue,(210) 525-9888,https://rebrand.ly/taquitos-panaderia,San Antonio,"2818 West Ave, San Antonio, TX 78201",4.6,9961,Mexican restaurant,risky,catch_all,mv-verified-houston-risky-2026-04-20,ChIJuUoEfrNfXIYR51l-QIqUFgA,5
info@omnihotels.com,Omni,Dallas Hotel,Omni Dallas Hotel,(214) 744-6664,https://www.omnihotels.com/hotels/dallas?utm_source=gmblisting&utm_medium=organic,Dallas,"555 S Lamar St, Dallas, TX 75202",4.5,9859,Hotel,risky,catch_all,mv-verified-houston-risky-2026-04-20,ChIJpd-cqxCZToYR5_W8NBXdULQ,12
info@brasaousa.com,Brasão,Brazilian Steakhouse,Brasão Brazilian Steakhouse,(210) 233-6868,https://www.brasaousa.com/san-antonio,San Antonio,"19210 I-10, San Antonio, TX 78257",4.9,9853,Steak house,risky,catch_all,mv-verified-houston-risky-2026-04-20,ChIJ9Z3wSN5lXIYRMFqUs9eHO0E,1
info@microcenter.com,Micro,Center,Micro Center,,https://www.microcenter.com/site/stores/houston.aspx?storeid=155,Houston,"5305 S Rice Ave, Houston, TX 77081",4.5,9568,Computer repair service,risky,catch_all,mv-verified-houston-risky-2026-04-20,ChIJ4-kEdT_BQIYR14UzRlEUKC0,2
info@biglouspizza-satx.com,Big,Lou's Pizza,Big Lou's Pizza,(210) 337-0707,http://biglouspizza-satx.com/,San Antonio,"2048 S WW White Rd, San Antonio, TX 78222",4.4,8944,Pizza restaurant,risky,unknown,mv-verified-houston-risky-2026-04-20,ChIJ7WZoudH2XIYRJsRGfzftGgo,1
info@willfixit.com,Will,Fix It,Will Fix It,(210) 866-8048,https://www.willfixit.com/locations?utm_source=google&utm_medium=gbp&utm_campaign=local_seo&utm_content=gbp_website_click,San Antonio,"3535 Metro Pkwy, San Antonio, TX 78247",4.6,8897,Plumber,risky,catch_all,mv-verified-houston-risky-2026-04-20,ChIJIQft8vRnXIYRyhYFvjAi9eU,2
info@ninfas.com,The,Original Ninfa's on Navigation,The Original Ninfa's on Navigation,(713) 228-1175,http://www.ninfas.com/,Houston,"2704 Navigation Blvd, Houston, TX 77003",4.4,8448,Mexican restaurant,risky,catch_all,mv-verified-houston-risky-2026-04-20,ChIJeejHW9u-QIYR2xQC_Nj9vi8,1
info@marriott.com,Marriott,Marquis Houston,Marriott Marquis Houston,(713) 654-1777,https://www.marriott.com/en-us/hotels/houmq-marriott-marquis-houston/overview/?scid=f2ae0541-1279-4f24-b197-a979c79310b0,Houston,"1777 Walker St, Houston, TX 77010",4.4,8032,Hotel,risky,catch_all,mv-verified-houston-risky-2026-04-20,ChIJvWr52iO_QIYRPxXgLyOB6fU,18
info@serviceexperts.com,Strand,Brothers Service Experts,Strand Brothers Service Experts,(512) 598-6625,https://www.serviceexperts.com/austin-tx/?&utm_campaign=listing&utm_medium=organic_search&utm_source=gmb&utm_content=brand,Austin,"5811 Techni Center Dr, Austin, TX 78721",4.8,7445,HVAC contractor,risky,catch_all,mv-verified-houston-risky-2026-04-20,ChIJL85N7DXPRIYRbB7cLBUoBEg,5
info@gringostexmex.com,Gringo's,Mexican Kitchen {Spring},Gringo's Mexican Kitchen {Spring},(832) 381-3345,http://www.gringostexmex.com/,Spring,"19330 I-45, Spring, TX 77373",4.4,6784,Tex-Mex restaurant,risky,catch_all,mv-verified-houston-risky-2026-04-20,ChIJSQ_8pCw1R4YRPn9wnG6PA9U,4
info@chart-house.com,Chart,House,Chart House,(210) 223-3101,https://www.chart-house.com/location/chart-house-san-antonio-tx/,San Antonio,"739 E César E. Chávez Blvd, San Antonio, TX 78205",4.2,6663,Seafood restaurant,risky,catch_all,mv-verified-houston-risky-2026-04-20,ChIJF8VS7P_1XIYRoIw2IqkmC90,1
info@tastedowntownhtx.com,Taste,Kitchen + Bar,Taste Kitchen + Bar,(713) 485-5803,https://www.tastedowntownhtx.com/,Houston,"420 Main St, Houston, TX 77002",4.4,6606,Brunch restaurant,risky,catch_all,mv-verified-houston-risky-2026-04-20,ChIJoTFCUCW_QIYRfKu4b1hWplQ,1
info@stanleysteemer.com,Stanley,Steemer,Stanley Steemer,(972) 484-6376,https://www.stanleysteemer.com/locations/TX/Dallas/581,Farmers Branch,"13859 Diplomat Dr #100, Farmers Branch, TX 75234",4.8,6546,Carpet cleaning service,risky,unknown,mv-verified-houston-risky-2026-04-20,ChIJgbI2W9QnTIYRm852_yGLS_4,7
info@houstonrcc.com,IAH,Houston Rental Car Center,IAH Houston Rental Car Center,,https://www.houstonrcc.com/car-rental/usa-houston-george-bush-intc-airport-iah,Houston,"17330 Palmetto Pines, Houston, TX 77032",4.1,6522,,risky,catch_all,mv-verified-houston-risky-2026-04-20,ChIJlakvkjy0QIYReC-GsykENxU,1
chris@dfwgun.com,DFW,Gun Range and Academy,DFW Gun Range and Academy,(214) 630-4866,http://www.dfwgun.com/,Dallas,"1607 W Mockingbird Ln, Dallas, TX 75235",4.9,6482,Shooting range,risky,catch_all,mv-verified-houston-risky-2026-04-20,ChIJJ_YYkWqcToYRmjQ-Ho5ygw4,1
info@enterprise.com,Enterprise,Rent-A-Car,Enterprise Rent-A-Car,(833) 635-0439,https://www.enterprise.com/en/car-rental-locations/us/tx/dallas-ft-worth-international-airport-09y1.html?mcid=yext:245709,Dallas,"2424 E 38th St, Dallas, TX 75261",4.4,6481,Car rental agency,risky,catch_all,mv-verified-houston-risky-2026-04-20,ChIJpSWCNdGBToYR2u57BzVLXhg,12
info@livingspaces.com,Living,Spaces,Living Spaces,(877) 266-7300,https://www.livingspaces.com/stores/san-antonio,San Antonio,"4239 N Loop 1604 W, San Antonio, TX 78249",4.6,6408,Furniture store,risky,catch_all,mv-verified-houston-risky-2026-04-20,ChIJgW1I1IphXIYRyDZ_76Ovcvk,2
dev@leadsnearby.com,Bradbury,"Brothers Cooling, Plumbing & Electrical","Bradbury Brothers Cooling, Plumbing & Electrical",(281) 247-0667,https://bradburybrothers.com/?utm_source=Google&utm_medium=GBP&utm_campaign=Organic_GBP_Bradbury,Magnolia,"30045 FM2978, Magnolia, TX 77354",4.9,6255,HVAC contractor,risky,catch_all,mv-verified-houston-risky-2026-04-20,ChIJ-TsE8jM0R4YRdYS6S8AYWnU,1
houston@escapetheroom.com,Escape,The Room Minneapolis,Escape The Room Minneapolis,(612) 666-0077,https://escapetheroom.com/minneapolis/?utm_source=GMBlisting&utm_medium=organic,,"923 Nicollet Mall #375, Minneapolis, MN 55402",5,6252,Escape room center,risky,unknown,mv-verified-houston-risky-2026-04-20,ChIJefyd9ZYys1IRcIk1rsMxfrc,3
gm2971@autonation.com,AutoNation,USA Houston,AutoNation USA Houston,(281) 766-8699,https://www.autonationusa.com/dealership/houston.htm?&utm_source=local&utm_medium=organic&utm_campaign=*000012247*GMB,Houston,"8526 North Fwy, Houston, TX 77037",4.6,6239,Used car dealer,risky,catch_all,mv-verified-houston-risky-2026-04-20,ChIJF2LntxXIQIYR0Cz9OcXuK2A,3
info@ars.com,ARS,/ Rescue Rooter,ARS / Rescue Rooter,(214) 989-4872,https://www.ars.com/dallas,Irving,"6029 Campus Cir Dr W Ste 150, Irving, TX 75063",4.7,6181,Plumber,risky,catch_all,mv-verified-houston-risky-2026-04-20,ChIJ9eFKokGcToYRh3EEwjJOxTo,5
info@ecoshieldpest.com,EcoShield,Pest Solutions,EcoShield Pest Solutions,(737) 250-2360,https://www.ecoshieldpest.com/locations/austin-tx?utm_source=GMB&utm_medium=organic&utm_campaign=local,Round Rock,"2590 Oakmont Dr STE 520, Round Rock, TX 78665",4.7,6101,Pest control service,risky,catch_all,mv-verified-houston-risky-2026-04-20,ChIJKfnyjiEzW4YRDYnNXgGWgGU,3
info@culinarydropout.com,Culinary,Dropout,Culinary Dropout,(512) 777-3394,https://www.culinarydropout.com/locations/austin-tx/?utm_source=Google&utm_medium=Organic&utm_campaign=Maps,Austin,"11721 Rock Rose Ave #100, Austin, TX 78758",4.4,6087,American restaurant,risky,catch_all,mv-verified-houston-risky-2026-04-20,ChIJ1eAeVnLMRIYR_VB5FIj_LuE,2
info@italianosrestaurant.net,Italiano's,,Italiano's,(281) 446-6111,https://www.italianosrestaurant.net/?utm_source=local&utm_medium=organic&utm_campaign=gmb&utm_content=humble,Humble,"217 Farm to Market 1960 Bypass Rd E, Humble, TX 77338",4.5,6084,Italian restaurant,risky,catch_all,mv-verified-houston-risky-2026-04-20,ChIJh_OTtVWyQIYRT06u4PWwcOY,2
info@saltgrass.com,Saltgrass,Steak House,Saltgrass Steak House,(210) 222-9092,https://www.saltgrass.com/location/saltgrass-san-antonio-riverwalk/,San Antonio,"502 River Walk, San Antonio, TX 78205",4.2,6042,Steak house,risky,catch_all,mv-verified-houston-risky-2026-04-20,ChIJq1Co16F4XIYRFVTSc1qyx9g,13
info@drivetime.com,DriveTime,Used Cars,DriveTime Used Cars,(281) 848-1555,https://www.drivetime.com/?reg=iah&source=local&vend=google&camn=13801&utm_content=website,Houston,"11655 North Fwy, Houston, TX 77060",4.9,5988,Used car dealer,risky,catch_all,mv-verified-houston-risky-2026-04-20,ChIJE9N5DjbIQIYRqoeP23JSwbU,6
info@elcometaelpaso.com,El,Cometa,El Cometa,(915) 594-7686,http://www.elcometaelpaso.com/,El Paso,"9529 Viscount Blvd, El Paso, TX 79925",4.2,5869,Mexican restaurant,risky,unknown,mv-verified-houston-risky-2026-04-20,ChIJyau3Ozlb54YRWRmAy_vc_bA,1
info@heb.com,H-E-B,,H-E-B,(210) 737-2047,https://www.heb.com/heb-store/US/tx/san-antonio/deco-district-h-e-b-556?utm_source=google&utm_medium=organic&utm_campaign=gmb_stores,San Antonio,"2118 Fredericksburg Rd, San Antonio, TX 78201",4.4,5791,Grocery store,risky,catch_all,mv-verified-houston-risky-2026-04-20,ChIJmRlovQFfXIYR05ui1PG8RO4,15
info@normascafe.com,Norma's,Cafe,Norma's Cafe,(214) 946-4711,http://www.normascafe.com/,Dallas,"1123 W Davis St, Dallas, TX 75208",4.5,5673,Breakfast restaurant,risky,catch_all,mv-verified-houston-risky-2026-04-20,ChIJcTTuxC6aToYR4xZR98URWLo,2
info@misegurodeauto.com,Bikini,Insurance,Bikini Insurance,(713) 695-7400,http://www.misegurodeauto.com/,Houston,"5715 Airline Dr B, Houston, TX 77076",5,5501,Auto insurance agency,risky,unknown,mv-verified-houston-risky-2026-04-20,ChIJWXuB6A-4QIYRZ7OJDHEZBic,1
info@pinstackbowl.com,PINSTACK,,PINSTACK,+1 972-781-2695,http://pinstackbowl.com/locations/plano-texas/,Plano,"6205 Dallas Pkwy, Plano, TX 75024, United States",4.3,5376,Bowling alley,risky,catch_all,mv-verified-houston-risky-2026-04-20,ChIJQ-P4b1kjTIYR03sNxx1g8q4,2
info@sanjhrestaurant.com,Sanjh,Restaurant & Bar,Sanjh Restaurant & Bar,(972) 239-1800,https://sanjhrestaurant.com/,Irving,"5250 N O'Connor Blvd Suite 146, Irving, TX 75039",4.8,5368,Restaurant,risky,catch_all,mv-verified-houston-risky-2026-04-20,ChIJ982bn5iDToYRBc2eezwViSE,1
info@adelbridge.com,Adelbridge,& Co. Firearms,Adelbridge & Co. Firearms,(210) 265-1146,https://adelbridge.com/,San Antonio,"7080 San Pedro Ave, San Antonio, TX 78216",4.8,5160,Gun shop,risky,catch_all,mv-verified-houston-risky-2026-04-20,ChIJuZLAIx5eXIYRfGiIMK4cQkA,1
gsc@leonspringsbbq.com,Rudy's,"""Country Store"" and Bar-B-Q","Rudy's ""Country Store"" and Bar-B-Q",(210) 653-7839,http://www.leonspringsbbq.com/,San Antonio,"10623 Westover Hills Blvd, San Antonio, TX 78251",4.2,5142,Barbecue restaurant,risky,catch_all,mv-verified-houston-risky-2026-04-20,ChIJAWg3e-NCXIYRXXju2UAaYKw,2
info@hermannpark.org,McGovern,Centennial Gardens,McGovern Centennial Gardens,(713) 524-5876,https://www.hermannpark.org/visit/mcgovern-centennial-gardens/,Houston,"1500 Hermann Dr, Houston, TX 77004",4.8,5047,Garden,risky,catch_all,mv-verified-houston-risky-2026-04-20,ChIJK5qZwoO_QIYRF4P0H-ZPZ3I,1
info@patiobylapasha.com,Patio,by La Pasha,Patio by La Pasha,(281) 888-2955,https://www.patiobylapasha.com/,Houston,"5810 Beverly Hill St, Houston, TX 77057",4.7,4737,Mediterranean restaurant,risky,catch_all,mv-verified-houston-risky-2026-04-20,ChIJjSpiHfDDQIYRMMxr3l70diM,1
accessibility@wyndham.com,La,Quinta Inn & Suites by Wyndham San Antonio Riverwalk,La Quinta Inn & Suites by Wyndham San Antonio Riverwalk,(210) 222-9181,https://www.wyndhamhotels.com/laquinta/san-antonio-texas/la-quinta-san-antonio-riverwalk/overview?CID=LC:6ysy27krtpcrqev:53402&iata=00093796,San Antonio,"303 Blum St, San Antonio, TX 78205",3.9,4734,Hotel,risky,catch_all,mv-verified-houston-risky-2026-04-20,ChIJ90YMOAD2XIYRdqMe5_2CEZk,16
events@lafogata.com,La,Fogata Mexican Cuisine,La Fogata Mexican Cuisine,(210) 340-1337,http://www.lafogata.com/,San Antonio,"2427 Vance Jackson Rd, San Antonio, TX 78213",4.2,4704,Mexican restaurant,risky,unknown,mv-verified-houston-risky-2026-04-20,ChIJa5N16jZeXIYRSM71ZFnzfhk,1
info@wholefoodsmarket.com,Whole,Foods Market,Whole Foods Market,(512) 542-2200,https://www.wholefoodsmarket.com/stores/lamar?utm_source=google&utm_medium=organic&utm_campaign=listings,Austin,"525 N Lamar Blvd, Austin, TX 78703",4.5,4702,Grocery store,risky,catch_all,mv-verified-houston-risky-2026-04-20,ChIJf5QJFBK1RIYRjjfxZz9Z0O0,13
fun2eat@sbcglobal.net,Goodson's,Cafe,Goodson's Cafe,(281) 351-1749,http://www.goodsonscafe.com/,Tomball,"27931 Tomball Pkwy, Tomball, TX 77375",4.4,4683,American restaurant,risky,catch_all,mv-verified-houston-risky-2026-04-20,ChIJaVEl-4ssR4YRbJCISmqwZcI,1
info@mistero1.com,Mister,O1 Extraordinary Pizza Turtle Creek,Mister O1 Extraordinary Pizza Turtle Creek,(214) 432-4434,https://www.mistero1.com/,Dallas,"3838 Oak Lawn Ave suite p175, Dallas, TX 75219",4.9,4668,Pizza restaurant,risky,catch_all,mv-verified-houston-risky-2026-04-20,ChIJz9LhOnmfToYReAC2nviDUAo,3
info@bbsmokehouse.com,B&B,Smokehouse,B&B Smokehouse,(210) 921-2745,http://bbsmokehouse.com/,San Antonio,"2619 Pleasanton Rd, San Antonio, TX 78221",4.5,4544,Barbecue restaurant,risky,catch_all,mv-verified-houston-risky-2026-04-20,ChIJHxDMBRVYXIYRZqGV3D0HVZI,1
info@northitalia.com,North,Italia,North Italia,(281) 605-4030,https://www.northitalia.com/locations/houston-tx-blvd-place/,Houston,"1700 Post Oak Blvd Ste 190, Houston, TX 77056",4.5,4520,Italian restaurant,risky,catch_all,mv-verified-houston-risky-2026-04-20,ChIJqfWOgUHBQIYRZxQ6ObUFWuo,3
info@bjsrestaurants.com,BJ's,Restaurant & Brewhouse,BJ's Restaurant & Brewhouse,(281) 242-0400,https://www.bjsrestaurants.com/locations/tx/sugar-land?utm_source=google&utm_medium=organic&utm_campaign=google_my_business,Sugar Land,"2231 Hwy 6, Sugar Land, TX 77478",4.3,4494,Restaurant,risky,unknown,mv-verified-houston-risky-2026-04-20,ChIJYTD2hZTmQIYRONyJWUTSnJY,3
info@seismique.com,Seismique,,Seismique,(346) 202-6006,https://www.seismique.com/,Houston,"2306 S Texas 6, Houston, TX 77077",4.4,4474,Amusement center,risky,catch_all,mv-verified-houston-risky-2026-04-20,ChIJr95ma6rdQIYRlca_5pUiY9k,1
info@spanishflowerrestaurant.com,Spanish,Flowers,Spanish Flowers,(713) 869-1706,https://www.spanishflowerrestaurant.com/,Houston,"4701 N Main St, Houston, TX 77009",4.2,4458,Mexican restaurant,risky,unknown,mv-verified-houston-risky-2026-04-20,ChIJ36mlv5e4QIYR4cElFhuj39A,1
info@thehoneyholehtx.com,The,Honey Hole,The Honey Hole,(832) 234-4260,https://www.thehoneyholehtx.com/,Houston,"2327 Post Oak Blvd, Houston, TX 77056",4.6,4457,Brunch restaurant,risky,catch_all,mv-verified-houston-risky-2026-04-20,ChIJZ4yc7EDBQIYR5J30FH0JSnE,1
info@thekpot.com,KPOT,Korean BBQ & Hot Pot,KPOT Korean BBQ & Hot Pot,(512) 356-9388,https://thekpot.com/location/austin-brodie/,Sunset Valley,"5200 Brodie Ln, Sunset Valley, TX 78745",4.9,4455,Korean barbecue restaurant,risky,catch_all,mv-verified-houston-risky-2026-04-20,ChIJzU_3OgBLW4YRUVIIjDqRoFU,3
info@discoveryautoaustin.com,Discovery,Auto Sales,Discovery Auto Sales,+1 512-804-0600,http://www.discoveryautoaustin.com/,Austin,"8140 N Lamar Blvd, Austin, TX 78753, United States",4.8,4379,Used car dealer,risky,catch_all,mv-verified-houston-risky-2026-04-20,ChIJN1Z1XMTLRIYRJMBnMFTIdho,1
info@casinoelcamino.net,Casino,El Camino,Casino El Camino,(512) 469-9330,http://www.casinoelcamino.net/,Austin,"517 E 6th St, Austin, TX 78701",4.5,4348,Hamburger restaurant,risky,catch_all,mv-verified-houston-risky-2026-04-20,ChIJUXQdQqa1RIYRtnSiyRQAxE0,1
info@twistedtattootx.com,Twisted,Tattoo,Twisted Tattoo,(210) 923-8618,http://twistedtattootx.com/,San Antonio,"1031 Patricia Dr Ste 100, San Antonio, TX 78213",4.9,4343,Tattoo shop,risky,catch_all,mv-verified-houston-risky-2026-04-20,ChIJ6wn52xFgXIYRE2kj4DTpanM,1
info@jimmychangas.com,Jimmy,Changas {League City},Jimmy Changas {League City},(832) 340-2446,http://www.jimmychangas.com/,League City,"2504 S Gulf Fwy S, League City, TX 77573",4.4,4338,Tex-Mex restaurant,risky,catch_all,mv-verified-houston-risky-2026-04-20,ChIJ4R_Vf-OCQIYRgdV8ikEKwlI,2
info@topgolf.com,Topgolf,Houston - Katy,Topgolf Houston - Katy,(281) 406-3176,https://topgolf.com/us/houston-west/,Houston,"1030 Memorial Brook Blvd, Houston, TX 77084",4.4,4338,Restaurant,risky,catch_all,mv-verified-houston-risky-2026-04-20,ChIJhW-E02bZQIYRHn_sL2nrQaM,3
info@menil.org,The,Menil Collection,The Menil Collection,(713) 525-9400,https://www.menil.org/,Houston,"1533 Sul Ross St, Houston, TX 77006",4.6,4269,Art museum,risky,catch_all,mv-verified-houston-risky-2026-04-20,ChIJJzfbZH-_QIYRux-QWCrEx4w,4
info@jewboyburgers.com,Jewboy,Burgers,Jewboy Burgers,(512) 291-3358,http://www.jewboyburgers.com/,Austin,"5111 Airport Blvd, Austin, TX 78751",4.7,4264,Hamburger restaurant,risky,unknown,mv-verified-houston-risky-2026-04-20,ChIJlb0ad2DKRIYRXx2jM3DrNPQ,1
info@forgetmenothouston.com,Forget,Me Not,Forget Me Not,(713) 677-0095,http://www.forgetmenothouston.com/,Houston,"5922 Washington Ave, Houston, TX 77007",4.6,4243,Hookah bar,risky,catch_all,mv-verified-houston-risky-2026-04-20,ChIJt2xpItTHQIYRxs58fRmT1mE,1
info@landrysseafood.com,Landry's,Seafood House,Landry's Seafood House,(361) 882-6666,https://www.landrysseafood.com/location/landrys-seafood-corpus-christi/,Corpus Christi,"600 N Shoreline Blvd, Corpus Christi, TX 78401",4.3,4232,Seafood restaurant,risky,catch_all,mv-verified-houston-risky-2026-04-20,ChIJiUGhyPReaIYRkV3-sf3K9Uk,2
info@tycoonflats.net,Tycoon,Flats N St Marys,Tycoon Flats N St Marys,(210) 320-0819,https://stmarys.tycoonflats.com/,San Antonio,"2926 N St Mary's St, San Antonio, TX 78212",4.5,4175,Hamburger restaurant,risky,unknown,mv-verified-houston-risky-2026-04-20,ChIJ2ZwD0GFfXIYRywb44id8chs,1
esthers.catering@yahoo.com,Esther's,Cajun Café & Soul Food,Esther's Cajun Café & Soul Food,(713) 699-1212,http://www.estherscajunsoul.com/,Houston,"5007 N Shepherd Dr, Houston, TX 77018",4.1,4151,Soul food restaurant,risky,unknown,mv-verified-houston-risky-2026-04-20,ChIJc1YF6vLHQIYRFtA-OSPyA7g,1
info@epiphanydermatology.com,Epiphany,Dermatology,Epiphany Dermatology,(915) 351-7546,https://www.epiphanydermatology.com/location/el-paso-mesa-hills-tx/,El Paso,"310 S Mesa Hills Dr Ste B, El Paso, TX 79912",4.8,4131,Skin care clinic,risky,catch_all,mv-verified-houston-risky-2026-04-20,ChIJx24HFCJY54YRhbG6IWZrjuA,11
astigma@astigmatic.com,Kiki's,Mexican Restaurant,Kiki's Mexican Restaurant,+1 915-565-6713,http://www.kikisrestaurant.com/,El Paso,"2719 N Piedras St, El Paso, TX 79930, United States",4.5,4094,Mexican restaurant,risky,catch_all,mv-verified-houston-risky-2026-04-20,ChIJIVS_VuhZ54YRO5_KfDv2c1A,32
info@walmart.com,Walmart,Neighborhood Market,Walmart Neighborhood Market,(214) 953-0460,https://www.walmart.com/store/3341-dallas-tx/?veh=seo_loc,Dallas,"2305 N Central Expy, Dallas, TX 75204",3.9,4093,Grocery store,risky,catch_all,mv-verified-houston-risky-2026-04-20,ChIJcfPyRSqZToYR4KH08i8R1uM,2
info@bbstexorleans.com,BB's,Tex-Orleans,BB's Tex-Orleans,(713) 868-8000,https://bbstexorleans.com/locations/heights/,Houston,"2701 White Oak Dr, Houston, TX 77007",4.3,4057,Cajun restaurant,risky,catch_all,mv-verified-houston-risky-2026-04-20,ChIJyU09Ja-4QIYRQLKsL8hfXug,5
manager_league_city_tx@basspro.com,Bass,Pro Shops,Bass Pro Shops,(713) 770-5100,https://stores.basspro.com/us/tx/pearland/1000-bass-pro-dr.html?y_source=1_MzAxMTUzNC03MTUtbG9jYXRpb24ud2Vic2l0ZQ%3D%3D,Pearland,"1000 Bass Pro Dr, Pearland, TX 77047",4.5,3954,Sporting goods store,risky,catch_all,mv-verified-houston-risky-2026-04-20,ChIJPw4mOqyUQIYR4UxuFp0KTqo,4
info@americanairlinescenter.com,American,Airlines Center,American Airlines Center,(214) 665-4299,http://www.americanairlinescenter.com/,Dallas,"2500 Victory Ave, Dallas, TX 75219",4.6,3909,Arena,risky,unknown,mv-verified-houston-risky-2026-04-20,ChIJr-XOXC-ZToYRow-GKE8dYSE,1
info@topgunrange.com,Top,Gun Range,Top Gun Range,(713) 779-4867,https://www.topgunrange.com/,Houston,"5901 Beverly Hill St, Houston, TX 77057",4.8,3865,Shooting range,risky,catch_all,mv-verified-houston-risky-2026-04-20,ChIJP4IN0dbDQIYRMleWO-tnpQE,1
info@elranchito-dallas.com,El,Ranchito,El Ranchito,(214) 946-4238,http://www.elranchito-dallas.com/,Dallas,"610 Jefferson Blvd, Dallas, TX 75208",4.3,3801,Mexican restaurant,risky,catch_all,mv-verified-houston-risky-2026-04-20,ChIJq-A-qImZToYRzJJ_Yfdz_xU,1
info@woodshedsmokehouse.com,Woodshed,Smokehouse,Woodshed Smokehouse,(817) 877-4545,http://www.woodshedsmokehouse.com/,Fort Worth,"3201 Riverfront Dr, Fort Worth, TX 76107",4.1,3800,Barbecue restaurant,risky,unknown,mv-verified-houston-risky-2026-04-20,ChIJY9xSfDJyToYRnGUIl9RoaL4,1
info@texasqualityplumbing.com,Texas,Quality Plumbing,Texas Quality Plumbing,(713) 385-0349,https://www.texasqualityplumbing.com/?utm_source=google&utm_medium=organic&utm_campaign=local+listings,Houston,"10814 Woodedge Dr, Houston, TX 77070",4.8,3770,Plumber,risky,unknown,mv-verified-houston-risky-2026-04-20,ChIJRYJR0Y7PQIYR_47naUFx8Mo,1
info@airspecialist.com,Air,Specialist Air Conditioning & Plumbing,Air Specialist Air Conditioning & Plumbing,(713) 469-3443,https://www.airspecialist.com/?utm_source=Google&utm_medium=GBP&utm_campaign=Organic_GBP_Air_Specialist,Pearland,"1323 N Main St, Pearland, TX 77581",4.8,3732,HVAC contractor,risky,unknown,mv-verified-houston-risky-2026-04-20,ChIJcYLEYjSRQIYRUiG0N3DA1hM,1
marketing@guyandlarryrestaurants.com,Roaring,Fork,Roaring Fork,(512) 342-2700,http://roaringfork.com/,Austin,"10850 Stonelake Blvd, Austin, TX 78759",4.5,3673,American restaurant,risky,catch_all,mv-verified-houston-risky-2026-04-20,ChIJCxiuFHvMRIYRQy-KBmm5BjE,2
info@ritasontheriver.com,Rita's,on the River,Rita's on the River,(210) 227-7482,http://www.ritasontheriver.com/,San Antonio,"River Level, 245 E Commerce St, San Antonio, TX 78205",4.6,3652,Restaurant,risky,catch_all,mv-verified-houston-risky-2026-04-20,ChIJJRmwqKxYXIYRoa5pkKluhQw,1
info@blinds.com,Blinds.com,,Blinds.com,(800) 505-1905,https://www.blinds.com/?utm_content=localseo-g,Houston,"10255 Richmond Ave, Houston, TX 77042",4.7,3647,Window treatment store,risky,catch_all,mv-verified-houston-risky-2026-04-20,ChIJQb6fHC_DQIYRK0cIUmxHN_s,1
info@eatgottis.com,Gotti's,,Gotti's,(713) 405-3500,https://www.gottis.com/,Houston,"811 St Emanuel St, Houston, TX 77003",4.2,3623,Cajun restaurant,risky,unknown,mv-verified-houston-risky-2026-04-20,ChIJdYC8GEu_QIYRktiqE51zUgM,1
info@tjhlaw.com,Thomas,J. Henry Injury Attorneys,Thomas J. Henry Injury Attorneys,(361) 254-7873,https://thomasjhenrylaw.com/,Corpus Christi,"521 Starr St, Corpus Christi, TX 78401",4.8,3593,Personal injury attorney,risky,catch_all,mv-verified-houston-risky-2026-04-20,ChIJXSkqBB5faIYREqbU3UMauys,1
info@blantonmuseum.org,Blanton,Museum of Art,Blanton Museum of Art,(512) 471-5482,https://blantonmuseum.org/,Austin,"200 E Martin Luther King Jr Blvd, Austin, TX 78712",4.6,3527,Art museum,risky,catch_all,mv-verified-houston-risky-2026-04-20,ChIJOzfaZJ61RIYRbcc8dXvgz74,2
rjconstantin@yahoo.com,Pizza,Classics,Pizza Classics,(210) 225-3356,http://www.pizzaclassics.com/,San Antonio,"3440 N St Mary's St, San Antonio, TX 78212",4.5,3428,Pizza restaurant,risky,unknown,mv-verified-houston-risky-2026-04-20,ChIJ07QpUPL1XIYRscCgL11FFPU,1
info@olshanfoundation.com,Olshan,Foundation Repair,Olshan Foundation Repair,(713) 223-1900,https://www.olshanfoundation.com/?utm_source=google&utm_medium=organic&utm_campaign=gmbhouston,Houston,"5902 W 34th St, Houston, TX 77092",4.9,3411,Concrete contractor,risky,catch_all,mv-verified-houston-risky-2026-04-20,ChIJqfkHOn_GQIYRJpdsAiaR3CE,3
uchiwesthollywoodmanagers@uchirestaurants.com,Uchi,Austin,Uchi Austin,(512) 916-4808,https://uchi.uchirestaurants.com/location/austin/,Austin,"801 S Lamar Blvd, Austin, TX 78704",4.6,3403,Sushi restaurant,risky,unknown,mv-verified-houston-risky-2026-04-20,ChIJz2Whyx61RIYR7mCeZje-QWw,3
info@bigshucks.com,Big,Shucks Seafood Restaurant & Oyster Bar,Big Shucks Seafood Restaurant & Oyster Bar,(214) 887-6353,https://awshucksdallas.com/big-shucks-dallas/?utm_source=google&utm_medium=organic&utm_campaign=mybusiness&utm_term=dallas,Dallas,"6232 E Mockingbird Ln, Dallas, TX 75214",4.4,3398,Seafood restaurant,risky,catch_all,mv-verified-houston-risky-2026-04-20,ChIJz6kIN2SfToYRAEpNsTXAda8,2
info@thehenryrestaurant.com,The,Henry,The Henry,(972) 677-9560,https://www.thehenryrestaurant.com/locations/the-henry-dallas/?utm_source=Google&utm_medium=Organic&utm_campaign=Maps,Dallas,"2301 N Akard St Suite 250, Dallas, TX 75201",4.4,3379,American restaurant,risky,catch_all,mv-verified-houston-risky-2026-04-20,ChIJd0GlbLqZToYR5pmP1Wlo39U,1
info@wesosteakhouse.com,Weso,Steakhouse,Weso Steakhouse,(915) 444-9085,http://www.wesosteakhouse.com/,El Paso,"601 N Mesa St ste 150, El Paso, TX 79901",4.7,3307,Steak house,risky,catch_all,mv-verified-houston-risky-2026-04-20,ChIJd8OrCERZ54YRb7K1fennhSg,1
info@amarolawfirm.com,Amaro,Law Firm,Amaro Law Firm,(713) 999-4674,https://amarolawfirm.com/houston-personal-injury-lawyers/?utm_source=GBP&utm_medium=Organic&utm_campaign=Houston,Houston,"2500 E T C Jester Blvd, Houston, TX 77008",4.9,3300,Personal injury attorney,risky,catch_all,mv-verified-houston-risky-2026-04-20,ChIJN5fi4CfHQIYRHBamP3OvPec,2
info@affordabletours.com,AffordableTours.Com,,AffordableTours.Com,+1 800-935-2620,http://www.affordabletours.com/,Sugar Land,"12808 W Airport Blvd Suite 205, Sugar Land, TX 77478, United States",4.8,3294,Travel agency,risky,catch_all,mv-verified-houston-risky-2026-04-20,ChIJXZd3I8nnQIYRLAYZgmiQv4Q,1
originalmarketdiner@yahoo.com,Original,Market Diner,Original Market Diner,(214) 521-0992,https://www.originalmarketdiner.com/,Dallas,"4434 Harry Hines Blvd, Dallas, TX 75219",4.5,3279,Breakfast restaurant,risky,unknown,mv-verified-houston-risky-2026-04-20,ChIJ4UWl_6yeToYRyovC0V5PzWY,1
guillermo@guillermosdowntown.com,Guillermo's,,Guillermo's,(210) 223-5587,http://www.guillermosdowntown.com/,San Antonio,"618 McCullough Ave, San Antonio, TX 78215",4.4,3277,Italian restaurant,risky,unknown,mv-verified-houston-risky-2026-04-20,ChIJxRBd_VZfXIYR1Q-9N30wDho,1
info@brennanshouston.com,Brennan's,Houston,Brennan's Houston,(713) 522-9711,https://www.brennanshouston.com/,Houston,"3300 Smith St, Houston, TX 77006",4.6,3258,Creole restaurant,risky,catch_all,mv-verified-houston-risky-2026-04-20,ChIJh1u1L2-_QIYRS8CnhxGTg9A,1
info@breakfastbrothers.com,Breakfast,Brothers,Breakfast Brothers,(469) 277-7543,https://www.breakfastbrothers.com/,Dallas,"3704 W Camp Wisdom Rd Ste 110, Dallas, TX 75237",4.6,3248,Breakfast restaurant,risky,catch_all,mv-verified-houston-risky-2026-04-20,ChIJ08Pfeg-RToYREfMFJXUcVDg,1
samsseabrook@samsboat.com,Sam's,Sunset Kitchen,Sam's Sunset Kitchen,(281) 326-7267,http://www.samsboat.com/locations/seabrook/,Seabrook,"3101 NASA Road 1, Seabrook, TX 77586",4.3,3228,Seafood restaurant,risky,unknown,mv-verified-houston-risky-2026-04-20,ChIJmyI_zGZiP4YR5EVj_NSwxvs,1
info@saltysow.com,Salty,Sow,Salty Sow,(512) 391-2337,http://www.saltysow.com/,Austin,"1917 Manor Rd, Austin, TX 78722",4.6,3224,American restaurant,risky,catch_all,mv-verified-houston-risky-2026-04-20,ChIJ61i-aZO1RIYRKgxgoJHJc28,1
info@commonbondcafe.com,Common,Bond Bistro & Bakery,Common Bond Bistro & Bakery,(713) 529-3535,http://www.commonbondcafe.com/,Houston,"1706 Westheimer Rd, Houston, TX 77006",4.5,3182,Bakery,risky,unknown,mv-verified-houston-risky-2026-04-20,ChIJh4VrhpnAQIYRbApwXPX9u5Y,1
guestservices@hillstone.com,Hillstone,,Hillstone,(713) 529-2385,https://hillstonerestaurant.com/locations/houston/#,Houston,"4848 Kirby Dr, Houston, TX 77098",4.3,3138,American restaurant,risky,catch_all,mv-verified-houston-risky-2026-04-20,ChIJq13iF_TAQIYR93rF2J-02XI,1
info@carismawash.com,CARisma,WASH,CARisma WASH,(713) 644-5500,https://carismawash.com/,Houston,"4510 Telephone Rd, Houston, TX 77087",4.7,3131,Car wash,risky,catch_all,mv-verified-houston-risky-2026-04-20,ChIJt3uvCOW9QIYRM1k7Wxuqi64,3
contact@buttersmith.com,Butter,Smith Kitchen & Pies,Butter Smith Kitchen & Pies,(915) 751-3455,https://www.buttersmith.com/,El Paso,"4757 Hondo Pass Dr, El Paso, TX 79904",4.3,3108,Breakfast restaurant,risky,catch_all,mv-verified-houston-risky-2026-04-20,ChIJ93VQEy9R54YR8NHqyOCZvas,1
info@85cbakerycafe.com,85°C,Bakery Cafe - Houston (Bellaire),85°C Bakery Cafe - Houston (Bellaire),(832) 831-2458,http://www.85cbakerycafe.com/,Houston,"9750 Bellaire Blvd #168, Houston, TX 77036",4.4,3099,Bakery,risky,catch_all,mv-verified-houston-risky-2026-04-20,ChIJ-SBQos_CQIYRzcRRhVNzxCE,4
info@celebrationrestaurant.com,Celebration,Restaurant & Catering,Celebration Restaurant & Catering,(214) 351-5681,https://celebrationrestaurant.com/,Dallas,"4503 W Lovers Ln, Dallas, TX 75209",4.6,3066,Caterer,risky,unknown,mv-verified-houston-risky-2026-04-20,ChIJoUheFn-eToYR5_s6-6aokKg,1
info@sonesta.com,The,Royal Sonesta Houston Galleria,The Royal Sonesta Houston Galleria,(713) 627-7600,https://www.sonesta.com/royal-sonesta/tx/houston/royal-sonesta-houston-galleria?utm_source=google&utm_medium=organic&utm_campaign=gmb,Houston,"2222 W Loop S, Houston, TX 77027",4.2,3008,Hotel,risky,catch_all,mv-verified-houston-risky-2026-04-20,ChIJeXlspWrBQIYRO4BNMdQwCRQ,3
info@vivachevy.com,Viva,Chevrolet,Viva Chevrolet,(915) 235-0766,https://www.vivachevy.com/?utm_source=google&utm_medium=organic&utm_campaign=google_my_business&utm_content=website_button,El Paso,"5915 Montana Ave Building B, El Paso, TX 79925",4.2,2985,Chevrolet dealer,risky,unknown,mv-verified-houston-risky-2026-04-20,ChIJsSmXM0ha54YR6fcXV9IIzUk,1
info@carmax.com,CarMax,,CarMax,(512) 873-2315,https://www.carmax.com/stores/7154?utm_source=SEO_Local&utm_medium=SEO_Local_Snack_Pack&utm_campaign=SEO_TX&utm_content=SEO_Austin&utm_term=SEO_7154,Austin,"13300 N Interstate Hwy 35, Austin, TX 78753",4,2983,Used car dealer,risky,catch_all,mv-verified-houston-risky-2026-04-20,ChIJ65Z7ierORIYRYAVs1cGQDXA,5
info@canvashoteldallas.com,CANVAS,Hotel,CANVAS Hotel,(214) 421-1080,https://www.canvashoteldallas.com/,Dallas,"1325 Botham Jean Blvd, Dallas, TX 75215",4.1,2978,Hotel,risky,unknown,mv-verified-houston-risky-2026-04-20,ChIJxwGBogOZToYR_5TYXEtinBU,1
info@hertz.com,Hertz,Car Rental - Dallas - Dallas Fort Worth International Airport (DFW),Hertz Car Rental - Dallas - Dallas Fort Worth International Airport (DFW),(972) 453-4600,https://www.hertz.com/us/en/location/unitedstates/texas/dallas/dfwt20?utm_campaign=gmb-Hertz-Car-Rental---Dallas---Dallas-Fort-Worth-International-Airport--DFW-&utm_medium=gmb-websitelink&utm_source=Google,Dallas,"2424 E 38th St, Dallas, TX 75261",3.1,2924,Car rental agency,risky,catch_all,mv-verified-houston-risky-2026-04-20,ChIJidPolbiBToYRR_AwZNnTJKo,8
info@hongdae33kbbq.com,Hongdae,33 Korean BBQ,Hongdae 33 Korean BBQ,(346) 980-8106,https://hongdae33kbbq.com/,Houston,"9889 Bellaire Blvd Suite D-229, Houston, TX 77036",4.7,2923,Korean barbecue restaurant,risky,catch_all,mv-verified-houston-risky-2026-04-20,ChIJ71VJFDfDQIYRfXeipiZNUm4,1
info@mastrosrestaurants.com,Mastro's,Steakhouse,Mastro's Steakhouse,(713) 993-2500,https://www.mastrosrestaurants.com/Locations/TX/Houston/,Houston,"1650 W Loop S, Houston, TX 77027",4.5,2923,Steak house,risky,catch_all,mv-verified-houston-risky-2026-04-20,ChIJBTLXUD_BQIYR5dA-JyxK6NQ,1
info@saravanaabhavan.us,Saravanaa,Bhavan,Saravanaa Bhavan,(713) 789-5577,https://www.saravanaabhavan.us/,Houston,"8350 Westheimer Rd Ste B, Houston, TX 77063",4.1,2892,Indian restaurant,risky,unknown,mv-verified-houston-risky-2026-04-20,ChIJ4RRyeKTDQIYRInoK28ZkghE,1
info@totalwine.com,Total,Wine & More,Total Wine & More,(214) 750-4605,https://www.totalwine.com/store-info/texas-dallas-park-lane/501?cid=referral:website_link::momentfeed:501_dallas_park_lane_store_details_page:,Dallas,"9350 N Central Expy, Dallas, TX 75231",4.6,2877,Liquor store,risky,catch_all,mv-verified-houston-risky-2026-04-20,ChIJWwFXlOqfToYRDldkY95jwYc,12
info@quincesma.com,Quince,Riverside,Quince Riverside,(682) 385-9073,https://www.quincesma.com/fw/,Fort Worth,"1701 River Run suite 181, Fort Worth, TX 76107",4.8,2871,Restaurant,risky,catch_all,mv-verified-houston-risky-2026-04-20,ChIJuQ6T5qhzToYRI0qt00wG0i0,1
info@kimcorealty.com,Oak,Forest Shopping Center,Oak Forest Shopping Center,(833) 800-4343,https://www.kimcorealty.com/properties/oak-forest/118820/view,Houston,"1352 W 43rd St, Houston, TX 77018",4.3,2833,Shopping mall,risky,catch_all,mv-verified-houston-risky-2026-04-20,ChIJFchjdLLHQIYRJLBLvF_OnhU,1
info@pollyspets.com,Polly's,Pet Shop,Polly's Pet Shop,(210) 658-0420,http://pollyspets.com/,Universal City,"940 Pat Booker Rd, Universal City, TX 78148",4.6,2833,Pet store,risky,unknown,mv-verified-houston-risky-2026-04-20,ChIJexvgU7ySXIYRE7R2cXL-BK8,1
info@mistersparky-houston.com,Mister,Sparky of Katy,Mister Sparky of Katy,(281) 394-0375,https://www.mistersparky-houston.com/?utm_source=localfx&utm_medium=organic&utm_campaign=localfx,Katy,"21819 Katy Fwy Ste B102, Katy, TX 77450",4.9,2832,Electrician,risky,unknown,mv-verified-houston-risky-2026-04-20,ChIJbxddgmsnQYYRBP2ox-FFUh4,3
info@morramia.com,Morra,Mia,Morra Mia,(915) 594-2841,https://www.morramia.com/montwood,El Paso,"11250 Montwood Dr, El Paso, TX 79936",4.4,2832,Restaurant,risky,catch_all,mv-verified-houston-risky-2026-04-20,ChIJy2RGkXFF54YRnOqGJysrI_c,2
info@abuelos.com,Abuelo's,Mexican Restaurant,Abuelo's Mexican Restaurant,(806) 794-1762,https://www.abuelos.com/restaurants/lubbock/?utm_source=gmb&utm_medium=astralcom&utm_campaign=gmb-astralcom-lubbock,Lubbock,"4401 82nd St, Lubbock, TX 79424",4.4,2831,Mexican restaurant,risky,unknown,mv-verified-houston-risky-2026-04-20,ChIJW057KWly_oYReLp39EF9JdY,1
info@truefoodkitchen.com,True,Food Kitchen,True Food Kitchen,(512) 777-2430,https://www.truefoodkitchen.com/locations/austin/,Austin,"222 West Ave Ste HR100, Austin, TX 78701",4.5,2829,Health food restaurant,risky,catch_all,mv-verified-houston-risky-2026-04-20,ChIJB_bjLg61RIYRrBuIICDuw90,1
hello@fixmyheads.com,American,Irrigation Repair,American Irrigation Repair,(512) 868-2129,https://fixmyheads.com/,Georgetown,"3560 E University Ave, Georgetown, TX 78626",4.9,2810,Lawn sprinkler system contractor,risky,catch_all,mv-verified-houston-risky-2026-04-20,ChIJGWX1rfvRRIYR4tptun0XN3U,2
info@vacationstogo.com,Vacations,To Go,Vacations To Go,+1 800-338-4962,https://www.vacationstogo.com/,Houston,"5851 San Felipe St unit 500, Houston, TX 77057, United States",4.8,2793,Travel agency,risky,catch_all,mv-verified-houston-risky-2026-04-20,ChIJPYQBtubDQIYR6e6B0Pc-X0Y,1
info@barboheme.com,Boheme,,Boheme,(832) 462-7455,https://www.barboheme.com/?utm_source=local&utm_medium=organic&utm_campaign=gmb,Houston,"307 Fairview St, Houston, TX 77006",4.3,2788,Bar,risky,catch_all,mv-verified-houston-risky-2026-04-20,ChIJt3nonWe_QIYRqe-SjPkbxgo,1
info@travelerstable.com,Traveler's,Table,Traveler's Table,(832) 409-5785,http://www.travelerstable.com/,Houston,"520 Westheimer Rd, Houston, TX 77006",4.6,2782,Eclectic restaurant,risky,catch_all,mv-verified-houston-risky-2026-04-20,ChIJScX7w-W_QIYRnJUZzJInHrg,1
bubbastexasburgershack@rocketmail.com,Bubba's,Texas Burger Shack,Bubba's Texas Burger Shack,(713) 661-1622,https://bubbastexasburgershack.com/?utm_source=google,Houston,"5230 Westpark Dr, Houston, TX 77056",4.5,2771,Hamburger restaurant,risky,unknown,mv-verified-houston-risky-2026-04-20,ChIJ0wxXfnfBQIYRmHBvCWC5aB0,1
kingwood@flyingbiscuit.com,The,Flying Biscuit Cafe,The Flying Biscuit Cafe,(832) 659-0618,https://flyingbiscuit.com/locations-2/memorialcity/,Houston,"12389 Kingsride Ln, Houston, TX 77024",4.6,2764,Breakfast restaurant,risky,unknown,mv-verified-houston-risky-2026-04-20,ChIJtYqb-qTFQIYRl-zrsmhHnNU,3
info@terminix.com,Terminix,,Terminix,(210) 538-7536,https://www.terminix.com/exterminators/tx/san-antonio-2406/?utm_source=gmb-listing&utm_medium=organic&utm_campaign=local&utm_term=sanantonio,San Antonio,"10022 I-35, San Antonio, TX 78233",4.7,2763,Pest control service,risky,catch_all,mv-verified-houston-risky-2026-04-20,ChIJpZHtU92MXIYREyJTPIbxWKk,14
info@legacyservicesac.com,Legacy,Home Services,Legacy Home Services,(830) 243-6810,https://www.legacyservicesac.com/,New Braunfels,"2001 Wald Rd, New Braunfels, TX 78132",5,2744,HVAC contractor,risky,catch_all,mv-verified-houston-risky-2026-04-20,ChIJJScVWXq9XIYRJDpm3La_-74,1
info@expressoil.com,Express,Oil Change & Tire Engineers,Express Oil Change & Tire Engineers,(281) 499-8777,https://www.expressoil.com/stores/missouri-city/tx/0084/?utm_source=yext&utm_medium=organic&utm_campaign=gmb&storenum=0084,Missouri City,"3801 FM 1092 Rd, Missouri City, TX 77459",4.8,2737,Oil change service,risky,catch_all,mv-verified-houston-risky-2026-04-20,ChIJOSEKlvflQIYRbQo9IrmBzKQ,6
info@blueskytexas.com,Blue,Sky,Blue Sky,(806) 355-8100,http://blueskytexas.com/,Amarillo,"4201 I-40, Amarillo, TX 79106",4.6,2731,American restaurant,risky,catch_all,mv-verified-houston-risky-2026-04-20,ChIJtw3eudZPAYcRdQ1RSMNvKo4,1
info@legacyplumbing.net,Legacy,Plumbing,Legacy Plumbing,(972) 987-0753,https://legacyplumbing.net/,Little Elm,"1101 E Eldorado Pkwy, Little Elm, TX 75068",5,2710,Plumber,risky,catch_all,mv-verified-houston-risky-2026-04-20,ChIJhZf4crg3TIYRUnJgOgbnWKk,2
info@cathedralguadalupe.org,National,Shrine Cathedral of Our Lady of Guadalupe,National Shrine Cathedral of Our Lady of Guadalupe,(214) 871-1362,https://www.cathedralguadalupe.org/,Dallas,"2215 Ross Ave, Dallas, TX 75201",4.8,2694,Catholic cathedral,risky,catch_all,mv-verified-houston-risky-2026-04-20,ChIJ3cm7AiSZToYRAKWecFlIHkM,1
phohuynhgirl@yahoo.com,Huynh,Restaurant,Huynh Restaurant,(713) 224-8964,http://www.huynhrestauranthouston.com/,Houston,"912 St Emanuel St, Houston, TX 77003",4.7,2692,Vietnamese restaurant,risky,unknown,mv-verified-houston-risky-2026-04-20,ChIJgRlKyCG_QIYRj2aexIUYdJw,1
info@barefootmosquito.com,Barefoot,Mosquito & Pest Control - Austin Texas,Barefoot Mosquito & Pest Control - Austin Texas,(512) 400-2008,https://www.barefootmosquito.com/pest-control-austin-tx/?utm_source=google&utm_medium=local&utm_campaign=austin,Austin,"4509 Freidrich Ln suite 109, Austin, TX 78744",4.9,2686,Pest control service,risky,catch_all,mv-verified-houston-risky-2026-04-20,ChIJC7odd5xJW4YR6hNvguugRYc,5
info@mamajuanitasrestaurants.com,Mama,Juanita's,Mama Juanita's,(936) 856-9012,https://mamajuanitasrestaurants.com/,Conroe,"1118 League Line Rd, Conroe, TX 77303",4.2,2672,Mexican restaurant,risky,catch_all,mv-verified-houston-risky-2026-04-20,ChIJI74Yqiw8R4YRL7QDAR77DWs,1
info@centralbbq.com,Central,Texas Style BBQ,Central Texas Style BBQ,(281) 485-9626,http://www.centralbbq.com/,Pearland,"4110 Broadway St, Pearland, TX 77581",4.3,2665,Barbecue restaurant,risky,catch_all,mv-verified-houston-risky-2026-04-20,ChIJCdVvlhSRQIYRHRdnGhSvClo,1
info@thebigbib.com,The,Big Bib BBQ,The Big Bib BBQ,(210) 654-8400,https://www.thebigbib.com/,San Antonio,"104 Lanark Dr, San Antonio, TX 78218",4.3,2665,Barbecue restaurant,risky,catch_all,mv-verified-houston-risky-2026-04-20,ChIJpcuSH7_0XIYRycxNxeA-gcI,1
info@100taquito.com,100%,Taquito,100% Taquito,(713) 665-2900,https://www.100taquito.com/,Houston,"3245 Southwest Fwy, Houston, TX 77027",4.3,2637,Mexican restaurant,risky,catch_all,mv-verified-houston-risky-2026-04-20,ChIJk68prf7AQIYRKhUiYZ4U02Q,1
info@thetipsyoak.com,The,Tipsy Oak,The Tipsy Oak,(817) 962-0304,https://www.thetipsyoak.com/,Arlington,"301 E Front St, Arlington, TX 76011",4.5,2620,Restaurant,risky,catch_all,mv-verified-houston-risky-2026-04-20,ChIJMRB_7z99ToYRv3Q7MoMHG3o,1
info@dosmolinasmexicanrestaurant.com,Dos,Molina's Mexican Restaurant,Dos Molina's Mexican Restaurant,(817) 539-6476,https://dosmolinasmexicanrestaurant.com/,Fort Worth,"404 NW 25th St, Fort Worth, TX 76164",4.4,2607,Mexican restaurant,risky,unknown,mv-verified-houston-risky-2026-04-20,ChIJ0U2tdR50ToYRO3d-5S65oHE,1
info@elpaseomex.com,EL,PASEO MEXICAN RESTAURANT,EL PASEO MEXICAN RESTAURANT,(817) 625-9755,http://elpaseomex.com/,Fort Worth,"5436 Jacksboro Hwy, Fort Worth, TX 76114",4.4,2592,Mexican restaurant,risky,catch_all,mv-verified-houston-risky-2026-04-20,ChIJ2W1Y0fN0ToYRNuqEXcG0mY0,1
sanantonio@howlatthemoon.com,Howl,at the Moon San Antonio,Howl at the Moon San Antonio,(210) 212-4770,https://www.howlatthemoon.com/san-antonio/,San Antonio,"111 W. Crockett Street St. #201, 111 W Crockett St St. #201, San Antonio, TX 78205",4.4,2587,Bar,risky,catch_all,mv-verified-houston-risky-2026-04-20,ChIJWWhTTKtYXIYReBORjafOLT8,1
info@elephantroom.com,Elephant,Room,Elephant Room,(512) 575-2925,http://www.elephantroom.com/,Austin,"Swift Building, 315 Congress Ave., Austin, TX 78701",4.6,2538,Live music bar,risky,unknown,mv-verified-houston-risky-2026-04-20,ChIJa59yaAi1RIYRyTOii08uLtQ,1
info@williamchriswines.com,William,Chris Vineyards,William Chris Vineyards,(830) 998-7654,https://williamchriswines.com/,Hye,"10352 US-290, Hye, TX 78635",4.8,2526,Winery,risky,catch_all,mv-verified-houston-risky-2026-04-20,ChIJM5DTPBCWW4YRPygjl-nmvnM,1
info@movershouston.com,H-Town,Movers Houston,H-Town Movers Houston,(346) 866-8377,https://movershouston.com/,Houston,"3133 Buffalo Speedway, Houston, TX 77098",4.9,2515,Mover,risky,catch_all,mv-verified-houston-risky-2026-04-20,ChIJSY8H7YjdQIYRU1Cw8Hnnmm8,1
admin@mariaritas.com,Maria,Rita's Tex-Mex,Maria Rita's Tex-Mex,(281) 888-1909,https://mariaritastexmex.com/?utm_source=google,Houston,"8445 Gulf Fwy, Houston, TX 77017",4.7,2515,Tex-Mex restaurant,risky,catch_all,mv-verified-houston-risky-2026-04-20,ChIJw4DBdCeXQIYRXEvLHXGaPjM,1
ccpadr@24hourfit.com,24,Hour Fitness,24 Hour Fitness,(281) 894-6151,https://www.24hourfitness.com/gyms/houston-tx/willowbrook-houston-super-sport?Adb_id=GGL_LOC_ACQ_CDP,Houston,"7300 W Greens Rd, Houston, TX 77064",4.6,2504,Gym,risky,unknown,mv-verified-houston-risky-2026-04-20,ChIJF7F9vN7NQIYRRQiat8I1nSE,15
info@littleitalysatx.com,Little,Italy Restaurant & Pizzeria,Little Italy Restaurant & Pizzeria,(210) 349-2060,http://www.littleitalysatx.com/,San Antonio,"824 Afterglow St, San Antonio, TX 78216",4.4,2498,Italian restaurant,risky,catch_all,mv-verified-houston-risky-2026-04-20,ChIJobJYekdgXIYRegQjd2VEle8,1
info@anthonies.com,Anthonie's,Market Grill,Anthonie's Market Grill,(281) 533-9134,https://www.anthonies.com/,Simonton,"9108 Farm to Market 1489, Simonton, TX 77476",4.7,2473,Steak house,risky,catch_all,mv-verified-houston-risky-2026-04-20,ChIJYUziGNw9QYYRBZ4JuwqWzQY,1
info@saltwatergrillcc.com,Saltwater,Grill,Saltwater Grill,(361) 993-7258,http://www.saltwatergrillcc.com/,Corpus Christi,"2401 Cimarron Blvd, Corpus Christi, TX 78414",4.5,2461,Seafood restaurant,risky,catch_all,mv-verified-houston-risky-2026-04-20,ChIJV1YVScz1aIYR-c5DuU2FDS8,1
info@krabkingzmcallen.com,Krab,Kingz McAllen,Krab Kingz McAllen,(956) 426-4211,http://www.krabkingzmcallen.com/,McAllen,"400 W Nolana Ave #A2, McAllen, TX 78504",4.7,2458,Seafood restaurant,risky,catch_all,mv-verified-houston-risky-2026-04-20,ChIJY96dLMShZYYR8qTxPdL4aPk,1
aniceto@trujamaica.com,Tru,Jamaica Restaurant,Tru Jamaica Restaurant,(254) 304-9288,https://trujamaica.com/?utm_source=google,Waco,"937 Taylor St, Waco, TX 76704",4.9,2454,Jamaican restaurant,risky,catch_all,mv-verified-houston-risky-2026-04-20,ChIJ-y9hykmDT4YRhYTfHT1dvoU,1
blake@twventures.org,The,Catch: Conroe,The Catch: Conroe,(936) 521-1618,https://thecatchhouston.com/thecatchconroe-i2neie?utm_source=google,Conroe,"2121 W Davis St, Conroe, TX 77304",4.3,2448,Seafood restaurant,risky,catch_all,mv-verified-houston-risky-2026-04-20,ChIJiXDZI_47R4YROUBlFMzjUWo,1
info@publicstorage.com,Public,Storage,Public Storage,(512) 634-8325,https://www.publicstorage.com/self-storage-tx-austin/649.html?pspid=pslocalsearch&utm_source=google&utm_medium=local_maps,Austin,"8101 N Lamar Blvd, Austin, TX 78753",4.8,2434,Self-storage facility,risky,catch_all,mv-verified-houston-risky-2026-04-20,ChIJ1X_dWtHLRIYR5I1NJLkWHg4,40
info@littledeliandpizza.com,Little,Deli & Pizzeria,Little Deli & Pizzeria,(512) 467-7402,https://littledeliandpizza.com/,Austin,"7101 Woodrow Ave Unit A, Austin, TX 78757",4.8,2430,Pizza restaurant,risky,catch_all,mv-verified-houston-risky-2026-04-20,ChIJC9KxeEzKRIYR4QxrF-IH3lk,1
info@taqueriaelcometa.shop,Taqueria,El Cometa,Taqueria El Cometa,(915) 222-8004,https://taqueriaelcometa.shop/,El Paso,"1613 N Zaragoza Rd, El Paso, TX 79936",4.2,2420,Mexican restaurant,risky,unknown,mv-verified-houston-risky-2026-04-20,ChIJ_WRnGAxD54YRrPWkvsS9Y6Y,1
info@arnoldlopez.net,Arnold,Lopez Attorney At Law,Arnold Lopez Attorney At Law,(713) 695-2000,https://www.arnoldlopez.net/,Houston,"4617 Bristol St, Houston, TX 77009",4.9,2419,Immigration attorney,risky,catch_all,mv-verified-houston-risky-2026-04-20,ChIJIfZ6l-y4QIYR1E0GZKdA9Fg,1
info@karbachbrewing.com,Karbach,Brewing Co.,Karbach Brewing Co.,(713) 680-8886,http://www.karbachbrewing.com/,Houston,"2032 Karbach St, Houston, TX 77092",4.6,2412,Brewery,risky,unknown,mv-verified-houston-risky-2026-04-20,ChIJv8QruI3GQIYR_OMZk4fvajI,1
spa@thepostoak.com,The,Post Oak Hotel at Uptown Houston,The Post Oak Hotel at Uptown Houston,(844) 386-1600,https://www.thepostoakhotel.com/,Houston,"1600 W Loop S, Houston, TX 77027",4.6,2410,Hotel,risky,catch_all,mv-verified-houston-risky-2026-04-20,ChIJizj5VEfBQIYRjpuVYYo5Gf8,3
info@pitch25.com,Pitch,25,Pitch 25,(713) 814-8157,http://pitch25.com/,Houston,"2120 Walker St, Houston, TX 77003",4.5,2396,Sports bar,risky,catch_all,mv-verified-houston-risky-2026-04-20,ChIJnVDnNCC_QIYRBtecKlQmv70,1
info@onewayhvactexas.com,ONEWAY,Heating & Air Conditioning,ONEWAY Heating & Air Conditioning,(432) 535-3821,https://www.onewayhvactexas.com/,Midland,"3804 TX-158, Midland, TX 79706",5,2381,HVAC contractor,risky,unknown,mv-verified-houston-risky-2026-04-20,ChIJd0JX65hi-YYRmGeE1BNQIIY,1
info@redashgrill.com,Red,Ash,Red Ash,(512) 379-2906,http://redashgrill.com/,Austin,"Colorado Tower, 303 Colorado St #200, Austin, TX 78701",4.7,2371,Italian restaurant,risky,catch_all,mv-verified-houston-risky-2026-04-20,ChIJWfpBiwi1RIYRvg4iIbIE2go,1
service@benfranklinarlington.com,Benjamin,"Franklin Plumbing, Water Heaters, & Drain Cleaning","Benjamin Franklin Plumbing, Water Heaters, & Drain Cleaning",(817) 562-7507,https://benjaminfranklinplumbingfortworth.com/fort-worth-tx/?utm_source=google&utm_medium=organic&utm_campaign=gmb-fort-worth-tx,Fort Worth,"640 Taylor St Suite 1217, Fort Worth, TX 76102",4.7,2354,Plumber,risky,catch_all,mv-verified-houston-risky-2026-04-20,ChIJXZ04dTl6ToYR8zd1SJaE90A,2
info@treesdallas.com,Trees,,Trees,(214) 741-1122,http://treesdallas.com/,Dallas,"2709 Elm St, Dallas, TX 75226",4.6,2333,Live music venue,risky,unknown,mv-verified-houston-risky-2026-04-20,ChIJu5glp92YToYR9lAI9YdR1CQ,1
info@emberatx.com,Ember,Kitchen,Ember Kitchen,(512) 291-6846,https://www.emberatx.com/,Austin,"800 W Cesar Chavez St Ste PP110, Austin, TX 78701",4.8,2332,Latin American restaurant,risky,catch_all,mv-verified-houston-risky-2026-04-20,ChIJ0ZHePHK1RIYR2vIKkhQevxQ,1
info@sanchosmx.com,Sanchos,Cantina & Cocina,Sanchos Cantina & Cocina,(210) 320-1840,http://www.sanchosmx.com/,San Antonio,"628 Jackson St, San Antonio, TX 78212",4.3,2328,Restaurant,risky,unknown,mv-verified-houston-risky-2026-04-20,ChIJNQVtSkRfXIYR3vGVGUfzPo8,1
info@dopebbq.com,STACK,CITY BBQ,STACK CITY BBQ,(512) 351-9977,https://dopebbq.com/,Austin,"9012 Research Blvd C4, Austin, TX 78758",4.5,2324,Barbecue restaurant,risky,unknown,mv-verified-houston-risky-2026-04-20,ChIJI7DezJXLRIYRzJn2Q3U07H4,1
info@3forks.com,III,Forks,III Forks,(972) 267-1776,http://www.3forks.com/,Frisco,"1303 Legacy Dr, Frisco, TX 75034",4.6,2322,Steak house,risky,unknown,mv-verified-houston-risky-2026-04-20,ChIJke0BPfojTIYR7OUB7HxSNk8,2
info@beyondwow.com,Beyond,Wow Plumbing & Drains,Beyond Wow Plumbing & Drains,(512) 601-6173,https://beyondwow.com/?utm_campaign=gmb&utm_medium=gbp-austin&utm_source=google,Austin,"3432 Greystone Dr, Austin, TX 78731",4.8,2317,Plumber,risky,catch_all,mv-verified-houston-risky-2026-04-20,ChIJpxUGhC_LRIYR2g941oH50ow,3
info@elsewheretexas.com,Elsewhere,Garden Bar & Kitchen,Elsewhere Garden Bar & Kitchen,(210) 201-5595,http://www.elsewheretexas.com/,San Antonio,"103 E Jones Ave, San Antonio, TX 78215",4.6,2313,Beer garden,risky,unknown,mv-verified-houston-risky-2026-04-20,ChIJ6Yjw6Iz1XIYRKShmHy0Qz_U,1
info@cottonpatch.com,Cotton,Patch Cafe,Cotton Patch Cafe,(903) 236-4009,https://cottonpatch.com/locations/tx/longview/1228-mccann-rd,Longview,"1228 McCann Rd, Longview, TX 75601",4.3,2304,Restaurant,risky,unknown,mv-verified-houston-risky-2026-04-20,ChIJ853PUOs4NoYRL7W-G8a42Ao,2
blanca@dessertgallery.com,Dessert,Gallery Bakery & Cafe,Dessert Gallery Bakery & Cafe,(713) 522-9999,https://dessertgallery.com/,Houston,"3600 Kirby Dr # D, Houston, TX 77098",4.3,2294,Bakery,risky,catch_all,mv-verified-houston-risky-2026-04-20,ChIJ4RbLUqnqQIYRzrd2D7BJiOk,1
info@theangrycactus.com,Angry,Cactus,Angry Cactus,(325) 703-6999,http://www.theangrycactus.com/,San Angelo,"1 W Concho Ave, San Angelo, TX 76903",4.4,2279,New American restaurant,risky,unknown,mv-verified-houston-risky-2026-04-20,ChIJQ-RrElnvV4YRfmPPbkLOZTc,1
info@westhoustonelectric.com,West,"Houston Electric, Inc.","West Houston Electric, Inc.",(281) 747-8821,https://www.westhoustonelectric.com/?utm_source=google&utm_medium=gbp&se_campaign=GBP,Katy,"21732 Provincial Blvd STE 150, Katy, TX 77450",4.9,2273,Electrician,risky,catch_all,mv-verified-houston-risky-2026-04-20,ChIJAwVvM38gQYYRSIFLa42F1J0,1
info@shaferservices.com,Shafer,Services Plus,Shafer Services Plus,(210) 227-8358,https://shaferservices.com/?utm_source=gmb&utm_medium=organic,San Antonio,"3800 San Pedro Ave, San Antonio, TX 78212",4.9,2255,Plumber,risky,catch_all,mv-verified-houston-risky-2026-04-20,ChIJYXDeKPz1XIYR0qFHtySWMGA,1
info@barnabyscafe.com,Barnaby's,Cafe,Barnaby's Cafe,(713) 522-8898,https://barnabyscafe.com/,Houston,"414 W Gray St, Houston, TX 77019",4.6,2245,American restaurant,risky,catch_all,mv-verified-houston-risky-2026-04-20,ChIJJQg3aVy_QIYR1uHdmH8EmwQ,3
info@codyandsons.com,Cody,"& Sons Plumbing, Heating & Air","Cody & Sons Plumbing, Heating & Air",(469) 200-3366,http://www.codyandsons.com/,Dallas,"209 W Clarendon Dr, Dallas, TX 75208",4.9,2241,Plumber,risky,catch_all,mv-verified-houston-risky-2026-04-20,ChIJc2yzu_KZToYREYi_mlEkTdA,2
info@kalahariresorts.com,B-LUX,Grill & Bar,B-LUX Grill & Bar,(512) 652-0008,https://www.kalahariresorts.com/texas/things-to-do/award-winning-dining/b-lux-grill-bar/,Round Rock,"3001 Kalahari Blvd, Round Rock, TX 78665",4.6,2226,Bar & grill,risky,catch_all,mv-verified-houston-risky-2026-04-20,ChIJgwDGaEvRRIYRKTY___YI1m8,1
info@biritefurniture.com,Bi-Rite,Furniture,Bi-Rite Furniture,(713) 699-8200,https://biritefurniture.com/,Houston,"7114 North Fwy, Houston, TX 77076",4.5,2220,Furniture store,risky,catch_all,mv-verified-houston-risky-2026-04-20,ChIJpT_khgjIQIYR9kBugMd8NhQ,1
info@fishcitygrill.com,Fish,City Grill - Northwoods,Fish City Grill - Northwoods,(210) 495-6600,https://fishcitygrill.com/,San Antonio,"Northwoods Shopping Center, 18130 San Pedro Ave Suite #104, San Antonio, TX 78232",4.5,2220,Seafood restaurant,risky,catch_all,mv-verified-houston-risky-2026-04-20,ChIJFZ26iQ2KXIYRNFUzoFKBR8I,3
emosaustin@livenation.com,Emo's,Austin,Emo's Austin,(512) 777-0873,https://www.emosaustin.com/,Austin,"2015 E Riverside Dr, Austin, TX 78741",4.4,2216,Live music venue,risky,catch_all,mv-verified-houston-risky-2026-04-20,ChIJ3T7ob6a1RIYR3u5WNGcggEE,1
internet@discountelectronics.com,Discount,Electronics - North Austin,Discount Electronics - North Austin,(512) 983-9989,https://www.discountelectronics.com/,Austin,"4005 W Parmer Ln, Austin, TX 78727",4.7,2203,Used computer store,risky,catch_all,mv-verified-houston-risky-2026-04-20,ChIJxfTw6-PLRIYRFsK-Z0CJu64,1
clearlake@avebrazil.com,Avenida,Brazil Churrascaria Steakhouse - Clear Lake,Avenida Brazil Churrascaria Steakhouse - Clear Lake,(281) 557-9999,https://www.avebrazil.com/,Webster,"201 W Bay Area Blvd, Webster, TX 77598",4.7,2198,Brazilian restaurant,risky,catch_all,mv-verified-houston-risky-2026-04-20,ChIJC3hBIomcQIYRr-khKaAF6UI,2
info@rickschophouse.com,Rick's,Chophouse,Rick's Chophouse,(214) 726-9251,http://rickschophouse.com/?utm_source=google&utm_medium=organic&utm_campaign=gbp%20listing,McKinney,"107 N Kentucky St # 200, McKinney, TX 75069",4.7,2197,Chophouse restaurant,risky,catch_all,mv-verified-houston-risky-2026-04-20,ChIJT7SBJUoSTIYRpaBiZO8yVg0,1
info@scuzzisitalianrestaurant.com,Scuzzi's,1604,Scuzzi's 1604,(210) 493-8884,https://scuzzisitalianrestaurant.com/,San Antonio,"4035 N Loop 1604 W #102, San Antonio, TX 78257",4.5,2190,Italian restaurant,risky,unknown,mv-verified-houston-risky-2026-04-20,ChIJzUD5hVdhXIYR7FRwbRWXX14,1
info@sweetparis.com,Sweet,Paris,Sweet Paris,(713) 360-6266,http://www.sweetparis.com/,Houston,"2420 Rice Boulevard, Houston, TX 77005",4.6,2178,Breakfast restaurant,risky,catch_all,mv-verified-houston-risky-2026-04-20,ChIJYxm77F3AQIYRmMQsSQGPlXM,2
info@lawnstarter.com,LawnStarter,Lawn Care Service,LawnStarter Lawn Care Service,(512) 643-8634,http://www.lawnstarter.com/austin-tx?utm_source=google&utm_medium=GLocal&utm_campaign=AustinGLocal,Austin,"814 San Jacinto Blvd #200, Austin, TX 78701",4.3,2164,Lawn care service,risky,catch_all,mv-verified-houston-risky-2026-04-20,ChIJXdQSuay1RIYRsM6LnyM6s20,6
info@ranchhandcafe.shop,Ranch,Hand Cafe,Ranch Hand Cafe,(281) 592-2545,https://ranchhandcafe.shop/,Cleveland,"24626 TX-321, Cleveland, TX 77327",4.7,2163,American restaurant,risky,unknown,mv-verified-houston-risky-2026-04-20,ChIJvUANYCGnOIYRVT6QlQk_UHM,1
info@squeakycleandan.com,Squeaky,Dan's Window Cleaning San Antonio,Squeaky Dan's Window Cleaning San Antonio,(210) 394-6840,http://www.squeakycleandan.com/,San Antonio,"8827 Tradeway St, San Antonio, TX 78217",5,2137,Window cleaning service,risky,catch_all,mv-verified-houston-risky-2026-04-20,ChIJ__9vTRthXIYRwgVvlJxkNe8,1
info@tocamadera.com,Toca,Madera Houston,Toca Madera Houston,(713) 715-5808,https://tocamadera.com/,Houston,"1755 Allen Pkwy Suite 101, Houston, TX 77019",4.2,2130,Mexican restaurant,risky,catch_all,mv-verified-houston-risky-2026-04-20,ChIJXY4QHW2_QIYRpxC5JfmCZPc,1
info@tacosagogo.com,Tacos,A Go Go Oak Forest,Tacos A Go Go Oak Forest,(713) 681-8226,https://www.tacosagogo.com/,Houston,"3401 W T C Jester Blvd, Houston, TX 77018",4.3,2127,Mexican restaurant,risky,catch_all,mv-verified-houston-risky-2026-04-20,ChIJo0vAI1jGQIYR5yJiEOMuZq8,1
info@cedartree.cafe,Cedar,Tree Restaurant,Cedar Tree Restaurant,(409) 384-8832,http://cedartree.cafe/,Jasper,"1348 S Wheeler St, Jasper, TX 75951",4.5,2117,Restaurant,risky,catch_all,mv-verified-houston-risky-2026-04-20,ChIJIymlk6OeOYYRPni1DhO5LWA,1
dos@desperadosrestaurant.com,Desperados,Mexican Restaurant,Desperados Mexican Restaurant,(214) 363-1850,http://www.desperadosrestaurant.com/,Dallas,"4818 Greenville Ave, Dallas, TX 75206",4.5,2115,Mexican restaurant,risky,catch_all,mv-verified-houston-risky-2026-04-20,ChIJuV3BvXSfToYR-k1qHgnMKB4,1
info@kincaidshamburgers.com,Kincaid's,Hamburgers,Kincaid's Hamburgers,(817) 732-2881,http://kincaidshamburgers.com/,Fort Worth,"4901 Camp Bowie Blvd, Fort Worth, TX 76107",4.6,2110,Hamburger restaurant,risky,catch_all,mv-verified-houston-risky-2026-04-20,ChIJ__kn3KdzToYR2OpO_ky2P2s,1
info@i45dinertx.com,I-45,Diner,I-45 Diner,(713) 389-5627,http://i45dinertx.com/,Spring,"19790 I-45, Spring, TX 77373",4.3,2096,Diner,risky,catch_all,mv-verified-houston-risky-2026-04-20,ChIJCQsSyi01R4YR4xCWGJCt6Xk,1
rush127@yahoo.com,iPhone,Repair Gods,iPhone Repair Gods,(512) 719-4263,http://www.startechpc.com/,Austin,"9513 Burnet Rd Suite 103, Austin, TX 78758",4.9,2095,Computer repair service,risky,unknown,mv-verified-houston-risky-2026-04-20,ChIJmUpDzbbLRIYRCfCafhCVqaw,2
info@moiaustin.com,Museum,of Illusions Austin,Museum of Illusions Austin,(512) 265-8899,https://moiaustin.com/,Austin,"11010 Domain Dr #100, Austin, TX 78758",4.5,2088,Museum,risky,catch_all,mv-verified-houston-risky-2026-04-20,ChIJCfovQivNRIYRkNWw-puG0Q0,1
huynguyen19760@yahoo.com,Grand,Lux Nails Spa,Grand Lux Nails Spa,(903) 653-4445,https://grandluxnailsspalongview.com/,Longview,"310 E Loop 281 unit a, Longview, TX 75605",4.6,2068,Nail salon,risky,unknown,mv-verified-houston-risky-2026-04-20,ChIJWb1KgE0_NoYRuNhBihlkkn8,1
info@mintdentistry.com,MINT,dentistry,MINT dentistry,(817) 310-2024,https://mintdentistry.com/dentist/dfw/ft-worth,Fort Worth,"2700 Horne St Suite 120, Fort Worth, TX 76107",4.8,2052,Doctor,risky,catch_all,mv-verified-houston-risky-2026-04-20,ChIJtWRaAhtzToYRDpc2BIb4Rlg,10
info@primepestandlawn.com,Prime,Pest and Lawn - El Paso,Prime Pest and Lawn - El Paso,(915) 659-5158,https://www.primepestandlawn.com/,El Paso,"9206 McCombs St Suite 15, El Paso, TX 79924",4.8,2052,Pest control service,risky,catch_all,mv-verified-houston-risky-2026-04-20,ChIJ9fkQL3aus4cRPXa2Gpywntg,1
info@thrivepetcare.com,Hillside,Veterinary Clinic,Hillside Veterinary Clinic,(214) 824-0397,https://www.thrivepetcare.com/locations/texas/dallas/hillside-veterinary-clinic/?utm_source=gmb&utm_medium=web,Dallas,"6150 E Mockingbird Ln #201, Dallas, TX 75214",4.3,2047,Emergency veterinarian service,risky,catch_all,mv-verified-houston-risky-2026-04-20,ChIJBUZrkmWfToYRiXHRHd2L9WE,4
bezos@amazon.com,Scissors,& Scotch,Scissors & Scotch,(469) 206-0394,https://scissorsscotch.com/locations/tx/dallas/uptown/,Dallas,"100 Crescent Ct Ste 150, Dallas, TX 75201",4.9,2040,Barber shop,risky,catch_all,mv-verified-houston-risky-2026-04-20,ChIJNzUVPUmZToYRKmRZ81PRLxk,2
community@thestixicehouse.com,The,Stix Icehouse,The Stix Icehouse,(214) 592-8335,http://www.thestixicehouse.com/,McKinney,"301 Eldorado Pkwy #100, McKinney, TX 75069",4.7,2038,Restaurant,risky,catch_all,mv-verified-houston-risky-2026-04-20,ChIJj0zKwtoTTIYRXaeoxnYU8uA,1
info@fixesouthernhouse.com,Fixe,Southern House,Fixe Southern House,(512) 888-9133,http://fixesouthernhouse.com/,Austin,"500 W 5th St, Austin, TX 78701",4.6,2037,Southern restaurant (US),risky,unknown,mv-verified-houston-risky-2026-04-20,ChIJzcQxtg61RIYRlTVfnv-nAd0,1
info@gkraceway.com,Go-Kart,Raceway,Go-Kart Raceway,(281) 447-7378,https://gkraceway.com/,Houston,"2800 W Mt Houston Rd, Houston, TX 77038",4.4,2025,Go-karting venue,risky,catch_all,mv-verified-houston-risky-2026-04-20,ChIJhVqDiefIQIYR3p8fv2WctkA,1
brenden@redoakcafe.net,Red,Oak Cafe - League City,Red Oak Cafe - League City,(832) 905-3150,http://www.redoakcafe.net/,League City,"6011 W Main St Ste A-106, League City, TX 77573",4.6,2012,American restaurant,risky,unknown,mv-verified-houston-risky-2026-04-20,ChIJHYji27uEQIYR7mJ0yrGWnq0,2
info@extraspace.com,Extra,Space Storage,Extra Space Storage,(210) 622-2613,https://www.extraspace.com/storage/facilities/us/texas/san_antonio/1000000722/?cid=org::maps&utm_source=google&utm_medium=organic&utm_campaign=org::maps,San Antonio,"1974 S Alamo St, San Antonio, TX 78204",4.9,2002,Self-storage facility,risky,catch_all,mv-verified-houston-risky-2026-04-20,ChIJG2UdzrlYXIYRa3Essg--ygk,36
hs_hyd@yahoo.com,House,of Smiles,House of Smiles,(254) 680-4450,https://www.houseofsmiles.net/,Killeen,"5610 E Central Texas Expy Ste 3, Killeen, TX 76543",4.8,1992,Dentist,risky,unknown,mv-verified-houston-risky-2026-04-20,ChIJH75pI4NJRYYRnZhUY2UG9jQ,1
info@magnoliadiner.com,Magnolia,Diner,Magnolia Diner,(281) 356-9197,https://www.magnoliadiner.com/,Magnolia,"18423 FM 1488 Suite G, Magnolia, TX 77354",4.4,1992,Diner,risky,catch_all,mv-verified-houston-risky-2026-04-20,ChIJn1gYKvXXRoYRl9W5Ofux3XY,1
contacts@esbnyc.com,Rancho,Grande Bar & Grill- Magnolia,Rancho Grande Bar & Grill- Magnolia,(281) 356-1700,https://www.ranchograndebargrill.com/,Magnolia,"18914 FM 1488, Magnolia, TX 77355",4.5,1980,Mexican restaurant,risky,catch_all,mv-verified-houston-risky-2026-04-20,ChIJLXYMZI7XRoYRLc3CNfzLshw,2
service@erniesplumbing.com,Ernie's,"Plumbing Service, Inc.","Ernie's Plumbing Service, Inc.",(888) 802-0005,https://www.erniesplumbing.com/,Arlington,"1809 W Pioneer Pkwy, Arlington, TX 76013",4.7,1972,Plumber,risky,catch_all,mv-verified-houston-risky-2026-04-20,ChIJ_____28mTIYRzOp4tys-Ok4,2
info@abescajunmarket.com,Abe's,Cajun Market,Abe's Cajun Market,(281) 480-2237,http://www.abescajunmarket.com/,Houston,"1080 Clear Lake City Blvd D, Houston, TX 77062",4.5,1964,Cajun restaurant,risky,unknown,mv-verified-houston-risky-2026-04-20,ChIJReAdXO6bQIYRORHxe3umj60,1
info@villagemedical.com,Village,Medical - River Oaks,Village Medical - River Oaks,(713) 797-1087,https://www.villagemedical.com/locations/texas/4543-post-oak-pl-suite-105-houston-tx-77027?utm_source=gmb&utm_medium=profile&utm_campaign=villagemedical_organic-search_location,Houston,"4543 Post Oak Pl Dr #105, Houston, TX 77027",4.7,1952,Medical clinic,risky,catch_all,mv-verified-houston-risky-2026-04-20,ChIJR0NgynDAQIYR4cYVujBXICo,4
info@istanbulgrillbar.com,Istanbul,Grill & Bar,Istanbul Grill & Bar,(682) 250-2111,https://istanbulgrillbar.com/,Fort Worth,"401 Throckmorton St, Fort Worth, TX 76102",4.7,1951,Mediterranean restaurant,risky,catch_all,mv-verified-houston-risky-2026-04-20,ChIJ2a2orEFxToYR2bFKUda6mvA,1
info@bienmerite.com,Bien,Mérité Bakery and Restaurant,Bien Mérité Bakery and Restaurant,(361) 334-0241,https://www.bienmerite.com/,Corpus Christi,"3104 S Alameda St, Corpus Christi, TX 78404",4.5,1937,Restaurant,risky,catch_all,mv-verified-houston-risky-2026-04-20,ChIJ3UvUyp9faIYRbuGxOh9ucks,1
info@joscoffee.com,Jo's,Coffee – South Congress,Jo's Coffee – South Congress,(512) 852-2300,https://www.joscoffee.com/south-congress-jos,Austin,"1300 S Congress Ave, Austin, TX 78704",4.4,1930,Coffee shop,risky,catch_all,mv-verified-houston-risky-2026-04-20,ChIJ1S_Bov20RIYRe7MiR8tYawY,1
info@bestbailbondsdallas.com,AA,Best Bail Bonds Dallas,AA Best Bail Bonds Dallas,(214) 741-3500,https://bestbailbondsdallas.com/,Dallas,"201 Continental Ave, Dallas, TX 75207",4.8,1925,Bail bonds service,risky,catch_all,mv-verified-houston-risky-2026-04-20,ChIJV78s3xKZToYRUzLHajn8d8Y,1
quote@cellularport.com,CellularPort,,CellularPort,(832) 475-9896,https://cellularport.com/harwin-drive/,Houston,"7100 Harwin Dr. ste A, Houston, TX 77036",4.9,1917,Mobile phone repair shop,risky,catch_all,mv-verified-houston-risky-2026-04-20,ChIJkSHNck3CQIYRfifI_eE7n18,1
info@tlcinspectors.com,TLC,Home Inspections,TLC Home Inspections,(512) 710-2234,https://www.tlcinspectors.com/,,,4.9,1917,Home inspector,risky,catch_all,mv-verified-houston-risky-2026-04-20,ChIJhUg9MvAm9hQROtQCSpE9Ggk,1
events@thegrovetyler.com,The,Grove Kitchen & Gardens,The Grove Kitchen & Gardens,(903) 939-0209,http://thegrovetyler.com/,Tyler,"3500 Old Jacksonville Hwy, Tyler, TX 75701",4.4,1916,Family restaurant,risky,catch_all,mv-verified-houston-risky-2026-04-20,ChIJr7ZabI3LSYYRLoGmOqVhj9Q,1
info@parkerzhtx.com,Parkerz,,Parkerz,(832) 230-8197,https://www.parkerzhtx.com/,Houston,"12126 Westheimer Rd #98, Houston, TX 77077",4.3,1905,Hookah bar,risky,unknown,mv-verified-houston-risky-2026-04-20,ChIJ74i924_dQIYRaBvcmxS9DKU,1
info@sprouts.com,Sprouts,Farmers Market,Sprouts Farmers Market,(210) 979-8121,https://sprouts.com/store/tx/san-antonio/san-antonio-callaghan-rd,San Antonio,"8101 Callaghan Rd, San Antonio, TX 78230",4.5,1901,Grocery store,risky,catch_all,mv-verified-houston-risky-2026-04-20,ChIJOQjGdKBgXIYRklzf-Nm2DR8,5
info@petsmart.com,PetSmart,,PetSmart,(817) 238-0111,https://www.petsmart.com/stores/us/tx/fort-worth-store1280.html?utm_source=google&utm_medium=organic&utm_campaign=google-my-business,Fort Worth,"6572 Lake Worth Blvd, Fort Worth, TX 76135",4.2,1896,Pet supply store,risky,catch_all,mv-verified-houston-risky-2026-04-20,ChIJ71xdsyJ1ToYRToL8IYW3s3U,7
info@caprockcafe.com,Caprock,Cafe,Caprock Cafe,(806) 784-0300,http://www.caprockcafe.com/,Lubbock,"3405 34th St, Lubbock, TX 79410",4.5,1895,Bar & grill,risky,catch_all,mv-verified-houston-risky-2026-04-20,ChIJa_ZglVht_oYR55W7s0IcLeo,1
info@atxcocina.com,ATX,Cocina,ATX Cocina,(512) 263-2322,http://www.atxcocina.com/,Austin,"110 San Antonio St #170, Austin, TX 78701",4.6,1886,Mexican restaurant,risky,catch_all,mv-verified-houston-risky-2026-04-20,ChIJWaH_cA-1RIYRNKX_6H4CwaA,1
acob@birdcreekbrewing.com,Bird,Creek Brewing,Bird Creek Brewing,(254) 598-3158,https://birdcreekbrewing.com/,Temple,"8 S 4th St, Temple, TX 76501",4.4,1885,Brewpub,risky,catch_all,mv-verified-houston-risky-2026-04-20,ChIJBcC6MoZsRYYRtl8_bsS5V_8,1
info@keymex.com,KeyMex,,KeyMex,(210) 300-7056,https://keymex.us/,San Antonio,"2400 West Ave Suite 1, San Antonio, TX 78201",4.8,1882,Locksmith,risky,catch_all,mv-verified-houston-risky-2026-04-20,ChIJfZ5js7JcXIYRGGR60FkSDLI,1
info@harvesttx.com,Harvest,at the Masonic,Harvest at the Masonic,(214) 726-0251,https://www.harvesttx.com/?utm_source=google&utm_medium=organic&utm_campaign=gbp%20listing,McKinney,"215 N Kentucky St, McKinney, TX 75069",4.7,1876,Organic restaurant,risky,catch_all,mv-verified-houston-risky-2026-04-20,ChIJYTghjEkSTIYR4-J7fnMQzk4,1
info@meowwolf.com,Meow,Wolf Houston's Radio Tave,Meow Wolf Houston's Radio Tave,(866) 636-9969,https://meowwolf.com/visit/houston?utm_source=google&utm_medium=organic&utm_campaign=gbp,Houston,"2103 Lyons Ave Building 2, Houston, TX 77020",4.4,1867,Tourist attraction,risky,catch_all,mv-verified-houston-risky-2026-04-20,ChIJxX2eIQC_QIYRsn2WZzCoiXU,1
midwaybbqkatytx@yahoo.com,Midway,BBQ,Midway BBQ,(281) 391-2830,https://midwaybbqkatytx.com/,Katy,"6025 Hwy Blvd, Katy, TX 77494",4.3,1857,Caterer,risky,unknown,mv-verified-houston-risky-2026-04-20,ChIJD7ndrDskQYYRRUpsDYPZVcU,1
info@ms.pizza,Main,Street Pizza & Pasta,Main Street Pizza & Pasta,(210) 732-8861,http://ms.pizza/,San Antonio,"1906 N Main Ave, San Antonio, TX 78212",4.5,1834,Pizza restaurant,risky,catch_all,mv-verified-houston-risky-2026-04-20,ChIJMRTuXF1fXIYR_OnhhUVkNg0,1
info@stdavids.com,Austin,Emergency Center: Mueller Emergency Room,Austin Emergency Center: Mueller Emergency Room,(512) 322-5104,https://www.stdavids.com/locations/mueller-er,Austin,"Building H, 1801 E 51st St, Austin, TX 78723",4.7,1832,Emergency room,risky,catch_all,mv-verified-houston-risky-2026-04-20,ChIJNfUvvZ7LRIYRlCZXFVa4XD8,2
accessibility@apartments247.com,The,Park at Sutton Hill Apartments,The Park at Sutton Hill Apartments,(832) 501-3477,http://theparkatsuttonhill.com/,Houston,"11911 Martin Luther King Blvd, Houston, TX 77048",4.8,1807,Apartment complex,risky,catch_all,mv-verified-houston-risky-2026-04-20,ChIJD23gE0yUQIYRq5Iut04gnOw,3
info@coit.com,COIT,Cleaning and Restoration of Houston,COIT Cleaning and Restoration of Houston,(713) 904-1069,https://www.coit.com/houston,Houston,"9001 Spring Branch Dr, Houston, TX 77080",4.6,1798,Carpet cleaning service,risky,unknown,mv-verified-houston-risky-2026-04-20,ChIJ76DEkVDEQIYRWg9VH53JBJk,1
cityhall1791@yahoo.com,City,Hall Cafe & Pie Bar,City Hall Cafe & Pie Bar,(936) 298-7002,http://cityhalltexas.com/,Huntsville,"1421 Sam Houston Ave, Huntsville, TX 77340",4.2,1797,Restaurant,risky,unknown,mv-verified-houston-risky-2026-04-20,ChIJi_9nAJAIR4YRffjrivAAezI,1
ivypham2012@yahoo.com,Lv,Nail Lounge (10% Off Mon-Thurs),Lv Nail Lounge (10% Off Mon-Thurs),(512) 383-8702,https://lvnailloungeaustin.com/,Austin,"6501 S Congress Ave Suite 2-207, Austin, TX 78745",4.6,1775,Nail salon,risky,unknown,mv-verified-houston-risky-2026-04-20,ChIJJUziqFGzRIYRdEdlmu4Wm08,1
info@burgerbaraustin.com,Burger,Bar Congress,Burger Bar Congress,(512) 608-4822,https://www.burgerbaraustin.com/?utm_source=google&utm_medium=organic&utm_campaign=business_listing,Austin,"110 E 2nd St, Austin, TX 78701",4.6,1766,Hamburger restaurant,risky,unknown,mv-verified-houston-risky-2026-04-20,ChIJo8381Qe1RIYRjPGlpw_OugM,1
info@eviemaesbbq.com,Evie,Mae's BBQ,Evie Mae's BBQ,(806) 782-2281,http://www.eviemaesbbq.com/,Wolfforth,"217 US-62, Wolfforth, TX 79382",4.7,1752,Barbecue restaurant,risky,catch_all,mv-verified-houston-risky-2026-04-20,ChIJaZWBVkd0_oYRxXxnLiQ1gbM,1
info@kims-diner.shop,Kim's,Diner,Kim's Diner,(254) 753-1118,https://kims-diner.shop/,Waco,"2600 W Waco Dr, Waco, TX 76710",4.6,1747,Restaurant,risky,unknown,mv-verified-houston-risky-2026-04-20,ChIJF2itnMCDT4YRjyPMVwTa4Rs,1
info@renaissancetattoocollective.com,Dark,Age Tattoo Studio Fort Worth,Dark Age Tattoo Studio Fort Worth,(682) 499-5734,http://www.darkageftw.com/,Fort Worth,"2836 Bledsoe St Suite 200, Fort Worth, TX 76107",5,1742,Tattoo shop,risky,catch_all,mv-verified-houston-risky-2026-04-20,ChIJT6jv7xFzToYRWXM7bryZ2Kw,1
info@flipnfuncenter.com,Flip,N' Fun Trampoline Park,Flip N' Fun Trampoline Park,(832) 602-5400,https://www.flipnfuncenter.com/,Houston,"5379 W Richey Rd, Houston, TX 77066",4.6,1733,Amusement center,risky,catch_all,mv-verified-houston-risky-2026-04-20,ChIJkd6lsyPMQIYRJq1K-yfWO1I,1
info@vcahospitals.com,VCA,Becker Animal Hospital and Pet Resort,VCA Becker Animal Hospital and Pet Resort,(210) 732-5148,https://vcahospitals.com/becker-tx?utm_source=maps&utm_medium=organic&utm_campaign=AU_1111,San Antonio,"6515 I-10, San Antonio, TX 78201",3.3,1722,Veterinarian,risky,catch_all,mv-verified-houston-risky-2026-04-20,ChIJcaiqIExeXIYRvPgf_RDryGw,11
info@harborfreight.com,Harbor,Freight Tools,Harbor Freight Tools,(210) 732-2653,https://www.harborfreight.com/storelocator/1803-vance-jackson-rd-suite-105-san-antonio-78213?number=57,San Antonio,"1803 Vance Jackson Rd #105, San Antonio, TX 78213",4.4,1703,Hardware store,risky,catch_all,mv-verified-houston-risky-2026-04-20,ChIJKzoclkleXIYRsxHkd3zf2qk,2
info@empiretoday.com,Empire,"Today - Houston, TX","Empire Today - Houston, TX",(281) 612-4583,https://www.empiretoday.com/locations/houston?CID=gbp,Houston,"3004 Claymoore Park Dr, Houston, TX 77043",4.4,1697,Flooring contractor,risky,catch_all,mv-verified-houston-risky-2026-04-20,ChIJ6TVfc87aQIYRttL7rmnFlVM,2
info@lamadeleine.com,la,Madeleine,la Madeleine,(281) 316-6135,https://lamadeleine.com/locations/webster-clearlake,Webster,"929 W Bay Area Blvd, Webster, TX 77598",4.3,1694,Restaurant,risky,catch_all,mv-verified-houston-risky-2026-04-20,ChIJLdF4Y4ScQIYRyySSybk0ZcQ,4
info@thefunkydoor.com,The,Funky Door Bistro & Wine Room,The Funky Door Bistro & Wine Room,(806) 687-0505,https://www.thefunkydoor.com/,Lubbock,"6801 Milwaukee Ave, Lubbock, TX 79424",4.3,1680,Fine dining restaurant,risky,unknown,mv-verified-houston-risky-2026-04-20,ChIJDYBvha9z_oYRSdeRofS4JJk,1
events@victoriapumphouse.com,The,PumpHouse Riverside Restaurant and Bar,The PumpHouse Riverside Restaurant and Bar,(361) 572-9800,http://www.victoriapumphouse.com/,Victoria,"1201 W Stayton Ave, Victoria, TX 77901",4.4,1679,American restaurant,risky,unknown,mv-verified-houston-risky-2026-04-20,ChIJAQAAANBmQoYRspqkXtDBoIk,1
info@legacycommunityhealth.org,Legacy,Community Health - Montrose,Legacy Community Health - Montrose,(832) 548-5100,https://www.legacycommunityhealth.org/legacy-montrose/,Houston,"1415 California St, Houston, TX 77006",4.3,1678,Medical clinic,risky,catch_all,mv-verified-houston-risky-2026-04-20,ChIJDfXEHWa_QIYR-oemeRvdU1w,1
galleria@impressionbridalstore.com,Impression,Bridal,Impression Bridal,(713) 623-4696,https://www.impressionbridalstore.com/stores/galleria/,Houston,"3005 W Loop S, Houston, TX 77027",4.8,1662,Bridal shop,risky,unknown,mv-verified-houston-risky-2026-04-20,ChIJJQmvhnLBQIYRhtJgs5YWONQ,2
info@onthewaypros.com,On,The Way AC Plumbing & Electric,On The Way AC Plumbing & Electric,(409) 310-1464,https://www.onthewaypros.com/?utm_source=google&utm_medium=business_profile&utm_campaign=website,Santa Fe,"2513 FM 646 Rd, Santa Fe, TX 77510",4.9,1659,Plumber,risky,catch_all,mv-verified-houston-risky-2026-04-20,ChIJRccWb2qBQIYREDXcnNoC5CE,1
info@fountainnailbar.com,Fountain,Nail Bar El Paso,Fountain Nail Bar El Paso,(915) 259-8889,http://fountainnailbar.com/,El Paso,"8889 Gateway Blvd W Ste 3000, El Paso, TX 79925",4.3,1653,Nail salon,risky,catch_all,mv-verified-houston-risky-2026-04-20,ChIJ2e1wjhdb54YROe5A36PYK4Q,1
info@tommys.com,Tommy's,Seafood Restaurant & Oyster Bar,Tommy's Seafood Restaurant & Oyster Bar,(281) 480-2221,https://tommys.com/,Houston,"2555 Bay Area Blvd, Houston, TX 77058",4.6,1647,Seafood restaurant,risky,unknown,mv-verified-houston-risky-2026-04-20,ChIJEeUWETacQIYRd-Lp0WPQG-g,1
info@onyxnailbar.cc,Onyx,Nail Bar Dallas - The Best Nail Salon in Uptown Dallas (20%off Mon-Wed 10am-3pm),Onyx Nail Bar Dallas - The Best Nail Salon in Uptown Dallas (20%off Mon-Wed 10am-3pm),(214) 599-0255,https://onyxnailbar.cc/,Dallas,"4123 Cedar Springs Rd #109, Dallas, TX 75219",4.7,1646,Nail salon,risky,catch_all,mv-verified-houston-risky-2026-04-20,ChIJs8yX0smeToYRJ_HdN96gWs4,1
info@toasttab.com,Taconeta,,Taconeta,(915) 303-8038,http://www.toasttab.com/taconeta,El Paso,"311 Montana Ave A-1, El Paso, TX 79902",4.5,1634,Taco restaurant,risky,catch_all,mv-verified-houston-risky-2026-04-20,ChIJs_NrqhpZ54YRMwQv50YeHZg,8
info@acehardware.com,Cypress,Ace Hardware,Cypress Ace Hardware,(281) 469-8020,http://www.acehardware.com/mystore/index.jsp?store=07541&cid=localstore07541,Houston,"11655 Jones Rd, Houston, TX 77070",4.6,1624,Hardware store,risky,catch_all,mv-verified-houston-risky-2026-04-20,ChIJ33UKgovRQIYR8m8eAQa-KOs,11
info@diversestaffing.com,Diverse,Staffing Fort Worth,Diverse Staffing Fort Worth,(817) 566-9299,http://www.diversestaffing.com/,Fort Worth,"3000 Race St Suite 124, Fort Worth, TX 76111",4.9,1620,Employment agency,risky,catch_all,mv-verified-houston-risky-2026-04-20,ChIJDyvAlN1xToYR2Zw1BEAiNjI,2
csapenter@geico.com,Jerry,Coker - GEICO Insurance Agent,Jerry Coker - GEICO Insurance Agent,(713) 224-3426,https://www.geico.com/insurance-agents/texas/houston/jerry-coker/?y_source=1_MTQ5NTQ2OTYtNzE1LWxvY2F0aW9uLndlYnNpdGU%3D,Spring,"1403 Spring Cypress Rd Suite 104, Spring, TX 77373",4.8,1618,Insurance agency,risky,catch_all,mv-verified-houston-risky-2026-04-20,ChIJ3ypydB41R4YRRf1da-3-mpw,3
info@bswhealth.com,Baylor,Scott & White Urgent Care+ Dallas (Mockingbird),Baylor Scott & White Urgent Care+ Dallas (Mockingbird),(214) 828-0448,https://www.bswhealth.com/locations/urgent-care/uc-plus-dallas-mockingbird?utm_source=google-mybusiness&utm_medium=organic&utm_campaign=UC+Lakewood&utm_content=main-website,Dallas,"6350 E Mockingbird Ln, Dallas, TX 75214",4.5,1605,Urgent care center,risky,catch_all,mv-verified-houston-risky-2026-04-20,ChIJoXi5wWOfToYRPcBqOWjqcis,6
info@testmasters.com,TestMasters,,TestMasters,(281) 276-7777,http://www.testmasters.com/,Houston,"2600 N Gessner Rd, Houston, TX 77080",4.8,1601,Tutoring service,risky,catch_all,mv-verified-houston-risky-2026-04-20,ChIJma-wRPfAQIYRwIjioF2NhrE,2
info@corrientes348.com,Corrientes,348 Argentinian Steakhouse,Corrientes 348 Argentinian Steakhouse,(214) 220-0348,http://corrientes348.com/,Dallas,"1807 Ross Ave, Dallas, TX 75201",4.6,1597,Argentinian restaurant,risky,catch_all,mv-verified-houston-risky-2026-04-20,ChIJrw4mbCOZToYRBHhpDqhet3E,1
info@katyvibes.com,Katy,Vibes,Katy Vibes,(832) 437-2807,http://katyvibes.com/,Katy,"24757 Katy Fwy, Katy, TX 77494",4.2,1595,Bar & grill,risky,catch_all,mv-verified-houston-risky-2026-04-20,ChIJm-or0dknQYYR1wygmcxoJuE,1
info@texasthrift.com,Texas,Thrift Windcrest,Texas Thrift Windcrest,(210) 654-7222,https://texasthrift.com/,Windcrest,"7500 N Interstate 35 #104, Windcrest, TX 78218",3.7,1592,Thrift store,risky,catch_all,mv-verified-houston-risky-2026-04-20,ChIJWfRtcKD0XIYRQC1NebTg_ns,8
info@totalplumbing.net,Total,Plumbing Service Inc.,Total Plumbing Service Inc.,(972) 681-4434,http://www.totalplumbing.net/?utm_campaign=gmb,Rowlett,"3706 Big A Rd, Rowlett, TX 75089",4.9,1588,Plumber,risky,catch_all,mv-verified-houston-risky-2026-04-20,ChIJh2keTe6mToYRgDxLFzyLhk4,1
info@nationalcar.com,National,Car Rental,National Car Rental,(833) 635-0434,https://www.nationalcar.com/en/car-rental-locations/us/tx/dallas-love-field-airport-09y6.html?mcid=yext:245709,Dallas,"7366 Cedar Springs Rd, Dallas, TX 75235",4.1,1584,Car rental agency,risky,catch_all,mv-verified-houston-risky-2026-04-20,ChIJcXYU7SicToYRkpbnJ6p-wmU,1
info@chefstablehouston.com,The,Chefs Table Houston,The Chefs Table Houston,(832) 559-7489,https://www.chefstablehouston.com/,Houston,"110 Vintage Park Blvd Building J Suite P, Houston, TX 77070",4.8,1577,Fine dining restaurant,risky,catch_all,mv-verified-houston-risky-2026-04-20,ChIJnb8KIafTQIYRZvEohfcGmnk,1
info@orlandos.com,Orlando's,Italian Restaurant,Orlando's Italian Restaurant,(806) 747-5998,http://www.orlandos.com/,Lubbock,"2402 Avenue Q, Lubbock, TX 79411",4.4,1572,Italian restaurant,risky,catch_all,mv-verified-houston-risky-2026-04-20,ChIJJWc2MDBt_oYRRw5XoBmQvyA,1
info@pridestaff.com,PrideStaff,,PrideStaff,(832) 604-2255,https://pridestaff.com/houstonnw,Houston,"12337 Jones Rd # 118, Houston, TX 77070",4.8,1571,Employment agency,risky,catch_all,mv-verified-houston-risky-2026-04-20,ChIJcdaJuj_SQIYRMl0lFO5fMUw,4
info@concentra.com,Concentra,Urgent Care,Concentra Urgent Care,(817) 882-8700,http://www.concentra.com/?utm_source=Yext&utm_medium=Organic&utm_campaign=Homepage%20Link,Fort Worth,"2500 West Fwy I30 Ste. 100, Fort Worth, TX 76102",4.2,1569,Occupational health service,risky,catch_all,mv-verified-houston-risky-2026-04-20,ChIJJR1vd9dzToYRBmhel5XafVU,3
info@mintmotorcycles.com,Mint,Motorcycles,Mint Motorcycles,(214) 609-1579,https://www.mintmotorcycles.com/,Dallas,"2720 Royal Ln #116, Dallas, TX 75229",4.8,1568,Motorcycle repair shop,risky,catch_all,mv-verified-houston-risky-2026-04-20,ChIJTx4byR0nTIYRubKNNIGo1PI,1
info@endlesscleancarwash.com,Endless,Clean Car Wash,Endless Clean Car Wash,(682) 882-5662,http://endlesscleancarwash.com/,Fort Worth,"2252 Riverton Ave, Fort Worth, TX 76106",4.9,1566,Car wash,risky,catch_all,mv-verified-houston-risky-2026-04-20,ChIJA7QJ-811ToYRuXJZmKMyILA,1
info@athome.com,At,Home,At Home,(281) 469-0900,https://www.athome.com/store/texas-willowbrook/,Houston,"12605 N Gessner Dr, Houston, TX 77064",4.3,1561,Outdoor furniture store,risky,catch_all,mv-verified-houston-risky-2026-04-20,ChIJM-9dbuTNQIYRQPN2-cackVc,2
info@flooranddecor.com,Floor,& Decor,Floor & Decor,(210) 521-0003,https://www.flooranddecor.com/store/san_antonio/TX/78216/119?utm_source=gmb&utm_medium=organic&utm_campaign=dsg_san_antonio,San Antonio,"125 NW Loop 410 Ste 240 Ste 240, San Antonio, TX 78216",4.4,1556,Flooring store,risky,catch_all,mv-verified-houston-risky-2026-04-20,ChIJw-UmXrldXIYR5WrT7mvkwd0,8
frank@gcatr.com,Gulf,Coast Auto & Truck Repair,Gulf Coast Auto & Truck Repair,(281) 332-8376,https://www.gcatr.com/,League City,"281 State Hwy 3, League City, TX 77573",4.9,1556,Auto repair shop,risky,unknown,mv-verified-houston-risky-2026-04-20,ChIJE-cnL9OCQIYRE3h_KSZysmo,1
thegiraffe@bar1919.com,Bar,1919,Bar 1919,(210) 227-1420,https://www.bar1919.com/,San Antonio,"1420 S Alamo St, San Antonio, TX 78204",4.6,1549,Bar,risky,unknown,mv-verified-houston-risky-2026-04-20,ChIJ0-i3L7tYXIYRk7jlniDXVHI,1
info@eltorotexmex.com,El,Toro Mexican Restaurant - La Porte,El Toro Mexican Restaurant - La Porte,(281) 471-2505,https://www.eltorotexmex.com/,La Porte,"616 W Main St, La Porte, TX 77571",4.3,1543,Tex-Mex restaurant,risky,catch_all,mv-verified-houston-risky-2026-04-20,ChIJ3a8icFxgP4YRtwxRiULNtjo,1
info@theliamssteakhouse.com,The,Liam's Steakhouse,The Liam's Steakhouse,(214) 468-4729,https://www.theliamssteakhouse.com/,Dallas,"1713 N Market St, Dallas, TX 75202",4.7,1540,Steak house,risky,catch_all,mv-verified-houston-risky-2026-04-20,ChIJ9VsQOU6ZToYRQoq1tSbq3Lc,1
info@ta-petro.com,Petro,Travel Center,Petro Travel Center,(210) 661-9416,https://www.ta-petro.com/location/tx/petro-san-antonio,San Antonio,"1112 Ackerman Rd, San Antonio, TX 78219",3.9,1538,Gas station,risky,catch_all,mv-verified-houston-risky-2026-04-20,ChIJq7pORuHzXIYRM1QRlo8I2Kg,2
info@fondasantarosa.com,Fonda,Santa Rosa,Fonda Santa Rosa,(713) 777-7474,http://www.fondasantarosa.com/?utm_source=google&utm_medium=wix_google_business_profile&utm_campaign=9122347631731646563,Houston,"9908 Beechnut St H, Houston, TX 77036",4.7,1518,Mexican restaurant,risky,catch_all,mv-verified-houston-risky-2026-04-20,ChIJCxH7SrHCQIYRRqNYMByOzVs,1
broadway@stonegaterx.com,Stonegate,Pharmacy,Stonegate Pharmacy,(512) 707-2300,https://www.stonegaterx.com/,Austin,"2501 W William Cannon Dr #203, Austin, TX 78745",4.5,1517,Pharmacy,risky,unknown,mv-verified-houston-risky-2026-04-20,ChIJS4OwiGFLW4YRtpKj_k-JDX0,2
info@abbevilledentistry.com,Abbeville,Dentistry,Abbeville Dentistry,(806) 300-8523,https://abbevilledentistry.com/locations/lubbockcentral/,Lubbock,"3801 50th St Suite 13A, Lubbock, TX 79413",4.7,1514,Dentist,risky,catch_all,mv-verified-houston-risky-2026-04-20,ChIJFYGJtJty_oYRshS83FC6GkY,6
gday@theaussiegrind.com,The,Aussie Grind,The Aussie Grind,(469) 428-0966,https://www.theaussiegrind.com/,Frisco,"3930 Preston Rd #120, Frisco, TX 75035",4.7,1504,Australian restaurant,risky,catch_all,mv-verified-houston-risky-2026-04-20,ChIJ-41CeUk9TIYRMAnITFZOC20,1
pharm@fnlawfirm.com,National,Injury Lawyers,National Injury Lawyers,(214) 890-0711,https://nationalpi.com/,Dallas,"5489 Blair Rd Suite 300, Dallas, TX 75231",4.6,1490,Personal injury attorney,risky,unknown,mv-verified-houston-risky-2026-04-20,ChIJQfLUSgufToYRZIAt4sapAuk,1
info@anson11.com,Anson,11,Anson 11,(915) 504-6400,http://anson11.com/,El Paso,"303 N Oregon St, El Paso, TX 79901",4.2,1488,Restaurant,risky,catch_all,mv-verified-houston-risky-2026-04-20,ChIJgxTtl_1Y54YRJvYGhqoL1TU,1
hello@thechillbrothers.com,The,Chill Brothers,The Chill Brothers,(844) 512-4455,https://thechillbrothers.com/ac-installation-and-services-in-spring-tx/,Spring,"6465 Farm to Market 2920, Spring, TX 77379",4.6,1486,HVAC contractor,risky,catch_all,mv-verified-houston-risky-2026-04-20,ChIJexRarKAzR4YRti-NeUsq5Ww,3
labodegaodessa@yahoo.com,La,Bodega Mexican Restaurant & Bar,La Bodega Mexican Restaurant & Bar,(432) 333-4469,https://www.labodegamexicanrestaurant.com/,Odessa,"1024 E 7th St, Odessa, TX 79761",4.2,1475,Mexican restaurant,risky,unknown,mv-verified-houston-risky-2026-04-20,ChIJr-auoUXJ-4YRq7-ukkmfMrQ,1
gm.cypress@theunionkitchen.com,The,Union Kitchen,The Union Kitchen,(832) 644-9067,https://www.theunionkitchen.com/,Kingwood,"23918 US-59, Kingwood, TX 77339",4.3,1471,American restaurant,risky,catch_all,mv-verified-houston-risky-2026-04-20,ChIJJzdExUlNR4YRQ_CSq4uQQUU,1
info@furniturerow.com,Furniture,Row,Furniture Row,(210) 509-4660,https://www.furniturerow.com/locations/San-Antonio/TX/100038?utm_source=FurnitureRowYext&utm_medium=cpc&utm_campaign=FR,San Antonio,"6745 Ingram Rd, San Antonio, TX 78238",4.7,1465,Furniture store,risky,catch_all,mv-verified-houston-risky-2026-04-20,ChIJKSHM9wJdXIYRfftNaKW3JgQ,1
service@godailey.com,Dailey,"Company, Inc.","Dailey Company, Inc.",(979) 260-2020,https://www.godailey.com/,College Station,"8330 Jones Rd, College Station, TX 77845",4.9,1458,Plumber,risky,catch_all,mv-verified-houston-risky-2026-04-20,ChIJkxFU7ZqCRoYRkzpRvnMtWr8,3
info@slvetspecialists.com,Sugar,Land Veterinary Specialists & Emergency Care,Sugar Land Veterinary Specialists & Emergency Care,(281) 542-3052,https://www.slvetspecialists.com/,Sugar Land,"1515 Lake Pointe Pkwy, Sugar Land, TX 77478",4.1,1450,Veterinarian,risky,catch_all,mv-verified-houston-risky-2026-04-20,ChIJL1i1duvmQIYRDcZyiX0uTuQ,1
info@chamblissplumbing.com,Chambliss,Plumbing Company,Chambliss Plumbing Company,(210) 797-7471,https://chamblissplumbing.com/?utm_source=Google&utm_medium=GBP&utm_campaign=Organic_GBP_Chambliss,San Antonio,"1875 E Borgfeld Dr, San Antonio, TX 78260",5,1448,Plumber,risky,unknown,mv-verified-houston-risky-2026-04-20,ChIJN0h4HOiHXIYRK-1EkiPlUxs,1
hym@houstonyamaha.com,Houston,Motorsports,Houston Motorsports,(281) 890-2020,https://www.houstonyamaha.com/,Houston,"9550 Farm to Market 1960 Rd W, Houston, TX 77070",4.7,1437,Motorcycle dealer,risky,unknown,mv-verified-houston-risky-2026-04-20,ChIJAV_aUfnRQIYRA9bv1F96gpU,1
info@doctorcool.com,Doctor,Cool & Professor Heat,Doctor Cool & Professor Heat,(281) 338-8751,https://doctorcool.com/,League City,"1300 FM 646 Rd, League City, TX 77573",4.7,1436,Air conditioning contractor,risky,unknown,mv-verified-houston-risky-2026-04-20,ChIJ64OBNM2CQIYR8-lRBOaOO84,1
busybeecafes@ymail.com,Busy,Bee Café,Busy Bee Café,(281) 331-2298,http://busybeecafetexas.com/,Alvin,"2417 S Gordon St, Alvin, TX 77511",4.4,1427,Cafe,risky,unknown,mv-verified-houston-risky-2026-04-20,ChIJB-9SfLaIQIYR3XH2KsDSPPM,1
info@gtdist.com,GT,Distributors,GT Distributors,(972) 682-2600,http://www.gtdist.com/,Dallas,"12610 Perimeter Dr, Dallas, TX 75228",4.7,1412,Gun shop,risky,catch_all,mv-verified-houston-risky-2026-04-20,ChIJ14LBstSgToYR8Pf-XZkHbO0,1
info@gritrsports.com,Gritr,Sports,Gritr Sports,(800) 486-7497,https://gritrsports.com/,North Richland Hills,"7901 Blvd 26, North Richland Hills, TX 76180",4.6,1411,Gun shop,risky,catch_all,mv-verified-houston-risky-2026-04-20,ChIJtTC6sx6HToYRi_tADyHf85o,1
info@lepeephouston.com,Le,Peep,Le Peep,(713) 629-7337,http://www.lepeephouston.com/,Houston,"4340 Westheimer Rd, Houston, TX 77027",4.5,1403,Breakfast restaurant,risky,catch_all,mv-verified-houston-risky-2026-04-20,ChIJgaqlwBTBQIYRHt-VX8ibOYU,1
info@darvilleco.com,The,Darville Company,The Darville Company,(432) 233-0031,https://darvilleco.com/?utm_source=google&utm_medium=organic&utm_campaign=gmb-profile-odessa,Odessa,"3706 N County Rd W, Odessa, TX 79764",4.9,1401,Plumber,risky,catch_all,mv-verified-houston-risky-2026-04-20,ChIJ9amYHa_J-4YR806pZ9UX4bU,1
info@jdsilvalaw.com,J.D.,"Silva & Associates, PLLC","J.D. Silva & Associates, PLLC",(281) 721-0788,https://jdsilvalaw.com/?utm_campaign=gmb,Pearland,"9307 W Broadway St Suite 303, Pearland, TX 77584",5,1396,Personal injury attorney,risky,catch_all,mv-verified-houston-risky-2026-04-20,ChIJ4-mA9hqTQIYRkcLPeJ3OAr8,1
jakestexasteahouse@att.net,Jakes,Texas Tea House,Jakes Texas Tea House,(254) 756-2522,http://www.jakestexasteahouse.com/,Waco,"613 Austin Ave, Waco, TX 76701",4.5,1395,American restaurant,risky,catch_all,mv-verified-houston-risky-2026-04-20,ChIJAbt1iVKCT4YRhtZDQ1rRHV4,1
thepigonvoss@yahoo.com,Roegels,Barbecue Co,Roegels Barbecue Co,(713) 977-8725,https://vossroad.roegelsbarbecue.com/,Houston,"2223 S Voss Rd, Houston, TX 77057",4.5,1387,Barbecue restaurant,risky,unknown,mv-verified-houston-risky-2026-04-20,ChIJweOXb5XDQIYRk5rU3Ry1W10,1
contact@thespicegardenonline.com,The,Spice Garden,The Spice Garden,(512) 382-0560,https://www.thespicegardenonline.com/,Round Rock,"3107 S I-35 Frontage Rd #760, Round Rock, TX 78664",4.7,1384,Pan-Asian restaurant,risky,catch_all,mv-verified-houston-risky-2026-04-20,ChIJl5R_vj3PRIYRzKhqyZt-hsg,1
info@boasteak.com,BOA,Steakhouse,BOA Steakhouse,(512) 651-0700,https://boasteak.com/,Austin,"300 W 6th St #100, Austin, TX 78701",4.8,1371,Restaurant,risky,catch_all,mv-verified-houston-risky-2026-04-20,ChIJG8VwUiO1RIYRHpMt95QAc8E,1
info@kroger.com,Kroger,,Kroger,(832) 708-2286,https://www.kroger.com/stores/grocery/tx/houston/studemont/034/00017?cid=loc_03400017_gmb,Houston,"1440 Studemont St, Houston, TX 77007",4,1363,Grocery store,risky,catch_all,mv-verified-houston-risky-2026-04-20,ChIJTQZJQKu4QIYRZfvexM2zaBI,3
info@mavis.com,Mavis,Tires & Brakes,Mavis Tires & Brakes,(903) 741-7021,https://www.mavis.com/locations/texarkana-tx?utm_source=yext&utm_medium=organic&utm_campaign=gmb&stnum=1222,Texarkana,"3520 Summerhill Rd, Texarkana, TX 75503",4.8,1359,Tire shop,risky,catch_all,mv-verified-houston-risky-2026-04-20,ChIJ6xk9EAZqNIYRDs0M6WcURbM,7
info@bearcreekskate.com,BEAR,CREEK ROLLER RINK,BEAR CREEK ROLLER RINK,(281) 463-6020,http://bearcreekskate.com/,Houston,"5210 Hwy 6 N, Houston, TX 77084",4.3,1347,Roller skating rink,risky,catch_all,mv-verified-houston-risky-2026-04-20,ChIJbx9EkqrQQIYRm91aWpNblr0,1
dev@3ve.com,Enviro-Master,of San Antonio,Enviro-Master of San Antonio,(210) 864-1301,https://enviro-master.com/commercial-cleaning-locations/san-antonio-texas/?utm_source=gbp&utm_medium=organic,San Antonio,"5405 Bandera Rd #128, San Antonio, TX 78238",5,1346,Janitorial service,risky,catch_all,mv-verified-houston-risky-2026-04-20,ChIJD1ACi7hdXIYRe3k8Sz31SQY,2
info@staff-force.com,Staff,Force Personnel Services - Houston/Northwest,Staff Force Personnel Services - Houston/Northwest,(713) 690-9696,http://www.staff-force.com/,Houston,"13240 Hempstead Rd #224, Houston, TX 77040",4.8,1346,Employment agency,risky,catch_all,mv-verified-houston-risky-2026-04-20,ChIJcRBdN5nFQIYREYRJDlk1vdA,7
bradfarr@rocketmail.com,Austin,Roofing Company & Water Damage | WDR,Austin Roofing Company & Water Damage | WDR,(512) 842-4778,https://austinroofingandwaterdamage.com/?utm_campaign=gmb,Austin,"9711 Beck Cir, Austin, TX 78758",5,1343,Roofing contractor,risky,unknown,mv-verified-houston-risky-2026-04-20,ChIJSb-Yw-7LRIYRX7254_umX3M,1
info@bludornrestaurant.com,Bludorn,,Bludorn,(713) 999-0146,http://www.bludornrestaurant.com/,Houston,"807 Taft St, Houston, TX 77019",4.6,1339,New American restaurant,risky,unknown,mv-verified-houston-risky-2026-04-20,ChIJQcMJHSO_QIYRIYWZEuijldg,1
info@elcometa.shop,El,Cometa,El Cometa,(915) 615-4896,https://elcometa.shop/,El Paso,"11680 Pebble Hills Blvd STE 202, El Paso, TX 79936",4.1,1339,Mexican restaurant,risky,unknown,mv-verified-houston-risky-2026-04-20,ChIJWd9skoNF54YRHuL1c94KUuE,1
info@treehousecafemagnolia.com,The,Treehouse Cafe,The Treehouse Cafe,(281) 259-7800,https://www.treehousecafemagnolia.com/,Magnolia,"12202 FM 1488, Magnolia, TX 77354",4.5,1336,American restaurant,risky,catch_all,mv-verified-houston-risky-2026-04-20,ChIJS7brrycmR4YRNXkx3R85Srs,1
seabrookwafflecompany@yahoo.com,Seabrook,Waffle Company,Seabrook Waffle Company,(281) 291-8186,https://www.seabrookwafflecompany.com/,Seabrook,"1402 5th St, Seabrook, TX 77586",4.6,1334,Restaurant,risky,unknown,mv-verified-houston-risky-2026-04-20,ChIJO27lvlZiP4YRk90WzOZxWEk,1
info@planetfitness.com,Planet,Fitness,Planet Fitness,(281) 394-9670,https://www.planetfitness.com/gyms/katy-tx?utm_medium=organic&utm_source=extnet,Katy,"24547 Katy Fwy, Katy, TX 77494",4.2,1331,Gym,risky,catch_all,mv-verified-houston-risky-2026-04-20,ChIJ_QbHBxTEQIYRsx9moo0gE2E,11
service@poolie.com,Poolie,,Poolie,(512) 402-7520,https://poolie.com/cities/austin/,Austin,"826 Wagon Trail, Austin, TX 78758",4.8,1328,Pool cleaning service,risky,catch_all,mv-verified-houston-risky-2026-04-20,ChIJZYZ3bwjLRIYRFcSh6e4_knE,6
info@laboulangeriesa.com,La,Boulangerie,La Boulangerie,(210) 639-3165,http://www.laboulangeriesa.com/,San Antonio,"207 Broadway, San Antonio, TX 78205",4.6,1327,Bakery,risky,catch_all,mv-verified-houston-risky-2026-04-20,ChIJHQC48FRfXIYRmkUpsRYf3jU,1
cpearce@trademarkproperty.com,Galleria,Ice Skating Center,Galleria Ice Skating Center,(972) 392-3361,http://www.galleriaiceskatingcenter.com/,Dallas,"13350 Dallas Pkwy #200, Dallas, TX 75240",4.4,1325,Ice skating rink,risky,unknown,mv-verified-houston-risky-2026-04-20,ChIJy06ZhNsgTIYRLRHBcu-dgNY,1
info@lastconcert.com,Last,Concert Cafe,Last Concert Cafe,(832) 607-4053,https://www.lastconcert.com/,Houston,"1403 Nance St, Houston, TX 77002",4.5,1323,Live music venue,risky,catch_all,mv-verified-houston-risky-2026-04-20,ChIJx_LMGSq_QIYRMdoKmNetSB0,1
info@callw3.com,W3,Electric,W3 Electric,+1 972-793-0733,https://www.callw3.com/,Rowlett,"3101 Main St, Rowlett, TX 75088, United States",5,1315,Electrician,risky,unknown,mv-verified-houston-risky-2026-04-20,ChIJvYAtu3OpToYRr1rpwTtsdOo,4
baileyortega@sbcglobal.net,Benjamin,Franklin Plumbing of North Austin,Benjamin Franklin Plumbing of North Austin,(512) 331-3885,https://www.benjaminfranklinplumbing.com/north-austin/,Cedar Park,"2000 Windy Terrace BLDG 7 STE A BLDG 7 STE A, Cedar Park, TX 78613",4.8,1308,Plumber,risky,catch_all,mv-verified-houston-risky-2026-04-20,ChIJT5PbhjLNRIYRvJmmj2XtNuk,7
info@wheatsville.com,Wheatsville,Food Co-op,Wheatsville Food Co-op,(512) 478-2667,http://wheatsville.coop/,Austin,"3101 Guadalupe St, Austin, TX 78705",4.6,1306,Grocery store,risky,catch_all,mv-verified-houston-risky-2026-04-20,ChIJFykFGIC1RIYRzaXXz6E4ZnI,2
moaksbbq@yahoo.com,Moak's,Family Texas BBQ,Moak's Family Texas BBQ,(214) 758-0255,https://moakstexasbbq.com/?utm_source=google,Dallas,"302 N Market St, Dallas, TX 75202",4.6,1302,Barbecue restaurant,risky,unknown,mv-verified-houston-risky-2026-04-20,ChIJ0YXbyq6ZToYRksv18VB6YOo,1
info@tlcaustin.com,TLC,Austin,TLC Austin,(512) 580-0971,http://www.tlcaustin.com/,Austin,"1100 S Lamar Blvd Ste. #1150, Austin, TX 78704",4.2,1301,Seafood restaurant,risky,catch_all,mv-verified-houston-risky-2026-04-20,ChIJz7WqZx-1RIYRFkPx-Nd_5Q8,1
info@mortons.com,Morton's,The Steakhouse,Morton's The Steakhouse,(713) 659-3700,https://www.mortons.com/location/mortons-the-steakhouse-houston-tx-downtown/,Houston,"1001 McKinney St Suite A4, Houston, TX 77002",4.5,1300,Steak house,risky,catch_all,mv-verified-houston-risky-2026-04-20,ChIJQSHubTu_QIYRDJgT6ET6lJk,2
info@tinychampionshouston.com,Tiny,Champions,Tiny Champions,(713) 485-5329,https://www.tinychampionshouston.com/,Houston,"2617 McKinney St, Houston, TX 77003",4.6,1299,Pizza restaurant,risky,catch_all,mv-verified-houston-risky-2026-04-20,ChIJ90gjtWK_QIYRbQ2kY04_CEw,1
info@dallascosmeticderm.com,Dallas,Center for Dermatology and Aesthetics,Dallas Center for Dermatology and Aesthetics,(214) 631-7546,https://www.dallascosmeticderm.com/?utm_source=google&utm_medium=local&utm_campaign=dallas-practice-website,Dallas,"8201 Preston Rd #350, Dallas, TX 75225",4.9,1297,Dermatologist,risky,catch_all,mv-verified-houston-risky-2026-04-20,ChIJX3b_icQ8TIYRwztcNdBAO3A,1
matt@peacefrogcarpetcleaning.com,Peace,Frog Specialty Cleaning,Peace Frog Specialty Cleaning,(512) 259-6606,https://peacefrogcarpetcleaning.com/?utm_source=google&utm_medium=local&utm_campaign=gmb,Austin,"501 N Interstate Hwy 35, Austin, TX 78702",4.9,1296,Carpet cleaning service,risky,catch_all,mv-verified-houston-risky-2026-04-20,ChIJ0UHyh6W1RIYRlJiarltvTFM,1
yesqueen@queenspa.com,Queen,Spa at S Lamar,Queen Spa at S Lamar,(512) 294-2093,http://www.queenspa.com/,Austin,"2110 S Lamar Blvd suite d, Austin, TX 78704",4.7,1294,Nail salon,risky,catch_all,mv-verified-houston-risky-2026-04-20,ChIJE4UtANm0RIYRNPwsTtFBFWk,2
fishermansmarket73@yahoo.com,Fisherman's,Market Restaurant and Oyster Bar,Fisherman's Market Restaurant and Oyster Bar,(903) 753-6722,http://fishermansmarketlongview.com/,Longview,"116 Johnston St, Longview, TX 75601",4.3,1290,Seafood restaurant,risky,unknown,mv-verified-houston-risky-2026-04-20,ChIJ_86nL5Y4NoYR47-ESR94v9g,1
info@eyecenterofhouston.com,Eye,Center of Houston,Eye Center of Houston,(713) 777-2020,https://www.eyecenterofhouston.com/?utm_source=G&utm_medium=local&utm_campaign=google-local,Houston,"10101 Bissonnet St #100, Houston, TX 77036",4.8,1285,Eye care center,risky,catch_all,mv-verified-houston-risky-2026-04-20,ChIJYTJvi6nCQIYRcZRZGYSQml0,1
info@diamondsdirect.com,Diamonds,Direct Houston,Diamonds Direct Houston,(346) 250-2054,https://diamondsdirect.com/houston-tx-galleria/,Houston,"3115A W Loop S, Houston, TX 77027",5,1284,Diamond dealer,risky,unknown,mv-verified-houston-risky-2026-04-20,ChIJWV8o2fzBQIYRYSbKKJHmuh8,1
info@parisienneusa.com,La,Parisienne French Bistro,La Parisienne French Bistro,(469) 200-5411,http://www.parisienneusa.com/?utm_source=google&utm_medium=wix_google_business_profile&utm_campaign=7186901155435272789,Frisco,"6740 Winning Dr Suite 1000, Frisco, TX 75034",4.4,1280,French restaurant,risky,catch_all,mv-verified-houston-risky-2026-04-20,ChIJBYf-Jrc9TIYRDsSM2LIWeo8,1
attorneyedward@yahoo.com,Edward,Law Group,Edward Law Group,(281) 900-7226,https://edwardlawgroup.com/,Houston,"6671 Southwest Fwy #250, Houston, TX 77074",4.8,1277,Personal injury attorney,risky,unknown,mv-verified-houston-risky-2026-04-20,ChIJHyG9HTbCQIYR9xdUWkKFMwo,1
info@mohsdermatology.com,Warthan,Dermatology Mohs Skin Cancer Surgery Center,Warthan Dermatology Mohs Skin Cancer Surgery Center,(817) 923-8220,http://www.mohsdermatology.com/,Fort Worth,"5751 Edwards Ranch Rd Suite 101, Fort Worth, TX 76109",4.8,1273,Dermatologist,risky,catch_all,mv-verified-houston-risky-2026-04-20,ChIJFROjRIJxToYRvZHm39Ax40c,1
info@romanoshouston.com,Romano's,Pizza,Romano's Pizza,(713) 526-1182,https://romanoshouston.com/?utm_source=google,Houston,"1528 W Gray St, Houston, TX 77019",4.6,1270,Pizza restaurant,risky,catch_all,mv-verified-houston-risky-2026-04-20,ChIJd68X5KPAQIYRl0x2e5vjtM4,1
info@groceryclearancecenter.com,Grocery,Clearance Center,Grocery Clearance Center,(214) 330-3663,https://groceryclearancecenter.com/,Dallas,"3107 S Cockrell Hill Rd, Dallas, TX 75236",4.4,1269,Grocery store,risky,unknown,mv-verified-houston-risky-2026-04-20,ChIJnYU4U3aQToYROl55ipgPrXM,1
events@anotherrounddallas.com,another,round,another round,(214) 233-6316,https://www.anotherrounddallas.com/,Dallas,"660 Fort Worth Ave Suite 100, Dallas, TX 75208",4.5,1262,Miniature golf course,risky,catch_all,mv-verified-houston-risky-2026-04-20,ChIJQ6XwS32ZToYRlKX-xXwpePg,1
info@meanwhilebeer.com,Meanwhile,Brewing,Meanwhile Brewing,(512) 308-3659,https://www.meanwhilebeer.com/,Austin,"3901 Promontory Point Dr, Austin, TX 78744",4.7,1259,Brewery,risky,catch_all,mv-verified-houston-risky-2026-04-20,ChIJCehR6Cy1RIYRulZwwkAeD00,1
info@texastreesurgeons.com,Texas,Tree Surgeons,Texas Tree Surgeons,(469) 387-6000,https://texastreesurgeons.com/,Garland,"196 S International Rd, Garland, TX 75042",4.9,1257,Tree service,risky,catch_all,mv-verified-houston-risky-2026-04-20,ChIJ7wHfqrCfToYRHu-rFftTiK8,1
info@highendbarbers.com,High,End Barber Shop,High End Barber Shop,(210) 465-7474,http://highendbarbers.com/,San Antonio,"20210 Stone Oak Pkwy, San Antonio, TX 78258",4.9,1246,Barber shop,risky,catch_all,mv-verified-houston-risky-2026-04-20,ChIJF4rrj2-JXIYRpH5TWVA5OXY,1
manager@thegrillsa.com,The,Grill,The Grill,(325) 944-2843,https://www.thegrillsa.com/,San Angelo,"5769 Sherwood Way, San Angelo, TX 76901",4.4,1243,American restaurant,risky,unknown,mv-verified-houston-risky-2026-04-20,ChIJW6MCuGPkV4YR7S15h-m5QaI,1
info@houstonstudentmovers.com,Student,Movers,Student Movers,(713) 728-4900,https://www.houstonstudentmovers.com/,Houston,"8630 Lipan Rd, Houston, TX 77063",4.6,1238,Mover,risky,catch_all,mv-verified-houston-risky-2026-04-20,ChIJGy8YAqPAQIYRuhHWpbwrKBM,2
sales@squarecowmoovers.com,Square,Cow Movers,Square Cow Movers,(512) 501-2430,https://squarecowmovers.com/locations/south-austin/?utm_source=local&utm_medium=organic&utm_campaign=GMB,Austin,"4005 Warehouse Row, Austin, TX 78704",4.9,1225,Mover,risky,catch_all,mv-verified-houston-risky-2026-04-20,ChIJZ9tsoqtNW4YRrMt56AIDM2w,3
the_blueclove@yahoo.com,The,Blue Clove Seafood Bar and Grill,The Blue Clove Seafood Bar and Grill,(361) 334-0202,http://www.theblueclove.com/,Corpus Christi,"5884 Everhart Rd, Corpus Christi, TX 78413",4.5,1225,Seafood restaurant,risky,unknown,mv-verified-houston-risky-2026-04-20,ChIJKR7Oyif1aIYR7Ks0IJka_f4,1
info@noriaustin.com,Nori,,Nori,(512) 520-5775,http://www.noriaustin.com/,Austin,"3208 Guadalupe St B, Austin, TX 78705",4.8,1210,Vegan restaurant,risky,catch_all,mv-verified-houston-risky-2026-04-20,ChIJfURtWxjLRIYRW7IldmIck1I,1
info@bufalinapizza.com,Bufalina,Pizza,Bufalina Pizza,(512) 394-5337,http://www.bufalinapizza.com/,Austin,"2215 E Cesar Chavez St, Austin, TX 78702",4.5,1206,Pizza restaurant,risky,catch_all,mv-verified-houston-risky-2026-04-20,ChIJ4ys7OrK1RIYRUYamRxM0adg,1
events@mesastreetgrill.com,Mesa,Street Grill,Mesa Street Grill,(915) 615-2977,http://www.mesastreetgrill.com/,El Paso,"3800 N Mesa St Suite D-1, El Paso, TX 79902",4.1,1206,Restaurant,risky,catch_all,mv-verified-houston-risky-2026-04-20,ChIJz9PiKltY54YRmPZuedbhc2E,1
fannin@aspcareshouston.com,ASP,Cares Houston,ASP Cares Houston,(832) 500-3565,http://aspcareshouston.com/,Houston,"3009 Fannin St, Houston, TX 77004",4.9,1203,Pharmacy,risky,catch_all,mv-verified-houston-risky-2026-04-20,ChIJ5R3laVPmQIYRNCzzZQ_jllo,1
info@windmill-dental.com,Windmill,Dental,Windmill Dental,(806) 224-1974,http://windmill-dental.com/,Amarillo,"10310 FM 2590, Amarillo, TX 79109",4.9,1199,Dentist,risky,catch_all,mv-verified-houston-risky-2026-04-20,ChIJw2SmDztbAYcRHMlQOEQjUjg,1
smilestudio@mydentalmail.com,Smile,Studio,Smile Studio,(903) 568-3422,http://smilestudioonline.com/?utm_source=gbp&utm_medium=organic&utm_campaign=yext_listing,Longview,"3010 H G Mosley Pkwy, Longview, TX 75605",4.9,1190,Dentist,risky,catch_all,mv-verified-houston-risky-2026-04-20,ChIJC5hEJ7g4NoYRhCsa-eDuhAc,1
info@bobs-steakandchop.com,Bob's,Steak & Chop House - Downtown Austin,Bob's Steak & Chop House - Downtown Austin,(512) 222-2627,http://www.bobs-steakandchop.com/austin/?utm_source=google-gmb-maps&utm_medium=gmb-website-button&utm_campaign=locl.io&utm_content=23831095-d4c9-4ec1-8a78-1ca5ca8dd5cb,Austin,"301 Lavaca St, Austin, TX 78701",4.5,1173,Steak house,risky,catch_all,mv-verified-houston-risky-2026-04-20,ChIJvWhqwgi1RIYRtEeUwGoh-Gk,1
info@coreprimarycare.com,Core,Primary Care,Core Primary Care,(713) 636-2621,https://www.coreprimarycare.com/?utm_source=gmb_auth,Houston,"2244 W Holcombe Blvd, Houston, TX 77030",4.7,1167,Medical clinic,risky,catch_all,mv-verified-houston-risky-2026-04-20,ChIJORViNUjBQIYRI0V7Zd4vyPk,1
info@localcoffee.com,Local,Coffee,Local Coffee,(210) 530-1004,http://www.localcoffee.com/,San Antonio,"302 Pearl Pkwy, San Antonio, TX 78215",4.5,1162,Coffee shop,risky,catch_all,mv-verified-houston-risky-2026-04-20,ChIJpXGVtvb1XIYRK9O5ZlMCi4I,1
info@bosworthco.com,The,Bosworth Company,The Bosworth Company,(432) 239-7141,https://www.bosworthco.com/?utm_source=google&utm_medium=organic&utm_campaign=gmb-profile-midland,Midland,"2205 W Industrial Ave, Midland, TX 79701",4.7,1161,Plumber,risky,catch_all,mv-verified-houston-risky-2026-04-20,ChIJq1VEG2rY-4YRx7pfonrPWzI,1
r.stockard@coppercreekrestaurant.com,Copper,Creek Restaurant,Copper Creek Restaurant,(325) 692-4424,http://www.coppercreekrestaurant.com/,Abilene,"4401 Loop 322, Abilene, TX 79602",4.4,1156,Steak house,risky,catch_all,mv-verified-houston-risky-2026-04-20,ChIJLy5JEXqSVoYRDk7dm7hKCJw,1
info@bigcityplumbingsa.com,Big,"City Plumbing, LLC","Big City Plumbing, LLC",(210) 499-1010,https://bigcityplumbingsa.com/,San Antonio,"4274 GateCrest, San Antonio, TX 78217",4.9,1153,Plumber,risky,unknown,mv-verified-houston-risky-2026-04-20,ChIJe-SlRkGLXIYR9qK9jpXUSbI,1
micah@micahrich.com,Same,Day Appliance Repair Houston,Same Day Appliance Repair Houston,(832) 859-2707,https://samedayappliancerepairhouston.com/?utm_source=GBP&utm_medium=organic&utm_campaign=GBP+HUSTON&utm_id=Huston+Ficha,Houston,"13806 FM 529, Houston, TX 77041",4.7,1150,Appliance repair service,risky,catch_all,mv-verified-houston-risky-2026-04-20,ChIJy3tSkuzQQIYRuShGtJIvfy4,45
info@riagency.us,Rodriguez,Insurance Agency LLC,Rodriguez Insurance Agency LLC,(972) 528-6695,https://www.riagency.us/,Richardson,"901 Waterfall Way #701, Richardson, TX 75080",4.7,1147,Insurance agency,risky,catch_all,mv-verified-houston-risky-2026-04-20,ChIJ90qxrDsgTIYR964JNKkUVSM,1
info@drunkshakespeare.com,Drunk,Shakespeare Houston,Drunk Shakespeare Houston,,https://drunkshakespeare.com/,Houston,"412 Travis St, Houston, TX 77002",4.9,1146,Theater production,risky,catch_all,mv-verified-houston-risky-2026-04-20,ChIJI9Rvgsu_QIYRMh_jNsEeE6U,1
info@gatlinsfinsandfeathers.com,Gatlin's,Fins & Feathers,Gatlin's Fins & Feathers,(346) 800-4668,https://gatlinsfinsandfeathers.com/,Houston,"302 W Crosstimbers St, Houston, TX 77018",4.4,1138,Southern restaurant (US),risky,catch_all,mv-verified-houston-risky-2026-04-20,ChIJ6VKKh7zHQIYRtJzL9GjNUqA,1
contact@activedentalplano.com,Active,Dental Plano,Active Dental Plano,(972) 473-8880,https://activedentalonline.com/plano-tx/,Plano,"2304 Midway Rd Ste C, Plano, TX 75093",4.9,1136,Dentist,risky,catch_all,mv-verified-houston-risky-2026-04-20,ChIJA4XL7IYkTIYR0L5wAjoZKZ8,1
brian@brokendrift.com,Mic,Drop Comedy,Mic Drop Comedy,(469) 440-9292,https://www.micdropcomedyplano.com/,Plano,"7301 Lone Star Dr Suite A-110, Plano, TX 75024",4.6,1134,Comedy club,risky,catch_all,mv-verified-houston-risky-2026-04-20,ChIJcdZC3Jk9TIYR1HhgkhQvn9s,1
info@sabaldental.com,Sabal,Dental,Sabal Dental,(361) 256-5958,https://www.sabaldental.com/,Corpus Christi,"2222 Airline Rd # A4, Corpus Christi, TX 78414",4.9,1129,Dentist,risky,catch_all,mv-verified-houston-risky-2026-04-20,ChIJex_iQPf1aIYRAZDqWQBKVJY,5
info@abetteronline.com,A,Better Bail Bond,A Better Bail Bond,(713) 224-8400,https://abetterbailbond.net/,Houston,"1416 Washington Ave, Houston, TX 77002",4.7,1126,Bail bonds service,risky,catch_all,mv-verified-houston-risky-2026-04-20,ChIJd3Nj5DW_QIYRxizKGxprMkg,1
info@fullspectrumer.com,Full,Spectrum Emergency Room and Urgent Care,Full Spectrum Emergency Room and Urgent Care,(210) 530-1040,https://www.fullspectrumer.com/,San Antonio,"18007 W Interstate 10 Frontage Rd, San Antonio, TX 78257",4.6,1126,Urgent care center,risky,catch_all,mv-verified-houston-risky-2026-04-20,ChIJCYINGiVkXIYR0Z9njv_aFu4,1
sales@2afirearmsusa.com,2A,Firearms,2A Firearms,(940) 324-4100,https://www.2afirearmsusa.com/,Lewisville,"1301 FM 407 Ste. #211, Lewisville, TX 75077",5,1125,Gun shop,risky,catch_all,mv-verified-houston-risky-2026-04-20,ChIJEfA83zUzTIYR2N_-14rR6lg,1
info@thespot-houston.com,The,Spot,The Spot,,http://www.thespot-houston.com/,Houston,"4709 Emancipation Ave, Houston, TX 77004, United States",4.4,1123,Lounge bar,risky,catch_all,mv-verified-houston-risky-2026-04-20,ChIJF_LII6C_QIYR01zHpIImcyM,1
info@musumedallas.com,Musume,Dallas,Musume Dallas,(214) 871-8883,https://www.musumedallas.com/,Dallas,"2330 Flora St #100, Dallas, TX 75201",4.5,1122,Japanese restaurant,risky,unknown,mv-verified-houston-risky-2026-04-20,ChIJk0McJySZToYRBYK-kKqQv-I,1
info@minutemanheatingandac.com,Minuteman,Heating & AC Repair,Minuteman Heating & AC Repair,(817) 646-7504,https://minutemanheatingandac.com/heating-and-air-conditioning/furnace-repair/?utm_source=google&utm_medium=organic&utm_campaign=gbp,Arlington,"7501 U.S. 287 Frontage Rd Suite B-2, Arlington, TX 76001",4.8,1121,HVAC contractor,risky,catch_all,mv-verified-houston-risky-2026-04-20,ChIJrbVese1jToYRKN5CLyEstZc,1
info@haciendarealtexmex.com,Hacienda,Real Mexican Grill & Cantina,Hacienda Real Mexican Grill & Cantina,(346) 707-8196,https://www.haciendarealtexmex.com/,Fulshear,"11605 S Fry Rd #101, Fulshear, TX 77441",4.5,1120,Mexican restaurant,risky,catch_all,mv-verified-houston-risky-2026-04-20,ChIJb_tcLlMiQYYR3O9a94agwo0,1
info@aabestbailbondssa.com,AA,Best Bail Bonds,AA Best Bail Bonds,(210) 228-9999,https://aabestbailbondssa.com/,San Antonio,"103 S Comal St, San Antonio, TX 78207",4.4,1116,Bail bonds service,risky,catch_all,mv-verified-houston-risky-2026-04-20,ChIJrXVGbTVfXIYRG419TxmkebE,1
info@beikosrestaurant.com,Beikos,Mediterranean Cuisine (Halal Turkish Restaurant),Beikos Mediterranean Cuisine (Halal Turkish Restaurant),(832) 767-5091,https://www.beikosrestaurant.com/,Houston,"6800 Southwest Fwy, Houston, TX 77074",4.9,1115,Turkish restaurant,risky,catch_all,mv-verified-houston-risky-2026-04-20,ChIJGcYY3KLDQIYR1ODdPGR_W7c,1
info@fortworthdental.com,Fort,Worth Dental,Fort Worth Dental,(817) 592-8763,https://fortworthdental.com/,Fort Worth,"4620 Citylake Blvd W, Fort Worth, TX 76132",4.9,1110,Dentist,risky,unknown,mv-verified-houston-risky-2026-04-20,ChIJv0ra4mFtToYRSiUHQ8Fyu7o,1
relax@lomontes.com,Lomontes,Italian Restaurant and Bar,Lomontes Italian Restaurant and Bar,(281) 496-0030,https://www.lomontes.com/,Houston,"14510 Grisby Rd, Houston, TX 77079",4.6,1105,Italian restaurant,risky,catch_all,mv-verified-houston-risky-2026-04-20,ChIJ3y7j7eDbQIYRR3ggJOThoAQ,1
info@premierautosofdallas.com,Premier,Autos of Dallas,Premier Autos of Dallas,(469) 290-5600,https://www.premierautosofdallas.com/?utm_source=googlebusinessprofile&utm_medium=organic&utm_campaign=gpb&utm_content=website_button,Addison,"15100 Midway Rd, Addison, TX 75001",4.8,1103,Used car dealer,risky,catch_all,mv-verified-houston-risky-2026-04-20,ChIJfVALwJYnTIYR9LQZfIA2hZk,1
info@couchpotatoes.com,Couch,Potatoes Furniture Store - Central Austin,Couch Potatoes Furniture Store - Central Austin,(512) 501-6716,https://couchpotatoes.com/pages/austin-tx-central-78752,Austin,"7521 N Lamar Blvd, Austin, TX 78752",4.7,1097,Furniture store,risky,unknown,mv-verified-houston-risky-2026-04-20,ChIJrWkvZTTKRIYRpBGCUJ7hStI,1
info@acprostx.com,AC,Pros,AC Pros,(972) 736-8864,https://www.acprostx.com/,Richardson,"577 Sterling Dr, Richardson, TX 75081",4.8,1092,HVAC contractor,risky,catch_all,mv-verified-houston-risky-2026-04-20,ChIJRRm4CCQfTIYRf3mmCWVv6oo,1
contact@urbanbetty.com,Urban,Betty Salon 38th,Urban Betty Salon 38th,(512) 371-7663,http://www.urbanbetty.com/,Austin,"1206 W 38th St Suite 1107, Austin, TX 78705",4.6,1088,Hair salon,risky,catch_all,mv-verified-houston-risky-2026-04-20,ChIJFXbI7obKRIYRKxEXO_zaYyY,2
info@oasiswaco.com,Oasis,Heating & Cooling,Oasis Heating & Cooling,(254) 662-9520,http://www.oasiswaco.com/,Robinson,"105 E Tate Ave, Robinson, TX 76706",4.9,1083,Air conditioning contractor,risky,catch_all,mv-verified-houston-risky-2026-04-20,ChIJoaIbK0iAT4YRypAN2RevH9w,1
info@bellarinova.com,Bella,Rinova Salon,Bella Rinova Salon,(713) 572-0022,https://bellarinova.com/?utm_source=google&utm_medium=organic&utm_campaign=gbp,Houston,"4444 Westheimer Rd Suite H200, Houston, TX 77027",4.9,1081,Hair salon,risky,unknown,mv-verified-houston-risky-2026-04-20,ChIJM6ExB0jBQIYRVTewTeoDe64,1
hello@leaguecitykids.com,League,City Pediatric Dentistry,League City Pediatric Dentistry,(281) 947-6111,http://www.leaguecitykids.com/,League City,"1911 W League City Pkwy #130, League City, TX 77573",4.9,1081,Pediatric dentist,risky,catch_all,mv-verified-houston-risky-2026-04-20,ChIJMReYcG6DQIYRLbcKYSdPFmg,1
info@teamenoch.com,Team,"Enoch: Electric, Plumbing, Air, Roofing","Team Enoch: Electric, Plumbing, Air, Roofing",(817) 769-3712,https://teamenoch.com/hvac-fort-worth-tx/?utm_source=arlingtongmb&utm_medium=Organic,Fort Worth,"8940 Creek Run Rd, Fort Worth, TX 76120",4.9,1078,HVAC contractor,risky,catch_all,mv-verified-houston-risky-2026-04-20,ChIJY7N7ZmQhTIYRUXyABH_yBA8,2
info@pcsupporthouston.com,AJ,Computer Repair,AJ Computer Repair,(281) 597-9999,http://www.pcsupporthouston.com/,Houston,"13948 Westheimer Rd, Houston, TX 77077",4.9,1077,Computer repair service,risky,catch_all,mv-verified-houston-risky-2026-04-20,ChIJK6pLRlzcQIYR4EmzklyI3Ck,1
info@accidentandinjury.com,Accident,& Injury Chiropractic Fort Worth,Accident & Injury Chiropractic Fort Worth,(817) 335-4878,https://www.accidentandinjury.com/clinic-locations/fort-worth/,Fort Worth,"2722 E Berry St, Fort Worth, TX 76105",4.9,1060,Chiropractor,risky,catch_all,mv-verified-houston-risky-2026-04-20,ChIJ5eVhdHTK5BQRePOh0a_X5Xo,1
service@stridepest.com,Austin,Pest Control,Austin Pest Control,(512) 777-1339,https://www.stridepestcontrol.com/austin-pest-control,Austin,"15305 Ginger St, Austin, TX 78728",4.9,1059,Pest control service,risky,catch_all,mv-verified-houston-risky-2026-04-20,ChIJO97gMALPRIYRYRofBEtMbnI,2
info@midas.com,Midas,,Midas,(254) 265-9249,https://www.midas.com/store/tx/waco/4428-west-waco-drive-76710?shopnum=5539&utm_source=google&utm_medium=maps&utm_campaign=google+maps&y_source=1_MTE1ODY3MTItNzE1LWxvY2F0aW9uLndlYnNpdGU%3D,Waco,"4428 W Waco Dr, Waco, TX 76710",4.7,1055,Auto repair shop,risky,catch_all,mv-verified-houston-risky-2026-04-20,ChIJD1yk6fuDT4YRGgNWCA43nmc,8
oc850@oilchangers.com,Oil,Changers + Repair,Oil Changers + Repair,(512) 252-6392,https://oilchangers.com/locations/tx/pflugerville-pecan-st/,Pflugerville,"1705 W Pecan St, Pflugerville, TX 78660",4.4,1055,Auto repair shop,risky,catch_all,mv-verified-houston-risky-2026-04-20,ChIJi5fsvabPRIYRWmVfy-TyqT8,1
info@saltydonut.com,The,Salty Donut,The Salty Donut,(972) 707-9889,https://www.saltydonut.com/,Dallas,"414 W Davis St, Dallas, TX 75208",4.5,1055,Donut shop,risky,catch_all,mv-verified-houston-risky-2026-04-20,ChIJsZ7nNCKZToYRzumbltyVcLs,2
info@slicelife.com,Pizzeria,Vesuvio,Pizzeria Vesuvio,(210) 245-7478,https://slicelife.com/restaurants/tx/san-antonio/78210/pizzeria-vesuvio/menu,San Antonio,"1110 S Alamo St, San Antonio, TX 78210",4.7,1054,Pizza restaurant,risky,catch_all,mv-verified-houston-risky-2026-04-20,ChIJk4R4fRVZXIYRMepDbMlo4sg,2
maiduythuan@yahoo.com,Secret,Escape Nail Lounge,Secret Escape Nail Lounge,(832) 925-7571,http://secretescapenailloungehouston.com/,Houston,"2272 W Holcombe Blvd, Houston, TX 77030",4.2,1054,Nail salon,risky,unknown,mv-verified-houston-risky-2026-04-20,ChIJtw0Cy2vAQIYRXm7YWnYrcyg,1
sanantonio@kirbyssteakhouse.com,Kirby's,Steakhouse,Kirby's Steakhouse,(210) 404-2221,https://kirbyssteakhouse.com/san-antonio/,San Antonio,"123 N Loop 1604 E, San Antonio, TX 78232",4.6,1044,Steak house,risky,unknown,mv-verified-houston-risky-2026-04-20,ChIJR9qm5gFiXIYRWRbwtBiPjQw,1
info@yoursmartphonesolutions.com,Smartphone,Solutions - Phone Repair El Paso,Smartphone Solutions - Phone Repair El Paso,(915) 219-8440,https://yoursmartphonesolutions.com/,El Paso,"512 S El Paso St Space C, El Paso, TX 79901",4.9,1044,Mobile phone repair shop,risky,catch_all,mv-verified-houston-risky-2026-04-20,ChIJLy_sz5JZ54YRMGt5HU0ZPsE,1
ninfo@layeredtx.com,LAYERED,,LAYERED,(972) 542-6317,http://www.layeredtx.com/,McKinney,"111 E Virginia St, McKinney, TX 75069",4.4,1042,Restaurant,risky,catch_all,mv-verified-houston-risky-2026-04-20,ChIJ020YgkkSTIYRcqBp2_3241M,1
info@vellaclean.com,Vella,,Vella,(214) 334-7082,https://vellaclean.com/,Dallas,"3130 Harvard Ave, Dallas, TX 75205",4.9,1039,House cleaning service,risky,catch_all,mv-verified-houston-risky-2026-04-20,ChIJAQCwp8SeToYRL9c3M2UkUK0,3
info@bigotires.com,Big,O Tires,Big O Tires,(210) 899-4584,https://www.bigotires.com/location/tx/san-antonio/5745-nw-loop-410-78238/043125?utm_source=google&utm_medium=maps&utm_campaign=google+maps&y_source=1_ODcwMzYxNi03MTUtbG9jYXRpb24ud2Vic2l0ZQ%3D%3D,San Antonio,"5745 Northwest Loop 410, San Antonio, TX 78238",4.4,1037,Auto repair shop,risky,catch_all,mv-verified-houston-risky-2026-04-20,ChIJpWTOorxdXIYR0bZkPHRCj30,2
info@venturasbridalfashions.com,Ventura's,Bridal Fashions,Ventura's Bridal Fashions,(713) 880-2364,http://www.venturasbridalfashions.com/,Houston,"102 N Loop W, Houston, TX 77008",4.4,1037,Bridal shop,risky,catch_all,mv-verified-houston-risky-2026-04-20,ChIJO6GLUnnHQIYRW1yiLoJIDu0,1
info@oninstaffing.com,Onin,Staffing,Onin Staffing,(817) 764-3300,https://www.oninstaffing.com/,Fort Worth,"2400 Westport Pkwy #800, Fort Worth, TX 76177",4.9,1034,Employment agency,risky,catch_all,mv-verified-houston-risky-2026-04-20,ChIJ4cKncM7bTYYRP5dh2mtPeKo,6
service@plumbsmart-tx.com,PlumbSmart,,PlumbSmart,(210) 810-0810,https://plumbsmart-tx.com/,San Antonio,"1233 Safari, San Antonio, TX 78216",4.9,1029,Plumber,risky,catch_all,mv-verified-houston-risky-2026-04-20,ChIJh0q-x4FnXIYRroN_gE1GGFQ,1
mail@mattiesaustin.com,Mattie's,,Mattie's,(512) 444-1888,http://mattiesaustin.com/,Austin,"811 W Live Oak St, Austin, TX 78704",4.6,1027,Southern restaurant (US),risky,catch_all,mv-verified-houston-risky-2026-04-20,ChIJc1wxQee0RIYRVLMGxGmNLi0,1
floralconcepts01@yahoo.com,Floral,Concepts - Houston,Floral Concepts - Houston,(281) 599-3399,https://floralconceptshouston.com/,Houston,"5606 Parkersburg Dr, Houston, TX 77036",4.9,1025,Florist,risky,unknown,mv-verified-houston-risky-2026-04-20,ChIJO4KEG9vcQIYR8CFGTxn9lZE,1
ashley@bigairusa.com,Big,Air Trampoline & Adventure Park,Big Air Trampoline & Adventure Park,(713) 581-1106,https://www.bigairusa.com/northhouston/,Houston,"3040 Farm to Market 1960 Rd E Suite 300, Houston, TX 77073",4.8,1022,Amusement center,risky,catch_all,mv-verified-houston-risky-2026-04-20,ChIJ2f8JamW1QIYRMopGE5ctjAo,1
babybackshak@yahoo.com,Baby,Back Shak,Baby Back Shak,(214) 428-7427,https://www.babybackshak.com/,Dallas,"1800 S Akard St, Dallas, TX 75215",4.4,1021,Barbecue restaurant,risky,unknown,mv-verified-houston-risky-2026-04-20,ChIJy4nGrf2YToYR8qIE3BtfVjU,1
zydecos@yahoo.com,Zydeco,Louisiana Diner,Zydeco Louisiana Diner,(713) 759-2001,http://zydecolouisianadiner.com/,Houston,"1119 Pease St, Houston, TX 77002",4.6,1021,Cajun restaurant,risky,unknown,mv-verified-houston-risky-2026-04-20,ChIJeVsY5z2_QIYRzS-BFGYtd4I,1
info@doctorsmilee.com,Dr,"Smilee Dental of Waco Family, Dental Implant, Emergency Dentistry","Dr Smilee Dental of Waco Family, Dental Implant, Emergency Dentistry",(254) 732-2606,https://www.doctorsmilee.com/,Waco,"1230 N Valley Mills Dr #100, Waco, TX 76710",4.8,1008,Dentist,risky,catch_all,mv-verified-houston-risky-2026-04-20,ChIJZxOgM9mFT4YRs4YgWKcCdY4,1
info@bullcreekrosenberg.com,Bull,Creek Cafe & Mesquite Grill,Bull Creek Cafe & Mesquite Grill,+1 281-341-8170,https://www.bullcreekrosenberg.com/,Rosenberg,"918 San Jacinto St, Rosenberg, TX 77471, United States",4.4,1007,American restaurant,risky,catch_all,mv-verified-houston-risky-2026-04-20,ChIJfYEBARocQYYRKE_NvOD2RRI,1
info@rfsadermatology.com,RFSA,Dermatology Olmos,RFSA Dermatology Olmos,(210) 901-9353,https://rfsadermatology.com/locations/olmos-park/,San Antonio,"4118 McCullough Ave, San Antonio, TX 78212",4.9,1004,Dermatologist,risky,catch_all,mv-verified-houston-risky-2026-04-20,ChIJoyB4q1RfXIYRRETMsLWH5mQ,2
info@scottscarpetcare.com,Scott's,Carpet Care,Scott's Carpet Care,(346) 781-5279,http://www.scottscarpetcare.com/,Humble,"7937 Farmingham Rd suite i, Humble, TX 77346",5,996,Carpet cleaning service,risky,catch_all,mv-verified-houston-risky-2026-04-20,ChIJq54f9tmtQIYRcBpwj-bJm8g,1
info@happyk9.com,Happy,K9,Happy K9,(817) 717-3517,https://happyk9.com/,Fort Worth,"6501 Camp Bowie Blvd Suite B, Fort Worth, TX 76116",4.7,994,Pet groomer,risky,catch_all,mv-verified-houston-risky-2026-04-20,ChIJ26Zp99dyToYR8Qmm-TD66q0,2
gvcinc@att.net,Garza,Veterinary Clinic,Garza Veterinary Clinic,(281) 445-3647,http://www.garzavetclinic.net/,Houston,"7702 N Shepherd Dr, Houston, TX 77088",4.4,992,Veterinarian,risky,catch_all,mv-verified-houston-risky-2026-04-20,ChIJ02Txqw3IQIYRup7ZgRkt4hA,1
info@houseloan.com,Cornerstone,Home Lending,Cornerstone Home Lending,(210) 340-4994,https://www.houseloan.com/texas,San Antonio,"3239 N Loop 1604 W Suite 300, San Antonio, TX 78257",4.8,991,Mortgage broker,risky,catch_all,mv-verified-houston-risky-2026-04-20,ChIJXyRnnF5hXIYRJBDo0oGoLTU,3
info@raizesmexicankitchen.com,Raizes,,Raizes,(281) 969-5211,https://raizesmexicankitchen.com/,Stafford,"345 Dulles Ave, Stafford, TX 77477",4.7,990,Mexican restaurant,risky,catch_all,mv-verified-houston-risky-2026-04-20,ChIJPRUZfDXmQIYRwpUV1zGG7TA,1
events@bluestarbrewing.com,Blue,Star Brewing Company,Blue Star Brewing Company,(210) 212-5506,http://bluestarbrewing.com/,San Antonio,"1414 S Alamo St #105, San Antonio, TX 78210",4,989,Brewery,risky,catch_all,mv-verified-houston-risky-2026-04-20,ChIJ7Q2ZLrtYXIYR0Ncz_XBi3m4,1
info@jordynssoulcafetx.com,Jordyn's,Soul Cafe,Jordyn's Soul Cafe,(713) 485-6429,https://jordynssoulcafetx.com/,Houston,"4319 Montrose Blvd, Houston, TX 77006",4,985,Soul food restaurant,risky,unknown,mv-verified-houston-risky-2026-04-20,ChIJg9UxZAC_QIYR0EloPJ_jL8Q,1
rushtshirtprinting@yahoo.com,Rush,"T Shirt Printing Houston Screen Printing , Embroidery , Banner , DTF & More","Rush T Shirt Printing Houston Screen Printing , Embroidery , Banner , DTF & More",(713) 363-4190,http://www.rushcustomtshirts.com/,Houston,"9777 Harwin Dr. Suite 501, Houston, TX 77036",4.9,978,Screen printer,risky,unknown,mv-verified-houston-risky-2026-04-20,ChIJlUxOL-PCQIYRIeEPUj6ebiQ,1
support@hazelskysmokeshop.com,Hazel,Sky Smoke & Vape #2 San Pedro,Hazel Sky Smoke & Vape #2 San Pedro,(210) 267-2920,http://hazelskyonline.com/,San Antonio,"7336 San Pedro Ave, San Antonio, TX 78216",4.8,977,Smoke shop,risky,catch_all,mv-verified-houston-risky-2026-04-20,ChIJd6IGEORfXIYRGM4zCsy8FEg,2
info@alamokeyandlock.com,Alamo,key & lock,Alamo key & lock,(713) 688-3887,https://www.alamokeyandlock.com/,Houston,"5415 Pinemont Dr, Houston, TX 77092",4.7,970,Locksmith,risky,catch_all,mv-verified-houston-risky-2026-04-20,ChIJoVeKAA3GQIYRt3CyIKZ0Z8I,1
info@donartemio.us,Don,Artemio Restaurant,Don Artemio Restaurant,(817) 470-1439,http://www.donartemio.us/,Fort Worth,"3268 W 7th St, Fort Worth, TX 76107",4.7,970,Mexican restaurant,risky,catch_all,mv-verified-houston-risky-2026-04-20,ChIJNQ8ebcBzToYRTHnBeeLXtIo,1
admin@eltaquerocomer.com,El,Taquero Comer,El Taquero Comer,+1 915-261-7382,https://eltaquerocomer.com/,El Paso,"3260 N Zaragoza Rd, El Paso, TX 79938, United States",4.7,968,Mexican restaurant,risky,unknown,mv-verified-houston-risky-2026-04-20,ChIJrXsPJTdF54YRhRvxPMUExaI,1
info@loaconstruction.com,LOA,Construction and Austin Roofing,LOA Construction and Austin Roofing,(512) 375-3654,https://www.loaconstruction.com/austin/?utm_campaign=gmb&utm_medium=organic&utm_source=gmblisting,Austin,"706 W Ben White Blvd Suite 200B, Austin, TX 78704",5,965,Roofing contractor,risky,catch_all,mv-verified-houston-risky-2026-04-20,ChIJLyhlv4e0RIYRRiO5321N6fg,1
info@hardwoodbargains.com,Hardwood,Bargains,Hardwood Bargains,(877) 853-5667,https://www.hardwoodbargains.com/,Austin,"800 Interchange Blvd STE 101 STE 101, Austin, TX 78721",5,962,Flooring store,risky,catch_all,mv-verified-houston-risky-2026-04-20,ChIJHbcm1bq2RIYRxw4qxSF0yB8,2
info@giannaitaliankitchen.com,Gianna,Italian Kitchen,Gianna Italian Kitchen,(281) 290-6676,http://giannaitaliankitchen.com/,Tomball,"28301 TX-249, Tomball, TX 77375",4.4,955,Italian restaurant,risky,catch_all,mv-verified-houston-risky-2026-04-20,ChIJdyvTfWIsR4YRspWC0VwooRA,1
info@retrospectcoffeebar.com,Retrospect,Coffee Bar,Retrospect Coffee Bar,(713) 993-6600,http://retrospectcoffeebar.com/,Houston,"3709 La Branch St, Houston, TX 77004",4.6,953,Coffee shop,risky,unknown,mv-verified-houston-risky-2026-04-20,ChIJbz_kVXK_QIYR4Y3yWVxDNoo,1
info@mchllp.com,Medical,"Clinic of Houston, LLP","Medical Clinic of Houston, LLP",(713) 526-5511,https://www.mchllp.com/?utm_source=gbp&utm_medium=organic&utm_campaign=gbp-listing,Houston,"aka ""The Sunset Clinic, 1701 Sunset Blvd, Houston, TX 77005",4.7,952,Medical clinic,risky,catch_all,mv-verified-houston-risky-2026-04-20,ChIJbdQVTXzAQIYRnviunV2oARc,2
info@leaguecityspineandsports.com,League,City Spine and Sports Medicine,League City Spine and Sports Medicine,(281) 332-3428,https://leaguecityspineandsports.com/,League City,"1216 E Main St Ste A, League City, TX 77573",4.9,948,Chiropractor,risky,catch_all,mv-verified-houston-risky-2026-04-20,ChIJ3V_p1TadQIYR5ziMmQn807s,1
info@dnaplumbingservices.com,DNA,Plumbing Heating and Air,DNA Plumbing Heating and Air,(214) 817-3755,https://www.dnaplumbingservices.com/?utm_source=googlebusinessprofile&utm_medium=organic&utm_campaign=planogbp,Plano,"542 Haggard St #512, Plano, TX 75074",4.8,943,Plumber,risky,catch_all,mv-verified-houston-risky-2026-04-20,ChIJ4X-RFeATTIYRh4EWAJUtJ5E,2
southshoregrille@comcast.net,South,Shore Grille,South Shore Grille,(281) 334-7700,http://www.soshoregrille.com/,League City,"2800 Marina Bay Dr Suite F, League City, TX 77573",4.3,936,American restaurant,risky,unknown,mv-verified-houston-risky-2026-04-20,ChIJQ5FAgmSdQIYRF3XPO5QSmiU,1
info@brandanis.com,Brandani's,Restaurant & Wine Bar,Brandani's Restaurant & Wine Bar,(832) 987-1313,http://www.brandanis.com/index.html,Missouri City,"3340 FM 1092 Rd #160, Missouri City, TX 77459",4.8,932,New American restaurant,risky,catch_all,mv-verified-houston-risky-2026-04-20,ChIJtXXE_PjlQIYRByw6LDhlrKE,1
info@lakehighlandsdental.com,Lake,Highlands Dental,Lake Highlands Dental,(214) 613-1279,https://www.lakehighlandsdental.com/,Dallas,"8610 Greenville Ave #150, Dallas, TX 75243",5,932,Dentist,risky,catch_all,mv-verified-houston-risky-2026-04-20,ChIJ1SrHVt0fTIYR-o2AaWDYr8c,1
dallas@towjam.com,Tow,Jam,Tow Jam,(214) 321-3004,https://www.towjam.com/?utm_source=omg-gbp&utm_medium=webclick,Dallas,"13550 Floyd Cir, Dallas, TX 75243",4.4,928,Towing service,risky,catch_all,mv-verified-houston-risky-2026-04-20,ChIJOT4g34UfTIYRBYrIPAiGo9M,1
a1tire@ymail.com,A1,Tire & Wheels,A1 Tire & Wheels,(281) 564-2000,http://mya1tire.com/,Houston,"12170 Bissonnet St, Houston, TX 77099",4.5,925,Tire shop,risky,unknown,mv-verified-houston-risky-2026-04-20,ChIJjy2FsnzdQIYRFazcLEQ8ReA,1
info@miamigomotors.com,Mi,Amigo Motors - Used Car Dealers in Houston Tx,Mi Amigo Motors - Used Car Dealers in Houston Tx,(832) 500-3138,https://miamigomotors.com/?utm_source=gmb&utm_medium=organic&utm_campaign=website,Houston,"9729 Long Point Rd, Houston, TX 77055",4.8,924,Used car dealer,risky,unknown,mv-verified-houston-risky-2026-04-20,ChIJo4VQgOzFQIYRRAuQpD_Yzkw,1
info@austinhabitat.org,Austin,Habitat for Humanity ReStore,Austin Habitat for Humanity ReStore,(512) 478-2165,https://www.austinhabitat.org/restore,Austin,"500 W Ben White Blvd, Austin, TX 78704",4.1,923,Thrift store,risky,catch_all,mv-verified-houston-risky-2026-04-20,ChIJ6y0Qh5-2RIYRodECdBU7gXA,1
sean@applemovinghouston.com,Apple,Moving Houston,Apple Moving Houston,(281) 446-0022,https://www.applemovinghouston.com/,Humble,"2235 Atascocita Road, Humble, TX 77396",4.7,921,Mover,risky,catch_all,mv-verified-houston-risky-2026-04-20,ChIJ1Yn3YwSyQIYRH8A9m5TkqCM,1
adt@extendedstay.com,Extended,Stay America Suites- Austin - Downtown - Town Lake,Extended Stay America Suites- Austin - Downtown - Town Lake,(512) 476-1818,https://www.extendedstayamerica.com/hotels/tx/austin/downtown?channel=gmb-listing&utm_source=google&utm_medium=organic&utm_campaign=gmb_listing,Austin,"507 S 1st St, Austin, TX 78704",3.4,921,Extended stay hotel,risky,catch_all,mv-verified-houston-risky-2026-04-20,ChIJsbGMgQS1RIYRcoQjUEiNL_c,2
info@izkinadfw.com,Izkina,Restaurant & Lounge,Izkina Restaurant & Lounge,(972) 677-7716,https://www.izkinadfw.com/,Dallas,"1701 Botham Jean Blvd, Dallas, TX 75215",3.5,919,Lounge bar,risky,unknown,mv-verified-houston-risky-2026-04-20,ChIJ3UsB_fGZToYR4uqkj478fec,1
info@elquintosolusa.com,El,Quinto Sol,El Quinto Sol,(956) 795-1452,http://www.elquintosolusa.com/,Laredo,"2330 Jacaman Rd #6201, Laredo, TX 78041",4.6,917,Vegetarian restaurant,risky,catch_all,mv-verified-houston-risky-2026-04-20,ChIJxbhH9CwnYYYR5varJOcctQw,1
cdkilleen@mydentalmail.com,Carus,Dental Killeen,Carus Dental Killeen,(254) 330-2209,http://caruskilleen.com/?utm_source=gbp&utm_medium=organic&utm_campaign=yext_listing,Killeen,"3106 S W S Young Dr Ste C304, Killeen, TX 76542",4.8,914,Dentist,risky,catch_all,mv-verified-houston-risky-2026-04-20,ChIJe_aUDbZLRYYRSaCAyQwpqfA,1
feedback@eatzis.com,Eatzi's,Market & Bakery,Eatzi's Market & Bakery,(817) 945-9095,http://eatzis.com/,Fort Worth,"1540 S University Dr #100, Fort Worth, TX 76107",4.6,914,Bakery,risky,unknown,mv-verified-houston-risky-2026-04-20,ChIJRzgUn9JzToYRWyOsSuyJwcc,1
vnnguyenle@yahoo.com,Vietnam,Restaurant,Vietnam Restaurant,(469) 715-1942,https://vietnamrestaurantdallas.com/,Dallas,"4302 Bryan St, Dallas, TX 75204",4.4,913,Vietnamese restaurant,risky,unknown,mv-verified-houston-risky-2026-04-20,ChIJ7-_pYc6YToYRrQhPXDQROI8,1
info@mistersparky-dfw.com,Mister,Sparky Electrician DFW,Mister Sparky Electrician DFW,(214) 613-0481,https://www.mistersparky-dfw.com/?utm_source=localfx&utm_medium=organic&utm_campaign=localfx,Irving,"4827 W Royal Ln Suite B, Irving, TX 75063",4.9,912,Electrician,risky,unknown,mv-verified-houston-risky-2026-04-20,ChIJr8h-7jOnToYRqmJyhi84Yn4,3
info@trutecelectric.com,TruTec,Electric,TruTec Electric,(512) 641-5311,https://www.trutecelectric.com/,Austin,"2505 E 6th St unit g, Austin, TX 78702",4.9,912,Electrician,risky,catch_all,mv-verified-houston-risky-2026-04-20,ChIJD0dEBubORIYR2JhgyxVMkQA,1
info@autoselectiondealer.com,Auto,Selection Inc.,Auto Selection Inc.,(832) 997-8712,https://www.autoselectiondealer.com/,Houston,"3818 Jeanetta St, Houston, TX 77063",4.7,911,Car dealer,risky,catch_all,mv-verified-houston-risky-2026-04-20,ChIJbzoaDFvpQIYRYIHRf_A7jH4,1
info@eadofamilydental.com,EaDo,Family Dental,EaDo Family Dental,(346) 449-4647,https://www.eadofamilydental.com/?utm_source=google&utm_medium=organic&utm_campaign=gbp-listing,Houston,"2240 Navigation Blvd #300, Houston, TX 77003",5,910,Dentist,risky,catch_all,mv-verified-houston-risky-2026-04-20,ChIJie9EaNm-QIYRJ21jX9tiS1o,1
info@eljacalitorestaurant.com,El,Jacalito Restaurant,El Jacalito Restaurant,+1 915-532-4643,http://www.eljacalitorestaurant.com/,El Paso,"2130 Myrtle Ave, El Paso, TX 79901, United States",4.5,904,Mexican restaurant,risky,catch_all,mv-verified-houston-risky-2026-04-20,ChIJywRdOaBZ54YRyknSQQMIWJE,1
info@eatwellatx.com,The,Well,The Well,(737) 742-1129,https://www.eatwellatx.com/,Austin,"440 W 2nd St, Austin, TX 78701",4.5,903,Health food restaurant,risky,catch_all,mv-verified-houston-risky-2026-04-20,ChIJ14ud0cO1RIYRY88BIQ_C-OY,1
info@fullthrottlehouston.com,Aprilia,- Moto Guzzi - Full Throttle,Aprilia - Moto Guzzi - Full Throttle,(877) 551-9538,https://fullthrottlehouston.com/,Houston,"7090 Southwest Fwy, Houston, TX 77074",3.9,901,Motorcycle dealer,risky,catch_all,mv-verified-houston-risky-2026-04-20,ChIJdTxgWNTDQIYR9HQXR9gVwCo,1
theaztectheatre@livenation.com,Aztec,Theatre,Aztec Theatre,(210) 812-4355,https://www.theaztectheatre.com/?utm_source=GMBlisting&utm_medium=organic,San Antonio,"104 N St Mary's St, San Antonio, TX 78205",4.5,900,Live music venue,risky,catch_all,mv-verified-houston-risky-2026-04-20,ChIJXYrXrP1ZXIYRd64BYc-j-Ww,1
support@911-locksmith.com,911,Locksmith & Security,911 Locksmith & Security,(214) 556-6714,https://www.911-locksmith.com/?utm_campaign=gmb&utm_medium=gbp&utm_source=google,Dallas,"4144 N Central Expy Suite 455, Dallas, TX 75204",4.9,895,Locksmith,risky,unknown,mv-verified-houston-risky-2026-04-20,ChIJV9XaO9SeToYRVX7GkUqrHf4,1
info@newteethtexas.com,New,Teeth Dental Solutions - League City,New Teeth Dental Solutions - League City,(281) 554-9090,https://newteethtexas.com/,League City,"2750 W Main St D, League City, TX 77573",4.9,890,Dentist,risky,catch_all,mv-verified-houston-risky-2026-04-20,ChIJT89TDUyDQIYRn4IViRIFORQ,1
info@westclifffamilydentistry.com,Westcliff,Family Dentistry,Westcliff Family Dentistry,(817) 759-9805,https://westclifffamilydentistry.com/,Fort Worth,"4612 Granbury Rd Suite 120, Fort Worth, TX 76133",4.9,889,Dentist,risky,catch_all,mv-verified-houston-risky-2026-04-20,ChIJl66XsIptToYR41UL-wGWu_E,1
info@puppylandtexas.com,Puppyland,San Antonio,Puppyland San Antonio,(210) 686-0062,http://www.puppylandtexas.com/,San Antonio,"6430 Bandera Rd Suite 146, San Antonio, TX 78238",4.4,887,Pet store,risky,unknown,mv-verified-houston-risky-2026-04-20,ChIJUy4EpTxhXIYRdFO0OD1dDhw,1
info@springdds.com,Spring,Complete Care Dentistry,Spring Complete Care Dentistry,(281) 907-0909,https://www.springdds.com/,Humble,"21646 Aldine Westfield Rd, Humble, TX 77338",4.9,883,Dentist,risky,catch_all,mv-verified-houston-risky-2026-04-20,ChIJyWlk5FG1QIYRKDGhPgG_X0A,1
info@merlionrestaurant.com,Merlion,,Merlion,(281) 385-9975,http://www.merlionrestaurant.com/,Seabrook,"1205 Main St, Seabrook, TX 77586",4.5,875,Thai restaurant,risky,catch_all,mv-verified-houston-risky-2026-04-20,ChIJF89AilRiP4YRjFSKt_IiTsI,1
info@nbmotors.org,New,Beginning Motors,New Beginning Motors,(817) 717-3725,http://nbmotors.org/,Fort Worth,"4012 South Fwy, Fort Worth, TX 76110",4.7,875,Car dealer,risky,catch_all,mv-verified-houston-risky-2026-04-20,ChIJi8NHPTd3ToYR55IOx_Md-DQ,1
info@metroanimals.com,Metro,Animals Pet Wash,Metro Animals Pet Wash,(817) 759-9996,http://metroanimals.com/,Fort Worth,"7100 Camp Bowie W Blvd, Fort Worth, TX 76116",4.7,872,Pet groomer,risky,catch_all,mv-verified-houston-risky-2026-04-20,ChIJi1rrEysNToYRMAh65PHEq-s,1
ghassanfarrah@yahoo.com,Tiba,Grill,Tiba Grill,(903) 561-8335,https://tibagrill.com/,Tyler,"211 Shelley Dr, Tyler, TX 75701",4.7,872,Mediterranean restaurant,risky,unknown,mv-verified-houston-risky-2026-04-20,ChIJF6jdnhzNSYYRt3wcIrmGK28,1
customerservice@dsw.com,DSW,Designer Shoe Warehouse,DSW Designer Shoe Warehouse,+1 713-871-0004,https://stores.dsw.com/usa/tx/houston/dsw-designer-shoe-warehouse-post-oak.html?y_source=1_MTY1MTUyMC03MTUtbG9jYXRpb24ud2Vic2l0ZQ%3D%3D,Houston,"2477 Post Oak Blvd, Houston, TX 77056, United States",4.3,870,Shoe store,risky,catch_all,mv-verified-houston-risky-2026-04-20,ChIJ15dulkbBQIYRvax9o1eaonA,4
social@thepeasantvillage.com,Peasant,Village Restaurant,Peasant Village Restaurant,(325) 655-4811,https://www.thepeasantvillage.com/,San Angelo,"23 S Park St, San Angelo, TX 76901",4.7,870,Restaurant,risky,catch_all,mv-verified-houston-risky-2026-04-20,ChIJj2lHJO7lV4YRri1r3RtIAjk,1
manager@austinadvanceddentistry.com,Austin,Advanced Dentistry,Austin Advanced Dentistry,(512) 331-6677,http://austinadvanceddentistry.com/,Austin,"10125 Lake Creek Pkwy, Austin, TX 78729",4.8,868,Dentist,risky,catch_all,mv-verified-houston-risky-2026-04-20,ChIJO3ogv7MyW4YRAX_03FDlD3w,1
info@texasdefenders.com,Texas,Defenders,Texas Defenders,(214) 306-9696,http://www.texasdefenders.com/,Dallas,"3302 Swiss Cir, Dallas, TX 75204",5,868,Criminal justice attorney,risky,catch_all,mv-verified-houston-risky-2026-04-20,ChIJgXHMdJ2ZToYRsjz8BB-Gg6M,1
press@sensas-experience.com,SENSAS,"Dallas, Texas","SENSAS Dallas, Texas",,https://sensas-experience.com/dallas/?utm_source=google&utm_medium=localcards&utm_campaign=275219_dfw,Dallas,"921 N Riverfront Blvd suite 10, Dallas, TX 75207",5,862,Escape room center,risky,catch_all,mv-verified-houston-risky-2026-04-20,ChIJj05JoCKZToYRjnLf2vOEDKE,1
office@smccep.org,St.,Mark Catholic Church,St. Mark Catholic Church,(915) 300-2800,https://www.smccep.org/,El Paso,"11700 Pebble Hills Blvd, El Paso, TX 79936",4.7,858,Catholic church,risky,catch_all,mv-verified-houston-risky-2026-04-20,ChIJVXDlMENE54YRM95wrVU9ayM,1
info@cowboyplumbingtx.com,Cowboy,Plumbing Services,Cowboy Plumbing Services,(830) 214-4133,https://www.cowboyplumbingtx.com/,New Braunfels,"1269 Summerwood Dr #401, New Braunfels, TX 78130",4.9,857,Plumber,risky,catch_all,mv-verified-houston-risky-2026-04-20,ChIJ-UckMqufXIYROeop-ZWQfw4,1
edvcgeneral@sbcglobal.net,East,Dallas Veterinary Clinic,East Dallas Veterinary Clinic,(214) 328-9935,https://eastdallasvetclinic.com/?utm_source=google&utm_medium=google_business_profile&utm_campaign=website_click,Dallas,"8541 Ferguson Rd, Dallas, TX 75228",4.6,856,Veterinarian,risky,catch_all,mv-verified-houston-risky-2026-04-20,ChIJxYoFan6hToYR-jHq_eNWYcI,1
roaster@sonscoffee.com,Sons,Coffee,Sons Coffee,,https://sonscoffee.com/,Fort Worth,"250 W Lancaster Ave #120, Fort Worth, TX 76102",4.6,855,Coffee shop,risky,catch_all,mv-verified-houston-risky-2026-04-20,ChIJrdSHpRRxToYRsy_xA-5na9c,1
info@upkeepmedspa.com,UPKEEP,Med Spa,UPKEEP Med Spa,(833) 875-3377,https://www.upkeepmedspa.com/,Dallas,"5207 Bonita Ave, Dallas, TX 75206",4.9,853,Medical spa,risky,catch_all,mv-verified-houston-risky-2026-04-20,ChIJAR_dnRWfToYR5ElZ5LxdzTg,1
info@skinenvyaustin.com,Skin,Envy Austin- South,Skin Envy Austin- South,(512) 443-3000,http://skinenvyaustin.com/,Austin,"2500 W William Cannon Dr STE 601, Austin, TX 78745",4.8,849,Medical spa,risky,unknown,mv-verified-houston-risky-2026-04-20,ChIJ4y9vfmFLW4YR0xwvgu9SY4s,1
info@killeenfamilydentistry.com,Killeen,Family Dentistry,Killeen Family Dentistry,(254) 699-6799,http://www.killeenfamilydentistry.com/,Killeen,"3300 E Central Texas Expy Ste 302, Killeen, TX 76543",4.7,847,Dentist,risky,catch_all,mv-verified-houston-risky-2026-04-20,ChIJM28lOs5LRYYRhLs-w4sWRyU,1
thailand@naamkhao.com,Naam,Khao Thai Kitchen & Bar,Naam Khao Thai Kitchen & Bar,(281) 506-8069,https://naamkhao.com/,Houston,"1420 Eldridge Pkwy, Houston, TX 77077",4.4,847,Thai restaurant,risky,catch_all,mv-verified-houston-risky-2026-04-20,ChIJbaT11wrcQIYRsoyXf4o9B0A,1
info@localmovings.com,Local,Movings,Local Movings,(713) 428-1085,https://localmovings.com/,Houston,"5850 San Felipe St, Houston, TX 77057",4.9,844,Mover,risky,catch_all,mv-verified-houston-risky-2026-04-20,ChIJY5nMzbncQIYRXOQMQxgtthU,1
info@thelawnmowerdepot.com,Billy’s,Small Engine Repair & Lawnmower Repair Plus Sales Location #1,Billy’s Small Engine Repair & Lawnmower Repair Plus Sales Location #1,(832) 778-0072,http://www.thelawnmowerdepot.com/,Houston,"2021 Aldine Mail Rte Rd #1021, Houston, TX 77039",4.8,842,Lawn mower repair service,risky,catch_all,mv-verified-houston-risky-2026-04-20,ChIJ4Zp9m63LQIYRPNRjYyZnbLE,2
info@linktr.ee,House,of Smokez - 24/7 Smoke Shop,House of Smokez - 24/7 Smoke Shop,(832) 249-7899,https://linktr.ee/HouseofSmokez,Houston,"4620 Washington Ave Suite A, Houston, TX 77007",4.9,842,Tobacco shop,risky,catch_all,mv-verified-houston-risky-2026-04-20,ChIJW9FRXW3BQIYRNl0guG8ucwE,19
info@chemfreepestandlawn.com,Chem-free,Organic Pest & Lawn Services,Chem-free Organic Pest & Lawn Services,(512) 837-9681,https://www.chemfreepestandlawn.com/?utm_source=gmb&utm_medium=organic&utm_campaign=austin-chemfree,Austin,"9475 US-290, Austin, TX 78724",4.9,841,Pest control service,risky,catch_all,mv-verified-houston-risky-2026-04-20,ChIJKTB2FmvIRIYREtyk9pXTFMc,1
info@towneastautomotive.com,Town,East Automotive - Complete Auto Care,Town East Automotive - Complete Auto Care,(214) 484-7900,http://www.towneastautomotive.com/,Mesquite,"2816 Towne Centre Dr, Mesquite, TX 75150",4.6,840,Auto repair shop,risky,unknown,mv-verified-houston-risky-2026-04-20,ChIJ18lDMS2kToYRzYLOe5i3zD8,1
%20apshoustonwest@apstemps.com,Automation,Personnel Services - Houston West,Automation Personnel Services - Houston West,(713) 730-7447,https://apstemps.com/branch-houston-west-tx/,Houston,"9630 Westheimer Rd Suite 700, Houston, TX 77063",4.9,838,Employment agency,risky,catch_all,mv-verified-houston-risky-2026-04-20,ChIJZeQxAxTDQIYRBDQB8Z-Zouk,1
info@santhoffplumbingco.com,Santhoff,Plumbing,Santhoff Plumbing,(713) 665-4997,https://www.santhoffplumbingco.com/?utm_source=gbp&utm_medium=organic&utm_campaign=houston,Missouri City,"1519 5th St, Missouri City, TX 77489",4.9,836,Plumber,risky,catch_all,mv-verified-houston-risky-2026-04-20,ChIJS5cQGgHpQIYR5PV3HE0oUJU,1
info@cellcenter.tech,CELL,CENTER - PHONE & iPAD REPAIR,CELL CENTER - PHONE & iPAD REPAIR,(210) 748-3387,https://cellcenter.tech/,San Antonio,"4522 Fredericksburg Rd A75B, San Antonio, TX 78201",5,833,Mobile phone repair shop,risky,unknown,mv-verified-houston-risky-2026-04-20,ChIJSUijmd5fXIYRPiRQbTI1OkY,1
info@cypressdentistoffice.com,Cypress,Dental Group and Orthodontics,Cypress Dental Group and Orthodontics,(281) 304-1319,https://www.cypressdentistoffice.com/?sc_cid=GBP%3AO%3AGP%3A640%3AOrganic_Search%3AGeneral%3Ana&_vsrefdom=organic_gbp&y_source=1_MTEwMjkxMi03MTUtbG9jYXRpb24ud2Vic2l0ZQ%3D%3D,Cypress,"17814 Spring Cypress Rd Ste 101, Cypress, TX 77429",4.7,831,Dentist,risky,catch_all,mv-verified-houston-risky-2026-04-20,ChIJTYIZPLfVQIYReIMW-R8zJ50,1
info@justrightlawns.com,Just,Right Lawns - Austin,Just Right Lawns - Austin,(512) 861-7802,https://justrightlawns.com/austin-tx/lawn-care-austin?utm_source=gbp&utm_medium=organic&utm_campaign=gbp-austin,Austin,"5508 W US Hwy 290 Service Rd #250, Austin, TX 78735",4.6,830,Lawn care service,risky,catch_all,mv-verified-houston-risky-2026-04-20,ChIJ-V67QrBLW4YRZmjFkA2EexU,3
info@santanabrosplumbing.com,Santana,Bros Plumbing,Santana Bros Plumbing,(713) 494-5504,https://santanabrosplumbing.com/,Pearland,"12301 Roy Rd, Pearland, TX 77581",4.9,828,Plumber,risky,catch_all,mv-verified-houston-risky-2026-04-20,ChIJQXQaTRqVQIYRZSQhugTAelk,1
michael@ikinvestments.com,Brasas,Peruanas,Brasas Peruanas,(512) 820-4085,https://brasasperuanas.us/?utm_source=google,Round Rock,"206 N Mays St, Round Rock, TX 78664",4.4,825,Peruvian restaurant,risky,catch_all,mv-verified-houston-risky-2026-04-20,ChIJecmQ6wjRRIYR2BpksXNRpfU,1
info@hanoverpostoak.com,Hanover,Post Oak,Hanover Post Oak,(346) 444-9466,https://www.hanoverpostoak.com/?switch_cls[id]=64863&utm_source=google%20-%20entrataseo&utm_medium=organic&utm_campaign=gmb&utm_content=website%20click,Houston,"1750 Sky Lark Ln, Houston, TX 77056",4.9,825,Apartment complex,risky,unknown,mv-verified-houston-risky-2026-04-20,ChIJWZ0WtEPBQIYRznE1X-pYnEc,1
rudi@numbersnightclub.com,Numbers,,Numbers,+1 713-521-1121,http://www.numbersnightclub.com/,Houston,"300 Westheimer Rd, Houston, TX 77006, United States",4.3,824,Nightclub,risky,unknown,mv-verified-houston-risky-2026-04-20,ChIJw3AMaGa_QIYRs2Bco8zoIB0,1
office@annavilleac.com,Annaville,"Air Conditioning, Inc.","Annaville Air Conditioning, Inc.",(361) 767-2665,https://annavilleac.com/?utm_source=gbp,Corpus Christi,"4860 FM1889, Corpus Christi, TX 78410",5,822,HVAC contractor,risky,catch_all,mv-verified-houston-risky-2026-04-20,ChIJzynbzFR6aIYRgVjzD9SueyM,1
dave9060@aol.com,Auto,Concepts,Auto Concepts,(713) 465-6880,http://www.autoconceptsofhouston.com/,Houston,"9060 Long Point Rd, Houston, TX 77055",4.8,822,Used car dealer,risky,unknown,mv-verified-houston-risky-2026-04-20,ChIJWwopF1rEQIYRfVQgdOcidHg,1
info@benystreeserviceatx.com,Beny's,Tree Service,Beny's Tree Service,(512) 412-3784,https://benystreeserviceatx.com/,Austin,"9530 US-290 Service Rd, Austin, TX 78724",4.9,822,Tree service,risky,catch_all,mv-verified-houston-risky-2026-04-20,ChIJj3fL0tHLRIYRpASaxw7GTAw,1
info@juanitasalvin.com,Juanita's,Taqueria,Juanita's Taqueria,(281) 824-4094,http://juanitasalvin.com/,Alvin,"106 S 3rd St, Alvin, TX 77511",4.7,817,Mexican restaurant,risky,catch_all,mv-verified-houston-risky-2026-04-20,ChIJE-vaPTuPQIYRZC8CxkZWjr4,1
clientcare.ndalla@svp.vet,North,Dallas Veterinary Hospital,North Dallas Veterinary Hospital,(972) 620-9012,https://northdallasvet.com/?utm_source=gmb&utm_medium=organic,Dallas,"3452 Forest Ln Ste 100, Dallas, TX 75234",4.8,815,Veterinarian,risky,unknown,mv-verified-houston-risky-2026-04-20,ChIJq7_XaGwnTIYR1STMHIB1wc4,1
info@breezeoralcare.com,Breeze,Dental,Breeze Dental,(512) 745-8825,https://www.breezeoralcare.com/,Austin,"1601 S Lamar Blvd, Austin, TX 78704",4.8,814,Dentist,risky,catch_all,mv-verified-houston-risky-2026-04-20,ChIJrTahjN-0RIYRchMKUA6urbg,1
receptionist@vergi247.com,Vergi,24/7,Vergi 24/7,(713) 932-9589,http://www.vergi247.com/,Houston,"8800 Katy Fwy # 107, Houston, TX 77024",3.9,813,Emergency veterinarian service,risky,catch_all,mv-verified-houston-risky-2026-04-20,ChIJvVnUUG_EQIYRRmuIRqy01UA,1
franklindental@yahoo.com,Franklin,Dental Center,Franklin Dental Center,(903) 593-2330,https://www.franklindentalcenter.com/,Tyler,"631 S Broadway Ave, Tyler, TX 75701",4.6,810,Dentist,risky,unknown,mv-verified-houston-risky-2026-04-20,ChIJd-T_P6_OSYYR97NupN4hlS8,1
info@autobahnautomotive.com,Autobahn,Automotive,Autobahn Automotive,(210) 657-1180,https://www.autobahnautomotive.com/,San Antonio,"2306 NE Interstate 410 Loop, San Antonio, TX 78217",4.8,809,Auto repair shop,risky,unknown,mv-verified-houston-risky-2026-04-20,ChIJaXGmacn0XIYROkVSAf6-pEE,1
info@magnoliasdallas.com,Magnolias,Sous Le Pont,Magnolias Sous Le Pont,(469) 249-9222,https://www.magnoliasdallas.com/,Dallas,"2727 N Harwood St, Dallas, TX 75201",4.6,809,Coffee shop,risky,catch_all,mv-verified-houston-risky-2026-04-20,ChIJiWgErzCZToYRHTH2Is7OA50,1
info@gatorsbarandgrill.com,Gator's,Bar and Grill,Gator's Bar and Grill,(832) 340-7016,https://www.gatorsbarandgrill.com/,Dickinson,"3535 Gulf Fwy, Dickinson, TX 77539",4.5,807,American restaurant,risky,catch_all,mv-verified-houston-risky-2026-04-20,ChIJ0_bPEsyDQIYRbhDWB7zT4BE,1
info@tupelohoneycafe.com,Tupelo,Honey Southern Kitchen & Bar,Tupelo Honey Southern Kitchen & Bar,(972) 573-3189,https://tupelohoneycafe.com/?olonwp=z17TA_tz20aL5UmKf8LjMg,Irving,"5981 High Point Dr Suite 160, Irving, TX 75038",4.3,807,Southern restaurant (US),risky,catch_all,mv-verified-houston-risky-2026-04-20,ChIJzR1sIacpTIYRu-noJaoBXMs,1
info@montroseeyecarehtx.com,Montrose,Eye Care,Montrose Eye Care,(713) 300-1477,https://www.montroseeyecarehtx.com/,Houston,"520 Waugh Dr, Houston, TX 77019",4.9,803,Medical clinic,risky,unknown,mv-verified-houston-risky-2026-04-20,ChIJHaqZHqbAQIYR6a6DepR3jg8,1
info@getprimera.com,Primera,Insurance & Tax Services,Primera Insurance & Tax Services,(210) 569-0397,https://www.getprimera.com/,San Antonio,"2118 S Zarzamora St Suite 434, San Antonio, TX 78207",4.9,801,Insurance agency,risky,catch_all,mv-verified-houston-risky-2026-04-20,ChIJo7gK1q5ZXIYR90mVCFRIkzk,1
sales@traditionalautos.com,Traditional,Autos,Traditional Autos,(972) 272-7300,http://www.traditionalautos.com/,Dallas,"10740 Forest Ln, Dallas, TX 75243",4.6,800,Used car dealer,risky,unknown,mv-verified-houston-risky-2026-04-20,ChIJm-NQFiUeTIYRJJ_3XeRgK4s,1
holtvet@holtvet.com,Holt,Veterinary Clinic,Holt Veterinary Clinic,(214) 361-2834,https://holtvet.com/?utm_source=gmb&utm_medium=organic,Dallas,"5619 SMU Boulevard, Dallas, TX 75206",4.9,797,Veterinarian,risky,catch_all,mv-verified-houston-risky-2026-04-20,ChIJSV1hHw2fToYRYp99rR3EUcQ,1
drivehappy@washshop.com,The,Wash Shop,The Wash Shop,(512) 451-2696,https://washshop.com/guadalupe-austin-tx/,Austin,"3120 Guadalupe St, Austin, TX 78705",4.7,795,Car wash,risky,catch_all,mv-verified-houston-risky-2026-04-20,ChIJS6wWi2fLRIYRljwy9ZmKIHs,3
parts@bonairservice.com,Bon,"Air Service Co., Inc.","Bon Air Service Co., Inc.",(972) 703-2471,https://www.bonairservice.com/,Grand Prairie,"1905 W Jefferson St, Grand Prairie, TX 75051",4.9,792,HVAC contractor,risky,catch_all,mv-verified-houston-risky-2026-04-20,ChIJC62All2GToYRdEkqGBRsuPI,1
info@evefurn.com,Eve,Furniture,Eve Furniture,(281) 800-9057,https://evefurn.com/,Houston,"11902 Wilcrest Dr, Houston, TX 77031",5,787,Furniture store,risky,catch_all,mv-verified-houston-risky-2026-04-20,ChIJb0YGUA-Pt6ERImHt3qr3o08,1
info@hanoverparkview.com,Hanover,Parkview,Hanover Parkview,(855) 677-0750,https://www.hanoverparkview.com/?switch_cls[id]=64863&utm_source=google%20-%20entrataseo&utm_medium=organic&utm_campaign=gmb&utm_content=website%20click,Houston,"3737 Cogdell St, Houston, TX 77019",4.9,787,Apartment complex,risky,unknown,mv-verified-houston-risky-2026-04-20,ChIJD9TnsMrBQIYRJdumGKkZPgs,1
inspect@keeneyeinspections.net,KeenEye,Inspections - Home Inspector Houston,KeenEye Inspections - Home Inspector Houston,(832) 422-2332,https://www.keeneyeinspections.net/,Richmond,"5206 Waterview Meadow Dr, Richmond, TX 77407",5,786,Home inspector,risky,catch_all,mv-verified-houston-risky-2026-04-20,ChIJG363NijfQIYR4kdOedEv2VM,1
knhouston@yahoo.com,Milano,Nail Spa - Brook Hollow,Milano Nail Spa - Brook Hollow,(713) 505-1012,https://milanonailspabrookhollow.com/,Houston,"4530 Dacoma St suite 300, Houston, TX 77092",4.8,786,Nail salon,risky,unknown,mv-verified-houston-risky-2026-04-20,ChIJiTjn6IPHQIYRHdjDCr7_JWQ,1
conquerplumbingair@yahoo.com,Conquer,Plumbing & Air,Conquer Plumbing & Air,(210) 465-7283,http://www.conquerplumbing-air.com/,,,5,785,Plumber,risky,unknown,mv-verified-houston-risky-2026-04-20,ChIJiQ0zZ9RpXIYR4wZseZ-nqL0,1
info@finaltouchtattoo.com,Final,Touch Tattoo and Piercing,Final Touch Tattoo and Piercing,(210) 248-9682,https://www.finaltouchtattoo.com/,San Antonio,"227 E Cevallos St Suite 202, San Antonio, TX 78204",5,784,Tattoo and piercing shop,risky,catch_all,mv-verified-houston-risky-2026-04-20,ChIJVVWlkLtYXIYRrIytgaW8aaE,1
hamburgerdepot@sbcglobal.net,Hamburger,Depot,Hamburger Depot,(409) 384-5824,https://www.hamburgerdepot.com/locations/jasper,Jasper,"270 S Wheeler St, Jasper, TX 75951",4.7,784,American restaurant,risky,catch_all,mv-verified-houston-risky-2026-04-20,ChIJKytMP66eOYYRKbywE1N60D0,1
cutzbyd@yahoo.com,Kutinfed,Barbershop,Kutinfed Barbershop,(214) 517-8741,http://kutinfed.com/,Dallas,"6514 Skillman St, Dallas, TX 75231",4.8,783,Barber shop,risky,unknown,mv-verified-houston-risky-2026-04-20,ChIJA5S-SYCfToYRskQNhCHO0ac,1
gigs@fitzrockssa.com,Fitzgerald's,Bar & Live Music Venue,Fitzgerald's Bar & Live Music Venue,(210) 607-7007,http://fitzrockssa.com/,San Antonio,"437 McCarty Rd #101, San Antonio, TX 78216",4.4,781,Live music venue,risky,unknown,mv-verified-houston-risky-2026-04-20,ChIJWZDf5hFgXIYRuiQAXon0eRI,1
info@callrpp.com,Resilient,Power & Plumbing,Resilient Power & Plumbing,(214) 387-7878,https://callrpp.com/?utm_source=google&utm_medium=organic&utm_campaign=gmb&utm_id=GBP,Frisco,"6950 Eubanks St A1, Frisco, TX 75034",4.9,781,Electrician,risky,catch_all,mv-verified-houston-risky-2026-04-20,ChIJFZlbpA88TIYRQ33zgQTpqUE,1
hello@veneziamidland.com,Venezia,Restaurant,Venezia Restaurant,(432) 687-0900,https://www.veneziamidland.com/,Midland,"2101 W Wadley Ave STE 20, Midland, TX 79705",4.3,781,Northern Italian restaurant,risky,catch_all,mv-verified-houston-risky-2026-04-20,ChIJMc5oTN3Y-4YRXHgWj5fAfAo,1
wecare@binglevet.com,Bingle,Veterinary Clinic,Bingle Veterinary Clinic,(713) 468-1676,https://binglevet.com/,Houston,"2025 Bingle Rd, Houston, TX 77055",4.3,778,Veterinarian,risky,catch_all,mv-verified-houston-risky-2026-04-20,ChIJbQMb-UrEQIYR83CVHL9N0Bo,1
info@everestcurrybar.com,Everest,Curry Bar and Grill,Everest Curry Bar and Grill,(832) 688-9738,https://everestcurrybar.com/,Houston,"10502 Huffmeister Rd A, Houston, TX 77065",4.7,777,Indian restaurant,risky,catch_all,mv-verified-houston-risky-2026-04-20,ChIJAz2TzNDRQIYRQFq8UanDjyQ,1
info@wickerplumbing.com,Wicker,Plumbing,Wicker Plumbing,(469) 437-7221,https://wickerplumbing.com/,Rockwall,"4426 TX-276, Rockwall, TX 75032",4.7,777,Plumber,risky,catch_all,mv-verified-houston-risky-2026-04-20,ChIJV1ikVRFVSYYRqjl5laf3vlQ,1
info@washmasters.com,Wash,Masters - Inwood,Wash Masters - Inwood,(214) 484-7466,https://washmasters.com/,Dallas,"2333 Inwood Rd, Dallas, TX 75235",4.5,773,Car wash,risky,catch_all,mv-verified-houston-risky-2026-04-20,ChIJVzou7A6dToYRGuBqXk1MnNU,1
info@kiddroof.com,Kidd,Roofing,Kidd Roofing,(512) 671-7791,https://www.kiddroof.com/austin-roofing/?utm_source=gmb&utm_medium=organic&utm_campaign=austin,Austin,"1212 E Anderson Ln #200, Austin, TX 78752",4.9,772,Roofing contractor,risky,catch_all,mv-verified-houston-risky-2026-04-20,ChIJEVx0oY_JRIYR9zIdxwE5TsQ,1
office@drscottlogan.com,Logan,& Fritsch Dentistry,Logan & Fritsch Dentistry,(936) 291-6589,http://huntsvilletxdentist.com/,Huntsville,"3205 Robinson Creek Pkwy, Huntsville, TX 77340",5,771,Dentist,risky,catch_all,mv-verified-houston-risky-2026-04-20,ChIJVWXVAakIR4YR_8Nwfx0k_f8,1
info@springcypressmoderndentistry.com,Spring,Cypress Modern Dentistry,Spring Cypress Modern Dentistry,(281) 320-1150,https://www.springcypressmoderndentistry.com/?sc_cid=GBP%3AO%3AGP%3A646%3AOrganic_Search%3AGeneral%3Ana&_vsrefdom=organic_gbp&y_source=1_MTEwMjkxNi03MTUtbG9jYXRpb24ud2Vic2l0ZQ%3D%3D,Spring,"8707 Spring Cypress Rd Ste A, Spring, TX 77379",4.7,771,Dentist,risky,catch_all,mv-verified-houston-risky-2026-04-20,ChIJ7wMRoFHNQIYRHvl5INYR1Bg,1
info@acehandymanservices.com,Ace,Handyman Services Dallas,Ace Handyman Services Dallas,(214) 831-2509,https://www.acehandymanservices.com/offices/dallas,Dallas,"5735 Kenwood Ave, Dallas, TX 75206",4.9,767,Handyman/Handywoman/Handyperson,risky,catch_all,mv-verified-houston-risky-2026-04-20,ChIJQb3acGufToYRYqA9uAucuaw,6
sales@howardsafeandlock.com,Howard,Safe & Lock,Howard Safe & Lock,(713) 869-0581,https://howardsafeandlock.com/,Houston,"826 E 14th St, Houston, TX 77009",4.9,766,Locksmith,risky,catch_all,mv-verified-houston-risky-2026-04-20,ChIJVav8zJe4QIYRELj97cjfVPA,1
info@bettercallarmstrong.com,Armstrong,"Plumbing, Air & Electric","Armstrong Plumbing, Air & Electric",(806) 337-2753,http://www.bettercallarmstrong.com/,Lubbock,"710 E 40th St, Lubbock, TX 79404",4.9,763,Plumber,risky,catch_all,mv-verified-houston-risky-2026-04-20,ChIJ_015QOls_oYReyxTI6reaxw,1
info@faithco.com,Faithco,"Enterprises, Inc., Plumbing, HVAC, & Electric","Faithco Enterprises, Inc., Plumbing, HVAC, & Electric",(903) 582-4610,https://faithco.com/,Lindale,"18601 U.S. Hwy 69 N Suite A Suite A, Lindale, TX 75771",4.8,762,Electrician,risky,catch_all,mv-verified-houston-risky-2026-04-20,ChIJpUWYlIO5SYYRkYKl2IM6Q5I,1
info@parkeranimalcare.com,Parker,Animal Care,Parker Animal Care,(512) 448-2676,http://parkeranimalcare.com/,Austin,"2239 S Lamar Blvd, Austin, TX 78704",4.6,760,Veterinarian,risky,catch_all,mv-verified-houston-risky-2026-04-20,ChIJX9edYde0RIYR0D7k5XbYm8s,1
sales@cainrealtygroup.com,Cain,Realty Group,Cain Realty Group,(512) 675-7653,https://www.cainrealtygroup.com/,Austin,"4010 Menchaca Rd, Austin, TX 78704",5,758,Real estate agency,risky,catch_all,mv-verified-houston-risky-2026-04-20,ChIJG0qTTNBKW4YREfaNeuNALlw,1
info@critterone.com,Critter,"One of San Antonio, LLC","Critter One of San Antonio, LLC",(210) 201-0064,http://www.critterone.com/,San Antonio,"11549 Old Perrin Beitel Rd Ste 203, San Antonio, TX 78217",4.6,758,Pest control service,risky,unknown,mv-verified-houston-risky-2026-04-20,ChIJBQqeOHdiXIYRv6RBzyHwl_0,2
info@josephinetheatre.org,The,Josephine Theatre,The Josephine Theatre,(210) 734-4646,http://www.josephinetheatre.org/,San Antonio,"339 W Josephine St, San Antonio, TX 78212",4.7,758,Performing arts theater,risky,catch_all,mv-verified-houston-risky-2026-04-20,ChIJY6GMuF9fXIYRTzj0cOi96jA,1
contact@primaryservices.com,Primary,Services,Primary Services,(713) 850-7010,https://www.primaryservices.com/,Houston,"9811 Katy Fwy #300, Houston, TX 77024",4.7,757,Employment agency,risky,catch_all,mv-verified-houston-risky-2026-04-20,ChIJZ33_cTnBQIYRs0bcLkOiAUU,1
marketing@goodfaithenergy.com,Good,Faith Energy & Roofing,Good Faith Energy & Roofing,(972) 777-6937,https://goodfaithenergy.com/,Addison,"4122 Billy Mitchell Dr, Addison, TX 75001",4.9,755,Solar energy system service,risky,catch_all,mv-verified-houston-risky-2026-04-20,ChIJyXVxUXucToYRVjVIndEt89Y,1
info@855bugs.com,855Bugs.com,,855Bugs.com,(866) 479-0396,https://855bugs.com/?utm_source=google&utm_medium=gbp&utm_campaign=waco,Waco,"8807 Woodway Dr, Waco, TX 76712",4.9,754,Pest control service,risky,catch_all,mv-verified-houston-risky-2026-04-20,ChIJBX2KcqOGT4YR9p-2mM0OHos,1
info@booza1941.com,Booza,,Booza,(832) 831-3176,http://www.booza1941.com/,Houston,"5922 Richmond Ave Ste A, Houston, TX 77057",4.7,752,Ice cream shop,risky,catch_all,mv-verified-houston-risky-2026-04-20,ChIJX7ppjcDDQIYRYfbW1J6b9GY,1
service@completecarcarecenter.com,Kish,Complete Car Care Center,Kish Complete Car Care Center,(254) 772-9331,https://completecarcarecenter.com/,Waco,"5300 Franklin Ave, Waco, TX 76710",4.8,752,Auto repair shop,risky,catch_all,mv-verified-houston-risky-2026-04-20,ChIJy8ELSlWBT4YRxrM-qieQ_ow,1
htp106@yahoo.com,HOUSTON,"T-SHIRT PRINTER (Screen Printing, Embroidery, DTG, DTF)#1 in TEXAS","HOUSTON T-SHIRT PRINTER (Screen Printing, Embroidery, DTG, DTF)#1 in TEXAS",(832) 566-8181,http://houstontshirt.com/,Houston,"8080 Harwin Dr. C1, Houston, TX 77036",4.9,746,Custom t-shirt store,risky,unknown,mv-verified-houston-risky-2026-04-20,ChIJocH91-LCQIYR_EqoulUzW-o,1
info@cash.app,La,Garita Restaurant,La Garita Restaurant,(254) 213-1513,http://cash.app/$lagaritactx,Killeen,"305 W Rancier Ave, Killeen, TX 76541",4.5,746,Puerto Rican restaurant,risky,catch_all,mv-verified-houston-risky-2026-04-20,ChIJu-Gf_XlMRYYRo3bGOrzkLmM,2
info@umiyalo.com,Umiya,Sushi,Umiya Sushi,(210) 314-3690,http://www.umiyalo.com/,San Antonio,"13846 I-35, San Antonio, TX 78233",4.7,745,Sushi restaurant,risky,unknown,mv-verified-houston-risky-2026-04-20,ChIJWdUlhwCNXIYRaxqBxi0Dvek,1
corpuschristi@ckpools.com,CK,Pools,CK Pools,(281) 257-6657,https://ckpools.com/,Houston,"7787 Pinemont Dr Suite A, Houston, TX 77040",4.7,743,Swimming pool,risky,catch_all,mv-verified-houston-risky-2026-04-20,ChIJP0cJJ8HFQIYRRKcjmjudIbE,2
info@polarair.net,Polar,Air | Air Conditioning & Heating,Polar Air | Air Conditioning & Heating,(956) 420-7486,https://polarair.net/?utm_source=gmb&utm_medium=organic&utm_campaign=gmb,Pharr,"1600 W Mozelle St, Pharr, TX 78577",5,743,HVAC contractor,risky,catch_all,mv-verified-houston-risky-2026-04-20,ChIJtxCaRuagZYYRUH6sSHqJLFc,1
sales@omniautoglass.com,Omni,Auto Glass,Omni Auto Glass,(210) 892-2229,https://omniautoglass.com/,San Antonio,"4627 N Stahl Park Suite 101, San Antonio, TX 78217",4.9,741,Auto glass shop,risky,unknown,mv-verified-houston-risky-2026-04-20,ChIJNZRygb2JXIYRWu2aszFh2uM,1
info@unclechinkitchen.com,Uncle,Chin's Kitchen,Uncle Chin's Kitchen,(832) 437-3273,http://www.unclechinkitchen.com/,Katy,"1520 S Mason Rd #A, Katy, TX 77450",4.9,738,Malaysian restaurant,risky,catch_all,mv-verified-houston-risky-2026-04-20,ChIJU1cWOnEnQYYRuauC1Cy0WJs,1
info@hyenascomedynightclub.com,Hyena's,Comedy Nightclub,Hyena's Comedy Nightclub,(817) 877-5233,https://www.hyenascomedynightclub.com/ft-worth,Fort Worth,"425 Commerce St, Fort Worth, TX 76102",4.3,735,Comedy club,risky,catch_all,mv-verified-houston-risky-2026-04-20,ChIJ7RJPFUBxToYRHe2cJ_iIMw0,2
toanpham35@yahoo.com,Domain,Nails & Spa,Domain Nails & Spa,(737) 222-5259,https://domainnailsspa.com/,Austin,"3310 W Braker Ln Bldg 2, Ste 200, Austin, TX 78758",4.5,733,Nail salon,risky,unknown,mv-verified-houston-risky-2026-04-20,ChIJhb5UIHjNRIYRPoJeugAtkF4,1
ricevillage@paletasmorelia.com,Morelia,Ice Cream Paletas - Rice Village,Morelia Ice Cream Paletas - Rice Village,(346) 829-6602,https://www.paletasmorelia.com/location/rice-village-ice-cream/,Houston,"2446 Times Blvd, Houston, TX 77005",4.8,733,Ice cream shop,risky,catch_all,mv-verified-houston-risky-2026-04-20,ChIJPeqxZMTBQIYRUiWWb4hcXUE,1
contactus@pepboys.com,Pep,Boys Auto Service & Tires,Pep Boys Auto Service & Tires,(325) 244-2892,https://www.pepboys.com/stores/tx/abilene/2473-s-danville-st?Cid=gbp_appt_AN:PB%7CPB:G%7CTT:GBP%7CCG:CONVERSION%7CCD:SERVICE,Abilene,"2473 S Danville Dr, Abilene, TX 79605",4,733,Tire shop,risky,catch_all,mv-verified-houston-risky-2026-04-20,ChIJOSNtCiWMVoYRFK3xSXud7X0,3
info@chimneyrockcarcare.com,Chimney,Rock Car Care,Chimney Rock Car Care,(713) 840-8781,https://chimneyrockcarcare.com/,Houston,"2839 Chimney Rock Rd, Houston, TX 77056",4.6,732,Auto repair shop,risky,catch_all,mv-verified-houston-risky-2026-04-20,ChIJ2Wwq8mLBQIYR4ygGDo1l1f8,1
info@yokushirobata.com,Yokushi,Robata,Yokushi Robata,(832) 933-6888,http://www.yokushirobata.com/,Houston,"3837 Richmond Ave, Houston, TX 77027",4.5,732,Authentic Japanese restaurant,risky,catch_all,mv-verified-houston-risky-2026-04-20,ChIJTTwkoAPBQIYRqnk81MmgYeg,1
info@kesslerbakingstudio.com,Kessler,Baking Studio Bishop Arts,Kessler Baking Studio Bishop Arts,(214) 948-7412,https://www.kesslerbakingstudio.com/,Dallas,"1129 N Beckley Ave, Dallas, TX 75203",4.9,729,Bakery,risky,catch_all,mv-verified-houston-risky-2026-04-20,ChIJsfp7XJ2ZToYR4dIKcr59fes,1
dallashelp@greatroomescape.com,Great,Room Escape,Great Room Escape,(214) 865-6806,https://greatroomescape.com/dallas/,Richardson,"715 N Glenville Dr #440, Richardson, TX 75081",4.8,727,Escape room center,risky,catch_all,mv-verified-houston-risky-2026-04-20,ChIJjZFaTiAZTIYRA2CFLwMafIk,1
info@epmmovers.com,EPM,Movers,EPM Movers,(713) 428-2535,https://epmmovers.com/service-areas/tx/katy-movers/,Katy,"21734 Provincial Blvd Suite A #240, Katy, TX 77450",4.9,724,Mover,risky,catch_all,mv-verified-houston-risky-2026-04-20,ChIJwdQ4gVTbQIYRSCZoOQHgQVQ,1
info@buchanansplants.com,Buchanan's,Native Plants,Buchanan's Native Plants,(713) 861-5702,http://buchanansplants.com/,Houston,"611 E 11th St, Houston, TX 77008",4.7,717,Garden center,risky,catch_all,mv-verified-houston-risky-2026-04-20,ChIJ2xEQ56C4QIYRa5buDlOmKpQ,1
info@dynastypest.com,Dynasty,Pest Control,Dynasty Pest Control,(469) 457-4373,https://www.dynastypest.com/,Dallas,"7047 Twin Hills Ave Suite 115, Dallas, TX 75231",4.9,717,Pest control service,risky,catch_all,mv-verified-houston-risky-2026-04-20,ChIJ1Sx3XO6eToYR98M7rt1RigE,1
listentome@el-capataz.com,El,Capataz,El Capataz,(956) 723-7400,http://www.el-capataz.com/,Laredo,"C-7, 7220 NE Bob Bullock Lp, Laredo, TX 78041",4.6,716,Latin American restaurant,risky,catch_all,mv-verified-houston-risky-2026-04-20,ChIJfTuMDyYnYYYRDQft9d-qrmc,1
info@madeyasmile.com,Made,Ya Smile Friendswood,Made Ya Smile Friendswood,(281) 305-8977,https://madeyasmile.com/dentist-office/friendswood-texas-77546,Friendswood,"1520 S Friendswood Dr Ste 104, Friendswood, TX 77546",4.8,714,Dentist,risky,unknown,mv-verified-houston-risky-2026-04-20,ChIJs6GqxdaaQIYRisSM2AVEVDk,1
info@safeproroofing.com,Safepro,Roofing,Safepro Roofing,(210) 900-5793,https://safeproroofing.com/,San Antonio,"114 N Ellison Dr #403, San Antonio, TX 78251",5,713,Roofing contractor,risky,catch_all,mv-verified-houston-risky-2026-04-20,ChIJjUObVziJngYRjO7ItJ-0PqY,1
store419@loves.com,Love's,Travel Stop,Love's Travel Stop,(210) 623-2329,https://www.loves.com/locations/242,Von Ormy,"11361 I-35, Von Ormy, TX 78073",3.7,711,Gas station,risky,catch_all,mv-verified-houston-risky-2026-04-20,ChIJlyJiZohQXIYRDaMLwRnJNSs,3
info@abtinsuranceagency.com,Abt,Insurance Agency,Abt Insurance Agency,(888) 465-9728,http://www.abtinsuranceagency.com/,Austin,"2301 W Anderson Ln. UNIT 129, Austin, TX 78757",5,709,Insurance agency,risky,catch_all,mv-verified-houston-risky-2026-04-20,ChIJL3x2jI_KRIYRrf5DGZpO9bU,1
admin@longhornfireandsafety.com,Longhorn,Fire and Safety,Longhorn Fire and Safety,(512) 258-7233,http://www.longhornfireandsafety.com/,Austin,"2716 S Congress Ave, Austin, TX 78704",5,709,Fire protection service,risky,catch_all,mv-verified-houston-risky-2026-04-20,ChIJJSnRn7m0RIYRSc4yfPKbRvA,1
contact@myntbarbershop.com,Mynt,Barbershop,Mynt Barbershop,(817) 993-9043,https://myntbarbershop.com/,Westworth Village,"6635 Westworth Blvd Suite 105, Westworth Village, TX 76114",4.8,709,Barber shop,risky,catch_all,mv-verified-houston-risky-2026-04-20,ChIJz3WiTW5zToYRKqJFjMoY-ww,2
liqorama@sbcglobal.net,Liq,O Rama,Liq O Rama,(682) 841-1520,https://liqorama.wixsite.com/liqorama,Fort Worth,"1228 S Blue Mound Rd, Fort Worth, TX 76131",4.3,708,Liquor store,risky,catch_all,mv-verified-houston-risky-2026-04-20,ChIJFaKMVAx2ToYRYq9ea9-McrY,1
info@sugarmamasbakeshop.com,Sugar,Mama's Bakeshop,Sugar Mama's Bakeshop,(512) 448-3727,http://www.sugarmamasbakeshop.com/,Austin,"1905 S 1st St, Austin, TX 78704",4.2,708,Bakery,risky,unknown,mv-verified-houston-risky-2026-04-20,ChIJ3bfudOS0RIYRKsMeI4iDYAo,1
info@liveoakbrewing.com,Live,Oak Brewing Company,Live Oak Brewing Company,(512) 385-2299,https://liveoakbrewing.com/,Del Valle,"1615 Crozier Ln, Del Valle, TX 78617",4.7,707,Brewery,risky,unknown,mv-verified-houston-risky-2026-04-20,ChIJw3GMxCy0RIYRoX1rWtORKkQ,1
info@drfrazar.com,The,Houston Dentists,The Houston Dentists,(346) 202-3432,https://www.drfrazar.com/?utm_source=google&utm_medium=organic&utm_campaign=gbp-listing,Bellaire,"4914 Bissonnet St #200, Bellaire, TX 77401",5,706,Cosmetic dentist,risky,catch_all,mv-verified-houston-risky-2026-04-20,ChIJq5bTuTTHQIYRlwh0HQWxnuI,1
info@dentistsatmemorialpark.com,Dentists,at Memorial Park,Dentists at Memorial Park,(713) 861-8323,https://www.dentistsatmemorialpark.com/,Houston,"5535 Memorial Dr ste k, Houston, TX 77007",4.9,705,Dentist,risky,catch_all,mv-verified-houston-risky-2026-04-20,ChIJhSJyi8jAQIYRsGk_Fm6YN3w,1
info@txautodealer.com,Texas,Auto Dealer LLC,Texas Auto Dealer LLC,(210) 999-9532,https://www.txautodealer.com/,San Antonio,"6970 Interstate 35 Access Rd, San Antonio, TX 78224",4.9,704,Used car dealer,risky,catch_all,mv-verified-houston-risky-2026-04-20,ChIJq6r6_E9iXIYRfRWQ9C7qoF0,1
info@itsnolabaaaby.com,It's,Nola Baaaby (Food Truck),It's Nola Baaaby (Food Truck),,https://www.itsnolabaaaby.com/,Jersey Village,"8131 Jones Rd, Jersey Village, TX 77065",4.8,703,Creole restaurant,risky,unknown,mv-verified-houston-risky-2026-04-20,ChIJ5VS2pr7RQIYRUEE5Q3Oa4QQ,1
info@lducoffee.com,LDU,Coffee To Go,LDU Coffee To Go,(469) 739-1881,http://www.lducoffee.com/,Dallas,"2650 N Fitzhugh Ave #100, Dallas, TX 75204",4.8,703,Coffee shop,risky,catch_all,mv-verified-houston-risky-2026-04-20,ChIJP32DPS-fToYRTuaKzfbiekE,1
info@myaustindds.com,38th,Street Dental,38th Street Dental,(737) 260-5523,https://www.myaustindds.com/,Austin,"1500 W 38th St Ste 56, Austin, TX 78731",5,702,Dentist,risky,unknown,mv-verified-houston-risky-2026-04-20,ChIJe5fsvYXKRIYRwmoXXLCat2Q,1
info@bigfishac.com,Big,Fish Cooling & Heating,Big Fish Cooling & Heating,(409) 658-7037,https://bigfishac.com/?utm_source=google&utm_medium=organic&utm_campaign=gbp,Lumberton,"3446 US-69, Lumberton, TX 77657",4.9,702,HVAC contractor,risky,catch_all,mv-verified-houston-risky-2026-04-20,ChIJA-Pog1kwOYYRhuxcIFgyvis,1
valerie@dawoddentalcenter.com,Dawod,Dental Center,Dawod Dental Center,(361) 992-8531,http://www.dawoddentalcenter.com/,Corpus Christi,"4514 S Staples St, Corpus Christi, TX 78411",5,702,Dentist,risky,catch_all,mv-verified-houston-risky-2026-04-20,ChIJo9kMtPL1aIYRw-KE8InXEaA,1
ally@eocdfw.com,Electrician,On Call,Electrician On Call,(214) 235-7251,https://www.electricianoncall.com/,Dallas,"6703 Levelland Rd Suite B, Dallas, TX 75252",4.9,702,Electrician,risky,catch_all,mv-verified-houston-risky-2026-04-20,ChIJszLkx9QjTIYRikOzASS4KuU,1
info@communitybeer.com,Community,Beer Co. Taproom & Restaurant,Community Beer Co. Taproom & Restaurant,(214) 751-7921,http://www.communitybeer.com/,Dallas,"3110 Commonwealth Dr, Dallas, TX 75247",4.6,697,Brewery,risky,catch_all,mv-verified-houston-risky-2026-04-20,ChIJHYk9yEeZToYRLXV0a4pEaZA,1
info@yellowtailsushivp.com,Yellowtail,Sushi Bar & Steak,Yellowtail Sushi Bar & Steak,(972) 803-6824,https://www.yellowtailsushivp.com/,Dallas,"2400 Victory Park Ln, Dallas, TX 75219",4.8,696,Japanese restaurant,risky,catch_all,mv-verified-houston-risky-2026-04-20,ChIJj1bLj-OZToYRuyH0Twmtq0I,1
info@chegauchorestaurant.com,Che,Gaucho,Che Gaucho,(346) 808-3744,http://www.chegauchorestaurant.com/,Tomball,"611 W Main St, Tomball, TX 77375",4.5,694,Argentinian restaurant,risky,catch_all,mv-verified-houston-risky-2026-04-20,ChIJjZMomVwsR4YRQ2UOm2CiyQE,1
dandylandtattoo@sbcglobal.net,Dandyland,Custom Tattoo and Professional Body Piercing,Dandyland Custom Tattoo and Professional Body Piercing,(210) 432-5747,https://dandylandtattoo.com/,San Antonio,"1620 Fredericksburg Rd, San Antonio, TX 78201",4.8,694,Tattoo and piercing shop,risky,catch_all,mv-verified-houston-risky-2026-04-20,ChIJ99oRy9VdXIYRKsxYLZIxNYM,1
info@smartairaustin.com,Smart,Air Cooling & Heating,Smart Air Cooling & Heating,(512) 600-4311,https://smartairaustin.com/?utm_source=gmb&utm_medium=organic,,,4.9,694,HVAC contractor,risky,catch_all,mv-verified-houston-risky-2026-04-20,ChIJjcH6hpm0RIYRvyzZnf8z8BE,1
info@trinitydentalcenters.com,Trinity,Dental Centers - Tomball,Trinity Dental Centers - Tomball,(832) 956-1308,https://www.trinitydentalcenters.com/location/dentist-tomball/?utm_source=google&utm_medium=gmb-tomball,Tomball,"14215 Farm to Market 2920 Ste 103, Tomball, TX 77377",4.6,691,Dentist,risky,catch_all,mv-verified-houston-risky-2026-04-20,ChIJDRy4b3wsR4YRGGqdI0en1eg,3
info@flowyogatx.com,Flow,Yoga - Westgate Austin,Flow Yoga - Westgate Austin,(512) 260-9642,https://flowyogatx.com/locations/austin/westgate/,Austin,"4477 S Lamar Blvd #420, Austin, TX 78745",4.9,689,Yoga studio,risky,catch_all,mv-verified-houston-risky-2026-04-20,ChIJuzB2on9LW4YRyFOXzmLiQHM,3
contact@mypc-plus.com,Computers,Plus,Computers Plus,(915) 591-8770,http://www.mypc-plus.com/,El Paso,"2200 N Yarbrough Dr Suite E, El Paso, TX 79925",4.8,687,Computer repair service,risky,unknown,mv-verified-houston-risky-2026-04-20,ChIJRTiXEc5E54YRdIZ0kCRsmow,1
chefshawn@thefatgrass.com,Fat,Grass Restaurant,Fat Grass Restaurant,(979) 244-7277,https://www.thefatgrass.com/,Bay City,"1717 7th St, Bay City, TX 77414",4.2,686,American restaurant,risky,catch_all,mv-verified-houston-risky-2026-04-20,ChIJHSkyhDi5QYYRARWDGMGmcuk,1
info@meritcoffee.com,Merit,Coffee Co.,Merit Coffee Co.,(469) 248-3440,http://meritcoffee.com/,Dallas,"2639 Main St, Dallas, TX 75226",4.5,686,Coffee shop,risky,catch_all,mv-verified-houston-risky-2026-04-20,ChIJEcbAPJyZToYR2Ui-4HsOQAE,1
info@bartonoaksdentalgroup.com,Barton,Oaks Dental Group,Barton Oaks Dental Group,(512) 327-6947,https://www.bartonoaksdentalgroup.com/,Austin,"901 S MoPac Expy Building 1, Suite #470, Austin, TX 78746",4.9,685,Cosmetic dentist,risky,catch_all,mv-verified-houston-risky-2026-04-20,ChIJoboTyjO1RIYRqIoFak5yKww,1
info@texasfhc.com,Texas,Functional Health Centers,Texas Functional Health Centers,(469) 334-0624,https://www.texasfhc.com/,Dallas,"411 N Washington Ave # 7500, Dallas, TX 75246",4.9,684,Chiropractor,risky,catch_all,mv-verified-houston-risky-2026-04-20,ChIJ_TanusCYToYRASEQHMP6HGQ,1
glconline@ymail.com,Guadalupe,Lumber,Guadalupe Lumber,(210) 223-4263,https://www.guadalupelumberco.com/,San Antonio,"1547 S Zarzamora St, San Antonio, TX 78207",4,683,Hardware store,risky,unknown,mv-verified-houston-risky-2026-04-20,ChIJ9xmxZGxZXIYRvRROhg6QRZY,1
gsahstaff@griffithvet.net,Griffith,Small Animal Hospital,Griffith Small Animal Hospital,(512) 453-5828,https://griffithanimalhospital.com/?utm_source=gmb&utm_medium=organic,Austin,"3407 Northland Dr, Austin, TX 78731",4.9,681,Animal hospital,risky,unknown,mv-verified-houston-risky-2026-04-20,ChIJy9mOAeTKRIYRKOB3Oi-cL5I,1
info@garboasalon.com,Garbo,A Salon and Spa Northcross,Garbo A Salon and Spa Northcross,(512) 458-4162,https://garboasalon.com/,Austin,"7739 Northcross Dr K, Austin, TX 78757",4.9,680,Hair salon,risky,catch_all,mv-verified-houston-risky-2026-04-20,ChIJHZNLtajLRIYRWDuDygvjUd0,2
notsuoh@yahoo.com,Notsuoh,,Notsuoh,(713) 321-0824,http://notsuoh.com/,Houston,"314 Main St, Houston, TX 77002",4.5,679,Bar,risky,unknown,mv-verified-houston-risky-2026-04-20,ChIJfzCI9C-_QIYRgmSfnBIh0wE,1
info@cafetexan.org,Cafe,Texan,Cafe Texan,(936) 278-1234,https://cafetexan.org/,Huntsville,"1120 Sam Houston Ave, Huntsville, TX 77340",4.4,678,Restaurant,risky,catch_all,mv-verified-houston-risky-2026-04-20,ChIJ_7vEg4UIR4YRo52C5mTVU_Y,1
info@gl.solar,Green,Light Solar,Green Light Solar,(832) 303-9163,http://gl.solar/,Houston,"5750 N Sam Houston Pkwy E STE 605, Houston, TX 77032",4.1,671,Solar energy system service,risky,catch_all,mv-verified-houston-risky-2026-04-20,ChIJX5tzf86xQIYRCeIoJDwUpHw,1
info@oandmplumbing.com,O,"& M Plumbing Services, Inc.","O & M Plumbing Services, Inc.",(512) 466-2125,https://www.oandmplumbing.com/,Pflugerville,"1406 Three Points Rd Ste B8, Pflugerville, TX 78660",4.9,671,Plumber,risky,catch_all,mv-verified-houston-risky-2026-04-20,ChIJDVr1q5PZRIYRdyWleURAbtU,1
info@prettynailsspaelpaso.com,Pretty,Nails Spa,Pretty Nails Spa,(915) 262-4224,https://prettynailsspaelpaso.com/,El Paso,"2200 N Yarbrough Dr Ste 19C, El Paso, TX 79925",4.7,670,Nail salon,risky,catch_all,mv-verified-houston-risky-2026-04-20,ChIJFwhhmvNF54YR9oKkxYYO6Qo,1
abuse@company.site,Elsy's,Birds & Feed Store,Elsy's Birds & Feed Store,(281) 442-5621,http://elsysbirdsandfeed.com/,Houston,"1441 Hartwick Rd, Houston, TX 77093",4.6,669,Animal feed store,risky,catch_all,mv-verified-houston-risky-2026-04-20,ChIJQxa4CZe3QIYR_z7_Cc5dWE0,3
info@mvps.rocks,MVPs,,MVPs,(409) 202-5090,https://mvps.rocks/,Jasper,"1275 S Wheeler St, Jasper, TX 75951",4.1,669,Restaurant,risky,catch_all,mv-verified-houston-risky-2026-04-20,ChIJJRzQCXefOYYRqX0PHu-4Yc8,1
info@286noodlehouse.com,286,Noodle House,286 Noodle House,(972) 777-3286,http://www.286noodlehouse.com/,Garland,"3347 W Walnut St # 105, Garland, TX 75042",4.6,665,Vietnamese restaurant,risky,unknown,mv-verified-houston-risky-2026-04-20,ChIJ70vhNBkfTIYRRjQCj-ipgeI,1
info@angrychickz.com,Angry,Chickz - Houston/Webster TX,Angry Chickz - Houston/Webster TX,(281) 549-4082,https://angrychickz.com/,Houston,"18207 Egret Bay Blvd, Houston, TX 77058",4.9,665,Chicken shop,risky,catch_all,mv-verified-houston-risky-2026-04-20,ChIJ4YKoIQidQIYROMxG_mTPldg,1
info@washatopialaundromat.com,Washatopia,Laundromat,Washatopia Laundromat,(512) 574-3089,http://www.washatopialaundromat.com/,Austin,"9030 Anderson Mill Rd, Austin, TX 78729",4.3,665,Laundromat,risky,catch_all,mv-verified-houston-risky-2026-04-20,ChIJS2a3wTbNRIYR9hm4unZUoBU,1
nursery@milbergersa.com,Milberger's,Landscaping And Nursery,Milberger's Landscaping And Nursery,(210) 497-3760,http://www.milbergernursery.com/,San Antonio,"3920 N Loop 1604 E, San Antonio, TX 78247",4.2,663,Plant nursery,risky,catch_all,mv-verified-houston-risky-2026-04-20,ChIJRSaQ4uiLXIYRmq-675nup70,1
office@evolvedentistrytx.com,EVOLVE,"Dentistry | Cosmetic & Family Dentist Houston, TX","EVOLVE Dentistry | Cosmetic & Family Dentist Houston, TX",(832) 440-1144,http://www.evolvedentistrytx.com/,Missouri City,"8027 Hwy 6 Suite 600, Missouri City, TX 77459",5,662,Dentist,risky,catch_all,mv-verified-houston-risky-2026-04-20,ChIJ6XuPn5nvQIYR-nhT1oZ_A44,1
info@clawdaddyhouston.com,Clawdaddy,,Clawdaddy,(713) 714-8476,https://www.clawdaddyhouston.com/,Houston,"1106 Silber Rd Suite E, Houston, TX 77055",4.4,661,Seafood restaurant,risky,catch_all,mv-verified-houston-risky-2026-04-20,ChIJWX2vDCXHQIYRirS-YPDV73M,1
info@cytechheatingandcooling.com,Cytech,Heating & Cooling,Cytech Heating & Cooling,+1 956-553-3265,https://www.cytechheatingandcooling.com/,Edinburg,"6840 I-69C, Edinburg, TX 78542, United States",4.9,661,Electrician,risky,catch_all,mv-verified-houston-risky-2026-04-20,ChIJqf8FEJSjZYYRf-vxerFAMdc,1
natalie@johnescajunrestaurant.com,John,E's Restaurant,John E's Restaurant,(281) 462-4188,https://www.johnescajunrestaurant.com/,Crosby,"14919 FM 2100, Crosby, TX 77532",4.1,660,Cajun restaurant,risky,catch_all,mv-verified-houston-risky-2026-04-20,ChIJl_1lmSGoQIYRjtmcsrtCvZE,1
info@lovefieldauto.com,Love,Field Auto,Love Field Auto,(214) 902-9996,https://lovefieldauto.com/,Dallas,"8558 Denton Dr, Dallas, TX 75235",4.8,659,Auto repair shop,risky,catch_all,mv-verified-houston-risky-2026-04-20,ChIJWx3KVyGcToYRez3Oz-S5x9c,1
info@maderascantina.com,Maderas,- Kitchen & Cantina,Maderas - Kitchen & Cantina,(713) 485-4441,http://www.maderascantina.com/,Houston,"120 Westheimer Rd Suite A, Houston, TX 77006",4.4,657,Mexican restaurant,risky,catch_all,mv-verified-houston-risky-2026-04-20,ChIJYcy1PzG_QIYRwHszlWeqRcA,1
info@hanoverautrypark.com,Hanover,Autry Park,Hanover Autry Park,(281) 975-1228,https://www.hanoverautrypark.com/?switch_cls[id]=64863&utm_source=google%20-%20entrataseo&utm_medium=organic&utm_campaign=gmb&utm_content=website%20click,Houston,"811 Buffalo Pk Dr, Houston, TX 77019",4.9,656,Apartment complex,risky,unknown,mv-verified-houston-risky-2026-04-20,ChIJx-Nm7WrBQIYR-ljSRTEemtM,1
sales@keylessshop.com,Keyless,Shop Locksmith,Keyless Shop Locksmith,(512) 549-1060,https://www.keylessshop.com/carkeyscheapaustin,Austin,"6615 Airport Blvd, Austin, TX 78752",4.9,655,Locksmith,risky,catch_all,mv-verified-houston-risky-2026-04-20,ChIJAUgHrArKRIYR4ewo6JV5nZo,3
office@marathonplumbinginc.com,Marathon,Plumbing Beaumont TX,Marathon Plumbing Beaumont TX,(409) 498-5086,http://marathonplumbinginc.com/,,,4.9,655,Plumber,risky,catch_all,mv-verified-houston-risky-2026-04-20,ChIJTXgWGwozOYYReagBPrRn1VE,2
info@sprinklerwarehouse.com,Sprinkler,Warehouse,Sprinkler Warehouse,(281) 500-9800,https://www.sprinklerwarehouse.com/,Katy,"2737 W Grand Pkwy N Suite C, Katy, TX 77449",4.4,654,Irrigation equipment supplier,risky,catch_all,mv-verified-houston-risky-2026-04-20,ChIJKwU2bx7RQIYRCvj06G1LzDc,1
info@bubbasjunkremoval.com,Bubbas,Junk Removal And Property Preservation pearland,Bubbas Junk Removal And Property Preservation pearland,(281) 699-8409,https://bubbasjunkremoval.com/,Pearland,"4814 Wendy Ln, Pearland, TX 77584",4.9,653,Junk removal service,risky,catch_all,mv-verified-houston-risky-2026-04-20,ChIJLe1BakOSQIYRcgHdjUb7FoQ,1
info@mamakimscuisine.com,Mama,Kim's,Mama Kim's,(409) 729-8899,http://www.mamakimscuisine.com/,Nederland,"209 Memorial Fwy, Nederland, TX 77627",4.7,653,Vietnamese restaurant,risky,catch_all,mv-verified-houston-risky-2026-04-20,ChIJL9vypiC3PoYRpSPSnNo2-uY,1
info@bluebonnetbakery.com,Blue,Bonnet Bakery,Blue Bonnet Bakery,(817) 731-4233,http://www.bluebonnetbakery.com/,Fort Worth,"4705 Camp Bowie Blvd, Fort Worth, TX 76107",4.1,652,Bakery,risky,catch_all,mv-verified-houston-risky-2026-04-20,ChIJY7Njd6ZzToYR5a2qBblg7Tw,1
info@wings87.com,Wings87,,Wings87,(713) 621-3128,https://wings87.com/3729-w-alabama-st-2/,Houston,"3729 W Alabama St Unit C, Houston, TX 77027",4.5,651,Chicken wings restaurant,risky,catch_all,mv-verified-houston-risky-2026-04-20,ChIJcWz8sG7BQIYRW_Y5RoK6JD0,1
salonxchange@yahoo.com,Salon,X Change near The Domain Atx,Salon X Change near The Domain Atx,(512) 420-9445,http://www.salonxchangeatx.com/,Austin,"9029 Research Blvd #300, Austin, TX 78758",4.7,649,Hair salon,risky,unknown,mv-verified-houston-risky-2026-04-20,ChIJbbOMMZTLRIYR0wrEdf4vHBs,1
info@ntdassociates.com,North,Texas Dental Associates,North Texas Dental Associates,(972) 535-6647,https://www.ntdassociates.com/,Plano,"680 Independence Pkwy #100, Plano, TX 75075",4.8,648,Dentist,risky,catch_all,mv-verified-houston-risky-2026-04-20,ChIJ9Z9J5wEZTIYRkdbGfoMGcvM,1
info@autosolutionsa.com,Auto,Solution,Auto Solution,(210) 446-4944,https://www.autosolutionsa.com/,San Antonio,"8915 Grissom Rd, San Antonio, TX 78251",4.9,646,Used car dealer,risky,unknown,mv-verified-houston-risky-2026-04-20,ChIJJ_oKKzVdXIYRvD2ubSbPeTQ,1
station1bar@yahoo.com,Station,1 Bar & Grill,Station 1 Bar & Grill,(956) 230-0638,http://www.station1barandgrill.com/,Harlingen,"1662 Sam Houston Dr, Harlingen, TX 78550",4.6,644,Bar & grill,risky,unknown,mv-verified-houston-risky-2026-04-20,ChIJsRAdeH2Db4YRjjKsx7fsBzg,1
info@laoddistrict.com,Lao'd,District,Lao'd District,(281) 974-2421,http://www.laoddistrict.com/,Houston,"9393 Bellaire Blvd Ste B, Houston, TX 77036",4.7,640,Thai restaurant,risky,catch_all,mv-verified-houston-risky-2026-04-20,ChIJKxbbvZbDQIYR5i8LA-s4kZY,1
info@russellfeed.com,Russell,Feed & Supply,Russell Feed & Supply,(817) 626-8452,http://www.russellfeed.com/,Fort Worth,"5810 Jacksboro Hwy, Fort Worth, TX 76114",4.7,640,Pet supply store,risky,catch_all,mv-verified-houston-risky-2026-04-20,ChIJXUDKCu90ToYRnUcs49Ih3ng,1
karrie@saddlecreekdental.com,Saddle,"Creek Dental, PA","Saddle Creek Dental, PA",(254) 836-9595,http://www.saddlecreekdental.com/,Waco,"10104 Saddle Creek Rd, Waco, TX 76708",4.9,640,Dentist,risky,catch_all,mv-verified-houston-risky-2026-04-20,ChIJEUDyIuqaT4YRZACihnUENQw,1
info@josephinesgulfcoasttradition.com,Josephine's,,Josephine's,(713) 527-8988,https://josephinesgulfcoasttradition.com/,Houston,"318 Gray St, Houston, TX 77002",4.6,639,Seafood restaurant,risky,catch_all,mv-verified-houston-risky-2026-04-20,ChIJ87bI7ue_QIYRkqpk9OU8kr0,1
office@wedgeworthplumbing.com,Wedgeworth,Plumbing,Wedgeworth Plumbing,(832) 867-5309,http://www.wedgeworthplumbing.com/,Houston,"9025 Ruland Rd Unit 003, Houston, TX 77055",4.9,639,Plumber,risky,unknown,mv-verified-houston-risky-2026-04-20,ChIJ864KJUfEQIYRC0OBmw_schs,2
info@henrysac.com,Henry's,A/C & Heat,Henry's A/C & Heat,(832) 964-7672,https://www.henrysac.com/,Rosharon,"4305 Chance Ln Unit 6, Rosharon, TX 77583",4.9,638,HVAC contractor,risky,catch_all,mv-verified-houston-risky-2026-04-20,ChIJl7ifGR2jQIYReq7NFOBOQ9s,1
info@lejardinier-houston.com,Le,Jardinier,Le Jardinier,(713) 714-3015,https://www.lejardinier-houston.com/,Houston,"5500 Main St Suite 122, Houston, TX 77004",4.5,638,Modern French restaurant,risky,catch_all,mv-verified-houston-risky-2026-04-20,ChIJIUTbMUu_QIYRvNV3_RXqZDw,1
info@tripleacafe.co,Triple,A Cafe,Triple A Cafe,(817) 494-3469,http://tripleacafe.co/,Fort Worth,"14113 Trinity Blvd #201, Fort Worth, TX 76155",4.7,638,Breakfast restaurant,risky,unknown,mv-verified-houston-risky-2026-04-20,ChIJEcSRTCGBToYRI9HeXqgUHCg,1
hello@stillwatersdfw.com,Still,Waters Plumbing,Still Waters Plumbing,(972) 347-4208,http://www.stillwatersdfw.com/?utm_source=localsearch&utm_medium=organic&utm_campaign=googlemybusiness,,,4.8,637,Plumber,risky,catch_all,mv-verified-houston-risky-2026-04-20,ChIJ8TgpcnEVTIYRNgWODQSaU5c,1
info@texaslegendsguns.com,Texas,Legends Gun Range & Training Center LLC,Texas Legends Gun Range & Training Center LLC,(469) 675-8803,https://www.texaslegendsguns.com/,Allen,"1499 N Central Expy, Allen, TX 75013",4.6,637,Shooting range,risky,catch_all,mv-verified-houston-risky-2026-04-20,ChIJp9TA_7wXTIYRPQyPqvSjNbI,1
info@harwoodarmsdallas.com,Harwood,Arms,Harwood Arms,(214) 273-5151,https://harwoodarmsdallas.com/,Dallas,"2823 McKinnon St, Dallas, TX 75201",4.4,636,Pub,risky,catch_all,mv-verified-houston-risky-2026-04-20,ChIJjxRfJ_qZToYRVF1PXh4VCtA,1
smlinfo@sml.texas.gov,Republic,State Mortgage Co,Republic State Mortgage Co,,http://www.republicstatemortgage.com/,Houston,"815 Hawthorne St, Houston, TX 77006",5,635,Mortgage lender,risky,catch_all,mv-verified-houston-risky-2026-04-20,ChIJhZnlGfbAQIYRQ3CfYsnF5-o,1
office@roofrepair.day,Roof,Repair Services,Roof Repair Services,(713) 487-6856,https://roofrepair.day/?utm_campaign=gmb,Rosenberg,"3102 1st St, Rosenberg, TX 77471",4.9,635,Roofing contractor,risky,catch_all,mv-verified-houston-risky-2026-04-20,ChIJdfsUOCHjQIYRDX4Wb7i-CC0,5
info@accurateairtx.com,Accurate,Home Services,Accurate Home Services,(469) 966-4173,https://accurateairtx.com/?utm_source=google&utm_medium=organic&utm_campaign=google-business-profile&utm_content=website,Kaufman,"1406 S Washington St, Kaufman, TX 75142",4.8,634,Plumber,risky,catch_all,mv-verified-houston-risky-2026-04-20,ChIJRwG4UpJJSYYR8JklVVTzFzc,1
info@larrystinsonplumbing.com,Larry,Stinson Plumbing & Water Heater Repair,Larry Stinson Plumbing & Water Heater Repair,(817) 508-2631,https://larrystinsonplumbing.com/?utm_source=google&utm_medium=organic&utm_campaign=gbp_fort_worth,Fort Worth,"2406 Gravel Dr, Fort Worth, TX 76118",4.9,634,Plumber,risky,catch_all,mv-verified-houston-risky-2026-04-20,ChIJ3-61gs5rToYRV-jn-AM5Ejo,1
info@patriotpoolandspa.com,Patriot,Pool & Spa,Patriot Pool & Spa,(512) 636-8122,https://www.patriotpoolandspa.com/locations/austin/?utm_source=google&utm_medium=organic&utm_campaign=gbp,Austin,"1912 Bench Mark Dr, Austin, TX 78728",4.8,634,Pool cleaning service,risky,catch_all,mv-verified-houston-risky-2026-04-20,ChIJq6qqqiYzW4YRtZfefRy1z3A,2
tech@alyne.io,CR,"Plumbing, Air & Electric","CR Plumbing, Air & Electric",(940) 394-8705,https://www.crplumbingdfw.com/service-areas/flower-mound-plumbing-and-hvac-company/,Flower Mound,"3121 Cross Timbers Rd Suite 11, Flower Mound, TX 75028",4.9,633,Plumber,risky,unknown,mv-verified-houston-risky-2026-04-20,ChIJ0QaomM4tTIYRYRjw5Emw2Dw,2
info@kyleautorepair.com,Dave's,Kyle Auto & Diesel Repair,Dave's Kyle Auto & Diesel Repair,(512) 504-3120,https://kyleautorepair.com/,Kyle,"395 Co Rd 202 Unit 9B, Kyle, TX 78640",4.9,633,Auto repair shop,risky,unknown,mv-verified-houston-risky-2026-04-20,ChIJAzy-P8FVW4YRH_SKiErf6TI,1
info@freedomforever.com,Freedom,Forever,Freedom Forever,(888) 557-6431,https://www.freedomforever.com/,Houston,"4620 S Sam Houston Pkwy W, Houston, TX 77053",4,630,Solar energy company,risky,catch_all,mv-verified-houston-risky-2026-04-20,ChIJT6rDZd63QIYR4KIzKwBZj3k,2
info@lakeolympiaanimal.com,Lake,Olympia Animal Hospital,Lake Olympia Animal Hospital,(281) 502-2565,https://www.lakeolympiaanimal.com/,Missouri City,"20413 University Blvd, Missouri City, TX 77459",4.8,629,Veterinarian,risky,catch_all,mv-verified-houston-risky-2026-04-20,ChIJr6D-u1jvQIYR8eQ9QznXuVM,1
memesmuffler@sbcglobal.net,Meme’s,Mufflers N More,Meme’s Mufflers N More,(281) 861-5959,http://memesmufflersnmore.net/,Houston,"17642 W Little York Rd, Houston, TX 77084",4.8,629,Auto repair shop,risky,catch_all,mv-verified-houston-risky-2026-04-20,ChIJUbzIJHDXQIYRbBa03tDuR0I,1
smile@premierdentalcaretx.com,Premier,Dental Care,Premier Dental Care,+1 409-982-7827,http://www.premierdentalcaretx.com/,Port Arthur,"3020 39th St, Port Arthur, TX 77642, United States",4.8,629,Dentist,risky,catch_all,mv-verified-houston-risky-2026-04-20,ChIJl1ubAoCwPoYR3ihUL3bJ9K0,1
info@westmarine.com,West,Marine,West Marine,(281) 535-0820,https://www.westmarine.com/stores/kemah-tx-564/?utm_source=GMB&utm_campaign=Local-Listings,Kemah,"1401 Marina Bay Dr, Kemah, TX 77565",4.3,629,Bait shop,risky,catch_all,mv-verified-houston-risky-2026-04-20,ChIJb-3M3fJiP4YRuHzgJAVdCPA,1
info@garagetec.org,Garage,Tec Automatic Gates & Garage Door Repair,Garage Tec Automatic Gates & Garage Door Repair,(469) 589-1155,https://garagetec.org/,Dallas,"9965 Royal Ln Ste 35, Dallas, TX 75231",4.9,628,Garage door supplier,risky,catch_all,mv-verified-houston-risky-2026-04-20,ChIJIVqcX-gbTIYREf34sKU1_O8,3
info@goodygoody.com,Goody,Goody Liquor,Goody Goody Liquor,(214) 765-6878,http://www.goodygoody.com/,Dallas,"3316 Oak Lawn Ave, Dallas, TX 75219",4.6,628,Liquor store,risky,unknown,mv-verified-houston-risky-2026-04-20,ChIJrSVql86eToYRsTon75gG8X4,1
info@northtarrantac.com,North,Tarrant Heating & Air Conditioning LLC,North Tarrant Heating & Air Conditioning LLC,(817) 670-3144,https://www.northtarrantac.com/,Fort Worth,"12001 Egg Store Rd, Fort Worth, TX 76244",5,628,HVAC contractor,risky,catch_all,mv-verified-houston-risky-2026-04-20,ChIJIzpOjf7ZTYYRuQ3WeNbWKV8,1
info@thehivetx.com,The,Hive Java Lounge,The Hive Java Lounge,(915) 500-5500,http://www.thehivetx.com/,El Paso,"1505 George Dieter Dr #115, El Paso, TX 79936",4.8,628,Coffee shop,risky,catch_all,mv-verified-houston-risky-2026-04-20,ChIJsdNIS35D54YRvGpydWrK6tw,1
ashburn@thenowmassage.com,The,NOW Massage Lower Greenville,The NOW Massage Lower Greenville,+1 214-764-6980,https://thenowmassage.com/lower-greenville/,Dallas,"3614 Greenville Ave, Dallas, TX 75206, United States",4.8,628,Massage therapist,risky,catch_all,mv-verified-houston-risky-2026-04-20,ChIJh3S_CeifToYRksp2Iz91L88,1
info@allamericanflooring.net,All,American Flooring,All American Flooring,(972) 440-1048,https://www.allamericanflooring.net/stores/dallas?utm_source=google&utm_medium=organic&utm_campaign=gmb&utm_content=dallas,Dallas,"4490 Alpha Rd #100, Dallas, TX 75244",4.8,627,Flooring store,risky,catch_all,mv-verified-houston-risky-2026-04-20,ChIJf54gY9QgTIYR17x1mAPS3rI,1
info@kingsaire.com,Kings,Aire,Kings Aire,(915) 592-2997,https://kingsaire.com/,El Paso,"1035 Kessler Dr, El Paso, TX 79907",4.6,627,HVAC contractor,risky,catch_all,mv-verified-houston-risky-2026-04-20,ChIJG99va2tD54YRFXy-Vjmm9X4,1
rokia2926@aol.com,Pink,Cobra Tattoo,Pink Cobra Tattoo,(817) 768-7549,https://book.heygoldie.com/Pink-Cobra-Tattoo?fbclid=PAQ0xDSwMNcGdleHRuA2FlbQIxMQABpxLXgtZpEJM0I_297yNGCYbMeHiRIsEfPc5xWpBglyEoOgpyGsognb6hihHK_aem_zH1FRyeIXrrNyf6Kael6_w,Fort Worth,"603 Houston St, Fort Worth, TX 76102",4.9,627,Tattoo shop,risky,unknown,mv-verified-houston-risky-2026-04-20,ChIJW-B7KI9xToYRwMyxYdQb7Zo,4
info@rochastowing.com,Rocha's,Towing Service,Rocha's Towing Service,(512) 280-2642,http://rochastowing.com/,Austin,"5700 Burleson Rd, Austin, TX 78744",4.3,625,Towing service,risky,catch_all,mv-verified-houston-risky-2026-04-20,ChIJMeqEg3W0RIYRqTX_v7UAZhc,1
sanantonio@coyoteuglysaloon.com,Coyote,Ugly San Antonio,Coyote Ugly San Antonio,(210) 465-8459,https://www.coyoteuglysaloon.com/sanantonio/,San Antonio,"409 E Commerce St, San Antonio, TX 78205",4,623,Bar,risky,catch_all,mv-verified-houston-risky-2026-04-20,ChIJWeodYyZZXIYR4IcrPzj0Nb8,1
info@crosselectricllc.com,Cross,Electric,Cross Electric,(817) 847-7111,https://www.crosselectricllc.com/?utm_source=google&utm_medium=organic&utm_campaign=gbp,Fort Worth,"9227 Live Oak Ln, Fort Worth, TX 76179",4.9,623,Electrician,risky,catch_all,mv-verified-houston-risky-2026-04-20,ChIJIezmYV_gTYYRYfdR_ZbeLL0,1
donedeal@donedealautosales.com,Done,Deal Auto Sales,Done Deal Auto Sales,(281) 372-6037,https://donedealautosales.com/,Houston,"5701 Southwest Fwy, Houston, TX 77057",4.1,623,Used car dealer,risky,catch_all,mv-verified-houston-risky-2026-04-20,ChIJ4SjAqH3dQIYR1qjCp1HsL-I,1
jerimiahodom@yahoo.com,Cedar,Springs Tattoo & Piercing,Cedar Springs Tattoo & Piercing,(214) 559-3706,http://cedarspringstattoo.com/,Dallas,"4008 Cedar Springs Rd, Dallas, TX 75219",4.6,618,Tattoo shop,risky,unknown,mv-verified-houston-risky-2026-04-20,ChIJBwVtpMmeToYR0QJiGIJRaOQ,1
slhreservations@ldry.com,Grotto,Ristorante,Grotto Ristorante,(409) 740-8605,https://www.sanluisresort.com/restaurants/grotto/,Galveston,"5222 Seawall Blvd, Galveston, TX 77551",4.6,618,Restaurant,risky,catch_all,mv-verified-houston-risky-2026-04-20,ChIJqR9KnSWcP4YRAwqYjJUURSE,1
info@1820coffeehouse.com,1820,Coffee House,1820 Coffee House,(281) 245-6299,https://1820coffeehouse.com/,Alvin,"419 W Sealy St, Alvin, TX 77511",4.8,617,Coffee shop,risky,catch_all,mv-verified-houston-risky-2026-04-20,ChIJRYjOcQSPQIYRR_WS75mUwqc,1
info@laborstreetcafe.com,Labor,Street Cafe,Labor Street Cafe,(210) 942-8527,https://laborstreetcafe.com/,San Antonio,"718 Labor St, San Antonio, TX 78210",4.8,613,Breakfast restaurant,risky,catch_all,mv-verified-houston-risky-2026-04-20,ChIJ14nT0W33XIYRd3hHDX85Nlg,1
mikes_appliance@yahoo.com,Mike's,Appliance Service,Mike's Appliance Service,(210) 573-2786,https://www.appliancerepairservicesanantonio.com/,San Antonio,"1116 Lee Hall St, San Antonio, TX 78201",4.3,613,Appliance repair service,risky,unknown,mv-verified-houston-risky-2026-04-20,ChIJe-gJAqRfXIYRNUTZmcC8snE,1
tmbui1020@yahoo.com,Adore,Nail Lounge,Adore Nail Lounge,(512) 775-0134,https://adorenaillounge.com/,Austin,"4400 N Lamar Blvd Ste. 103, Austin, TX 78756",4.7,612,Nail salon,risky,unknown,mv-verified-houston-risky-2026-04-20,ChIJMzQ3XavLRIYRpFHXOgm5D9s,1
info@circledtrans.com,Circle,D Transmission,Circle D Transmission,(713) 895-7019,https://www.circledtrans.com/?utm_source=gmb&utm_medium=organic,Houston,"13706 Hempstead Rd, Houston, TX 77040",4.9,611,Transmission shop,risky,catch_all,mv-verified-houston-risky-2026-04-20,ChIJG3OujHnFQIYRPu6mo5PRYpI,1
info@steinmetzplumbing.com,Steinmetz,"Plumbing, Inc.","Steinmetz Plumbing, Inc.",(281) 620-9200,http://www.yourplumberforlife.com/,Richmond,"1860 FM359 #319, Richmond, TX 77406",4.9,611,Plumber,risky,catch_all,mv-verified-houston-risky-2026-04-20,ChIJAQDcZNYfQYYRBCILd5NDdtk,1
washaustin@atx-softwash.com,ATX,Soft Wash,ATX Soft Wash,+1 737-260-5346,https://www.washaustin.com/?utm_campaign=gmb,,,5,610,Pressure washing service,risky,catch_all,mv-verified-houston-risky-2026-04-20,ChIJQY2pA07NRIYR_Ti2v_AU1AA,1
info@drainworkstx.com,Air,& Drain Works,Air & Drain Works,(210) 239-9445,https://www.drainworkstx.com/?utm_source=google&utm_medium=organic&utm_campaign=gbp,San Antonio,"4719 Broom St, San Antonio, TX 78217",4.9,610,Plumber,risky,unknown,mv-verified-houston-risky-2026-04-20,ChIJb_-uVmJfXIYRL90r8qJDZsM,1
service@urbantexaspest.com,Urban,Texas Pest Control,Urban Texas Pest Control,(210) 900-2323,http://www.urbantexaspest.com/,San Antonio,"9450 Brushy Point St, San Antonio, TX 78250",5,610,Pest control service,risky,catch_all,mv-verified-houston-risky-2026-04-20,ChIJXWnIsi4tW4YRXq841YU8wdw,1
info@thepetvillage.us,Pet,Village,Pet Village,(972) 709-7387,http://www.thepetvillage.us/,Duncanville,"200 N Main St, Duncanville, TX 75116",4.4,608,Pet store,risky,unknown,mv-verified-houston-risky-2026-04-20,ChIJ7e3sjs-RToYRh8Q7tZj9JjY,1
info@upstairsbarandlounge.com,Upstairs,,Upstairs,(713) 523-8652,http://upstairsbarandlounge.com/,Houston,"2356 Rice Boulevard fl 2, Houston, TX 77005",4.5,608,Bar,risky,catch_all,mv-verified-houston-risky-2026-04-20,ChIJ8dajQGfAQIYRaf7LAOiHZ2k,1
info@yourtimehomeinspections.com,Your,Time Home Inspections,Your Time Home Inspections,(210) 367-2945,http://yourtimehomeinspections.com/,San Antonio,"1800 NE Interstate 410 Loop #216, San Antonio, TX 78217",4.9,608,Home inspector,risky,catch_all,mv-verified-houston-risky-2026-04-20,ChIJlzjlgTfzXIYR-rOZrGu0iZ8,1
info@lifelineplumbing.com,Life,Line Plumbing,Life Line Plumbing,(281) 579-0555,https://www.lifelineplumbing.com/,Katy,"1430 Vander Wilt Ln C, Katy, TX 77449",4.9,607,Plumber,risky,catch_all,mv-verified-houston-risky-2026-04-20,ChIJUYB6GzonQYYRci6xSO9bVbo,1
info@cypressdentalpractice.com,Cypress,Dentistry and Orthodontics,Cypress Dentistry and Orthodontics,(281) 861-0015,https://www.cypressdentalpractice.com/?sc_cid=GBP%3AO%3AGP%3A641%3AOrganic_Search%3AGeneral%3Ana&_vsrefdom=organic_gbp&y_source=1_MTc0MTE5Mi03MTUtbG9jYXRpb24ud2Vic2l0ZQ%3D%3D,Cypress,"9727 Barker Cypress Rd Ste 600, Cypress, TX 77433",4.5,606,Dentist,risky,catch_all,mv-verified-houston-risky-2026-04-20,ChIJF7uRFfXWQIYRtJpb-sEaP5k,1
info@texasrepair.autos,Texas,Auto Repair and Tire,Texas Auto Repair and Tire,(972) 685-0968,https://texasrepair.autos/,Dallas,"4870 Sunnyvale St, Dallas, TX 75216",4.9,606,Auto repair shop,risky,catch_all,mv-verified-houston-risky-2026-04-20,ChIJ47v3JcqXToYRdz7EPiP6lag,1
info@austinskylinecleaning.com,Austin,Skyline Cleaning Services,Austin Skyline Cleaning Services,(512) 222-3553,https://austinskylinecleaning.com/,Austin,"2010 W Koenig Ln STE 105, Austin, TX 78756",5,605,House cleaning service,risky,catch_all,mv-verified-houston-risky-2026-04-20,ChIJe582Q9cKVCQRj8xdbY3qJmM,1
info@nhl.com,Children's,Health StarCenter-Farmers Branch,Children's Health StarCenter-Farmers Branch,(214) 432-3131,https://www.nhl.com/stars/starcenters/locations/farmers-branch,Farmers Branch,"12700 N Stemmons Fwy, Farmers Branch, TX 75234",4.5,599,Ice skating rink,risky,catch_all,mv-verified-houston-risky-2026-04-20,ChIJe3q1YLgnTIYRXFcie0J8BsY,3
info@cowsertire.com,Cowser,Tire and Service,Cowser Tire and Service,(817) 625-8473,https://www.cowsertire.com/,Fort Worth,"1700 NE Loop 820, Fort Worth, TX 76106",4.6,599,Tire shop,risky,catch_all,mv-verified-houston-risky-2026-04-20,ChIJ24MP7mp2ToYRZK-jj3p87VI,1
info@darrdentistry.com,Darr,Dentistry,Darr Dentistry,(903) 636-6862,https://www.darrdentistry.com/?utm_source=google&utm_medium=google_business_profile&utm_campaign=website_click,Longview,"3002 H G Mosley Pkwy, Longview, TX 75605",5,598,Dentist,risky,catch_all,mv-verified-houston-risky-2026-04-20,ChIJG__5Hbg4NoYRli0ayUL2keY,1
info@oasiswashateria.com,Oasis,Washateria Mangum,Oasis Washateria Mangum,(832) 831-8381,https://www.oasiswashateria.com/,Houston,"3303 Mangum Rd, Houston, TX 77092",4.8,598,Laundromat,risky,catch_all,mv-verified-houston-risky-2026-04-20,ChIJjwbOBmHGQIYRtJHFacZuX00,4
info@ironcitygymtx.com,Iron,City Gym,Iron City Gym,(281) 213-2851,https://ironcitygymtx.com/,Cypress,"15922 Cypress North Houston Rd #200, Cypress, TX 77429",4.8,597,Gym,risky,catch_all,mv-verified-houston-risky-2026-04-20,ChIJLypcjB3UQIYRBX4fVolQ0jU,1
shannon.edwards@aimbridge.com,Claraboya,Scratch Kitchen & Bar,Claraboya Scratch Kitchen & Bar,(806) 516-0400,https://www.claraboya-lbk.com/,Lubbock,"505 Avenue Q, Lubbock, TX 79401",4.7,595,Western restaurant,risky,catch_all,mv-verified-houston-risky-2026-04-20,ChIJveSVh-QT_oYRoCQmbqXkYeI,1
info@tejasplumbingservices.com,Tejas,"Plumbing Services, LLC","Tejas Plumbing Services, LLC",(903) 413-7440,https://www.tejasplumbingservices.com/,Greenville,"4511 Co Rd 2200 #509, Greenville, TX 75402",4.8,594,Plumber,risky,catch_all,mv-verified-houston-risky-2026-04-20,ChIJYWDslY_nS4YRUEWn2Sdl1G4,1
info@fishplacetx.com,The,Fish Place,The Fish Place,(817) 737-8265,http://www.fishplacetx.com/,Fort Worth,"1728 Mall Cir, Fort Worth, TX 76116",4.6,594,Pet supply store,risky,unknown,mv-verified-houston-risky-2026-04-20,ChIJH3xHNDVzToYRSu7jDZnilQ4,1
sws.fort.worth.northside@airgas.com,Airgas,Store,Airgas Store,(817) 877-0148,https://locations.airgas.com/tx/fortworth/airgas-store-c310.html?utm_arg=3rd_party_local:Google::Industrial:C310,Fort Worth,"801 E Northside Dr, Fort Worth, TX 76102",5,591,Welding supply store,risky,catch_all,mv-verified-houston-risky-2026-04-20,ChIJyQUTL7J2ToYRNlRyxRPYuoY,3
info@brockscarcare.com,Brocks,Car Care,Brocks Car Care,(281) 992-7774,http://brockscarcare.com/,Webster,"2940 FM 528 Rd, Webster, TX 77598",4.8,591,Auto repair shop,risky,catch_all,mv-verified-houston-risky-2026-04-20,ChIJHwOIvkObQIYRiz1wfhDJFvU,1
dallas@cornerstonestaffing.com,CornerStone,Staffing,CornerStone Staffing,(817) 332-5882,https://www.cornerstonestaffing.com/locations-contact-us/fort-worth/,Fort Worth,"1300 Summit Ave #110, Fort Worth, TX 76102",4.5,590,Temp agency,risky,catch_all,mv-verified-houston-risky-2026-04-20,ChIJd49ceGZxToYRax5xRZqVBdU,2
jaylene@urbangrillandwinebar.com,Urban,Grill and Wine Bar McKinney,Urban Grill and Wine Bar McKinney,(214) 548-4075,https://www.urbangrillmckinney.com/,McKinney,"218 E Louisiana St STE 300, McKinney, TX 75069",4.5,588,American restaurant,risky,catch_all,mv-verified-houston-risky-2026-04-20,ChIJuTGaVHcTTIYRkUXb3R3FjoY,1
info@talespinpizza.com,Talespin,Pizza,Talespin Pizza,(832) 672-8140,http://talespinpizza.com/,Houston,"11300 Katy Fwy Suite B700, Houston, TX 77043",4.8,587,Pizza restaurant,risky,catch_all,mv-verified-houston-risky-2026-04-20,ChIJj7_ZsBTbQIYRZzz3wttd7cM,1
info@ezacandheat.com,EZ,Air Conditioning & Heating,EZ Air Conditioning & Heating,(210) 558-7883,https://www.ezacandheat.com/,San Antonio,"7217 Bandera Rd, San Antonio, TX 78238",4.9,581,HVAC contractor,risky,catch_all,mv-verified-houston-risky-2026-04-20,ChIJAZ8j0hBeXIYRVty8oHfdYIc,1
travelcenter.306@pilottravelcenters.com,Pilot,Travel Center,Pilot Travel Center,(210) 661-5353,https://locations.pilotflyingj.com/us/tx/san-antonio/5619-i-10-e,San Antonio,"5619 I-10, San Antonio, TX 78219",3.7,581,Gas station,risky,catch_all,mv-verified-houston-risky-2026-04-20,ChIJ_fRmJ-TzXIYRm73gWlzRAHo,1
sales@txcardirect.com,Texas,Car Direct,Texas Car Direct,(832) 582-6655,https://txcardirect.com/,Houston,"6510 N Shepherd Dr, Houston, TX 77091",4.6,581,Used car dealer,risky,catch_all,mv-verified-houston-risky-2026-04-20,ChIJUU9MvF3DQIYRoyZZCM_U9oc,1
info@riveroaksdonuts.com,River,Oaks Donuts,River Oaks Donuts,(713) 961-9458,http://www.riveroaksdonuts.com/,Houston,"3601 Westheimer Rd, Houston, TX 77027",4.3,579,Donut shop,risky,unknown,mv-verified-houston-risky-2026-04-20,ChIJe1q8H-LAQIYRjOXDUeXsHbk,1
info@primepoolservice.com,Prime,Pool Service,Prime Pool Service,(512) 441-3473,http://www.primepoolservice.com/?utm_campaign=gmb,Austin,"12014 N Lamar Blvd, Austin, TX 78753",4.7,576,Pool cleaning service,risky,catch_all,mv-verified-houston-risky-2026-04-20,ChIJ5UaWLvEtW4YRSfterZZhM-g,1
katy@chipcookies.co,Chip,Cookies Katy,Chip Cookies Katy,(832) 685-4060,https://www.chipcookieskaty.com/,Katy,"806 Katy Fort Bend Rd Suite 160B, Katy, TX 77493",4.9,575,Bakery,risky,catch_all,mv-verified-houston-risky-2026-04-20,ChIJHXkU7fMnQYYR755q8ozxhr0,1
sales@southtxauto.com,South,Texas Auto,South Texas Auto,(210) 647-1001,http://www.southtxauto.com/,San Antonio,"7905 Bandera Rd, San Antonio, TX 78250",4.5,574,Used car dealer,risky,catch_all,mv-verified-houston-risky-2026-04-20,ChIJCwNZ84tnXIYRYy5PoXZkWy4,1
contact@acquariorestaurant.com,Acquario,Italian Restaurant,Acquario Italian Restaurant,(817) 431-8323,https://www.acquariorestaurant.com/,Keller,"8849 Davis Blvd Suite 100, Keller, TX 76248",4.9,573,Italian restaurant,risky,catch_all,mv-verified-houston-risky-2026-04-20,ChIJCdykLhzXTYYR7iQqEC5Vw2A,1
info@armortexasins.com,Armor,"Texas Insurance Agency, Inc.","Armor Texas Insurance Agency, Inc.",(817) 332-2066,https://www.armortexasins.com/,Fort Worth,"2612 W Dickson St, Fort Worth, TX 76110",4.9,573,Insurance agency,risky,unknown,mv-verified-houston-risky-2026-04-20,ChIJZ6dpk8htToYRP6POUyMjrbo,1
abc.bonding@yahoo.com,ABC,Bail Bonds,ABC Bail Bonds,(713) 588-9727,https://www.abc-bailbonds.com/?utm_source=gmb%2C+gbp&utm_medium=organic&utm_campaign=houston&utm_content=website,Houston,"400 San Jacinto St, Houston, TX 77002",4.2,572,Bail bonds service,risky,unknown,mv-verified-houston-risky-2026-04-20,ChIJ3c4xniW_QIYRWaDGAAF_IMI,1
expoheatingcoolingllc@yahoo.com,Expo,Heating & Cooling Inc.,Expo Heating & Cooling Inc.,(346) 445-6224,https://www.expoheatingcoolinginc.com/,Spring,"19507 Wied Rd Suite B, Spring, TX 77388",5,570,HVAC contractor,risky,unknown,mv-verified-houston-risky-2026-04-20,ChIJuyWvGOg2R4YR9xOB9JWQcI8,1
info@puertovallartatexmex.com,Vallarta,Mexican Grill,Vallarta Mexican Grill,(979) 318-3222,https://puertovallartatexmex.com/grill/,Bay City,"4701 7th St, Bay City, TX 77414",4.5,569,Mexican restaurant,risky,catch_all,mv-verified-houston-risky-2026-04-20,ChIJY3yqYoe5QYYRqb9202S4bYU,1
webadmin@partnerspersonnel.com,Partners,Personnel,Partners Personnel,(915) 207-2770,https://www.partnerspersonnel.com/pj_locations/el-paso-tx/,El Paso,"10280 Montana Ave Suite I & J, El Paso, TX 79925",4.9,567,Employment agency,risky,catch_all,mv-verified-houston-risky-2026-04-20,ChIJo0yRZzhb54YR328hRBUm4ok,1
info@summitmovinghouston.com,Summit,Moving & Storage,Summit Moving & Storage,(346) 476-4244,https://summitmovinghouston.com/,Houston,"5410 Trafalgar Dr Ste. D, Houston, TX 77045",4.6,566,Moving and storage service,risky,unknown,mv-verified-houston-risky-2026-04-20,ChIJ1bmly4vrQIYRBTqHPuwEcUo,1
info@rossavefamilydental.com,Ross,Avenue Family Dental of Dallas,Ross Avenue Family Dental of Dallas,(469) 210-7223,https://www.rossavefamilydental.com/,Dallas,"4540 Ross Ave #140, Dallas, TX 75204",4.9,565,Dentist,risky,catch_all,mv-verified-houston-risky-2026-04-20,ChIJQYr_h9-ZToYRBYRWb2gVIeY,1
info@berensonlaw.com,Berenson,Injury Law,Berenson Injury Law,(817) 885-8000,https://www.berensonlaw.com/?utm_campaign=gmb&utm_medium=organic&utm_source=google,Fort Worth,"1701 River Run #900, Fort Worth, TX 76107",5,564,Personal injury attorney,risky,catch_all,mv-verified-houston-risky-2026-04-20,ChIJpffzLy1yToYRJ4z8bomBhwA,1
walkerranchdistro@cortland.com,Cortland,Walker Ranch,Cortland Walker Ranch,(210) 796-2622,https://cortland.com/apartments/cortland-walker-ranch/?utm_source=gmb_site&utm_medium=organic,San Antonio,"12803 West Ave, San Antonio, TX 78216",4.7,564,Apartment complex,risky,unknown,mv-verified-houston-risky-2026-04-20,ChIJdVCDLzJgXIYRkoZvyNfAvus,1
info@randstadusa.com,Randstad,,Randstad,(281) 890-1530,https://www.randstadusa.com/local/tx/houston/11242-fm-1960-road?utm_source=google&utm_medium=organic&utm_campaign=gmb&utm_content=houston-road,Houston,"11242 Farm to Market 1960 Rd W Suite 101, Houston, TX 77065",4.7,564,Temp agency,risky,catch_all,mv-verified-houston-risky-2026-04-20,ChIJh-LqspbRQIYR1ic1OMeLoPo,1
info@gardnerhotel.com,Gardner,Hotel & Hostel,Gardner Hotel & Hostel,(915) 532-3661,http://www.gardnerhotel.com/,El Paso,"311 E Franklin Ave, El Paso, TX 79901",4.2,563,Hotel,risky,unknown,mv-verified-houston-risky-2026-04-20,ChIJYViCBv5Y54YRXTXk5UX1Cuc,1
service@freedomhaulingtx.com,Freedom,Junk Hauling and Demolition,Freedom Junk Hauling and Demolition,(281) 750-5579,https://freedomhaulingtx.com/,Richmond,"1327 Woodmere Ln, Richmond, TX 77406",5,562,Junk removal service,risky,catch_all,mv-verified-houston-risky-2026-04-20,ChIJQbp9Rl5YgAMRsFzFWZJa5Lc,1
info@luxenailslashes.com,Luxe,Nails & Lashes,Luxe Nails & Lashes,(915) 304-0355,https://luxenailslashes.com/,El Paso,"9530 Viscount Blvd #1C, El Paso, TX 79925",4.7,562,Nail salon,risky,catch_all,mv-verified-houston-risky-2026-04-20,ChIJg1ITL_Fb54YRxzxkP6Hog7o,1
work@casapantera.com,Casa,Pantera,Casa Pantera,,http://casapantera.com/,El Paso,"3015 Pershing Dr, El Paso, TX 79903",4.1,561,Restaurant,risky,catch_all,mv-verified-houston-risky-2026-04-20,ChIJiWsB8XxZ54YRr_FrYX5cOs8,1
team@o360.com,Northwoods,Dental Spa,Northwoods Dental Spa,(210) 495-7800,http://www.northwoods-dental.com/,San Antonio,"Northwoods Shopping Center, 18160 San Pedro Ave #104, San Antonio, TX 78232",4.7,561,Cosmetic dentist,risky,catch_all,mv-verified-houston-risky-2026-04-20,ChIJ5R3hoR6KXIYRSt-BzqxDQC4,2
info@dossirenosbrewing.com,Dos,Sirenos Brewing,Dos Sirenos Brewing,(210) 442-8138,https://dossirenosbrewing.com/,San Antonio,"231 E Cevallos St, San Antonio, TX 78204",4.8,560,Brewery,risky,catch_all,mv-verified-houston-risky-2026-04-20,ChIJP0jWH3NZXIYRclqv54HvGEM,1
autumn@handysquadhomeservices.com,Handy,"Squad Home Services, Inc.","Handy Squad Home Services, Inc.",(210) 222-2300,https://handysquadhomeservices.com/,San Antonio,"10203 Kotzebue St Suite 103, San Antonio, TX 78217",4.9,559,Handyman/Handywoman/Handyperson,risky,catch_all,mv-verified-houston-risky-2026-04-20,ChIJn2YNgkWLXIYRhUDuxAW_wkI,1
info@hanoverriveroaks.com,Hanover,River Oaks,Hanover River Oaks,(281) 764-6778,https://www.hanoverriveroaks.com/?switch_cls[id]=64863&utm_source=google%20-%20entrataseo&utm_medium=organic&utm_campaign=gmb&utm_content=website%20click,Houston,"2651 Kipling St, Houston, TX 77098",4.7,559,Apartment complex,risky,unknown,mv-verified-houston-risky-2026-04-20,ChIJVWguJ-zAQIYR130g0mpT0sE,1
info@sakuralivingston.com,Sakura,,Sakura,(936) 327-6263,http://www.sakuralivingston.com/,Livingston,"1285 W Church St, Livingston, TX 77351",4.4,559,Japanese restaurant,risky,unknown,mv-verified-houston-risky-2026-04-20,ChIJ4-xoXmaHOIYRUqyuORYncDI,1
contact@lavitacoffee.com,Burger,Vibe,Burger Vibe,(713) 864-0000,https://burgervibe.com/,Houston,"3730 Washington Ave Suite B, Houston, TX 77007",4.8,557,Hamburger restaurant,risky,catch_all,mv-verified-houston-risky-2026-04-20,ChIJDU4yX63BQIYRsM3KSLwSsdo,1
info@schedulehhi.com,HHI,Home Inspections & Pest Control,HHI Home Inspections & Pest Control,(210) 909-8929,http://schedulehhi.com/,,,4.8,556,Home inspector,risky,catch_all,mv-verified-houston-risky-2026-04-20,ChIJodYILL6LXIYRiKj9r41U_YI,1
info@memorialparkvision.com,Memorial,Park Vision,Memorial Park Vision,(281) 888-9256,http://www.memorialparkvision.com/,Houston,"5535 Memorial Dr # I, Houston, TX 77007",4.9,556,Optometrist,risky,unknown,mv-verified-houston-risky-2026-04-20,ChIJhSJyi8jAQIYRIncPrCpoeeY,1
customerservice@guardiansafeandlock.com,Guardian,Safe & Lock LLC,Guardian Safe & Lock LLC,(832) 534-8687,https://www.guardiansafeandlock.com/,Tomball,"27920 Tomball Pkwy Ste 240, Tomball, TX 77375",4.8,555,Locksmith,risky,catch_all,mv-verified-houston-risky-2026-04-20,ChIJf6g1smcsR4YRrj7YkO9lsLk,1
mgmdds@sbcglobal.net,Michael,"G. Moore, DDS - Clear Lake Dentist","Michael G. Moore, DDS - Clear Lake Dentist",(281) 486-9222,https://www.mooreclearlakedentist.com/,Webster,"13810 John Audubon Pkwy # A, Webster, TX 77598",4.9,554,Dentist,risky,catch_all,mv-verified-houston-risky-2026-04-20,ChIJK6-Fi-ubQIYRP5nUdgqVESw,1
info@tireandmechanicshopinsanantoniotexas.com,Mr.,Mechanic & Tire Muffler Shop,Mr. Mechanic & Tire Muffler Shop,(210) 922-3333,https://tireandmechanicshopinsanantoniotexas.com/,San Antonio,"3702 Pleasanton Rd, San Antonio, TX 78221",4.8,554,Auto repair shop,risky,catch_all,mv-verified-houston-risky-2026-04-20,ChIJScjEhV5ZXIYRpGq3NxfzAMc,1
info@bandaslawfirm.com,Bandas,"Law Firm, P.C.","Bandas Law Firm, P.C.",(361) 238-2789,https://www.bandaslawfirm.com/,Corpus Christi,"555 N Carancahua St #1200, Corpus Christi, TX 78401",4.9,551,Personal injury attorney,risky,catch_all,mv-verified-houston-risky-2026-04-20,ChIJixsG5fReaIYR4X1TU4v66sQ,1
info@optionsplumbing.com,Options,Plumbing LLC,Options Plumbing LLC,(469) 820-9288,https://www.optionsplumbing.com/?utm_source=gbp&utm_medium=organic,Red Oak,"213 TX-342 Suite 201, Red Oak, TX 75154",5,551,Plumber,risky,catch_all,mv-verified-houston-risky-2026-04-20,ChIJi4zrGdqyx4cRySVxAx79bzw,3
tspencer@usamortgage.com,USA,Mortgage,USA Mortgage,(210) 399-0401,https://www.usamortgage.com/branch/san-antonio/?utm_source=G&utm_medium=LPM&utm_campaign=USAMortgageLPM,San Antonio,"211 N Loop 1604 E #250, San Antonio, TX 78232",4.9,551,Mortgage lender,risky,catch_all,mv-verified-houston-risky-2026-04-20,ChIJ46VP6vhhXIYRUsn2UA9AJxs,1
info@aplustransmissions.com,A,Plus Transmission Specialists,A Plus Transmission Specialists,(713) 364-7987,https://www.aplustransmissions.com/locations/houston/bellaire-medical-center/?utm_campaign=gmb,Houston,"5809 Southwest Fwy, Houston, TX 77057",4.7,549,Transmission shop,risky,catch_all,mv-verified-houston-risky-2026-04-20,ChIJnxpUSCfCQIYRmhWAgXLBZ9Q,4
emellen@cobblemarketing.com,Cool,Roofs - Austin,Cool Roofs - Austin,(512) 980-1297,https://coolroofs.co/location/austin/,Austin,"2121 E 6th St #201, Austin, TX 78702",5,549,Roofing contractor,risky,catch_all,mv-verified-houston-risky-2026-04-20,ChIJE-221PW1RIYRlVOM1vXrnHw,4
info@smokeydoke.com,SMOKEYDOKE,Vape Smoke & Dispensary,SMOKEYDOKE Vape Smoke & Dispensary,(832) 804-9490,https://smokeydoke.com/,Houston,"5784 Bingle Rd, Houston, TX 77092",4.7,549,Tobacco shop,risky,unknown,mv-verified-houston-risky-2026-04-20,ChIJ_XAoDfDFQIYRBWDgDDCxIa0,1
info@shearedthebarbershop.com,Sheared,The Barbershop - Midtown Houston,Sheared The Barbershop - Midtown Houston,(832) 831-9022,http://www.shearedthebarbershop.com/,Houston,"3100 Fannin St UNIT 105, Houston, TX 77004",4.9,549,Barber shop,risky,catch_all,mv-verified-houston-risky-2026-04-20,ChIJw_UX8_-_QIYR5txEbFo9Zfk,1
office@premierpros.us,Premier,PROS Plumbing & HVAC,Premier PROS Plumbing & HVAC,(210) 322-8232,https://premierpros.us/?utm_campaign=gmb,San Antonio,"2511 S WW White Rd #102, San Antonio, TX 78222",4.9,547,Plumber,risky,catch_all,mv-verified-houston-risky-2026-04-20,ChIJq6reBaj3XIYR25O2RQKKQ_E,1
info@lovelabangbang.com,La,Bang Bang,La Bang Bang,(915) 307-6122,https://www.lovelabangbang.com/,El Paso,"414 E San Antonio Ave, El Paso, TX 79901",4.5,546,Bar & grill,risky,catch_all,mv-verified-houston-risky-2026-04-20,ChIJqWGNB8RZ54YRFyohWjT2bPY,1
info@benmaines.com,Ben,"Maines Air Conditioning, Inc.","Ben Maines Air Conditioning, Inc.",(903) 758-0701,https://www.benmaines.com/?utm_source=google&utm_medium=organic&utm_campaign=gbp,Longview,"205 Enterprise St, Longview, TX 75604",4.9,545,HVAC contractor,risky,catch_all,mv-verified-houston-risky-2026-04-20,ChIJM0unZhI5NoYR-x546BjmqTw,1
info@clubcarwash.com,Club,Car Wash,Club Car Wash,(833) 416-9975,https://clubcarwash.com/?utm_source=Google&utm_medium=Yext&y_source=1_MzYxNTQxNjctNzE1LWxvY2F0aW9uLndlYnNpdGU%3D,San Antonio,"2259 NW Military Hwy, San Antonio, TX 78213",4.3,545,Car wash,risky,unknown,mv-verified-houston-risky-2026-04-20,ChIJsflSviRhXIYRRPMskNYz6XA,3
kayak@fishingtackleunlimited.com,Fishing,Tackle Unlimited,Fishing Tackle Unlimited,(281) 481-6838,https://www.fishingtackleunlimited.com/,Houston,"12800 Gulf Freeway Frontage Road, Houston, TX 77034",4.3,545,Fishing store,risky,catch_all,mv-verified-houston-risky-2026-04-20,ChIJf9-AnuiZQIYRid5LMLWasKM,2
info@locosgringospicknpull.com,Locos,Gringos Pick'N Pull,Locos Gringos Pick'N Pull,(903) 877-4900,http://www.locosgringospicknpull.com/,Tyler,"10310 County Rd 383, Tyler, TX 75708",4.1,545,Used auto parts store,risky,unknown,mv-verified-houston-risky-2026-04-20,ChIJwSEFt-XPSYYRG2ik2OPSip0,1
confirmations@houstonian.com,Houstonian,Trellis Spa,Houstonian Trellis Spa,(713) 685-6790,https://www.trellisspa.com/?utm_source=GMB&utm_medium=Search&utm_campaign=local,Houston,"111 N Post Oak Ln, Houston, TX 77024",4.2,543,Spa,risky,catch_all,mv-verified-houston-risky-2026-04-20,ChIJ3_Hpw0rBQIYRrM7n0PrI4P4,1
info@cityofdenton.com,North,Lakes Recreation Center,North Lakes Recreation Center,(940) 349-8287,https://cityofdenton.com/Facilities/Facility/Details/North-Lakes-Rec-Center-57,Denton,"2001 W Windsor Dr, Denton, TX 76207",4.4,543,Recreation center,risky,catch_all,mv-verified-houston-risky-2026-04-20,ChIJTyqgFIy1TYYR5B9RB8gH_Gg,1
soonja@soonjasbakery.com,Soon,Ja's Bakery,Soon Ja's Bakery,(972) 789-1700,http://www.soonjasbakery.com/,Dallas,"2330 Royal Ln STE 700, Dallas, TX 75229",4.8,542,Cake shop,risky,catch_all,mv-verified-houston-risky-2026-04-20,ChIJI5ILBN4gTIYRAsOnlxGM2C4,1
info@honeymoonatx.com,Honey,Moon Spirit Lounge,Honey Moon Spirit Lounge,(737) 209-0319,http://www.honeymoonatx.com/,Austin,"624 W 34th St, Austin, TX 78705",4.6,540,Restaurant,risky,catch_all,mv-verified-houston-risky-2026-04-20,ChIJ2TVDkSHLRIYRcMu6D8p_-2I,1
support@mercertreeservice.net,Mercer,Tree Service,Mercer Tree Service,(817) 247-5651,https://mercertreeservice.net/,Fort Worth,"3224 Deep Crest Dr, Fort Worth, TX 76244",5,540,Tree service,risky,catch_all,mv-verified-houston-risky-2026-04-20,ChIJZ3ZKRJd4ToYRXl4yatgkOww,1
staff@jnkv.us,DENTIST,at Rock Creek,DENTIST at Rock Creek,(832) 534-3801,https://www.dentistatrockcreek.com/,Cypress,"14502 Spring Cypress Rd #900, Cypress, TX 77429",4.9,538,Dentist,risky,catch_all,mv-verified-houston-risky-2026-04-20,ChIJQZ-yFH7TQIYREWwxgR4kClI,1
in_depth_tattoo@aol.com,In,Depth Tattoo Studio,In Depth Tattoo Studio,(682) 703-1350,http://indepthtattoostudio.com/,Fort Worth,"8341 Camp Bowie W Blvd, Fort Worth, TX 76116",5,537,Tattoo shop,risky,unknown,mv-verified-houston-risky-2026-04-20,ChIJjZUhrdENToYRezhGq5BUR_w,1
info@defenseandarms.com,Lone,Star Defense & Arms LLC,Lone Star Defense & Arms LLC,(713) 465-1820,https://defenseandarms.com/,Houston,"8314 Long Point Rd, Houston, TX 77055",4.7,537,Gun shop,risky,unknown,mv-verified-houston-risky-2026-04-20,ChIJL_7BiPnEQIYRBuiIuBKxNyk,1
info@trufusion.com,Trufusion,,Trufusion,(346) 471-4222,https://www.trufusion.com/houston,Houston,"1980 Post Oak Blvd Ste. A, Houston, TX 77056",4.7,537,Yoga studio,risky,catch_all,mv-verified-houston-risky-2026-04-20,ChIJw26ldULBQIYRoevYX32ERhI,1
info@maivuplumbing.com,Mai,Vu Plumbing,Mai Vu Plumbing,(210) 393-1488,https://www.maivuplumbing.com/,San Antonio,"3442 Copeland Dr, San Antonio, TX 78219",4.9,536,Plumber,risky,unknown,mv-verified-houston-risky-2026-04-20,ChIJ9zDJS_-MXIYRan4pYoM5X98,1
info@oldorangecafe.com,Old,Orange Cafe & Catering Co,Old Orange Cafe & Catering Co,(409) 883-2233,http://www.oldorangecafe.com/,Orange,"914 Division Ave, Orange, TX 77630",4.8,536,American restaurant,risky,catch_all,mv-verified-houston-risky-2026-04-20,ChIJ_exIdBwAPIYRdkrtBKKGdPE,1
info@yonutz.com,Yonutz,Donuts and Ice Cream - Dallas,Yonutz Donuts and Ice Cream - Dallas,(214) 468-4370,https://yonutz.com/,Dallas,"14902 Preston Rd Suite 500, Dallas, TX 75254",4.6,535,Donut shop,risky,catch_all,mv-verified-houston-risky-2026-04-20,ChIJBRNtRtwhTIYRcKP5wyCza6A,1
info@2mautorepair.com,2M,Automotive,2M Automotive,(903) 630-2425,https://2mautorepair.com/,Tyler,"4064 S Broadway Ave Suite 201, Tyler, TX 75701",4.8,533,Auto repair shop,risky,catch_all,mv-verified-houston-risky-2026-04-20,ChIJ2_sUXhTLSYYRa0YLA5Weidc,1
office@rockandryebar.com,Rock,and Rye,Rock and Rye,(210) 721-7753,https://www.rockandryebar.com/,San Antonio,"17631 La Cantera Pkwy #103, San Antonio, TX 78257",4.4,533,Bar,risky,catch_all,mv-verified-houston-risky-2026-04-20,ChIJW7Kqc_dlXIYRlhoiEUV2ONo,1
fwdeluxenailhulen@yahoo.com,Deluxe,"Nail Salon Fort Worth, Nail Salon 76107","Deluxe Nail Salon Fort Worth, Nail Salon 76107",(817) 737-5200,https://www.deluxenailshulen.com/,Fort Worth,"4601 West Fwy Suite 300, Fort Worth, TX 76107",4.5,531,Nail salon,risky,unknown,mv-verified-houston-risky-2026-04-20,ChIJb6yrAqxzToYRjSjctSNyIos,1
1trico@yahoo.com,A1,Tri County Plumbing,A1 Tri County Plumbing,(830) 379-8624,http://www.a1tricountyplumbing.com/,Seguin,"4945 TX-123, Seguin, TX 78155",4.8,529,Plumber,risky,unknown,mv-verified-houston-risky-2026-04-20,ChIJaWa0nWm4XIYRkcqjQQ-b5cs,1
info@obstaplumbing.com,Obsta,"Plumbing, Inc.","Obsta Plumbing, Inc.",(713) 253-4810,http://www.obstaplumbinginc.com/,Katy,"25203 Lakeview Rd, Katy, TX 77494",4.9,528,Plumber,risky,catch_all,mv-verified-houston-risky-2026-04-20,ChIJhR00X38lQYYRm06nO3N0ti8,1
info@tylercenterfordentalhealth.com,Tyler,Center for Dental Health,Tyler Center for Dental Health,(903) 593-5161,http://www.tylercenterfordentalhealth.com/,Tyler,"3201 Paluxy Dr, Tyler, TX 75701",4.9,527,Dentist,risky,catch_all,mv-verified-houston-risky-2026-04-20,ChIJpU5ObIrNSYYRVabEprK-_9c,1
reception@bondsranchvet.com,Bonds,Ranch Animal Medical Center,Bonds Ranch Animal Medical Center,(682) 312-7828,https://bondsranchvet.com/?utm_source=gmb&utm_medium=organic,Fort Worth,"524 W Bonds Ranch Rd, Fort Worth, TX 76131",4.8,526,Veterinarian,risky,unknown,mv-verified-houston-risky-2026-04-20,ChIJg3KNccHeTYYRVyGnOYk3OEg,1
angelashawn@sbcglobal.net,Angela’s,Oven on Aurora,Angela’s Oven on Aurora,(713) 863-5699,http://angelas-oven.com/,Houston,"204 Aurora St, Houston, TX 77008",4.7,525,Bakery,risky,catch_all,mv-verified-houston-risky-2026-04-20,ChIJQyQbWnzHQIYRqhtLnyPAK0k,1
info@smithandhassler.com,Smith,& Hassler,Smith & Hassler,(713) 739-1250,https://www.smithandhassler.com/,Houston,"1225 N Loop W #525, Houston, TX 77008",4.8,525,Personal injury attorney,risky,catch_all,mv-verified-houston-risky-2026-04-20,ChIJHROxGgbHQIYRv0l6KLvs6ko,1
info@tidalwaveautospa.com,Tidal,Wave Auto Spa | Car Wash,Tidal Wave Auto Spa | Car Wash,(706) 938-0991,https://www.tidalwaveautospa.com/location/houston-tx/?utm_source=google&utm_medium=GMB,Houston,"11540 Pearland Pkwy, Houston, TX 77089",4.4,525,Car wash,risky,catch_all,mv-verified-houston-risky-2026-04-20,ChIJ408BdA2XQIYRkmWY7TOPyz4,3
info@fortworthtireandservice.com,Fort,Worth Tire & Service,Fort Worth Tire & Service,(817) 336-2600,http://fortworthtireandservice.com/,Fort Worth,"234 N University Dr, Fort Worth, TX 76107",4.8,523,Tire shop,risky,unknown,mv-verified-houston-risky-2026-04-20,ChIJI4VyRe5zToYRl0J3tJAgo7Y,1
info@thaitapastx.com,Thai,Tapas (Thai Japanese Sushi Bar),Thai Tapas (Thai Japanese Sushi Bar),(832) 929-9599,https://www.thaitapastx.com/,Houston,"460 W 19th St, Houston, TX 77008",4.7,522,Thai restaurant,risky,unknown,mv-verified-houston-risky-2026-04-20,ChIJ5TqsWu7HQIYRxI8SaOP61Nw,1
info@tomlinsons.com,Tomlinson's,Feed,Tomlinson's Feed,(512) 445-4549,https://tomlinsons.com/pages/tomlinsons-south-lamar,Austin,"4211 S Lamar Blvd Ste A23, Austin, TX 78704",4.8,522,Pet supply store,risky,catch_all,mv-verified-houston-risky-2026-04-20,ChIJexax_TBLW4YRikDtHDGawSA,5
sales@adlauto.com,ADL,Auto Sales - No Interest Financing Available- In House Financing Available,ADL Auto Sales - No Interest Financing Available- In House Financing Available,(682) 841-1177,http://www.adlauto.com/,Fort Worth,"8312 Camp Bowie W Blvd, Fort Worth, TX 76116",4.3,521,Used car dealer,risky,catch_all,mv-verified-houston-risky-2026-04-20,ChIJeYX-wmwuTIYR5HmHYaq_hOw,1
info@eliterac.com,Elite,Rent a Car,Elite Rent a Car,(281) 727-0338,https://www.eliterac.com/,Houston,"5900 Southwest Fwy, Houston, TX 77057",4.8,521,Car rental agency,risky,catch_all,mv-verified-houston-risky-2026-04-20,ChIJ_f6_qIfDQIYRlLODrLtL5G4,2
athomas@nakedmd.com,NakedMD,Med Spa Dallas,NakedMD Med Spa Dallas,(972) 587-0608,https://www.nakedmd.com/pages/med-spa-dallas-tx,Dallas,"12228 N Central Expy #340, Dallas, TX 75243",4.9,521,Medical spa,risky,catch_all,mv-verified-houston-risky-2026-04-20,ChIJj2R7CNAhTIYR-jVvd4jqwYQ,4
info@pampagrillkaty.com,Pampa,Bar & Grill Katy,Pampa Bar & Grill Katy,(281) 574-9321,http://www.pampagrillkaty.com/,Katy,"25707 Westheimer Pkwy, Katy, TX 77494",4.6,521,Argentinian restaurant,risky,catch_all,mv-verified-houston-risky-2026-04-20,ChIJw_V6FFEhQYYR98BJhX9NtQU,1
info@zellnerelectric.com,Zellner,Electric,Zellner Electric,(830) 515-5953,https://zellnerelectric.com/,New Braunfels,"1269 Summerwood Dr Suite 206, New Braunfels, TX 78130",4.9,521,Electrician,risky,catch_all,mv-verified-houston-risky-2026-04-20,ChIJFV0IVGm9XIYR14XM1-7DGEA,1
info@eurospecautomotiveoftyler.com,Euro,Spec Automotive,Euro Spec Automotive,(903) 561-8145,https://eurospecautomotiveoftyler.com/,Tyler,"3208 Park Center Dr, Tyler, TX 75701",5,520,Auto repair shop,risky,unknown,mv-verified-houston-risky-2026-04-20,ChIJrxeKGMfLSYYRAEyTXXCdpOM,1
info@greaterhoustonorthodontist.com,Greater,Houston Orthodontics,Greater Houston Orthodontics,(713) 662-0621,https://greaterhoustonorthodontist.com/,Houston,"4191 Bellaire Blvd Suite 275, Houston, TX 77025",4.9,514,Orthodontist,risky,catch_all,mv-verified-houston-risky-2026-04-20,ChIJe88AybbBQIYRGoLGJiPeH-A,2
tux2020@yahoo.com,Affordable,Muffler LLC,Affordable Muffler LLC,(281) 493-5700,http://affordablemufflerllctx.com/,Houston,"841 Dairy Ashford Rd, Houston, TX 77079",4.8,513,Muffler shop,risky,unknown,mv-verified-houston-risky-2026-04-20,ChIJP1CY1JzbQIYRzmf7t8r8arY,1
info@skiplinow.com,Lá,Me Restaurant,Lá Me Restaurant,(972) 669-8515,https://www.skiplinow.com/shop/424819b,Dallas,"9780 Walnut St #140, Dallas, TX 75243",4.3,513,Vietnamese restaurant,risky,catch_all,mv-verified-houston-risky-2026-04-20,ChIJfRCwfLgfTIYRoSmCQ2GxtTw,1
info@pitpros.com,Pit,Pros Automotive,Pit Pros Automotive,(214) 528-7767,http://www.pitpros.com/,Dallas,"2802 Inwood Rd, Dallas, TX 75235",4.6,513,Auto repair shop,risky,catch_all,mv-verified-houston-risky-2026-04-20,ChIJw3MBTHAfTIYR__6G4T8Hb08,1
hello@crudecoffeebar.com,Crude,Craft Coffee Bar,Crude Craft Coffee Bar,(682) 224-5541,https://www.crudecoffeebar.com/,Fort Worth,"804 S Main St Ste 120, Fort Worth, TX 76104",4.8,512,Coffee shop,risky,catch_all,mv-verified-houston-risky-2026-04-20,ChIJZ9krlYhxToYRWHvmue-dj8c,1
socialmedia@leafguard.com,Leafguard,Gutter Protection,Leafguard Gutter Protection,(281) 645-2390,https://www.leafguard.com/locations/houston,Houston,"8901 Jameel Rd, Houston, TX 77040",4.8,512,Gutter cleaning service,risky,unknown,mv-verified-houston-risky-2026-04-20,ChIJM-yErpvFQIYR4xRLu6VaVdA,1
info@pearlandkidsteeth.com,Pearland,Pediatric Dentistry,Pearland Pediatric Dentistry,(713) 436-4080,https://www.pearlandkidsteeth.com/,Pearland,"2360 County Rd 94 STE 102, Pearland, TX 77584",4.9,512,Pediatric dentist,risky,catch_all,mv-verified-houston-risky-2026-04-20,ChIJQdQnVSOTQIYRvhtBGmIrM6o,1
info@newtonnurseries.com,Newton,Nurseries - Houston,Newton Nurseries - Houston,(713) 868-9030,https://www.newtonnurseries.com/?utm_source=gmb&utm_medium=organic&utm_campaign=local&utm_content=houston,Houston,"5110 Bingle Rd, Houston, TX 77092",4.9,511,Wholesale plant nursery,risky,catch_all,mv-verified-houston-risky-2026-04-20,ChIJrfhOSXPHQIYRNA5UTdIq3y8,1
info@crossroadstireservice.com,Crossroads,Tire & Automotive Services,Crossroads Tire & Automotive Services,(361) 977-7176,https://www.crossroadstireservice.com/,Victoria,"2905 N Laurent St, Victoria, TX 77901",4.6,510,Auto repair shop,risky,unknown,mv-verified-houston-risky-2026-04-20,ChIJ2e2WESdnQoYRn1iYKhDrCbs,1
contactallington@allingtondental.com,Allington,Dental & Braces,Allington Dental & Braces,(806) 591-4971,https://allingtondental.com/locations/amarillo-tx,Amarillo,"2210 Bell St, Amarillo, TX 79106",4.2,509,Dentist,risky,unknown,mv-verified-houston-risky-2026-04-20,ChIJwSC_H4ZRAYcRNvKFcoLhpwY,6
info@evelynkershawsalon.com,The,Evelyn Kershaw Salon,The Evelyn Kershaw Salon,(972) 612-4159,https://www.evelynkershawsalon.com/,Plano,"3516 Preston Rd, Plano, TX 75093",4.9,507,Beauty salon,risky,catch_all,mv-verified-houston-risky-2026-04-20,ChIJ8Q5DBx4jTIYRDr7xun8v11g,1
info@casaazulcoffee.com,Casa,Azul Coffee,Casa Azul Coffee,(817) 386-0800,http://www.casaazulcoffee.com/,Fort Worth,"300 W Central Ave, Fort Worth, TX 76164",4.7,506,Coffee shop,risky,catch_all,mv-verified-houston-risky-2026-04-20,ChIJM_VGcGB3ToYRg6RQt5nBzbY,1
houston@freshrobot.com,Comfort,Masters Plumbing Heating and Air Conditioning,Comfort Masters Plumbing Heating and Air Conditioning,(806) 749-1000,https://comfortmasters.net/,Lubbock,"1318 E 50th St, Lubbock, TX 79404",4.9,506,Plumber,risky,catch_all,mv-verified-houston-risky-2026-04-20,ChIJB_jxvPVs_oYRzBhygBNv00w,1
info@odysseypets.com,Odyssey,Pets,Odyssey Pets,(972) 407-1166,https://odysseypets.com/,Dallas,"14999 Preston Rd #400a, Dallas, TX 75254",4.7,506,Pet supply store,risky,catch_all,mv-verified-houston-risky-2026-04-20,ChIJYWwT0NAjTIYRJT564xAV1kg,1
info@acrepairman.com,Daryl's,"A/C & Heating, LLC","Daryl's A/C & Heating, LLC",(832) 277-8944,https://www.acrepairman.com/,,,4.9,505,HVAC contractor,risky,unknown,mv-verified-houston-risky-2026-04-20,ChIJgR2dwkedQIYRMA27Umbs36g,1
info@johnnyrodriguezsalon.com,Johnny,Rodriguez The Salon,Johnny Rodriguez The Salon,(214) 987-1919,https://www.johnnyrodriguezsalon.com/,Plano,"7500 Windrose Ave. b193, Plano, TX 75024",4.8,505,Beauty salon,risky,catch_all,mv-verified-houston-risky-2026-04-20,ChIJ5y1r6E09TIYRPURgvqRvXgU,2
info@mhehc.com,Memorial,Heights Emergency Center,Memorial Heights Emergency Center,(281) 853-8413,https://mhehc.com/?utm_source=GMB&utm_medium=Organic&utm_campaign=GMB,Houston,"4000 Washington Ave # 100, Houston, TX 77007",4.4,505,Emergency room,risky,catch_all,mv-verified-houston-risky-2026-04-20,ChIJr3rr3qzAQIYR9d4MRI-cdEU,1
oldtownplumbingllc@yahoo.com,Old,Town Plumbing LLC | Plumbers Huntsville AL,Old Town Plumbing LLC | Plumbers Huntsville AL,(256) 665-3563,http://oldtownplumbing.org/,,,5,505,Plumber,risky,unknown,mv-verified-houston-risky-2026-04-20,ChIJ4ZuwDRVtYogRCJCmb95sIxw,1
info@medinarivercoffee.com,Medina,River Coffee Roasters,Medina River Coffee Roasters,(210) 802-6155,http://www.medinarivercoffee.com/,San Antonio,"11825 West Ave Suite 101, San Antonio, TX 78216",4.7,504,Coffee shop,risky,catch_all,mv-verified-houston-risky-2026-04-20,ChIJUUX-cjhgXIYRQmJmoZnPX_k,1
hello@pulliam.com,Pulliam,Pools,Pulliam Pools,(817) 346-4778,https://www.pulliam.com/?utm_source=google&utm_medium=organic&utm_campaign=Google+Business+Profile,Fort Worth,"3817 Southwest Blvd, Fort Worth, TX 76116",4.6,504,Pool cleaning service,risky,catch_all,mv-verified-houston-risky-2026-04-20,ChIJq-rUkNBtToYRcWyKiaHj_MU,1
manageros1@onstagehairdesign.com,On,Stage Hair Design,On Stage Hair Design,(409) 866-0560,http://www.onstagehairdesign.com/,Beaumont,"178 S Dowlen Rd, Beaumont, TX 77707",4.8,503,Beauty salon,risky,catch_all,mv-verified-houston-risky-2026-04-20,ChIJOz0Yr8DMPoYRRAfFUNFddqE,1
support@roofsquad.com,Roof,Squad,Roof Squad,(713) 489-8064,https://www.roofsquad.com/?utm_source=Google+Business+Profile&utm_medium=organic&utm_campaign=GBPHouston,Houston,"19407 Park Row Blvd Suite 130, Houston, TX 77084",5,503,Roofing contractor,risky,catch_all,mv-verified-houston-risky-2026-04-20,ChIJ47904GjZQIYR9T318b-5g8A,1
bilalh@dentalmediadesign.com,Smile,Kingdom El Paso,Smile Kingdom El Paso,(915) 219-9029,https://www.smilekingdomelpaso.com/,El Paso,"9122 Dyer St, El Paso, TX 79924",5,503,Dentist,risky,catch_all,mv-verified-houston-risky-2026-04-20,ChIJmwXu_QFR54YRC0Xr29NAPYc,3
info@tenderpaws.net,Tender,Paws Animal Hospital,Tender Paws Animal Hospital,(936) 856-3339,https://tenderpaws.net/?utm_source=gmb&utm_medium=organic,Conroe,"4235 N Frazier St, Conroe, TX 77303",4.7,502,Veterinarian,risky,unknown,mv-verified-houston-risky-2026-04-20,ChIJwceaWdU9R4YRnbskU8HMZdQ,1
info@wegotyourbackchiropractic.com,We,Got Your Back,We Got Your Back,(281) 251-3531,http://www.wegotyourbackchiropractic.com/,Houston,"110 Vintage Park Blvd building j suite d, Houston, TX 77070",4.7,502,Chiropractor,risky,catch_all,mv-verified-houston-risky-2026-04-20,ChIJAUyIMYjSQIYRvyPTsoC4Qkg,1
contact@btacinc.com,Bruce,Thornton Air Conditioning,Bruce Thornton Air Conditioning,(806) 806-2822,https://btacinc.com/?utm_campaign=gmb,Lubbock,"128 Slaton Rd, Lubbock, TX 79404",4.7,501,Plumber,risky,catch_all,mv-verified-houston-risky-2026-04-20,ChIJVTGvKlRs_oYRgCymMlNIsN4,1
hello@fogdigitalmarketing.com,ZOJAH,Burger,ZOJAH Burger,(210) 233-1671,https://zojahburger.com/,San Antonio,"9390 Huebner Rd suit 109, San Antonio, TX 78240",4.5,500,Hamburger restaurant,risky,catch_all,mv-verified-houston-risky-2026-04-20,ChIJvxhLNSBnXIYRMp8QjRypzeo,2
info@acostaplumbingsolutions.com,Acosta,Plumbing Solutions LLC,Acosta Plumbing Solutions LLC,(346) 560-5160,https://www.acostaplumbingsolutions.com/?utm_campaign=gmb,Katy,"21811 Katy Fwy d120, Katy, TX 77450",4.9,499,Plumber,risky,catch_all,mv-verified-houston-risky-2026-04-20,ChIJ98ljiXwhQYYR4Uru4e3joco,1
info@corcoranprestige.com,Corcoran,Prestige Realty,Corcoran Prestige Realty,(713) 364-4003,https://corcoranprestige.com/,Houston,"2000 Ella Blvd, Houston, TX 77008",4.9,498,Real estate agency,risky,catch_all,mv-verified-houston-risky-2026-04-20,ChIJP2UXRA2_QIYR4TIXK-iHxGw,1
contact@salonvela.com,Salon,Vela,Salon Vela,(512) 452-8352,http://www.salonvela.com/,Austin,"3202 W Anderson Ln. UNIT 206, Austin, TX 78757",4.9,498,Hair salon,risky,catch_all,mv-verified-houston-risky-2026-04-20,ChIJISgCqqDLRIYRVF62ipLphDQ,1
customerservice@thrifttownstores.com,Thrift,Town,Thrift Town,(214) 337-8979,https://thrifttownstores.com/locations/thrift-town-dallas-texas/,Dallas,"1516 S Westmoreland Rd, Dallas, TX 75211",3.8,498,Thrift store,risky,unknown,mv-verified-houston-risky-2026-04-20,ChIJHbCOaWGaToYR_UI9ABpoW6c,3
info@houstonheightstattoo.com,Houston,Heights Tattoo & Piercing,Houston Heights Tattoo & Piercing,(713) 239-0527,http://www.houstonheightstattoo.com/,Houston,"101 W 14th St, Houston, TX 77008",4.7,495,Tattoo shop,risky,catch_all,mv-verified-houston-risky-2026-04-20,ChIJq6omGYG4QIYRLOCBg4Fil9o,1
events@lpaustin.com,La,Pâtisserie,La Pâtisserie,(512) 912-0033,http://lpaustin.com/,Austin,"602 W Annie St, Austin, TX 78704",4.4,494,Bakery,risky,catch_all,mv-verified-houston-risky-2026-04-20,ChIJfRArluO0RIYRjZvXTXpJK80,1
rahafhijazi992@ggmail.com,Cafe,Petra Greek & Lebanese Restaurant,Cafe Petra Greek & Lebanese Restaurant,(346) 647-5045,http://missouricity.cafe-petra.com/,Missouri City,"9050 Hwy 6 #120, Missouri City, TX 77459",4.6,493,Greek restaurant,risky,catch_all,mv-verified-houston-risky-2026-04-20,ChIJb5Gg8_PvQIYRZGHF7iYNxzQ,1
info@killeenmoderndentistry.com,Killeen,Modern Dentistry,Killeen Modern Dentistry,(254) 870-9209,https://www.killeenmoderndentistry.com/?sc_cid=GBP%3AO%3AGP%3A783%3AOrganic_Search%3AGeneral%3Ana&_vsrefdom=organic_gbp&y_source=1_OTI2OTkxMC03MTUtbG9jYXRpb24ud2Vic2l0ZQ%3D%3D,Killeen,"507 W Stan Schlueter Loop Ste 400, Killeen, TX 76542",4.5,493,Dentist,risky,catch_all,mv-verified-houston-risky-2026-04-20,ChIJX9niTBxLRYYRDRMw_WYV4MI,1
info@brandanisburgers.com,Brandani’s,"Burgers, Tacos & Brews","Brandani’s Burgers, Tacos & Brews",(281) 969-7854,http://www.brandanisburgers.com/,Missouri City,"3340 FM 1092 Rd #180, Missouri City, TX 77459",4.7,491,Restaurant,risky,catch_all,mv-verified-houston-risky-2026-04-20,ChIJqyJfJhPlQIYRem_teW0kLGg,1
brenham@jarvistireandwheel.com,Jarvis,Tire Pros,Jarvis Tire Pros,(979) 337-8884,https://www.jarvistireandwheel.com/Find-Us/Mode/1/605-S-Blue-Bell-Rd-Brenham-TX-77833/details,Brenham,"605 S Blue Bell Rd, Brenham, TX 77833",4.7,491,Tire shop,risky,unknown,mv-verified-houston-risky-2026-04-20,ChIJlTia6GmoRoYRzh6aeXM2JZM,1
info@sanantoniogreenlaundry.com,San,Antonio Green Laundry,San Antonio Green Laundry,(210) 979-7245,https://www.sanantoniogreenlaundry.com/,San Antonio,"5525 Blanco Rd Ste#101, San Antonio, TX 78216",4.5,491,Laundromat,risky,catch_all,mv-verified-houston-risky-2026-04-20,ChIJd8GmpMJfXIYRznzTzeCworc,1
info@txskinandvein.com,Texas,Skin & Vein,Texas Skin & Vein,(210) 907-8346,https://www.txskinandvein.com/,San Antonio,"2241 NW Military Hwy # 200, San Antonio, TX 78213",4.9,491,Dermatologist,risky,catch_all,mv-verified-houston-risky-2026-04-20,ChIJ741EizBhXIYRu22_K2hac5g,1
pprincessdiane@aol.com,Law,Office of Michael H. Pham,Law Office of Michael H. Pham,(713) 236-7791,https://defendingarrests.com/,Houston,"440 Louisiana St #900, Houston, TX 77002",4.8,489,Criminal justice attorney,risky,unknown,mv-verified-houston-risky-2026-04-20,ChIJj6JwXTC_QIYRKVZMSs0ctbw,1
info@premierdesignsandmoving.com,Premier,Designs & Moving,Premier Designs & Moving,(469) 859-5454,https://premierdesignsandmoving.com/,Dallas,"3334 Forest Ln Unit I-3, Dallas, TX 75229",4.9,489,Mover,risky,catch_all,mv-verified-houston-risky-2026-04-20,ChIJL54ODfWdToYR8PjTY4sH9Jo,1
info@sidedoorliquorstore.com,Side,Door Liquor Store,Side Door Liquor Store,(915) 845-0000,http://sidedoorliquorstore.com/,El Paso,"1222 Sunland Park Dr, El Paso, TX 79922",4.5,486,Wine store,risky,catch_all,mv-verified-houston-risky-2026-04-20,ChIJRfSJviL43YYRfOSmYe1m-YY,1
twincoves@flowermound.gov,Twin,Coves Park and Campground,Twin Coves Park and Campground,(972) 874-6399,https://www.flowermound.gov/twincoves,Flower Mound,"5001 Wichita Trail, Flower Mound, TX 75022",4.7,485,Campground,risky,unknown,mv-verified-houston-risky-2026-04-20,ChIJK15AatvSTYYR5wLzM5Ebe2w,1
info@astradallas.com,ASTRA,Kitchen + Lounge,ASTRA Kitchen + Lounge,(972) 629-0924,https://www.astradallas.com/,Dallas,"1717 Leonard St, Dallas, TX 75201",4.1,484,Restaurant,risky,catch_all,mv-verified-houston-risky-2026-04-20,ChIJz07oKEyZToYReYtjlw_ish0,1
info@thaitablehouston.com,Thai,Table Restaurant & bar,Thai Table Restaurant & bar,(281) 398-0701,https://www.thaitablehouston.com/,Houston,"19610 Katy Fwy, Houston, TX 77084",4.7,483,Thai restaurant,risky,catch_all,mv-verified-houston-risky-2026-04-20,ChIJLY_2yJnZQIYREEPb0Ai_-SA,1
info@dentalgalleryfriendswood.com,Dental,Gallery,Dental Gallery,(281) 990-8448,https://www.dentalgalleryfriendswood.com/,Friendswood,"102 W El Dorado Blvd # C1, Friendswood, TX 77546",4.8,482,Dentist,risky,catch_all,mv-verified-houston-risky-2026-04-20,ChIJxxStpp2bQIYRbqgquuxVBhM,1
info@mavenhair.co,Maven,Fort Worth Hair Co.,Maven Fort Worth Hair Co.,(817) 242-9400,https://www.mavenhair.co/,Fort Worth,"1208 Fairmount Ave, Fort Worth, TX 76104",4.9,481,Beauty salon,risky,catch_all,mv-verified-houston-risky-2026-04-20,ChIJG2r-T5RxToYRMQjeJ8bAJXA,1
info@forestcarwash.com,Forest,Car Wash & Detail,Forest Car Wash & Detail,(972) 385-1533,http://www.forestcarwash.com/,Dallas,"5415 Forest Ln, Dallas, TX 75244",4,480,Car detailing service,risky,unknown,mv-verified-houston-risky-2026-04-20,ChIJYZKH3r0gTIYROFkrpwrZBKc,1
info@ignitifyep.com,Ignitify,HVAC,Ignitify HVAC,(915) 539-3040,https://www.ignitifyep.com/,El Paso,"7884 Montecito Rd, El Paso, TX 79915",4.9,480,HVAC contractor,risky,catch_all,mv-verified-houston-risky-2026-04-20,ChIJp_2ekIFD54YREYs9eX6Gnp0,1
inquiry@oaknantler.com,Oak,& Antler American Tavern,Oak & Antler American Tavern,(915) 259-8798,https://www.oaknantler.com/,El Paso,"317 E Mills Ave, El Paso, TX 79901",4.7,480,Restaurant,risky,catch_all,mv-verified-houston-risky-2026-04-20,ChIJj9hCzaFZ54YRO0KtmCOJFUw,1
info@mydetailguys.com,My,Detail Guys,My Detail Guys,(817) 532-6904,https://mydetailguys.com/,Fort Worth,"6925 E Lancaster Ave # A, Fort Worth, TX 76112",4.7,477,Car detailing service,risky,catch_all,mv-verified-houston-risky-2026-04-20,ChIJAyA3RDR5ToYRqinpaPaaZ6U,1
info@dallasaffordablelocksmiths.com,Dallas,Affordable Locksmith,Dallas Affordable Locksmith,(972) 352-7575,http://dallasaffordablelocksmiths.com/?utm_source=gmb&utm_medium=referral,,,5,474,Emergency locksmith service,risky,catch_all,mv-verified-houston-risky-2026-04-20,ChIJ48BytrVbPI0R9gQbnqTWs4I,1
info@drinktexas.com,Drink,Texas Bar,Drink Texas Bar,(210) 224-1031,http://drinktexas.com/,San Antonio,"200 Navarro St, San Antonio, TX 78205",4.2,474,Bar,risky,catch_all,mv-verified-houston-risky-2026-04-20,ChIJ8eQbnKxYXIYRlV57FR5XrNI,1
info@kgslawpllc.com,KGS,Law PLLC,KGS Law PLLC,(281) 779-8557,https://www.kgslawpllc.com/?utm_source=GBP&utm_medium=GBP&utm_campaign=GBP_,Houston,"150 W Parker Rd suite 705-b, Houston, TX 77076",4.9,474,Personal injury attorney,risky,catch_all,mv-verified-houston-risky-2026-04-20,ChIJK4ELO_zHQIYRTPVJrVs0MeA,1
abrahamcontreras@lennarmortgage.com,Lennar,"Mortgage, LLC San Antonio","Lennar Mortgage, LLC San Antonio",(210) 403-6240,https://lennarmortgage.com/sanantonio,San Antonio,"100 NE Interstate 410 Loop Suite 625, San Antonio, TX 78216",4.6,473,Mortgage lender,risky,catch_all,mv-verified-houston-risky-2026-04-20,ChIJN9vemXuKXIYRlU1qxriejEw,1
info@hanoverrepublicsquare.com,Hanover,Republic Square,Hanover Republic Square,(737) 402-8017,https://hanoverrepublicsquare.com/?switch_cls[id]=64863&utm_source=google-entrataseo&utm_medium=organic&utm_campaign=gmb&utm_content=website-click,Austin,"303 W 5th St, Austin, TX 78701",4.7,471,Apartment complex,risky,unknown,mv-verified-houston-risky-2026-04-20,ChIJGwklD1y1RIYRAkwsEdNOo1Y,1
sales@fgbakery.com,French,Gourmet Bakery,French Gourmet Bakery,(713) 524-3744,https://fgbakery.com/,Houston,"2250 Westheimer Rd, Houston, TX 77098",4.6,470,Bakery,risky,catch_all,mv-verified-houston-risky-2026-04-20,ChIJr5I6U-vAQIYRJsW_juibnrI,1
info@thetoothplacebrownsville.com,The,Tooth Place,The Tooth Place,(956) 542-9200,http://www.thetoothplacebrownsville.com/,Brownsville,"300 Lorenaly Dr, Brownsville, TX 78526",4.7,470,Dentist,risky,catch_all,mv-verified-houston-risky-2026-04-20,ChIJyboIxgCXb4YRLiyWCX325SQ,1
legalassistant_dnlaw@yahoo.com,David,Nevarez Attorney at Law,David Nevarez Attorney at Law,(915) 412-6818,https://epdefense.com/,El Paso,"PNC Bank Building, 416 N Stanton St Ste 600N, 600P, El Paso, TX 79901",4.8,469,Estate planning attorney,risky,unknown,mv-verified-houston-risky-2026-04-20,ChIJRSOmEL1E54YRE_WS8SHrewU,1
jjllantasinc@yahoo.com,J,& J Llantas Inc New & Used Tires,J & J Llantas Inc New & Used Tires,(214) 797-4292,https://www.jjllantasinc.com/,Dallas,"504 S Carroll Ave, Dallas, TX 75223",4.2,469,Tire shop,risky,unknown,mv-verified-houston-risky-2026-04-20,ChIJEWfP97uYToYRYoCpxOtWUVI,1
info@northparkdentalrgv.com,North,Park Dental,North Park Dental,(956) 997-4044,https://www.northparkdentalrgv.com/,McAllen,"8001 N 10th St Suite 150, McAllen, TX 78504",4.9,469,Dentist,risky,catch_all,mv-verified-houston-risky-2026-04-20,ChIJi194MWyhZYYRw4mFuWLikKM,1
info@southwestmuffler.com,Southwest,Muffler & Brake,Southwest Muffler & Brake,(281) 879-0843,https://www.southwestmuffler.com/location/stafford/,Stafford,"12319 Murphy Rd, Stafford, TX 77477",4.5,466,Auto repair shop,risky,catch_all,mv-verified-houston-risky-2026-04-20,ChIJy_mcJdnnQIYR1hAvPRDAtRg,2
hello@cultivarcoffee.com,Cultivar,Coffee Roasting Co.,Cultivar Coffee Roasting Co.,(469) 387-6289,https://www.cultivarcoffee.com/,Dallas,"1155 Peavy Rd, Dallas, TX 75218",4.5,465,Coffee shop,risky,unknown,mv-verified-houston-risky-2026-04-20,ChIJzxMLPQ6hToYRV-qa0eOFYjs,1
info@bluewhale.com,Blue,Whale Moving Company - Austin,Blue Whale Moving Company - Austin,(512) 328-6688,https://www.bluewhale.com/?utm_source=google&utm_medium=local&utm_campaign=gmb,Austin,"8291 Springdale Rd #100, Austin, TX 78724",4.5,463,Mover,risky,unknown,mv-verified-houston-risky-2026-04-20,ChIJfYaFX7XJRIYRfy1PJRnlynQ,1
info@pharaohslounge.com,Pharaohs,"Hookah Lounge- Irving, TX","Pharaohs Hookah Lounge- Irving, TX",(347) 819-5105,http://www.pharaohslounge.com/menu/,Irving,"8350-8386 N MacArthur Blvd, Irving, TX 75063",4.1,463,Hookah bar,risky,catch_all,mv-verified-houston-risky-2026-04-20,ChIJ56CVwVEoTIYR5uNK-oZay3E,1
info@railandrye.com,Rail,& Rye,Rail & Rye,(936) 227-4400,https://www.railandrye.com/,Navasota,"101 Railroad St, Navasota, TX 77868",4.4,463,American restaurant,risky,unknown,mv-verified-houston-risky-2026-04-20,ChIJOS8qGUyVRoYRqbS7KdbTYZI,1
contact@silverbackplumbinganddrain.com,Silverback,Plumbing and Drain,Silverback Plumbing and Drain,(726) 895-9998,https://www.silverbackplumbinganddrain.com/,Helotes,"11844 Bandera Rd #3005, Helotes, TX 78023",4.9,463,Plumber,risky,catch_all,mv-verified-houston-risky-2026-04-20,ChIJ0Rwma98XSq4RDgtz2IB-YNI,1
info@fairwayplumbing.net,Fairway,"Plumbing, LLC","Fairway Plumbing, LLC",(512) 278-1626,https://www.fairwayplumbing.net/,Cedar Park,"1320 Arrow Point Dr Surambirite 501 #TW137, Cedar Park, TX 78613",4.9,462,Plumber,risky,catch_all,mv-verified-houston-risky-2026-04-20,ChIJQaQEfEy_RIYReLOI5jlvyCo,1
highcutwindowfilm@yahoo.com,High,Cut Tint - Hobby,High Cut Tint - Hobby,(713) 454-2203,https://highcuttintshop.com/,Houston,"8202 Gulf Fwy, Houston, TX 77017",5,461,Window tinting service,risky,unknown,mv-verified-houston-risky-2026-04-20,ChIJN80HvsuXQIYRq-Umzdo78PU,1
info@arcolafeed.com,Arcola,Feed,Arcola Feed,(281) 431-1014,http://www.arcolafeed.com/,Arcola,"6215 FM 521 Rd, Arcola, TX 77583",4.7,460,Animal feed store,risky,catch_all,mv-verified-houston-risky-2026-04-20,ChIJS5_YsPftQIYRnL4PsEfX6yg,1
kristin@irrigateaustin.com,Austin,"Irrigation Specialists, LLC","Austin Irrigation Specialists, LLC",(512) 966-1052,http://irrigateaustin.com/,Austin,"3100 Fort Worth Trail, Austin, TX 78748",4.9,459,Lawn sprinkler system contractor,risky,catch_all,mv-verified-houston-risky-2026-04-20,ChIJazgz84pNW4YRLowEc9L7Y08,1
dallas@fusionorthodontics.com,Fusion,Orthodontics,Fusion Orthodontics,(972) 666-5363,https://www.fusionorthodontics.com/,Dallas,"19200 Preston Rd #100, Dallas, TX 75252",5,459,Orthodontist,risky,catch_all,mv-verified-houston-risky-2026-04-20,ChIJL5CVhEYjTIYRu0iHSkjRH0k,1
info@hartzpestcontrol.com,Hartz,Pest Control,Hartz Pest Control,(713) 999-6817,https://www.hartzpestcontrol.com/,Houston,"1814 W Sam Houston Pkwy N, Houston, TX 77043",4.8,457,Pest control service,risky,catch_all,mv-verified-houston-risky-2026-04-20,ChIJq6OdaCvbQIYRi7BfzI3S9S0,1
info@southernbailbonds.com,Southern,Bail Bonds Dallas,Southern Bail Bonds Dallas,(214) 372-2500,https://southernbailbonds.com/south-dallas?utm_source=GMB&utm_medium=Website&utm_campaign=SouthDallas,Dallas,"3936 S Polk St #110, Dallas, TX 75224",4.9,457,Bail bonds service,risky,unknown,mv-verified-houston-risky-2026-04-20,ChIJgypVk7OQToYR0jhRt6Sm0oo,3
fortworthss@mydentalmail.com,Fort,Worth Smile Studio,Fort Worth Smile Studio,(817) 756-9672,http://fortworthsmilestudio.com/?utm_source=gbp&utm_medium=organic&utm_campaign=yext_listing,Fort Worth,"6115 S Hulen St, Fort Worth, TX 76133",4.8,456,Dentist,risky,catch_all,mv-verified-houston-risky-2026-04-20,ChIJaXnfx3RtToYRI9o52dNPQec,1
rv4417@yahoo.com,Familia,Restaurante,Familia Restaurante,(972) 532-6025,https://familiarestaurantetx.com/,Irving,"5330 N MacArthur Blvd Suite #108, Irving, TX 75038",4.8,451,Mexican restaurant,risky,unknown,mv-verified-houston-risky-2026-04-20,ChIJ1UsYvh2DToYRR1UpwD-zIoI,1
info@roundrockautocenter.com,Round,Rock Auto Center,Round Rock Auto Center,(512) 308-6347,https://www.roundrockautocenter.com/,Round Rock,"2003 Brushy Creek Rd, Round Rock, TX 78664",4.9,451,Auto repair shop,risky,catch_all,mv-verified-houston-risky-2026-04-20,ChIJryUyFn_QRIYRUJLwgBfGkn0,1
info@driveahoy.com,Hoy,Family Auto,Hoy Family Auto,(915) 706-2200,https://driveahoy.com/,El Paso,"Mercedes-Benz Building, 1122 Airway Blvd, El Paso, TX 79925",4.4,450,Car dealer,risky,catch_all,mv-verified-houston-risky-2026-04-20,ChIJ00ROOP5a54YR3swijRcVFiI,1
boyzrback2025@yahoo.com,Pachuco's,,Pachuco's,(432) 218-8806,https://www.pachucos432.com/?utm_source=google&utm_medium=wix_google_business_profile&utm_campaign=7342634180233257947,Midland,"316 N Big Spring St, Midland, TX 79701",4.6,450,Restaurant,risky,unknown,mv-verified-houston-risky-2026-04-20,ChIJqWMUCjXZ-4YRjn7AJnq7ex0,1
info@jandtplumbinglicensed.com,J,& T Plumbing Licensed and Insured,J & T Plumbing Licensed and Insured,(972) 921-3585,https://www.jandtplumbinglicensed.com/,,,4.9,449,Plumber,risky,catch_all,mv-verified-houston-risky-2026-04-20,ChIJ9aFuFNvuToYRrblIEtNN9Pg,1
info@strouderosa.com,Strouderosa,BBQ,Strouderosa BBQ,(469) 954-3333,https://www.strouderosa.com/,Dallas,"9090 Skillman St Suite 174a, Dallas, TX 75243",4.8,448,Barbecue restaurant,risky,catch_all,mv-verified-houston-risky-2026-04-20,ChIJB1xqA_WhToYRIZNgpoyFgKo,1
cafe.w@yahoo.com,Waterfalls,Cafe spring,Waterfalls Cafe spring,(346) 224-8555,http://waterfallscafespring.com/,Spring,"3625 Farm to Market 2920, Spring, TX 77388",4.4,448,Restaurant,risky,unknown,mv-verified-houston-risky-2026-04-20,ChIJw5jXyWwzR4YRO9LDdCmThDw,1
info@handandstone.com,Hand,& Stone Massage and Facial Spa,Hand & Stone Massage and Facial Spa,(346) 781-8512,https://handandstone.com/locations/houston-vintage-marketplace/?utm_source=google&utm_medium=organic&utm_campaign=businesslisting,Houston,"10123 Louetta Rd, Houston, TX 77070",4.6,447,Spa,risky,catch_all,mv-verified-houston-risky-2026-04-20,ChIJLVWVrmLSQIYRMm60UK9giXQ,1
info@northeastdallasdentistry.com,Northeast,Dallas Dentistry,Northeast Dallas Dentistry,(214) 302-0807,https://www.northeastdallasdentistry.com/?sc_cid=GBP%3AO%3AGP%3A746%3AOrganic_Search%3AGeneral%3Ana&_vsrefdom=organic_gbp&y_source=1_MTEyNTczNzYtNzE1LWxvY2F0aW9uLndlYnNpdGU%3D,Dallas,"6401 E NW Hwy STE 100, Dallas, TX 75231",4.6,447,Dentist,risky,catch_all,mv-verified-houston-risky-2026-04-20,ChIJM9PxuEOfToYRn1IFnIn27eg,1
info@ipcpest.com,Innovative,Pest Control,Innovative Pest Control,(903) 326-1312,https://www.ipcpest.com/,Longview,"3122 Nealy Wy Suite #102, Longview, TX 75605",5,446,Pest control service,risky,catch_all,mv-verified-houston-risky-2026-04-20,ChIJyU6jxHZBNoYRVgGNHzcgKz4,1
grantspeake@verizon.net,Speake's,Plumbing,Speake's Plumbing,(972) 271-9144,http://www.speakesplumbing.com/,Garland,"633 N 5th St, Garland, TX 75040",4.8,445,Plumber,risky,catch_all,mv-verified-houston-risky-2026-04-20,ChIJCQ3IpJYdTIYRZ9NDoqM3EPE,1
info@cozydair.com,Cozy,- D Heating & A/C LLC,Cozy - D Heating & A/C LLC,(972) 291-8002,http://www.cozydair.com/,Dallas,"117 Elston Dr, Dallas, TX 75232",4.9,444,HVAC contractor,risky,catch_all,mv-verified-houston-risky-2026-04-20,ChIJNW0pug6OToYRFIbkuvAcV44,1
info@dripplumbingntx.com,DRIP,Plumbing,DRIP Plumbing,(940) 222-7297,https://dripplumbingntx.com/?utm_source=google&utm_medium=organic&utm_campaign=gmb-profile-denton,Denton,"310 Dallas Dr, Denton, TX 76205",4.9,444,Plumber,risky,catch_all,mv-verified-houston-risky-2026-04-20,ChIJmdQk54HLTYYRKhcvuiLL9pE,1
info@riveraybujosalaw.com,Rivera,Y Bujosa Law Office P.L.L.C.,Rivera Y Bujosa Law Office P.L.L.C.,(936) 756-5961,https://riveraybujosalaw.com/,Conroe,"409 N Loop 336 W #1st, Conroe, TX 77301",4.7,444,Criminal justice attorney,risky,catch_all,mv-verified-houston-risky-2026-04-20,ChIJQzUkekg5R4YRHA-xx2qnta4,1
welcome@marquardtlawfirm.com,Marquardt,"Law Firm, P.C.","Marquardt Law Firm, P.C.",(210) 530-4278,http://www.marquardtlawfirm.com/,San Antonio,"14603 Huebner Rd Suite 3801, San Antonio, TX 78230",4.8,443,Attorney,risky,catch_all,mv-verified-houston-risky-2026-04-20,ChIJBxgkoDpgXIYR_LYNRHgu4l4,1
info@toptierscrub.com,Top,Tier Home Cleaning,Top Tier Home Cleaning,+1 915-268-1871,http://toptierscrub.com/,,,4.9,443,House cleaning service,risky,catch_all,mv-verified-houston-risky-2026-04-20,ChIJ6fgYSvHv8kMRh36MHI9QB-4,1
info@brownfoundationrepair.com,Brown,Foundation Repair,Brown Foundation Repair,(972) 271-2621,https://www.brownfoundationrepair.com/?utm_source=google&utm_medium=organic&utm_campaign=gmbdallas,Dallas,"1619 Bluebank Rd, Dallas, TX 75229",4.5,442,Concrete contractor,risky,catch_all,mv-verified-houston-risky-2026-04-20,ChIJMz7Vl_4nTIYRF7Sq6mtHvCU,1
info@stanolawfirm.com,The,Stano Law Firm,The Stano Law Firm,(713) 538-2859,http://www.stanolawfirm.com/,Humble,"Chase Bank Building, 19747 US-59 #400, Humble, TX 77338",5,442,Law firm,risky,catch_all,mv-verified-houston-risky-2026-04-20,ChIJAxxLa6uzQIYR4GNY0CV21Y0,1
contactus@veneziatrattoria.com,Venezia,Trattoria,Venezia Trattoria,(214) 548-5094,http://veneziatrattoria.com/,McKinney,"1820 Eldorado Pkwy, McKinney, TX 75070",4.6,441,Italian restaurant,risky,catch_all,mv-verified-houston-risky-2026-04-20,ChIJuef2xUgTTIYRrxlslEoX6co,1
info@xgamerpc.com,Xgamerpc,,Xgamerpc,(210) 408-8080,http://www.xgamerpc.com/,San Antonio,"16350 Blanco Rd #102-A, San Antonio, TX 78232",5,441,Computer repair service,risky,catch_all,mv-verified-houston-risky-2026-04-20,ChIJWePo_ZZhXIYRRFPx2gA7s4w,1
info@staffordautotech.com,Stafford,Auto Tech,Stafford Auto Tech,(281) 499-1209,http://www.staffordautotech.com/,Stafford,"2338 S Main St, Stafford, TX 77477",4.8,440,Auto repair shop,risky,catch_all,mv-verified-houston-risky-2026-04-20,ChIJra4yPZDoQIYR_f9wLOI2BoQ,1
apple4ccassels@sbcglobal.net,Apple,Dental Center Inc,Apple Dental Center Inc,(361) 306-0770,http://www.appledentalcenterinc.com/,Corpus Christi,"1220 Airline Rd Suite 210, Corpus Christi, TX 78412",4.7,439,Dentist,risky,catch_all,mv-verified-houston-risky-2026-04-20,ChIJVQTh0ef1aIYRz2o3rWh8fVA,1
info@thesanfordhouse.com,Restaurant506,,Restaurant506,(817) 801-5541,https://www.thesanfordhouse.com/restaurant506/,Arlington,"506 N Center St, Arlington, TX 76011",4.7,439,Fine dining restaurant,risky,catch_all,mv-verified-houston-risky-2026-04-20,ChIJO0QNkZ19ToYRWxlgy0lqAEI,1
info@jwspatio.com,JW's,Patio,JW's Patio,,http://www.jwspatio.com/,Beaumont,"6420 Phelan Blvd, Beaumont, TX 77706",4.6,438,Restaurant,risky,catch_all,mv-verified-houston-risky-2026-04-20,ChIJbykMSb7NPoYRZ6cPoKGm_T8,1
admin@puredermtx.com,Pure,Dermatology - Southwest Austin,Pure Dermatology - Southwest Austin,(512) 766-2610,https://www.puredermtx.com/,Austin,"8701 State Hwy 71 Ste 101, Austin, TX 78735",5,438,Dermatologist,risky,catch_all,mv-verified-houston-risky-2026-04-20,ChIJAzARLI9JW4YRcFX8x9KGA_Q,1
info@dtdlawfirm.com,DTD,"Law Firm, PLLC","DTD Law Firm, PLLC",(726) 600-1200,https://dtdlawfirm.com/,San Antonio,"2900 Mossrock #230, San Antonio, TX 78230",4.9,436,Attorney,risky,catch_all,mv-verified-houston-risky-2026-04-20,ChIJ2eyEUa_1XIYRhnHVT2dKBkE,1
info@thetexastrialattorney.com,Thiessen,Law Firm,Thiessen Law Firm,(936) 255-2782,https://www.thetexastrialattorney.com/?utm_campaign=gmb,Houston,"733 E 12th 1/2 St, Houston, TX 77008",4.9,435,Criminal justice attorney,risky,catch_all,mv-verified-houston-risky-2026-04-20,ChIJ7QU4GqK4QIYRL_geFZ7bSS0,1
info@longviewgreens.com,Longview,Greens Miniature Golfing,Longview Greens Miniature Golfing,(936) 242-0604,http://www.longviewgreens.com/,Montgomery,"735 Clepper Dr, Montgomery, TX 77356",4.8,433,Miniature golf course,risky,catch_all,mv-verified-houston-risky-2026-04-20,ChIJdWkCuDIgR4YRJ4cgc1WmtKk,1
miri@miriskitchen.com,Miri's,Kitchen Persian,Miri's Kitchen Persian,(832) 623-6616,https://www.miriskitchen.com/,Houston,"5801 Memorial Dr Suite A, Houston, TX 77007",4.4,433,Restaurant,risky,catch_all,mv-verified-houston-risky-2026-04-20,ChIJZwjJyPrBQIYR52L835a-DgA,1
info@mangiabistro.com,Mangia,Bistro,Mangia Bistro,(214) 501-2007,https://www.mangiabistro.com/,Plano,"508 14th St, Plano, TX 75074",4.6,432,Italian restaurant,risky,catch_all,mv-verified-houston-risky-2026-04-20,ChIJETLuo6AZTIYRK2ZJrZm3l5Q,1
info@thenookspa.com,The,Nook Spa,The Nook Spa,(972) 267-8424,http://www.thenookspa.com/,Dallas,"17477 Preston Rd, Dallas, TX 75252",4.8,432,Massage spa,risky,catch_all,mv-verified-houston-risky-2026-04-20,ChIJQ1S1UKsjTIYRvqdAiBqr45A,1
info@houston-appliances.com,Houston,Appliances,Houston Appliances,(281) 974-4171,http://houston-appliances.com/,Houston,"5153 Blalock Rd, Houston, TX 77041",4.6,431,Appliance store,risky,catch_all,mv-verified-houston-risky-2026-04-20,ChIJ0dtf1dDFQIYRR_RlxCjRAZ4,2
info@rapidcareemergency.com,RapidCare,Emergency Room - Galleria Houston 24 Hr Urgent ER Care,RapidCare Emergency Room - Galleria Houston 24 Hr Urgent ER Care,(281) 214-9930,https://rapidcareemergency.com/locations/24-hr-emergency-room-near-galleria-memorial/,Houston,"6363 San Felipe St # 100, Houston, TX 77057",4.8,430,Emergency room,risky,catch_all,mv-verified-houston-risky-2026-04-20,ChIJdbSlsUzDQIYRf0KJt4jQfEM,1
office@trinitysmile.com,Trinity,Dental Care,Trinity Dental Care,(817) 633-4444,https://trinitysmile.com/,Arlington,"2100 NE Green Oaks Blvd, Arlington, TX 76006",4.9,430,Dentist,risky,catch_all,mv-verified-houston-risky-2026-04-20,ChIJvZzE3zOHToYRGrfdRSK1iJg,1
info@sanantoniocollisioncenter.com,San,Antonio Collision Center,San Antonio Collision Center,(210) 257-0366,https://sanantoniocollisioncenter.com/,San Antonio,"4247 Industrial Center Drive, San Antonio, TX 78217",4.9,428,Auto body shop,risky,catch_all,mv-verified-houston-risky-2026-04-20,ChIJKwnsgHX1XIYRFeKtz5A1X7Y,1
info@thewhiteglove.biz,The,White Glove Maid Service,The White Glove Maid Service,(210) 342-3878,https://www.thewhiteglove.biz/,San Antonio,"11107 Wurzbach Rd Ste 305, San Antonio, TX 78230",4.7,427,House cleaning service,risky,unknown,mv-verified-houston-risky-2026-04-20,ChIJD6HCGGVgXIYR7J4ct808d-E,1
ivyle860@yahoo.com,Coco,Nail Salon San Antonio TX,Coco Nail Salon San Antonio TX,(210) 476-5159,https://coconailbartexas.com/,San Antonio,"11310 Culebra Rd, San Antonio, TX 78253",4.5,426,Nail salon,risky,unknown,mv-verified-houston-risky-2026-04-20,ChIJVysMRHdCXIYRDPi_vRnnKUE,1
info@totaltrue.com,Total,True Automotive Landa,Total True Automotive Landa,(830) 251-6246,https://www.totaltrue.com/?utm_campaign=gmb,New Braunfels,"551 Landa St, New Braunfels, TX 78130",4.9,426,Auto repair shop,risky,catch_all,mv-verified-houston-risky-2026-04-20,ChIJ10VAD-eXXIYRE-Eu5DuqEXs,2
service@allgen.com,AllGen,Computers,AllGen Computers,(210) 699-0051,https://www.allgen.com/,San Antonio,"5440 Babcock Rd #121, San Antonio, TX 78240",4.6,425,Computer repair service,risky,catch_all,mv-verified-houston-risky-2026-04-20,ChIJvQfONCBnXIYR7j-TdjwMPMw,1
cardawgtx@yahoo.com,Cardawg,Auto Sales,Cardawg Auto Sales,(817) 984-3536,https://cardawgtx.com/,Fort Worth,"3710 NE 28th St, Fort Worth, TX 76111",4.5,425,Used car dealer,risky,unknown,mv-verified-houston-risky-2026-04-20,ChIJkzddZi13ToYRUALxImVy_6s,1
info@crateandbarrel.com,Crate,& Barrel Outlet,Crate & Barrel Outlet,(214) 634-2277,https://www.crateandbarrel.com/stores/inwood-outlet-center/str304?utm_source=gmb&utm_medium=organic_search,Dallas,"1317 Inwood Rd, Dallas, TX 75247",4.2,425,Furniture store,risky,catch_all,mv-verified-houston-risky-2026-04-20,ChIJv22yhQucToYR9PKoD83ptQA,1
contact@yhbutterybakery.com,Y&H,Buttery Bakery,Y&H Buttery Bakery,(346) 387-9545,https://www.yhbutterybakery.com/,Katy,"1251 Pin Oak Rd #125, Katy, TX 77494",4.9,425,Bakery,risky,catch_all,mv-verified-houston-risky-2026-04-20,ChIJI431wKUnQYYRjf-9heoQMdo,1
service@buildasign.com,BuildASign,,BuildASign,(800) 330-9622,https://www.buildasign.com/,Austin,"11525A Stonehollow Dr #120, Austin, TX 78758",3.6,424,Sign shop,risky,catch_all,mv-verified-houston-risky-2026-04-20,ChIJmyQNUPbLRIYRp95MEz-4vEw,1
info@dreamspaatx.com,Dream,Spa,Dream Spa,(512) 382-7500,https://www.dreamspaatx.com/,Austin,"5301 Airport Blvd UNIT 200, Austin, TX 78751",4.5,424,Nail salon,risky,catch_all,mv-verified-houston-risky-2026-04-20,ChIJf1lfO8LLRIYRjyFNH2V98-Q,1
%20pulliam_glen@yahoo.com,Pulliam,Plumbing Services,Pulliam Plumbing Services,(210) 857-8583,https://www.pulliamplumbing.com/?utm_source=google&utm_medium=local&utm_campaign=1&utm_content=primary,Boerne,"32882 I-10, Boerne, TX 78006",5,424,Plumber,risky,unknown,mv-verified-houston-risky-2026-04-20,ChIJbeODT2tlXIYRwVnNndOdHDY,1
crittercareah@yahoo.com,Critter,Care Animal Hospital,Critter Care Animal Hospital,(281) 494-7700,http://crittercareonline.com/,Sugar Land,"13040 Dairy Ashford Rd, Sugar Land, TX 77478",4.7,423,Veterinarian,risky,unknown,mv-verified-houston-risky-2026-04-20,ChIJMzCIZqrnQIYRm-qNdzat6PI,1
info@glitchgamingcenter.com,Glitch,Gaming Center,Glitch Gaming Center,(915) 500-5566,http://www.glitchgamingcenter.com/,El Paso,"1505 George Dieter Dr #114, El Paso, TX 79936",4.8,423,Computer repair service,risky,catch_all,mv-verified-houston-risky-2026-04-20,ChIJsdNIS35D54YRHTyYY8pwU1c,1
marketstreetfeed@aol.com,Market,Street Feed,Market Street Feed,(713) 453-7269,http://marketstreetfeed.wixsite.com/houstonfeed,Houston,"12844 Market St, Houston, TX 77015",4.7,423,Animal feed store,risky,unknown,mv-verified-houston-risky-2026-04-20,ChIJAyFVc2ijQIYRTdxR4QchX-w,1
info@cottonwoodmarket.com,Cottonwood,Market Antique Mall,Cottonwood Market Antique Mall,+1 972-479-9990,https://www.cottonwoodmarket.com/,Richardson,"101 S Coit Rd #50, Richardson, TX 75080, United States",4.4,421,Antique store,risky,catch_all,mv-verified-houston-risky-2026-04-20,ChIJSdDuo8khTIYRzqIyQampREw,1
info@arlingtondental.com,Arlington,Dental,Arlington Dental,(817) 286-4178,https://www.arlingtondental.com/?utm_source=GBP&utm_medium=organic,Arlington,"821 N Fielder Rd, Arlington, TX 76012",4.7,420,Dentist,risky,unknown,mv-verified-houston-risky-2026-04-20,ChIJXcDX-6t9ToYR928ELJ35dXU,1
andrew@amazonautos.net,Amazon,Autos,Amazon Autos,(713) 694-5555,http://www.amazonautos.net/,Houston,"4619 N Shepherd Dr, Houston, TX 77018",4.3,419,Used car dealer,risky,unknown,mv-verified-houston-risky-2026-04-20,ChIJVQbSwpbHQIYRnClr_KM3uVM,1
miranda@brothersplumbingtx.com,Brothers,Plumbing,Brothers Plumbing,(325) 777-6060,https://brothersplumbingtx.com/,San Angelo,"1020 N Adams St, San Angelo, TX 76901",5,419,Plumber,risky,catch_all,mv-verified-houston-risky-2026-04-20,ChIJo08KekXlV4YRDAO0POM6TK4,2
info@delvistahtx.com,Del,Vista,Del Vista,(713) 750-9259,http://delvistahtx.com/,Houston,"6565 Del Monte Dr, Houston, TX 77057",4.5,419,Italian restaurant,risky,catch_all,mv-verified-houston-risky-2026-04-20,ChIJl176B8_DQIYRKiL9GMAJRJE,1
info@otokoaustin.com,OTOKO,,OTOKO,(512) 994-0428,https://otokoaustin.com/,Austin,"1603 S Congress Ave, Austin, TX 78704",4.6,419,Japanese restaurant,risky,catch_all,mv-verified-houston-risky-2026-04-20,ChIJke_4iPy0RIYRVz6Ttf70Y78,1
info@oasisfamilydentalrgv.com,Oasis,Family Dental,Oasis Family Dental,(956) 661-1000,https://www.oasisfamilydentalrgv.com/,McAllen,"800 E Dove Ave STE C, McAllen, TX 78504",4.8,417,Dentist,risky,catch_all,mv-verified-houston-risky-2026-04-20,ChIJQ1d2iD6hZYYRMQ47wHA7-iM,1
info@pioneerbrenham.com,Pioneer,Smokehouse,Pioneer Smokehouse,(713) 876-8416,http://pioneerbrenham.com/,Brenham,"309 S Park St, Brenham, TX 77833",4.5,416,Restaurant,risky,catch_all,mv-verified-houston-risky-2026-04-20,ChIJj78aATepRoYRZeNJAJh-tIg,1
info@snipertermiteandpest.com,Sniper,Termite and Pest Control Fort Worth,Sniper Termite and Pest Control Fort Worth,(817) 420-7561,https://snipertermiteandpest.com/?utm_source=GMBlisting&utm_medium=organic,Fort Worth,"1060 Cotton Depot Ln #642, Fort Worth, TX 76102",4.9,415,Pest control service,risky,catch_all,mv-verified-houston-risky-2026-04-20,ChIJ11kw74d7ToYRoKyiigix1wE,1
gina@legalforcelaw.com,Spa,Black,Spa Black,(210) 460-3865,http://www.spablack.com/,San Antonio,"7272 Wurzbach Rd #804, San Antonio, TX 78240",4.6,415,Medical spa,risky,catch_all,mv-verified-houston-risky-2026-04-20,ChIJPTfGj_BdXIYRhLXaNoME944,1
info@dfwmobilenotarynow.com,DFW,Mobile Notary Now,DFW Mobile Notary Now,(469) 406-8800,http://www.dfwmobilenotarynow.com/,Dallas,"10843 N Central Expy, Dallas, TX 75230",5,413,Notary public,risky,catch_all,mv-verified-houston-risky-2026-04-20,ChIJnbip5t-fToYRd0X8lp2u9jo,1
info@furnitureworldoutlet.com,Furniture,World Outlet,Furniture World Outlet,(832) 666-3103,https://furnitureworldoutlet.com/,Houston,"6608 Cypress Creek Pkwy, Houston, TX 77069",4.7,413,Furniture store,risky,catch_all,mv-verified-houston-risky-2026-04-20,ChIJNQyc2RPNQIYRrpgCaVEWaNQ,1
communications-maieday@southcongresshotel.com,Maie,Day,Maie Day,(512) 524-2235,https://www.maieday.com/,Austin,"1603 S Congress Ave, Austin, TX 78704",4.3,413,Steak house,risky,catch_all,mv-verified-houston-risky-2026-04-20,ChIJEU9CXNq1RIYRWTv3dLfnxPU,1
info@oakcliffpilates.com,Oak,Cliff Pilates,Oak Cliff Pilates,(469) 949-5306,https://oakcliffpilates.com/,Dallas,"196 W Davis St, Dallas, TX 75208",4.8,411,Pilates studio,risky,catch_all,mv-verified-houston-risky-2026-04-20,ChIJn6ws6TSZToYRuW2_ioKAj4c,3
info@sugarandsagebakery.com,Sugar,& Sage Bakery,Sugar & Sage Bakery,(469) 759-6697,http://www.sugarandsagebakery.com/,Dallas,"4314 Lovers Ln, Dallas, TX 75225",4.6,411,Bakery,risky,catch_all,mv-verified-houston-risky-2026-04-20,ChIJsQcBNG2fToYRB_DeHV3hbGM,1
info@sherwoodanimalclinic.com,Sherwood,Animal Clinic,Sherwood Animal Clinic,(409) 842-5114,https://www.sherwoodanimalclinic.com/,Beaumont,"4530 W Cardinal Dr, Beaumont, TX 77705",4.6,410,Veterinarian,risky,catch_all,mv-verified-houston-risky-2026-04-20,ChIJaeJn4qHLPoYRobJRM9aU7Ks,2
info@asaphvac.com,ASAP,HVAC,ASAP HVAC,(832) 305-8502,http://www.asaphvac.com/?utm_source=google&utm_medium=organic&utm_campaign=GMBListing-Spring-TX,Spring,"21755 N Fwy Service Rd Building 6, Spring, TX 77388",5,409,HVAC contractor,risky,catch_all,mv-verified-houston-risky-2026-04-20,ChIJ5TZS0ok1R4YRFyxfmCB--Jo,1
info@carterscountry.com,Carter's,Country,Carter's Country,(713) 461-1844,http://www.carterscountry.com/,Houston,"8927 Katy Fwy, Houston, TX 77024",4,409,Gun shop,risky,catch_all,mv-verified-houston-risky-2026-04-20,ChIJIZ0fV2_EQIYRlFNSAPjXqb0,1
info@permianbasinoralsurgery.com,Permian,Basin Oral Surgery & Dental Implant Center,Permian Basin Oral Surgery & Dental Implant Center,(432) 333-6585,https://permianbasinoralsurgery.com/,Odessa,"8101 Dorado Dr, Odessa, TX 79765",4.9,409,Oral surgeon,risky,catch_all,mv-verified-houston-risky-2026-04-20,ChIJC04dbrXO-4YRbArQbB4o9rQ,1
info@magnoliathai.com,Magnolia,Thai,Magnolia Thai,(281) 789-7425,http://www.magnoliathai.com/,Magnolia,"37125 FM 1774 #103, Magnolia, TX 77355",4.8,408,Thai restaurant,risky,catch_all,mv-verified-houston-risky-2026-04-20,ChIJD-fqT6wpR4YR9x0Ym3zGt6M,1
info@o5plumbing.com,o5,"Plumbing, LLC","o5 Plumbing, LLC",(830) 445-3309,https://o5plumbing.com/,San Antonio,"10801 Nacogdoches Rd, San Antonio, TX 78217",5,408,Plumber,risky,catch_all,mv-verified-houston-risky-2026-04-20,ChIJEUSiVzxzMAQRNTRh_qu23Nk,1
office@metrogaragedoor.net,Metro,Garage Door Repair,Metro Garage Door Repair,(972) 391-3610,https://www.metrogaragedoor.net/,Dallas,"2544 Southwell Rd, Dallas, TX 75229",5,407,Garage door supplier,risky,catch_all,mv-verified-houston-risky-2026-04-20,ChIJPxzsQEGdToYRppvE-DsgxoM,2
info@mrwilsonair.com,Mr.,Wilson Heating & Air Conditioning,Mr. Wilson Heating & Air Conditioning,(210) 308-9866,https://www.mrwilsonair.com/?utm_source=google&utm_medium=organic&utm_campaign=gbp,San Antonio,"219 W Rhapsody Dr, San Antonio, TX 78216",4.9,407,HVAC contractor,risky,catch_all,mv-verified-houston-risky-2026-04-20,ChIJQ8OHgjxgXIYRbhZcl5BPbNI,1
info@allaboututaxservices.com,All,About U Tax Services,All About U Tax Services,(210) 592-1991,http://www.allaboututaxservices.com/,San Antonio,"10327 Perrin Beitel, San Antonio, TX 78217",5,406,Tax preparation service,risky,unknown,mv-verified-houston-risky-2026-04-20,ChIJ-f9vX0-LXIYRb_UUnk2USrQ,1
info@cincoranchdental.com,Cinco,Ranch Dental,Cinco Ranch Dental,(713) 597-4389,http://www.cincoranchdental.com/,Katy,"2316 S Mason Rd, Katy, TX 77450",4.8,406,Dentist,risky,catch_all,mv-verified-houston-risky-2026-04-20,ChIJUc9fDDYnQYYRSLasDh6T6Xc,1
info@latindelight.net,LATIN,DELIGHT,LATIN DELIGHT,(346) 585-4003,https://latindelight.net/?utm_source=google,Missouri City,"1703 Texas Pkwy Ste A, Missouri City, TX 77489",4.7,406,Venezuelan restaurant,risky,catch_all,mv-verified-houston-risky-2026-04-20,ChIJJb6TTyHpQIYROEW0kEsgVxY,1
info@lonestardentalcenter.com,Lonestar,Dental Center,Lonestar Dental Center,(281) 233-0333,https://www.lonestardentalcenter.com/,Humble,"3103 FM 1960, Humble, TX 77338",4.9,406,Dentist,risky,catch_all,mv-verified-houston-risky-2026-04-20,ChIJBasYImTMQIYRRW-9DWaMOn0,1
laraelucas@yahoo.com,Longwood,Animal Hospital and Pet Resort,Longwood Animal Hospital and Pet Resort,(281) 373-1890,https://www.longwoodanimalhospital.com/?utm_source=gmb&utm_medium=organic&y_source=1_MTE2Njg2MjctNzE1LWxvY2F0aW9uLndlYnNpdGU%3D,Cypress,"14134 Huffmeister Rd, Cypress, TX 77429",4.7,405,Veterinarian,risky,unknown,mv-verified-houston-risky-2026-04-20,ChIJC7nQNIrTQIYRTCi7jUObsYA,1
info@stillgoode.com,StillGoode,Home Consignments,StillGoode Home Consignments,(281) 370-4447,https://www.stillgoode.com/?y_source=1_MTM5NzM1MDctNzE1LWxvY2F0aW9uLndlYnNpdGU%3D,Spring,"5200 Louetta Rd Ste 138, Spring, TX 77379",4.6,405,Home goods store,risky,catch_all,mv-verified-houston-risky-2026-04-20,ChIJ0dzTurbMQIYRMY57HTrx_eo,1
info@waltersweddingestates.com,Ashton,Gardens | West Houston,Ashton Gardens | West Houston,(972) 317-7464,https://waltersweddingestates.com/venues/ashton-gardens-west-houston/?utm_source=GBP&utm_medium=clicks&utm_campaign=GBP+Traffic,Houston,"18002 Clay Rd, Houston, TX 77084",4.6,404,Wedding venue,risky,catch_all,mv-verified-houston-risky-2026-04-20,ChIJVy8Su8fZQIYRHm2MZGqa98M,3
info@dentistsofarlington.com,Dentists,of Arlington,Dentists of Arlington,(817) 717-3640,https://www.dentistsofarlington.com/?sc_cid=GBP%3AO%3AGP%3A741%3AOrganic_Search%3AGeneral%3Ana&_vsrefdom=organic_gbp&y_source=1_MTExNTc3MzktNzE1LWxvY2F0aW9uLndlYnNpdGU%3D,Arlington,"5009 W Sublett Rd Ste 100, Arlington, TX 76017",4.5,404,Dentist,risky,catch_all,mv-verified-houston-risky-2026-04-20,ChIJK1Hut4RlToYRTsGXO9b467s,1
uptowngallerianails@yahoo.com,Uptown,Galleria Nails & Spa Houston,Uptown Galleria Nails & Spa Houston,(832) 858-7593,https://www.uptowngallerianails.com/,Houston,"2400 Mid Ln SUITE #300, Houston, TX 77027",4.6,404,Nail salon,risky,unknown,mv-verified-houston-risky-2026-04-20,ChIJi_xJkhbBQIYRGsZ85FCITPM,1
info@laplumebakery.com,La,Plume Bakery & Cafe,La Plume Bakery & Cafe,(832) 328-5175,http://laplumebakery.com/,Houston,"11660 Westheimer Rd Suite 107-A, Houston, TX 77077",4.5,403,Bakery,risky,catch_all,mv-verified-houston-risky-2026-04-20,ChIJM_miMirdQIYR1dyCqE5LYVU,1
nehemiah@mypizzaleon.com,Pizza,Leon - Austin Tx,Pizza Leon - Austin Tx,(737) 209-0155,https://www.mypizzaleon.com/,Austin,"509 E Ben White Blvd, Austin, TX 78704",4.6,403,Pizza restaurant,risky,catch_all,mv-verified-houston-risky-2026-04-20,ChIJ7bxjpr20RIYR6HIMaTy4bZE,1
davidafernandezlawoffice@mcom.com,Law,"Office of David A. Fernandez, PC","Law Office of David A. Fernandez, PC",(713) 893-3244,http://www.yourhoustonconsumerattorney.com/,Houston,"2190 N Loop W #333, Houston, TX 77018",4.9,402,Legal services,risky,catch_all,mv-verified-houston-risky-2026-04-20,ChIJy-YP1UvBQIYRCN52Te71KsE,1
info@jstailorandcleaners.com,J's,Tailor & Cleaners at Oak Lawn,J's Tailor & Cleaners at Oak Lawn,(214) 730-0207,http://jstailorandcleaners.com/,Dallas,"2904 Oak Lawn Ave, Dallas, TX 75219",4.7,401,Dry cleaner,risky,catch_all,mv-verified-houston-risky-2026-04-20,ChIJwdU8sMueToYR7t2-1kJas20,2
info@integratedstaffingllc.com,Integrated,"Staffing & Payroll Solutions, LLC","Integrated Staffing & Payroll Solutions, LLC",(281) 766-4132,http://integratedstaffingllc.com/,Houston,"12254 Queenston Blvd Ste B, Houston, TX 77095",4.9,400,Employment agency,risky,catch_all,mv-verified-houston-risky-2026-04-20,ChIJfRg19p_VQIYRJjcLbyXW4pg,1
j5plumbingco@yahoo.com,J5,Plumbing Co.,J5 Plumbing Co.,(817) 989-0423,http://j5plumbingco.com/,Benbrook,"7600 Benbrook Pkwy, Benbrook, TX 76126",5,400,Plumber,risky,unknown,mv-verified-houston-risky-2026-04-20,ChIJ495IkLUTToYRxaf_wTucjdA,1
heights@threedogbakeryhtx.com,Three,Dog Bakery Rice Village,Three Dog Bakery Rice Village,(713) 533-9933,http://www.threedogbakeryhtx.com/,Houston,"2402 Rice Boulevard, Houston, TX 77005",4.8,400,Pet supply store,risky,catch_all,mv-verified-houston-risky-2026-04-20,ChIJQ-Y9izHBQIYRvlq9Pj95al4,2
sales@skysautos.com,Sky's,Auto Sales Inc.,Sky's Auto Sales Inc.,+1 512-454-9138,http://www.skysautos.com/,Austin,"5210 N Interstate Hwy 35, Austin, TX 78751, United States",4.4,399,Used car dealer,risky,catch_all,mv-verified-houston-risky-2026-04-20,ChIJJ-qc6A_KRIYR8jtV6K-fpCQ,1
centexrootdownplumbing@yahoo.com,Centex,"Rootdown Plumbing, LLC","Centex Rootdown Plumbing, LLC",(254) 317-0343,https://centexrootdownplumbing.com/,,,5,398,Plumber,risky,unknown,mv-verified-houston-risky-2026-04-20,ChIJaf2hP_6wWoYRWcFPmkxZaAc,1
alice@pueblotires.com,Pueblo,Tires & Service - E. Expressway 83,Pueblo Tires & Service - E. Expressway 83,(956) 581-0212,https://pueblotires.com/MyInstallers/view/7/Mission-TX,Mission,"102 E Expressway 83, Mission, TX 78572",4.1,398,Tire shop,risky,unknown,mv-verified-houston-risky-2026-04-20,ChIJ2WnzJxWoZYYR7jn9fLXz_eI,2
info@hookahsmokeshop.com,Dream,Lounge,Dream Lounge,(469) 892-4600,https://www.afzal-hookah.com/,Carrollton,"1205 W Trinity Mills Rd #216, Carrollton, TX 75006",4.7,397,Hookah bar,risky,catch_all,mv-verified-houston-risky-2026-04-20,ChIJkYht5AQlTIYRb9IdsEY2Ya8,1
pasadenaauto@yahoo.com,Pasadena,Auto Service,Pasadena Auto Service,(713) 477-0711,https://www.pasadenaautoservice.com/,Pasadena,"2017 Shaver St, Pasadena, TX 77502",4.7,397,Auto body shop,risky,unknown,mv-verified-houston-risky-2026-04-20,ChIJY3YeXoaZQIYRJLMOQardPyY,1
info@3ddautomotive.com,3DD,Automotive,3DD Automotive,(903) 205-1532,https://www.3ddautomotive.com/,Texarkana,"8863 US-59, Texarkana, TX 75501",4.8,395,Auto repair shop,risky,unknown,mv-verified-houston-risky-2026-04-20,ChIJVd62njQ_NIYRiynEYHj6Byc,1
info@staffingdreamjob.com,DreamJob,Staffing,DreamJob Staffing,(888) 713-7326,https://staffingdreamjob.com/,Dallas,"910 S Pearl Expy, Dallas, TX 75201",4.7,393,Employment agency,risky,catch_all,mv-verified-houston-risky-2026-04-20,ChIJA5Dbkr2ZToYRpzsFymkQ2gw,1
anthonynarez@sbcglobal.net,RIVER,OAKS CAR CARE,RIVER OAKS CAR CARE,(817) 624-6257,https://river-oaks-car-care-i3czzadsty74qhiw.builder-preview.com/,Fort Worth,"3015 N Main St, Fort Worth, TX 76106",4.9,393,Auto repair shop,risky,catch_all,mv-verified-houston-risky-2026-04-20,ChIJaV5zGp52ToYRfzgQYompWVk,1
appointment@whitesalon.com,White,A Salon,White A Salon,(713) 524-7100,https://www.whitesalon.com/,Houston,"320 W Gray St, Houston, TX 77019",4.7,393,Hair salon,risky,unknown,mv-verified-houston-risky-2026-04-20,ChIJ67NiZly_QIYRlXvaA3TLzak,1
info@cdtireshop5.com,CD,Tire Shop #5,CD Tire Shop #5,+1 210-732-6832,https://cdtireshop5.com/,San Antonio,"1206 West Ave, San Antonio, TX 78201, United States",4.7,392,Auto repair shop,risky,unknown,mv-verified-houston-risky-2026-04-20,ChIJf8U4DKtfXIYR2Ff2GCnjcG0,1
info@bcimechanical.com,BCI,"Plumbing, Heating and AC Repair","BCI Plumbing, Heating and AC Repair",(940) 353-1556,https://www.bcimechanical.com/furnace-repair/?utm_source=google&utm_medium=organic&utm_campaign=gbp_denton_hvac,Denton,"400 E Oak St, Denton, TX 76201",4.8,391,Plumber,risky,catch_all,mv-verified-houston-risky-2026-04-20,ChIJJRDYTYzKTYYRJvoHFB6k0a4,1
events@hoteldryce.com,Hotel,Dryce,Hotel Dryce,(817) 330-9886,http://www.hoteldryce.com/,Fort Worth,"3621 Byers Ave, Fort Worth, TX 76107",4.6,390,Hotel,risky,catch_all,mv-verified-houston-risky-2026-04-20,ChIJYbaNscxzToYRAzRun5JJpDk,1
dental914@yahoo.com,John,"R. Chaconas, DDS","John R. Chaconas, DDS",(281) 337-5262,https://www.johnchaconasdds.com/,Dickinson,"424 Farm to Market 517 Rd W, Dickinson, TX 77539",4.9,390,Dentist,risky,unknown,mv-verified-houston-risky-2026-04-20,ChIJ-3LiG0mCQIYRJxdt9CUHtA4,1
info@justinsicecream.com,Justin's,Ice Cream Co,Justin's Ice Cream Co,(210) 222-2707,http://www.justinsicecream.com/,San Antonio,"River Level, 245 E Commerce St, San Antonio, TX 78205",4.2,390,Ice cream shop,risky,unknown,mv-verified-houston-risky-2026-04-20,ChIJM7YepqxYXIYRB_GHZ2Gt-T4,1
dallas@pridestaff.com,PrideStaff,,PrideStaff,(972) 661-1616,https://www.staffingindallas.com/,Dallas,"14850 Quorum Dr #205, Dallas, TX 75254",4.7,390,Employment agency,risky,catch_all,mv-verified-houston-risky-2026-04-20,ChIJT-z5rzEhTIYRRhjO2o_U-_s,1
info@siennamoderndentistry.com,Sienna,Modern Dentistry and Orthodontics,Sienna Modern Dentistry and Orthodontics,(281) 778-5355,https://www.siennamoderndentistry.com/?sc_cid=GBP%3AO%3AGP%3A632%3AOrganic_Search%3AGeneral%3Ana&_vsrefdom=organic_gbp&y_source=1_MTUxMzA3OTktNzE1LWxvY2F0aW9uLndlYnNpdGU%3D,Missouri City,"8740 Hwy 6 #150, Missouri City, TX 77459",4.4,389,Dentist,risky,unknown,mv-verified-houston-risky-2026-04-20,ChIJzdygdQvvQIYR05ygSCOOcpo,1
dispatch@blueskyheatingandair.net,Blue,Sky Heating and Air,Blue Sky Heating and Air,(512) 222-6666,https://blueskyheatingandair.net/,Austin,"5900 Balcones Dr STE 5090, Austin, TX 78731",4.7,388,HVAC contractor,risky,unknown,mv-verified-houston-risky-2026-04-20,ChIJSVYUuS_PRIYR3w9gar9ynIQ,1
info@dripnailsalon.com,Drip,Nail Salon,Drip Nail Salon,(281) 305-8155,https://dripnailsalon.com/,Houston,"730 W 18th St Unit C, Houston, TX 77008",4.6,388,Nail salon,risky,catch_all,mv-verified-houston-risky-2026-04-20,ChIJvVEAGq7HQIYRIjhuAjorebs,1
info@indigotowing.com,Indigo,Auto Towing and Recovery,Indigo Auto Towing and Recovery,(713) 231-5047,https://indigotowing.com/,Houston,"7938 Wright Rd Lot B, Houston, TX 77041",5,388,Towing service,risky,catch_all,mv-verified-houston-risky-2026-04-20,ChIJHS5ky4fRQIYRcCl8duRzAN0,1
info@ruizsalon.com,Ruiz,Salon,Ruiz Salon,(512) 478-7744,http://www.ruizsalon.com/,Austin,"4301 Guadalupe St, Austin, TX 78751",4.7,388,Hair salon,risky,unknown,mv-verified-houston-risky-2026-04-20,ChIJS5BCNhK1RIYRu4TMWu31Q2w,1
info@encoplumbing.com,ENCO,"Plumbing, Inc.","ENCO Plumbing, Inc.",(214) 222-4464,https://encoplumbing.com/?utm_source=google&utm_medium=organic&utm_campaign=gmb-listing,The Colony,"3700 Standridge Dr, The Colony, TX 75056",4.8,386,Plumber,risky,catch_all,mv-verified-houston-risky-2026-04-20,ChIJEyrK5jYuTIYRZlhQLtSzIbI,1
info@maaco.com,Maaco,Auto Body Shop & Painting,Maaco Auto Body Shop & Painting,(832) 410-4083,https://www.maaco.com/locations/tx/katy-12346/?utm_source=google&utm_medium=organic&utm_campaign=gbp_website,Katy,"510 S Mason Rd S-1, Katy, TX 77450",4.1,386,Auto body shop,risky,catch_all,mv-verified-houston-risky-2026-04-20,ChIJlwnRqT8nQYYROBVDbbIzVSY,4
info@murphyselectric.com,Murphy's,Electric,Murphy's Electric,(346) 760-4624,https://www.murphyselectric.com/,,,4.9,386,Electrician,risky,unknown,mv-verified-houston-risky-2026-04-20,ChIJJXFlSTwxR4YR5G68vDYEwaw,1
info@petsense.com,Petsense,by Tractor Supply,Petsense by Tractor Supply,(817) 459-3100,http://www.petsense.com/,Fort Worth,"1408 Eastchase Pkwy #100, Fort Worth, TX 76120",3.9,386,Pet supply store,risky,catch_all,mv-verified-houston-risky-2026-04-20,ChIJt4gldG18ToYR9Osuy2QguMg,1
info@friscosmilesdentistry.com,Frisco,Smiles Dentistry,Frisco Smiles Dentistry,(469) 294-4239,https://friscosmilesdentistry.com/,Frisco,"2955 Eldorado Pkwy #110, Frisco, TX 75033",5,385,Dentist,risky,catch_all,mv-verified-houston-risky-2026-04-20,ChIJjx9iJ585TIYR7wp8XKR3Mo4,1
fostersteamer@yahoo.com,Fosters,Steamer Carpet Cleaning,Fosters Steamer Carpet Cleaning,(210) 781-7061,https://www.fostersteamer.com/,San Antonio,"6314 Pioneer Point Dr, San Antonio, TX 78244",5,383,Carpet cleaning service,risky,unknown,mv-verified-houston-risky-2026-04-20,ChIJPznnfGfzXIYRrrBtH64u5nM,1
www.info@hotelpdn.com,Sabor,,Sabor,(915) 516-6382,https://www.hotelpdn.com/our-hotel/dining,El Paso,"10 Henry Trost Ct, El Paso, TX 79901",4.2,383,Restaurant,risky,catch_all,mv-verified-houston-risky-2026-04-20,ChIJ91C5Df1Y54YR_FUHqKzvUKI,2
info@moonvalleynurseries.com,Moon,Valley Nurseries,Moon Valley Nurseries,(281) 643-0180,https://www.moonvalleynurseries.com/locations/spring-north,Spring,"23420 I-45, Spring, TX 77373",4.7,382,Plant nursery,risky,catch_all,mv-verified-houston-risky-2026-04-20,ChIJaZ8PjB43R4YR6lxoevhdw80,2
pagamenosinsurance@yahoo.com,Paga-Menos,Insurance,Paga-Menos Insurance,(832) 804-9286,https://www.segurosenhouston.com/,Houston,"5901 Bellaire Blvd Ste C, Houston, TX 77081",4.9,381,Insurance agency,risky,unknown,mv-verified-houston-risky-2026-04-20,ChIJiw95hiPCQIYRDX0s7OhLpYk,1
info@garlanddeli.com,Main,Street Deli,Main Street Deli,(972) 276-5959,http://www.garlanddeli.com/,Garland,"520 Main St A, Garland, TX 75040",4.7,379,Deli,risky,unknown,mv-verified-houston-risky-2026-04-20,ChIJ6VibwY0dTIYRkNTOfwdEnu8,1
support@newrisehvac.com,NewRise,Heating & Cooling,NewRise Heating & Cooling,(469) 579-9110,https://newrisehvac.com/,Arlington,"1003 Enterprise Pl #101, Arlington, TX 76001",4.9,377,HVAC contractor,risky,catch_all,mv-verified-houston-risky-2026-04-20,ChIJAQAEC3piToYRZFJoTY7IHJs,1
shelbyservicecenterjc@yahoo.com,Shelby's,Service Center,Shelby's Service Center,(903) 792-7062,https://www.shelbystireandservice.com/,Texarkana,"2003 College Dr, Texarkana, TX 75503",4.4,377,Auto repair shop,risky,unknown,mv-verified-houston-risky-2026-04-20,ChIJkfHGwAhqNIYRf_qUitZD6uM,1
stagglaw@yahoo.com,Stagg,"and Associates, PLLC","Stagg and Associates, PLLC",(713) 223-5811,https://www.staggandassociates.com/,Houston,"1001 Texas Ave #960, Houston, TX 77002",4.9,377,Divorce lawyer,risky,unknown,mv-verified-houston-risky-2026-04-20,ChIJTQ07NiW_QIYRKJp9MPnqLMo,1
info@urbandonut.com,Urban,Donut & Coffee,Urban Donut & Coffee,(469) 444-1302,http://www.urbandonut.com/,Dallas,"2805 Allen St #119, Dallas, TX 75204",4.4,375,Donut shop,risky,catch_all,mv-verified-houston-risky-2026-04-20,ChIJ6bPAvC2ZToYRkT1MS6buVfA,1
info@americasanimalclinic.com,Americas,Animal Clinic,Americas Animal Clinic,(915) 858-1971,https://www.americasanimalclinic.com/,El Paso,"630 N Americas Ave, El Paso, TX 79907",4.5,374,Animal hospital,risky,unknown,mv-verified-houston-risky-2026-04-20,ChIJQyVMR_RC54YRPxRFQ-m6CYw,1
info@on-rotation.com,On,Rotation Brewery & Kitchen,On Rotation Brewery & Kitchen,,https://on-rotation.com/,Dallas,"7701 Lemmon Ave Suite 200, Dallas, TX 75209",4.7,373,Brewery,risky,catch_all,mv-verified-houston-risky-2026-04-20,ChIJSw7gwu-dToYRpCwNZIxitqQ,1
dispatch@servewayhvac.com,Serveway,Heating and Air Conditioning,Serveway Heating and Air Conditioning,(469) 231-9379,https://www.servewayhvac.com/?utm_source=google&utm_medium=organic&utm_campaign=gbp,Dallas,"10120 Cayuga Dr Suite 107, Dallas, TX 75228",4.9,373,HVAC contractor,risky,catch_all,mv-verified-houston-risky-2026-04-20,ChIJx4C5x0OhToYRjJs7BQD4Mvc,1
info@gatewayace.com,Gateway,Ace Hardware & Industrial Supply,Gateway Ace Hardware & Industrial Supply,(713) 643-0623,http://www.gatewayace.com/,Houston,"6860 Telephone Rd, Houston, TX 77061",4.4,372,Hardware store,risky,unknown,mv-verified-houston-risky-2026-04-20,ChIJu0PKqWqWQIYReuML8oD52IQ,1
info@lucytowing.com,Lucys,Towing Services,Lucys Towing Services,(830) 252-3050,http://lucytowing.com/,San Antonio,"22631 Match Play, San Antonio, TX 78261",4.9,372,Towing service,risky,catch_all,mv-verified-houston-risky-2026-04-20,ChIJkTF4dWmCDicR8JB0CS0x_Oo,1
info@prestigeairtx.com,Prestige,Air,Prestige Air,(817) 200-7215,http://prestigeairtx.com/,North Richland Hills,"8208 Northeast Pkwy Ste 109, North Richland Hills, TX 76182",5,372,HVAC contractor,risky,catch_all,mv-verified-houston-risky-2026-04-20,ChIJCZjs0yt5ToYRJWct-zDyyV4,1
info@reply.mhairsalonplano.com,M,Hair Salon,M Hair Salon,(972) 608-3037,https://www.mhairsalonplano.com/,Plano,"6832 Coit Rd Ste 230, Plano, TX 75023",4.5,371,Beauty salon,risky,catch_all,mv-verified-houston-risky-2026-04-20,ChIJz-YI-LUiTIYR-tVfs9sxoIE,1
piattos1@sbcglobal.net,Piatto,Ristorante,Piatto Ristorante,(713) 871-9722,http://piattoristorante.com/,Houston,"4925 W Alabama St, Houston, TX 77056",4.5,371,Italian restaurant,risky,catch_all,mv-verified-houston-risky-2026-04-20,ChIJASWbxaO4QIYR_gy5AIZfmoE,1
spicewoodplumbing@yahoo.com,Spicewood,Plumbing,Spicewood Plumbing,(830) 999-4663,https://www.spicewoodplumbing.com/,Spicewood,"337 Red Bluff Rd, Spicewood, TX 78669",4.9,371,Plumber,risky,unknown,mv-verified-houston-risky-2026-04-20,ChIJe6n2jWIjW4YR6DxOw9dEHMg,2
info@rjbrotherscontractorsandroof.com,RJ,BROTHERS CONTRACTORS AND ROOF,RJ BROTHERS CONTRACTORS AND ROOF,(713) 487-6277,https://www.rjbrotherscontractorsandroof.com/,Katy,"25807 Westheimer Pkwy suit 427, Katy, TX 77494",4.9,370,Roofing contractor,risky,catch_all,mv-verified-houston-risky-2026-04-20,ChIJxSyapTQhQYYR4dA9CrZXhlE,1
ramirezautoglass@sbcglobal.net,Ramirez,Auto Glass,Ramirez Auto Glass,(210) 922-5266,http://www.ramirezwindshieldrepair.com/,San Antonio,"2703 Commercial Ave, San Antonio, TX 78221",3.6,370,Auto glass shop,risky,catch_all,mv-verified-houston-risky-2026-04-20,ChIJsViV3DlYXIYRvLlAHaN5qqM,1
staplestire@yahoo.com,Staples,Tire & Automotive,Staples Tire & Automotive,(361) 855-7926,http://staplestire.com/,Corpus Christi,"3501 S Staples St, Corpus Christi, TX 78411",4.7,370,Auto repair shop,risky,unknown,mv-verified-houston-risky-2026-04-20,ChIJV-YHvXVfaIYRuNYE1QHFdxk,1
heidi@vanguardagencyllc.com,The,Vanguard Insurance Agency,The Vanguard Insurance Agency,(281) 453-8770,http://www.vanguardagencyllc.com/,Houston,"1225 N Loop W suite 322, Houston, TX 77008",4.9,370,Home insurance agency,risky,catch_all,mv-verified-houston-risky-2026-04-20,ChIJAQDwQRg0R4YR2JkHfc7U4y4,1
evan@erplumbingservice.com,ER,Plumbing Services,ER Plumbing Services,(346) 258-6271,http://www.erplumbingservice.com/,,,4.9,369,Plumber,risky,catch_all,mv-verified-houston-risky-2026-04-20,ChIJUw1bx64lQYYRpzP2csTs3bc,1
info@amalajointhouston.com,Amala,Joint,Amala Joint,(281) 721-2982,http://www.amalajointhouston.com/?utm_source=gmb&utm_medium=website,Houston,"6271 S Texas 6, Houston, TX 77083",4.4,368,West African restaurant,risky,catch_all,mv-verified-houston-risky-2026-04-20,ChIJpWixU07dQIYRzSKqjye5G_o,1
info@pureyogatexas.com,PURE,Yoga Texas | Downtown Austin,PURE Yoga Texas | Downtown Austin,(888) 245-0726,http://www.pureyogatexas.com/downtown-austin,Austin,"506 Oakland Ave, Austin, TX 78703",4.9,368,Yoga studio,risky,catch_all,mv-verified-houston-risky-2026-04-20,ChIJOX8THRW1RIYRRd7azZ9XgwM,2
info@thejamiemcmartingroup.com,The,Jamie McMartin Group | Houston Realtor,The Jamie McMartin Group | Houston Realtor,(281) 547-6221,https://www.thejamiemcmartingroup.com/,Katy,"24275 Katy Fwy Ste. 400, Katy, TX 77494",4.9,368,Real estate agency,risky,unknown,mv-verified-houston-risky-2026-04-20,ChIJYfrbVMAgQYYRiKczlC9QRAA,1
info@boltonlaw.com,Bolton,Law Firm,Bolton Law Firm,(936) 297-4668,https://www.boltonlaw.com/,The Woodlands,"2441 High Timbers Dr #400, The Woodlands, TX 77380",4.6,367,Divorce lawyer,risky,catch_all,mv-verified-houston-risky-2026-04-20,ChIJH8n0G10sR4YR6gGktfzBmSc,2
info@milexcompleteautocare.com,Mr.,"Transmission/Milex Complete Auto Care of Beaumont, TX","Mr. Transmission/Milex Complete Auto Care of Beaumont, TX",(409) 892-9900,https://milexcompleteautocare.com/beaumont-auto/,Beaumont,"7315 TX-105, Beaumont, TX 77713",4.7,367,Transmission shop,risky,catch_all,mv-verified-houston-risky-2026-04-20,ChIJezjWXgEzOYYRJWS-j9JBEr0,1
info@terriblelovecoffee.com,Terrible,Love,Terrible Love,,http://terriblelovecoffee.com/,Austin,"3908 Avenue B, Austin, TX 78751",4.9,367,Coffee shop,risky,catch_all,mv-verified-houston-risky-2026-04-20,ChIJP8p2kJC1RIYR2qrGoXZtZCk,1
info@trutemps.com,TruTEMPS,Staffing Group,TruTEMPS Staffing Group,(915) 275-2665,http://www.trutemps.com/,El Paso,"1160 Airway Blvd #31, El Paso, TX 79925",4.8,367,Employment agency,risky,catch_all,mv-verified-houston-risky-2026-04-20,ChIJp-eZZf9a54YRQrsifqpcG-Q,2
info@dynamiteroof.com,Dynamite,Roofing & Construction,Dynamite Roofing & Construction,(512) 505-8008,https://dynamiteroof.com/,Round Rock,"2631 Gattis School Rd #250, Round Rock, TX 78664",4.9,365,Roofing contractor,risky,unknown,mv-verified-houston-risky-2026-04-20,ChIJj5k47kcvW4YRwMw-4zp-Prw,2
amevillalobos@homestateinsuranceagency.com,Homestate,Insurance Agency,Homestate Insurance Agency,(915) 832-1894,https://www.homestateinsuranceagency.com/,El Paso,"4504 Montana Ave, El Paso, TX 79925",4.9,365,Insurance agency,risky,catch_all,mv-verified-houston-risky-2026-04-20,ChIJHaphSE9a54YRMwIeCHkA--I,2
info@katymoderndentistry.com,Katy,Modern Dentistry and Orthodontics,Katy Modern Dentistry and Orthodontics,(281) 392-8222,https://www.katymoderndentistry.com/?sc_cid=GBP%3AO%3AGP%3A633%3AOrganic_Search%3AGeneral%3Ana&_vsrefdom=organic_gbp&y_source=1_MTEwMjkwNi03MTUtbG9jYXRpb24ud2Vic2l0ZQ%3D%3D,Katy,"25621 Nelson Way Ste 110, Katy, TX 77494",4.3,365,Dentist,risky,catch_all,mv-verified-houston-risky-2026-04-20,ChIJhU0Q3BgkQYYRSoLhOG5zK-8,1
info@mihomes.com,M/I,Homes – Dallas,M/I Homes – Dallas,(972) 280-7730,https://www.mihomes.com/new-homes/texas/dallas-fort-worth-metroplex/dallas?utm_source=googlebusinessprofile&utm_campaign=product-community&utm_medium=organic&utm_content=text&utm_term=consumer,Lewisville,"700 State Hwy 121 #100, Lewisville, TX 75067",4.6,365,Home builder,risky,catch_all,mv-verified-houston-risky-2026-04-20,ChIJpdlo8MMuTIYRt9hMvBJZ9ZY,2
reservations@sjriverfrontrvresort.com,San,Jacinto Riverfront RV Resort,San Jacinto Riverfront RV Resort,(281) 426-6919,http://sjriverfrontrvresort.com/,Highlands,"540 S Main St, Highlands, TX 77562",4.1,365,RV park,risky,catch_all,mv-verified-houston-risky-2026-04-20,ChIJP1j_nGCnQIYReA4TDL9GRow,1
joseelpas7@aol.com,C,& M Tire & Wheel Co,C & M Tire & Wheel Co,(915) 590-8509,http://www.candmtire.com/gallery,El Paso,"10009 Montana Ave, El Paso, TX 79925",4.8,364,Tire shop,risky,unknown,mv-verified-houston-risky-2026-04-20,ChIJlfDQhs1a54YRkuveq9WGVwk,1
info@capitalspringsortho.com,Capital,Springs Orthodontics,Capital Springs Orthodontics,(512) 447-6453,https://capitalspringsortho.com/,Austin,"2500 W William Cannon Dr STE 102, Austin, TX 78745",4.9,364,Orthodontist,risky,catch_all,mv-verified-houston-risky-2026-04-20,ChIJU5n4zmNLW4YRYN9jWO3cKMw,1
rfplumber@yahoo.com,Royal,Flush Plumbing,Royal Flush Plumbing,(817) 222-9777,http://royalflushplumbers.net/,Fort Worth,"2566 Gravel Dr, Fort Worth, TX 76118",4.8,364,Plumber,risky,unknown,mv-verified-houston-risky-2026-04-20,ChIJi87sXNV3ToYR-Q3iiXpsFh4,1
info@austinprimarydental.com,Austin,Primary Dental,Austin Primary Dental,(512) 808-5651,https://austinprimarydental.com/?utm_source=GMB&utm_medium=organic&utm_campaign=DevOptimization&utm_content=Website,Austin,"6700 West Gate Blvd STE 103, Austin, TX 78745",4.9,362,Dentist,risky,catch_all,mv-verified-houston-risky-2026-04-20,ChIJL9iLaGRLW4YRG9VTvQufW1o,1
info@weedman.com,Weed,Man Lawn Care,Weed Man Lawn Care,(832) 534-1928,https://weedman.com/en-us/houston,Houston,"13225 FM 529 Ste D, Houston, TX 77041",4.6,362,Lawn care service,risky,catch_all,mv-verified-houston-risky-2026-04-20,ChIJuRCs1IHNQIYRHp-30N4jpGU,3
service@longhornsolar.com,Longhorn,Solar - Austin,Longhorn Solar - Austin,(512) 837-4800,https://longhornsolar.com/,Round Rock,"1500 Chisholm Trail Rd Ste A, Round Rock, TX 78681",4.6,361,Solar energy company,risky,catch_all,mv-verified-houston-risky-2026-04-20,ChIJn1QI-JvLRIYRXH9lH7Ky4uA,2
info@cowtownvet.com,Arlington,Heights Animal Hospital,Arlington Heights Animal Hospital,(817) 735-8700,https://cowtownvet.com/,Fort Worth,"1712 Montgomery St, Fort Worth, TX 76107",4.8,360,Veterinarian,risky,unknown,mv-verified-houston-risky-2026-04-20,ChIJFWisartzToYRo5DyaI99akU,1
office@brantlydental.com,Brantly,Dental,Brantly Dental,(325) 949-9668,http://www.brantlydental.com/,San Angelo,"2149 Office Park Dr, San Angelo, TX 76904",4.8,360,Dentist,risky,catch_all,mv-verified-houston-risky-2026-04-20,ChIJOebtdgvlV4YRXHfcmuCbLqc,1
info@towing-sanantonio.com,Shield,Towing San Antonio,Shield Towing San Antonio,(210) 263-1175,https://towing-sanantonio.com/,San Antonio,"3918 Naco Perrin Blvd #105, San Antonio, TX 78217",3.9,360,Towing service,risky,catch_all,mv-verified-houston-risky-2026-04-20,ChIJfybWG6ZZXIYRdyr_5MqSggc,1
spacecityplumbing@comcast.net,Space,City Plumbing,Space City Plumbing,(281) 984-7679,https://www.spacecityplumbing.com/,League City,"116 Houston Ave, League City, TX 77573",4.9,360,Plumber,risky,unknown,mv-verified-houston-risky-2026-04-20,ChIJNQUC_CydQIYRrsm2WnvApnM,1
victoria@onpointpressurewash.com,O.N.,Point Pressure Washing,O.N. Point Pressure Washing,(817) 632-4524,https://www.onpointpressurewash.com/,,,5,359,Pressure washing service,risky,catch_all,mv-verified-houston-risky-2026-04-20,ChIJCS9GEtZ3OIURopYuQm-Sygg,1
info@strangebirdimmersive.com,Strange,Bird Immersive Escape Rooms,Strange Bird Immersive Escape Rooms,(832) 413-2853,https://strangebirdimmersive.com/,Houston,"7026 Old Katy Rd #310, Houston, TX 77024",5,359,Escape room center,risky,catch_all,mv-verified-houston-risky-2026-04-20,ChIJW9HwLU2_QIYRSOTUra71gPA,1
info@washbroz.com,Wash,Broz Pressure Washing,Wash Broz Pressure Washing,(469) 301-1158,https://washbroz.com/,,,4.9,359,Pressure washing service,risky,catch_all,mv-verified-houston-risky-2026-04-20,ChIJf9fo7hAVTIYRMhW2OcMCXf8,1
info@oldeworldmovers.com,Olde,World Movers - Fort Worth,Olde World Movers - Fort Worth,(817) 406-6518,https://www.oldeworldmovers.com/?utm_source=Google+Business+Profile&utm_medium=organic&utm_campaign=GBP+Fort+Worth,Fort Worth,"420 Throckmorton St Suite 200, Fort Worth, TX 76102",5,358,Mover,risky,catch_all,mv-verified-houston-risky-2026-04-20,ChIJSy2fJVxxToYRvtB7U45ox7w,1
info@sanantonio.gov,Sunken,Garden Theater,Sunken Garden Theater,(210) 207-3050,https://www.sanantonio.gov/ParksAndRec/Parks-Facilities/All-Parks-Facilities/Facility-Details/ArtMID/16234/ArticleID/2913/Sunken-Garden-Theater,San Antonio,"3875 N St Mary's St, San Antonio, TX 78212",4.6,358,Amphitheater,risky,catch_all,mv-verified-houston-risky-2026-04-20,ChIJtUTl9YX1XIYREMoTrxUYKzg,1
info@apctyler.com,American,Plumbing Co.,American Plumbing Co.,(903) 592-5508,https://apctyler.com/?utm_source=googlebusiness&utm_medium=organic&utm_campaign=gbp&utm_content=main-button,Tyler,"1620 N Parkdale Dr, Tyler, TX 75702",4.9,357,Plumber,risky,catch_all,mv-verified-houston-risky-2026-04-20,ChIJmcokZTbJSYYR1LT4CWZvaRI,1
info@richmondsair.com,Richmonds,Air,Richmonds Air,(713) 999-4735,https://www.richmondsair.com/?utm_source=gmb&utm_medium=website,,,4.8,357,HVAC contractor,risky,catch_all,mv-verified-houston-risky-2026-04-20,ChIJcQSfnJrcQIYRNIJZqrrr3H0,1
info@samsclub.com,Sam's,Club Gas Station,Sam's Club Gas Station,(210) 682-4690,https://www.samsclub.com/club/8227-san-antonio-tx/fuel-center,San Antonio,"5055 Northwest Loop 410, San Antonio, TX 78229",4.6,357,Gas station,risky,catch_all,mv-verified-houston-risky-2026-04-20,ChIJ3VkBI-pdXIYR1ZSMuLDkUWU,1
ahpc09@sbcglobal.net,Alamo,Heights Pet Clinic,Alamo Heights Pet Clinic,(210) 821-5544,http://www.alamoheightspetclinic.com/,San Antonio,"6488 N New Braunfels Ave, San Antonio, TX 78209",4.6,354,Veterinarian,risky,catch_all,mv-verified-houston-risky-2026-04-20,ChIJbwOknBP1XIYRoqi9vRhWVAU,1
clientcare.forest@svp.vet,Forest,Lake Animal Clinic,Forest Lake Animal Clinic,(281) 326-2576,https://forestlakeanimalclinic.com/?utm_source=gmb&utm_medium=organic,Seabrook,"3942 E NASA Pkwy, Seabrook, TX 77586",4.7,353,Veterinarian,risky,unknown,mv-verified-houston-risky-2026-04-20,ChIJa-2pjXpiP4YRjtkbdf2pYZs,1
info@littleshopofmotors.com,Little,Shop of Motors LLC,Little Shop of Motors LLC,(713) 729-1313,https://www.littleshopofmotors.com/,Houston,"9315 Alberene Dr, Houston, TX 77074",4.8,353,Auto repair shop,risky,catch_all,mv-verified-houston-risky-2026-04-20,ChIJgz5gByDoQIYRCEs6svab14E,1
planetsol@grandecom.net,Planet,Sol Salon,Planet Sol Salon,(361) 814-8899,http://www.planetsolsalon.com/,Corpus Christi,"4401 S Alameda St, Corpus Christi, TX 78412",4.5,353,Hair salon,risky,catch_all,mv-verified-houston-risky-2026-04-20,ChIJ96Ar0F9faIYRX_XAL5M_whM,1
christiansfurniture97@yahoo.com,Christian's,Furniture,Christian's Furniture,(210) 691-1400,https://christiansfurniture.com/,San Antonio,"11035 West, 11035 I-10, San Antonio, TX 78230",5,352,Furniture store,risky,unknown,mv-verified-houston-risky-2026-04-20,ChIJfRbe1PhnXIYR0McnISfyeU0,1
contactgoodland@goodlanddentistry.com,Goodland,Dentistry,Goodland Dentistry,(936) 287-5947,https://goodlanddentistry.com/locations/lufkin-tx,Lufkin,"3063 S John Redditt Dr, Lufkin, TX 75904",4,352,Dentist,risky,unknown,mv-verified-houston-risky-2026-04-20,ChIJERgzqDgZOIYRVcYy1L1PtQI,2
info@actiontreeservicesa.com,Action,"Tree Service, LLC","Action Tree Service, LLC",(210) 551-1225,https://www.actiontreeservicesa.com/,San Antonio,"212 Fleetwood Dr, San Antonio, TX 78232",4.9,350,Tree service,risky,catch_all,mv-verified-houston-risky-2026-04-20,ChIJlZ1pHlzzXIYRfIHoUQR72oM,1
info@gabgalveston.com,Gonzalo’s,American Bistro,Gonzalo’s American Bistro,(409) 632-7497,http://gabgalveston.com/,Galveston,"415 9th St, Galveston, TX 77550",4.9,350,Restaurant,risky,catch_all,mv-verified-houston-risky-2026-04-20,ChIJBbh3kJmfP4YRlH63EmTBy7U,1
info@htxpowerwashing.com,HTX,Power Washing,HTX Power Washing,,https://htxpowerwashing.com/,Houston,"1740 Elmview Dr ste 1756, Houston, TX 77080",4.9,350,Window cleaning service,risky,catch_all,mv-verified-houston-risky-2026-04-20,ChIJN9QBAVXHQIYRSDrdSukgZ3c,1
info@bmelectric310.com,NSG,"Heating and Air Specialists, LLC","NSG Heating and Air Specialists, LLC",(817) 993-4822,https://www.nsgair.com/?utm_source=google&utm_medium=organic&utm_campaign=gbp,Fort Worth,"6321 Redeagle Creek Dr, Fort Worth, TX 76179",5,350,HVAC contractor,risky,catch_all,mv-verified-houston-risky-2026-04-20,ChIJ58D8XEZ1ToYRLJcUlQO0pFE,1
eli201165@yahoo.com,Papaya,Kitchen,Papaya Kitchen,(214) 964-0044,http://www.papayakitchendallastx.com/,Dallas,"5200 Lemmon Ave #102, Dallas, TX 75209",5,350,Vietnamese restaurant,risky,unknown,mv-verified-houston-risky-2026-04-20,ChIJ3b7vXgCfToYRmOaHEBcIRVQ,1
helpdesk@airtegritycs.com,Airtegrity,Comfort Solutions,Airtegrity Comfort Solutions,(210) 446-0105,https://airtegritycs.com/,San Antonio,"305 E Ramsey Rd, San Antonio, TX 78216",4.8,349,HVAC contractor,risky,catch_all,mv-verified-houston-risky-2026-04-20,ChIJEWedTH-NXIYRCCQl6waiddo,1
info@rpelectricalservices.com,Right,Pro Electrical Services LLC,Right Pro Electrical Services LLC,(713) 987-9781,https://www.rpelectricalservices.com/,,,4.9,348,Electrician,risky,catch_all,mv-verified-houston-risky-2026-04-20,ChIJSxx-kGmXQIYRu-Pqj51vJjk,1
info@joshuasnativeplants.com,Joshua's,Native Plants & Garden,Joshua's Native Plants & Garden,(713) 862-7444,http://www.joshuasnativeplants.com/,Houston,"502 W 18th St, Houston, TX 77008",4.8,347,Garden center,risky,unknown,mv-verified-houston-risky-2026-04-20,ChIJXSBIFm_HQIYR8KRrNbQRPlw,1
info@josephruizlaw.com,Law,"Office of Joseph Ruiz, PLLC","Law Office of Joseph Ruiz, PLLC",(281) 300-8695,https://www.josephruizlaw.com/?utm_source=gmb&utm_medium=organic&utm_content=listing&utm_campaign=local,Houston,"1100 W 23rd St Suite 220, Houston, TX 77008",5,347,Criminal justice attorney,risky,unknown,mv-verified-houston-risky-2026-04-20,ChIJW2w4GKK4QIYR4LG6A1ExSh4,1
info@ambitionfireprotection.com,Ambition,Fire Protection,Ambition Fire Protection,(512) 222-7028,http://ambitionfireprotection.com/,Fort Worth,"3010 W Keller Hicks Rd, Fort Worth, TX 76244",5,346,Fire alarm supplier,risky,catch_all,mv-verified-houston-risky-2026-04-20,ChIJufavQZH4Q0ERA9I6eTuuOy8,1
info@doitbest.com,Groom,& Sons' Hardware,Groom & Sons' Hardware,(214) 391-4137,http://www.doitbest.com/groom-and-sons,Dallas,"8204 Lake June Rd, Dallas, TX 75217",4.4,345,Hardware store,risky,catch_all,mv-verified-houston-risky-2026-04-20,ChIJAQllbEajToYR6ukCwjBK9x4,3
info@naradining.com,Nara,Thai,Nara Thai,(832) 530-4069,https://naradining.com/,Houston,"4601 Washington Ave #100, Houston, TX 77007",4.2,344,Thai restaurant,risky,catch_all,mv-verified-houston-risky-2026-04-20,ChIJmYLgtwXBQIYRmPHKFUTzMCA,1
fixit@phone-fix.com,Phone-Fix.com,Gadget Repair,Phone-Fix.com Gadget Repair,(972) 587-7433,https://www.phone-fix.com/,Dallas,"9034 Garland Rd, Dallas, TX 75218",4.7,344,Mobile phone repair shop,risky,catch_all,mv-verified-houston-risky-2026-04-20,ChIJKeEKXJ6hToYRS0s0UsWq78U,1
office@rainforestdental.net,Rainforest,Dental of Deer Park,Rainforest Dental of Deer Park,(281) 479-8668,http://rainforestdental.net/,Deer Park,"2705 Center St, Deer Park, TX 77536",4.9,344,Dentist,risky,catch_all,mv-verified-houston-risky-2026-04-20,ChIJ_brK3F-fQIYRvlPSOo0aUaQ,1
info@smarthomeremodelingtx.com,Smart,Home Remodeling,Smart Home Remodeling,(832) 835-7165,https://smarthomeremodelingtx.com/,Houston,"8200 Wednesbury Ln, Houston, TX 77074",4.7,344,Construction company,risky,catch_all,mv-verified-houston-risky-2026-04-20,ChIJpUBphdPDQIYRnTvAlpKW41I,1
info@amcservicesinc.com,AMC,"Services, Inc.","AMC Services, Inc.",+1 940-331-5065,https://www.amcservicesinc.com/?utm_source=google&utm_medium=organic&utm_campaign=gmb-profile-denton,Denton,"2170 Collins Rd #1102, Denton, TX 76208, United States",4.9,343,HVAC contractor,risky,catch_all,mv-verified-houston-risky-2026-04-20,ChIJQVRFzuc3TIYRBwWdaHiBAwM,1
info@turne.top,Famous,Barber Shop,Famous Barber Shop,(915) 731-3979,https://turne.top/famous-barber-shop,El Paso,"3317 Fort Blvd, El Paso, TX 79930",4.4,343,Barber shop,risky,unknown,mv-verified-houston-risky-2026-04-20,ChIJWZe3EuVZ54YRRan9BMPPJ74,1
hello@livewellcypress.com,Livewell,Animal Hospital of Austin,Livewell Animal Hospital of Austin,(512) 474-8888,https://livewellanimal.com/our-locations/austin-tx/austin?utm_source=gmb&utm_medium=organic,Austin,"507 Pressler St #700, Austin, TX 78703",4.8,343,Veterinarian,risky,unknown,mv-verified-houston-risky-2026-04-20,ChIJk_w8VEa1RIYRPw5CKwztvrw,2
sapeinado@sbcglobal.net,New,Generations Barber Shop,New Generations Barber Shop,(915) 502-6156,https://newgenerationsbarbershop.com/,El Paso,"1320 N Zaragoza Rd #106, El Paso, TX 79936",4.9,343,Barber shop,risky,catch_all,mv-verified-houston-risky-2026-04-20,ChIJ_TFb_J9F54YRuxNvBV3d-Ro,1
cathy@gftexas.com,Grant,& Flanery Law Firm,Grant & Flanery Law Firm,(903) 596-8080,http://www.gftexas.com/,Tyler,"216 W Erwin St Ste 200, Tyler, TX 75702",4.9,342,Personal injury attorney,risky,catch_all,mv-verified-houston-risky-2026-04-20,ChIJbxRhsRbPSYYRrPkvVONFhjs,1
info@memorialhearing.com,Memorial,Hearing,Memorial Hearing,(713) 984-7562,https://www.memorialhearing.com/,Houston,"11451 Katy Fwy Suite #520, Houston, TX 77079",5,342,Hearing aid store,risky,catch_all,mv-verified-houston-risky-2026-04-20,ChIJGzT4nLTEQIYR4Rl36n9d9W8,1
sales@dgautosales.net,D,G Auto Sales,D G Auto Sales,+1 512-480-0790,http://www.dgautosales.net/,Austin,"7044 E Hwy 290, Austin, TX 78723, United States",4.5,341,Used car dealer,risky,catch_all,mv-verified-houston-risky-2026-04-20,ChIJAQ29CeW1RIYR4HHtLppVOsY,1
marsvac@yahoo.com,Mars,Discount Vacuum,Mars Discount Vacuum,(281) 494-6277,https://marsdiscountvacuum.com/,Sugar Land,"13825 Southwest Fwy, Sugar Land, TX 77478",4.9,340,Vacuum cleaner store,risky,unknown,mv-verified-houston-risky-2026-04-20,ChIJwa1juVXmQIYR5I2bzaisGlo,1
dave@casesunlimited.com,Lake,Highlands Shooting Center,Lake Highlands Shooting Center,(214) 343-3494,http://www.lhshootingcenter.com/,Dallas,"10757 Mapleridge Dr, Dallas, TX 75238",4.8,339,Shooting range,risky,catch_all,mv-verified-houston-risky-2026-04-20,ChIJR9nO_wGhToYR-1CZ80eIm0U,1
plumbinga1@yahoo.com,Lubbock,"A-1 Plumbing, LLC","Lubbock A-1 Plumbing, LLC",(806) 796-0206,https://lubbocka1plumbing.com/,,,4.8,339,Plumber,risky,unknown,mv-verified-houston-risky-2026-04-20,ChIJS7efnW11_oYRvylnVMYkO7Q,1
info@mezadentistry.com,Meza,Family & Cosmetic Dentistry,Meza Family & Cosmetic Dentistry,(956) 687-6453,http://www.mezadentistry.com/?utm_source=google&utm_medium=organic&utm_campaign=gmb,McAllen,"312 Pecan Blvd, McAllen, TX 78501",4.9,339,Dentist,risky,catch_all,mv-verified-houston-risky-2026-04-20,ChIJzQLf6bKhZYYRs7iTlZMn02o,1
info@trinitycider.com,Trinity,Cider,Trinity Cider,(469) 708-5444,http://trinitycider.com/,Dallas,"2721 Main St, Dallas, TX 75226",4.8,339,Brewery,risky,catch_all,mv-verified-houston-risky-2026-04-20,ChIJw2R7nd2YToYRE8tXMoRPwkc,1
info@latazzacoffee.com,La,Tazza Specialty Coffee,La Tazza Specialty Coffee,(346) 692-3094,http://www.latazzacoffee.com/,Houston,"8427 Stella Link Rd Suite B, Houston, TX 77025",4.7,338,Coffee shop,risky,catch_all,mv-verified-houston-risky-2026-04-20,ChIJ_QZAevHBQIYRgaJiqWTEYgg,1
info@leaguecitymoderndentistry.com,League,City Modern Dentistry and Orthodontics,League City Modern Dentistry and Orthodontics,(281) 332-0980,https://www.leaguecitymoderndentistry.com/?sc_cid=GBP%3AO%3AGP%3A638%3AOrganic_Search%3AGeneral%3Ana&_vsrefdom=organic_gbp&y_source=1_MTUxMzA3ODktNzE1LWxvY2F0aW9uLndlYnNpdGU%3D,Dickinson,"1620 FM 646 Rd D, Dickinson, TX 77539",3.6,338,Dentist,risky,catch_all,mv-verified-houston-risky-2026-04-20,ChIJIVr2Y6CCQIYRRhQP7b8cyJ0,1
info@maids.com,The,Maids in Dallas/Ft. Worth Metroplex,The Maids in Dallas/Ft. Worth Metroplex,(972) 437-6253,https://www.maids.com/34/?utm_source=GMB_listing&utm_medium=organic,Dallas,"11034 Shady Trail #116, Dallas, TX 75229",4.8,338,House cleaning service,risky,catch_all,mv-verified-houston-risky-2026-04-20,ChIJRSWhlGSdToYRmKJEH7mDdKU,2
mgmt@heightsmobil.com,Heights,"Expert Automotive, formerly Heights Mobil Car Care","Heights Expert Automotive, formerly Heights Mobil Car Care",(713) 348-9721,http://www.heightsmobilcarcare.com/,Houston,"1622, 1618 W 18th St, Houston, TX 77008",4.8,337,Auto repair shop,risky,unknown,mv-verified-houston-risky-2026-04-20,ChIJW15xmhvHQIYRgKO0NM8WjUA,1
info@alchemybakelab.com,Alchemy,Bake Lab,Alchemy Bake Lab,(401) 569-9690,http://www.alchemybakelab.com/,Katy,"6845 Peek Rd Suite #230, Katy, TX 77493",4.8,335,Dessert shop,risky,catch_all,mv-verified-houston-risky-2026-04-20,ChIJn1HOq4vXQIYR99T4aqkM1Pw,1
info@chillyairservices.com,Chilly,Air Services,Chilly Air Services,(512) 964-2047,https://www.chillyairservices.com/,Round Rock,"1502 Chisholm Trail Rd A, Round Rock, TX 78681",5,335,HVAC contractor,risky,catch_all,mv-verified-houston-risky-2026-04-20,ChIJ7cshU2vTRIYRyTMVosBcLPI,1
proplumber@sbcglobal.net,Water,Heater Pros,Water Heater Pros,(281) 413-6562,http://proplumbertx.com/,,,5,335,Plumber,risky,catch_all,mv-verified-houston-risky-2026-04-20,ChIJC3DUjLbXQIYRc6h6osE_F-c,1
info@equityhouston.com,Cesar,Espinoza Realtor/ Equity Houston,Cesar Espinoza Realtor/ Equity Houston,(713) 489-7372,http://www.equityhouston.com/?utm_campaign=gmb,Houston,"13831 Northwest Fwy Suite 200, Houston, TX 77040",5,334,Real estate agency,risky,catch_all,mv-verified-houston-risky-2026-04-20,ChIJpRowVoHFQIYRuKYSK1DzZq0,1
robert.johnson@cornerstoneautomotive.com,Cornerstone,Automotive,Cornerstone Automotive,(512) 582-0079,https://www.cornerstoneautomotive.com/round-rock/,Round Rock,"2225 E Palm Valley Blvd, Round Rock, TX 78665",4.8,334,Auto repair shop,risky,catch_all,mv-verified-houston-risky-2026-04-20,ChIJeV78MYLRRIYRakOTzH7c6fc,2
info@itaewon-pocha.com,Itaewon,Pocha + Karaoke,Itaewon Pocha + Karaoke,(346) 718-2879,http://www.itaewon-pocha.com/,Houston,"1444 Blalock Rd Suite A, Houston, TX 77055",4.7,334,Korean restaurant,risky,catch_all,mv-verified-houston-risky-2026-04-20,ChIJp9HmMLbFQIYR_xw_HKEnZAs,1
jcswindowtint@yahoo.com,JC'S,WINDOW TINT & CAR AUDIO,JC'S WINDOW TINT & CAR AUDIO,(512) 299-7027,https://www.jcswindowtint.net/,Austin,"10200 N Lamar Blvd Ste. 202, Austin, TX 78753",4.7,334,Window tinting service,risky,unknown,mv-verified-houston-risky-2026-04-20,ChIJGUVf8jbKRIYR1djrdpi1kZA,1
oakliquorcabinet@sbcglobal.net,Oak,Liquor Cabinet,Oak Liquor Cabinet,+1 512-331-6976,http://www.oakliquorcabinet.com/,Austin,"12636 Research Blvd B-107, Austin, TX 78759, United States",4.8,334,Off Licence,risky,catch_all,mv-verified-houston-risky-2026-04-20,ChIJ2yLUON7MRIYRTu0dHP72Pck,1
lvda@lowervalleydental.com,Lower,Valley Dental Associates,Lower Valley Dental Associates,(956) 350-0059,https://www.lowervalleydental.com/,Brownsville,"4920 Frontage Rd Suite D, Brownsville, TX 78526",4.9,333,Dentist,risky,catch_all,mv-verified-houston-risky-2026-04-20,ChIJD5-eMtCWb4YR92M7yVmtH2I,1
frontdesk@rivertreedentist.com,Fort,Worth Family and Implant Dentistry,Fort Worth Family and Implant Dentistry,(817) 924-0506,https://rivertreedentist.com/?utm_campaign=gmb&utm_medium=organic&utm_source=googlebusinessmanager,Fort Worth,"3600 Hulen St Ste D4, Fort Worth, TX 76107",4.9,331,Dentist,risky,catch_all,mv-verified-houston-risky-2026-04-20,ChIJbfwG3RdzToYR6vdM9lLSnKo,1
info@maplestreetbiscuits.com,Maple,Street Biscuit Company,Maple Street Biscuit Company,(281) 769-5402,https://www.maplestreetbiscuits.com/?olonwp=JjBtp_vMLk25gkYh_bnoiQ,Katy,"4906 FM 1463 Suite 700, Katy, TX 77494",4.3,331,Restaurant,risky,catch_all,mv-verified-houston-risky-2026-04-20,ChIJJWeVae8jQYYRPB547Ht0qOw,1
info@classycleanerscc.com,Classy,Cleaners of Corpus,Classy Cleaners of Corpus,(361) 851-4400,https://www.classycleanerscc.com/,,,4.8,330,House cleaning service,risky,catch_all,mv-verified-houston-risky-2026-04-20,ChIJKSpSC3bM7yoR4j39ZebYK3Y,1
fastergas@yahoo.com,Houston,Motorcycle Exchange,Houston Motorcycle Exchange,(713) 863-7733,https://houstonmotorcycleexchange.com/,Houston,"1326 N Durham Dr, Houston, TX 77008",4.7,330,Motorcycle shop,risky,unknown,mv-verified-houston-risky-2026-04-20,ChIJnwCPbmrHQIYRl3AYEGXDeDY,1
info@merkabatx.com,Merkaba,,Merkaba,(210) 212-4770,https://www.merkabatx.com/,San Antonio,"111 W Crockett St St.Suite 205, San Antonio, TX 78205",4.2,330,Night club,risky,catch_all,mv-verified-houston-risky-2026-04-20,ChIJH1KzvXktDogR5o-SQPWoKTY,1
info@action-pt.net,Action,Physical Therapy,Action Physical Therapy,(713) 365-9338,https://action-pt.net/,Houston,"12727 Kimberley Ln #104, Houston, TX 77024",4.9,329,Physical therapy clinic,risky,catch_all,mv-verified-houston-risky-2026-04-20,ChIJJdwdT7fEQIYR_U5NvwmDM1c,2
info@eliteautocentertire.com,Elite,Auto Center & Tire - Brake Repair Garland | Auto Repair Center,Elite Auto Center & Tire - Brake Repair Garland | Auto Repair Center,(972) 272-0005,https://eliteautocentertire.com/,Garland,"201 S First St, Garland, TX 75040",4.5,328,Auto repair shop,risky,catch_all,mv-verified-houston-risky-2026-04-20,ChIJBavImoUdTIYRZ6gemDYtbJk,1
info@friendswoodmoderndentistry.com,Friendswood,Modern Dentistry,Friendswood Modern Dentistry,(281) 992-0038,https://www.friendswoodmoderndentistry.com/?sc_cid=GBP%3AO%3AGP%3A636%3AOrganic_Search%3AGeneral%3Ana&_vsrefdom=organic_gbp&y_source=1_MTUxMzA3OTItNzE1LWxvY2F0aW9uLndlYnNpdGU%3D,Friendswood,"1780 S Friendswood Dr Ste A, Friendswood, TX 77546",4.2,328,Dentist,risky,unknown,mv-verified-houston-risky-2026-04-20,ChIJYUSvgdWaQIYRvzf2d6e7fJc,1
info@grazetomball.com,Graze,,Graze,(832) 422-3511,http://grazetomball.com/,Tomball,"208 N Elm St, Tomball, TX 77375",4.5,327,Restaurant,risky,catch_all,mv-verified-houston-risky-2026-04-20,ChIJkfwnG8ItR4YRYi_sTVGpAoQ,1
info@rjorthodontics.com,RJ,"Orthodontics - Orthodontist in Austin, TX","RJ Orthodontics - Orthodontist in Austin, TX",(512) 363-5792,https://rjorthodontics.com/?utm_source=GBL&medium=organic,Austin,"6911 N FM 620 Suite A-200, Austin, TX 78732",5,327,Orthodontist,risky,catch_all,mv-verified-houston-risky-2026-04-20,ChIJUQlyfeszW4YRrbuKQ8gPh8s,1
info@gmehair.com,Fort,Bliss Barber Shop (Freedom Crossing),Fort Bliss Barber Shop (Freedom Crossing),(915) 562-2573,http://www.gmehair.com/,El Paso,"1616 Pike Rd, El Paso, TX 79906",3.6,326,Barber shop,risky,catch_all,mv-verified-houston-risky-2026-04-20,ChIJs2RcjQha54YRN3s1iZMFamM,1
feedback@burningrice.com,Burning,Rice,Burning Rice,(972) 846-9223,http://www.burningrice.com/,Dallas,"6106 Luther Ln, Dallas, TX 75225",4.4,323,Korean restaurant,risky,catch_all,mv-verified-houston-risky-2026-04-20,ChIJB5W-Oh6fToYRXUNP9xHEpfQ,1
info@robcary.com,Rob,Cary Pet Resort,Rob Cary Pet Resort,(210) 255-3366,https://robcary.com/,San Antonio,"14824 Bulverde Rd, San Antonio, TX 78247",4.4,323,Dog trainer,risky,unknown,mv-verified-houston-risky-2026-04-20,ChIJc3rKkpiLXIYR6YGfLnRGVPQ,1
info@austinsunshades.com,😎,Austin Sunshades Tint & Sound,😎 Austin Sunshades Tint & Sound,(512) 249-8468,http://www.austinsunshades.com/,Austin,"12538 Research Blvd # B, Austin, TX 78759",4.7,323,Window tinting service,risky,catch_all,mv-verified-houston-risky-2026-04-20,ChIJQRvGlC3NRIYRxF6U2tZnsOk,1
help@capsule.com,Capsule,,Capsule,(512) 893-5000,https://www.capsule.com/?utm_source=GMBlisting&utm_medium=organic&utm_campaign=Austin-TX,Austin,"210 W 7th St Suite B, Austin, TX 78701",4.6,322,Pharmacy,risky,catch_all,mv-verified-houston-risky-2026-04-20,ChIJvyRJhGS1RIYRcOeGycR8Keg,3
info@dwellstudiosalon.com,Dwell,Studio Salon,Dwell Studio Salon,(682) 231-2776,http://www.dwellstudiosalon.com/,Westworth Village,"6530 Hawks Creek Ct #103, Westworth Village, TX 76114",4.9,321,Hair salon,risky,catch_all,mv-verified-houston-risky-2026-04-20,ChIJscnC3jFzToYRdBn03RnXAbA,1
info@4everyoungsaquarry.com,4Ever,Young Med Spa & Wellness Center - San Antonio,4Ever Young Med Spa & Wellness Center - San Antonio,(210) 239-1624,https://4everyoungantiaging.com/san-antonio-tx-anti-aging-clinic/appointment/?utm_source=Google&utm_medium=organic&utm_campaign=GoogleLocal&utm_id=GoogleLocal,San Antonio,"555 E Basse Rd Suit 206, San Antonio, TX 78209",4.9,320,Medical spa,risky,catch_all,mv-verified-houston-risky-2026-04-20,ChIJlyNelm31XIYRpOqyWj4pwDo,1
info@imeservicesllc.com,Integrated,"Mechanical and Electric Services, LLC","Integrated Mechanical and Electric Services, LLC",(469) 647-2980,https://imeservicesllc.com/?utm_source=Google&utm_medium=Organic&utm_campaign=Ad+Pages,Lewisville,"226 E College St, Lewisville, TX 75057",4.7,320,Electrician,risky,unknown,mv-verified-houston-risky-2026-04-20,ChIJ5bAMw9QnTIYR0zIdey1l9A8,1
info@akdentalatx.com,AK,Dental of Austin,AK Dental of Austin,(512) 653-3008,https://www.akdentalatx.com/?utm_source=google&utm_medium=gmb,Austin,"7010 State Hwy 71 STE 225, Austin, TX 78735",5,319,Dentist,risky,catch_all,mv-verified-houston-risky-2026-04-20,ChIJMVkfX3lJW4YRFfqTQCqZj20,1
castlewestanimalhospital@yahoo.com,Castle,West Animal Hospital,Castle West Animal Hospital,(210) 344-8259,https://castlewestvet.com/,San Antonio,"11105 West Ave, San Antonio, TX 78213",4.8,319,Veterinarian,risky,unknown,mv-verified-houston-risky-2026-04-20,ChIJ2f0g8UJgXIYRIDhVhGM5WZU,1
info@austincouches.com,Couch,Potatoes Furniture Store - North Austin,Couch Potatoes Furniture Store - North Austin,(512) 501-6716,http://austincouches.com/,Austin,"12901 N Interstate Hwy 35 Building 3 Suite 301, Austin, TX 78753",4.8,319,Furniture store,risky,unknown,mv-verified-houston-risky-2026-04-20,ChIJ86fjWg23RIYR0ysLFzzbpKw,1
info@alamedaautoelectric.com,Alameda,Auto Electric,Alameda Auto Electric,(915) 873-1978,http://www.alamedaautoelectric.com/,El Paso,"2322 Myrtle Ave, El Paso, TX 79901",4.7,317,Auto repair shop,risky,catch_all,mv-verified-houston-risky-2026-04-20,ChIJZXo3dp9Z54YR-cUQMsI3-jE,1
info@mysugarlanddentist.com,Cornerstone,Dentistry,Cornerstone Dentistry,(281) 559-7950,http://www.mysugarlanddentist.com/,Sugar Land,"736 Hwy 6 #102, Sugar Land, TX 77478",5,317,Dentist,risky,catch_all,mv-verified-houston-risky-2026-04-20,ChIJFTDJtM3mQIYR4sTJKXJyxpg,1
info@falconroofingtexas.com,Falcon,Roofing & Restoration,Falcon Roofing & Restoration,(512) 200-1539,https://falconroofingtexas.com/,Austin,"5900 Balcones Dr STE 14036, Austin, TX 78731",5,317,Roofing contractor,risky,catch_all,mv-verified-houston-risky-2026-04-20,ChIJsUQ0Ih7NRIYR_qIeV6GOCXM,2
reslershop@att.net,Resler,Automotive,Resler Automotive,(915) 833-5661,http://www.reslerautomotive.com/,El Paso,"122 S Resler Dr, El Paso, TX 79912",4.6,317,Auto repair shop,risky,catch_all,mv-verified-houston-risky-2026-04-20,ChIJC2syc2_43YYRHjDe8rtM3VA,1
info@southtexaspiping.com,South,Texas Piping,South Texas Piping,(832) 206-7589,https://www.southtexaspiping.com/,Houston,"6951 McHard Rd Unit G4, Houston, TX 77053",4.9,317,Plumber,risky,catch_all,mv-verified-houston-risky-2026-04-20,ChIJ-5qC94jtQIYRm5obqhe7fx4,1
cooleydds@sbcglobal.net,Cooley,Cosmetic & Family Dentistry,Cooley Cosmetic & Family Dentistry,(903) 592-6535,http://tylerbeautifulsmiles.com/,Tyler,"3905 University Blvd #200, Tyler, TX 75701",4.9,316,Dentist,risky,catch_all,mv-verified-houston-risky-2026-04-20,ChIJ1b_XUJXNSYYRO4mPQ40h530,1
info@ezatticsolutions.com,EZ,Lift Garage Doors and More,EZ Lift Garage Doors and More,(832) 454-3432,https://www.ezgaragepros.com/,,,5,316,Garage door supplier,risky,catch_all,mv-verified-houston-risky-2026-04-20,ChIJKyhmmBYnQYYRHsw6HKVZCBQ,1
austin@phototexasphotography.com,Photo,Texas Photography,Photo Texas Photography,(512) 617-7780,http://www.phototexasphotography.com/,Austin,"7804 Bell Mountain Dr Ste 101, Austin, TX 78730",3.2,316,Photographer,risky,catch_all,mv-verified-houston-risky-2026-04-20,ChIJA_57BMUyW4YR8szzBnM--JI,1
mattz021@yahoo.com,Austin,Direct Auto Sales,Austin Direct Auto Sales,+1 512-903-5522,http://www.austindirectautosales.net/,Austin,"13038 Research Blvd, Austin, TX 78750, United States",4.1,315,Used car dealer,risky,unknown,mv-verified-houston-risky-2026-04-20,ChIJZ7ODaynNRIYRq9z42mywkEw,1
info@collettshop.com,Collett,Tire Shop,Collett Tire Shop,(214) 380-5076,https://collettshop.com/,Dallas,"201 N Collett Ave, Dallas, TX 75214",4.6,314,Tire shop,risky,catch_all,mv-verified-houston-risky-2026-04-20,ChIJ9y8v9rCYToYR8dx3izecx0k,1
info@thetexaslaundry.com,The,Texas Laundry,The Texas Laundry,(713) 923-5151,https://www.thetexaslaundry.com/,Houston,"5104 Harrisburg Blvd Suite 100, Houston, TX 77011",4.5,314,Laundromat,risky,catch_all,mv-verified-houston-risky-2026-04-20,ChIJA5tGZm-_QIYRew9BDyUgKBI,1
info@banyanandbamboo.com,Banyan,& Bamboo Day Spa / Med Spa,Banyan & Bamboo Day Spa / Med Spa,(512) 890-1130,https://banyanandbamboo.com/?utm_source=gbp&utm_medium=organic,Austin,"3005 S Lamar Blvd #D-112, Austin, TX 78704",4.8,313,Medical spa,risky,catch_all,mv-verified-houston-risky-2026-04-20,ChIJ93IhJUG1RIYR7S-FNgqqsiE,1
sales@007pest.com,007,Pest & Termite,007 Pest & Termite,(281) 487-2157,https://www.007pest.com/,Nassau Bay,"1231 Space Park Dr C9, Nassau Bay, TX 77058",5,312,Pest control service,risky,catch_all,mv-verified-houston-risky-2026-04-20,ChIJZyeeJVSYQIYR7POCm-iaeBM,1
customersupport@oxifresh.com,Oxi,Fresh Carpet Cleaning,Oxi Fresh Carpet Cleaning,(512) 861-0770,https://www.oxifresh.com/locations/tx/austin-carpet-cleaning/?utm_source=gmb&utm_medium=social&promo_code=GM5000,,,4.9,312,Carpet cleaning service,risky,catch_all,mv-verified-houston-risky-2026-04-20,ChIJE2vE2gm1RIYRKKTblSiN4JI,3
info@dirtyranchomotorcycle.com,Dirty,Rancho Motorcycles Houston,Dirty Rancho Motorcycles Houston,(832) 688-8774,http://www.dirtyranchomotorcycle.com/,Houston,"Linh Dao Plaza, 10142 Jones Rd Suite B3, Houston, TX 77065",4.3,311,Motorcycle repair shop,risky,unknown,mv-verified-houston-risky-2026-04-20,ChIJJxfl0BTRQIYRINjrgzsDa0k,1
info@goodeatssoutherncuisine.com,Good,Eats Southern Cuisine,Good Eats Southern Cuisine,(832) 668-5566,https://goodeatssoutherncuisine.com/,Houston,"10920 Almeda Rd Suite 600, Houston, TX 77045",4.5,311,Soul food restaurant,risky,unknown,mv-verified-houston-risky-2026-04-20,ChIJuRCKINLrQIYR515l1uiFsbk,1
info@levenbakingcompany.com,Leven,Bakery & Cafe,Leven Bakery & Cafe,(713) 230-8311,https://www.levenbakingcompany.com/,Houston,"4191 Bellaire Blvd Ste 125, Houston, TX 77025",4.5,311,Bakery,risky,catch_all,mv-verified-houston-risky-2026-04-20,ChIJB-qtwFLBQIYRz0tE3ueFe5Q,1
info@thermaconservice.com,Thermacon,"Service Company, Inc","Thermacon Service Company, Inc",(409) 832-3626,https://thermaconservice.com/?utm_source=GBP&utm_medium=Click&utm_campaign=organic,Beaumont,"255 I-10, Beaumont, TX 77702",4.8,311,HVAC contractor,risky,unknown,mv-verified-houston-risky-2026-04-20,ChIJF1O7zEbLPoYRCvd6rZO36Dk,1
mcallen@brochetabistro.com,Brocheta,Mediterranean Bistro,Brocheta Mediterranean Bistro,(956) 540-2979,http://www.brochetabistro.com/,McAllen,"3400 W Expy 83 700 #700, McAllen, TX 78501",4.6,309,Restaurant,risky,catch_all,mv-verified-houston-risky-2026-04-20,ChIJYbKA9HSnZYYRwbxPgi72paU,1
frontdesk@davisroofingsolutions.com,Davis,Roofing Solutions,Davis Roofing Solutions,(817) 857-7663,https://www.davisroofingsolutions.com/,Fort Worth,"901 Bonnie Brae Ave, Fort Worth, TX 76111",5,309,Roofing contractor,risky,catch_all,mv-verified-houston-risky-2026-04-20,ChIJNZTvooAIzyQRo9MxTZXgNAQ,1
egretbayvethosp@comcast.net,Egret,Bay Veterinary Hospital,Egret Bay Veterinary Hospital,(832) 632-1595,http://egretbayvethosp.com/,League City,"1260 E League City Pkwy #1000, League City, TX 77573",4.8,308,Veterinarian,risky,unknown,mv-verified-houston-risky-2026-04-20,ChIJ8_8dsaiCQIYRVKrFbiPhxY8,1
info@smoothlinessalon.com,Smooth,Lines Salon & Spa,Smooth Lines Salon & Spa,(210) 690-2244,https://www.smoothlinessalon.com/,San Antonio,"11255 Huebner Rd #113, San Antonio, TX 78230",4.6,308,Hair salon,risky,unknown,mv-verified-houston-risky-2026-04-20,ChIJI6Qo-i1nXIYRmHJnL9KqvIA,1
heights@yogasix.com,YogaSix,Stone Oak,YogaSix Stone Oak,(210) 960-0650,http://www.yogasix.com/stone-oak,San Antonio,"23714 Hardy Oak Blvd Suite 105, San Antonio, TX 78258",4.9,308,Yoga studio,risky,catch_all,mv-verified-houston-risky-2026-04-20,ChIJhyDVcBRjXIYRomfrnKOZdJg,3
hello@beespastrycafe.com,Bee's,Pastry Café,Bee's Pastry Café,(915) 529-2020,https://beespastrycafe.com/,El Paso,"12295 Pellicano Dr Suite 6, El Paso, TX 79936",4.5,307,Bakery,risky,catch_all,mv-verified-houston-risky-2026-04-20,ChIJx20edE9D54YRcm1fq9InL44,1
jdaniel.gregory@yahoo.com,The,Law Office of J. Daniel Gregory PC,The Law Office of J. Daniel Gregory PC,(817) 338-0608,https://www.danielgregorylaw.com/,Fort Worth,"2801 Race St Suite 103, Fort Worth, TX 76111",4.9,306,Social security attorney,risky,unknown,mv-verified-houston-risky-2026-04-20,ChIJw5N_mexwToYRuGLF5IrMT8Y,1
webdev@poolbuilder-marketing.com,Venture,Custom Pools,Venture Custom Pools,(972) 377-9002,https://www.venturecustompools.com/,Plano,"4568 State Hwy #121, Plano, TX 75024",4.7,306,Swimming pool contractor,risky,catch_all,mv-verified-houston-risky-2026-04-20,ChIJB3LIoeE8TIYRnPzJ9Dcm3rY,3
info@impactplumbingllc.com,Impact,"Plumbing, LLC","Impact Plumbing, LLC",(409) 962-5547,https://www.impactplumbingllc.com/?utm_source=GMB&utm_medium=organic&utm_campaign=beaumont,Groves,"3944 Main Ave, Groves, TX 77619",4.8,305,Plumber,risky,catch_all,mv-verified-houston-risky-2026-04-20,ChIJiXFUjzuwPoYRDvNsV9Inn0Y,1
meyerglassco@sbcglobal.net,Meyer,Glass Co,Meyer Glass Co,(210) 732-2822,http://meyerglassco.com/,San Antonio,"1214 N Zarzamora St, San Antonio, TX 78207",4.8,304,Auto glass shop,risky,catch_all,mv-verified-houston-risky-2026-04-20,ChIJtZun1SZfXIYRH10PGd2oXhg,1
info@fortworthbarbershop.com,Fort,Worth Barber Shop,Fort Worth Barber Shop,(817) 731-5252,http://fortworthbarbershop.com/,Fort Worth,"211 S Jennings St, Fort Worth, TX 76104",4.6,303,Barber shop,risky,catch_all,mv-verified-houston-risky-2026-04-20,ChIJC6JepctzToYRaxOaBHFXvTw,1
webordersevans@hercmail.com,Hercules,Industries,Hercules Industries,(915) 778-9377,https://www.herculesindustries.com/,El Paso,"200 Chelsea St, El Paso, TX 79905",4,303,Air conditioning contractor,risky,catch_all,mv-verified-houston-risky-2026-04-20,ChIJ3wLx7sxb54YRIeuYuCOwcFk,1
lauren@katiescafeandbakery.com,Katie's,Cafe and Bakery,Katie's Cafe and Bakery,(936) 223-3107,https://katiescafeandbakery.com/,Livingston,"508 N Washington Ave, Livingston, TX 77351",4.6,303,Restaurant,risky,catch_all,mv-verified-houston-risky-2026-04-20,ChIJleAJVFOHOIYRihMiEx3x--s,1
info@sloanfirm.com,Sloan,Firm,Sloan Firm,(903) 757-7000,https://www.sloanfirm.com/locations/longview-personal-injury-law-firm?utm_source=google&utm_medium=organic&utm_campaign=gbp,Longview,"101 E Whaley St, Longview, TX 75601",4.9,303,Personal injury attorney,risky,catch_all,mv-verified-houston-risky-2026-04-20,ChIJ632_log4NoYRe32qaU-msJ0,1
info@artedental.com,Arte,Dental & Orthodontics Lewisville,Arte Dental & Orthodontics Lewisville,(972) 318-2649,https://artedental.com/locations/dentist-in-lewisville/?utm_source=GoogleOrganic&utm_medium=GMBwebsite&utm_campaign=GMBWebsiteLink,Lewisville,"1640 TX 121 BUS #130, Lewisville, TX 75067",4.9,302,Dentist,risky,unknown,mv-verified-houston-risky-2026-04-20,ChIJF0TxuWMuTIYRmMejvNaSFuM,1
crr@cedarridgerange.com,Cedar,Ridge Range,Cedar Ridge Range,(830) 980-4424,https://cedarridgerange.com/,Bulverde,"7110 FM1863, Bulverde, TX 78163",4.4,301,Shooting range,risky,catch_all,mv-verified-houston-risky-2026-04-20,ChIJCYjIkHWFXIYRYS6eVXfvyEY,1
info@dryforcecorp.com,Dry,Force Water Removal Specialists,Dry Force Water Removal Specialists,(281) 843-1894,https://dryforcecorp.com/water-damage-houston-tx/?utm_source=GMB&utm_medium=local&utm_campaign=GMB-Profile-Clicks,Houston,"11116 W Little York Rd Suite 3, Houston, TX 77041",4.8,301,Water damage restoration service,risky,unknown,mv-verified-houston-risky-2026-04-20,ChIJGaQdczzRQIYRXVBPA3W2eiY,1
esteban@texassuntreeservices.com,Texas,Sun Tree Services,Texas Sun Tree Services,(210) 399-1380,https://www.texassuntreeservices.com/,,,4.9,301,Tree service,risky,catch_all,mv-verified-houston-risky-2026-04-20,ChIJ7d1FgJCfsqkRkwgpHVu9MsM,1
info@bluescience.com,Blue,Science,Blue Science,(210) 361-5006,https://www.bluescience.com/swimming-pool-service/san-antonio-tx/,San Antonio,"10855 I-35, San Antonio, TX 78233",4.6,298,Pool cleaning service,risky,catch_all,mv-verified-houston-risky-2026-04-20,ChIJbcvQ6FNfXIYRkimUyDePSik,1
info@hiddenvalleyrvpark.com,Hidden,Valley RV Park,Hidden Valley RV Park,(210) 623-6737,https://hiddenvalleyrvpark.com/,Von Ormy,"5706 Coleman Way, Von Ormy, TX 78073",4.7,298,RV park,risky,unknown,mv-verified-houston-risky-2026-04-20,ChIJT2moOFdQXIYRIlJWbRm_hWI,1
info@andersonterrace.com,Anderson,Terrace Weddings & Events Venue,Anderson Terrace Weddings & Events Venue,(512) 247-8978,http://www.andersonterrace.com/,Austin,"11505 Anderson Mill Rd, Austin, TX 78750",4.7,296,Wedding venue,risky,unknown,mv-verified-houston-risky-2026-04-20,ChIJdXbyevMyW4YRXt_1lV4GPJI,1
info@nandosperiperi.com,Nando's,PERi-PERi,Nando's PERi-PERi,(713) 238-7710,https://www.nandosperiperi.com/find/montrose?utm_source=google&utm_medium=organic&utm_campaign=local&utm_content=montrose,Houston,"1201 Westheimer Rd Suite G, Houston, TX 77006",4.9,296,Chicken restaurant,risky,catch_all,mv-verified-houston-risky-2026-04-20,ChIJ10Kkh4q_QIYRBAENIQidLMk,1
info@sumrallac.com,Sumrall,Air Conditioning,Sumrall Air Conditioning,(409) 527-9048,http://www.sumrallac.com/,Beaumont,"7064 Patillo Road, Beaumont, TX 77705",4.9,296,HVAC contractor,risky,unknown,mv-verified-houston-risky-2026-04-20,ChIJ03-MZGC2PoYRNqV8TsG-agU,1
customerservice@bselectricllc.com,B's,Electric L.L.C,B's Electric L.L.C,(989) 893-3220,http://www.bselectricllc.com/,,"4151 Shrestha Dr Suite E, Bay City, MI 48706",4.9,295,Electrician,risky,catch_all,mv-verified-houston-risky-2026-04-20,ChIJI6V0darhI4gRBGWei66miyQ,1
seafood@backyardboilhouse.com,Backyard,Boil House,Backyard Boil House,(832) 347-0821,https://www.backyardboilhouse.com/,Houston,"3755 Southmore Blvd, Houston, TX 77004",4.7,295,Creole restaurant,risky,catch_all,mv-verified-houston-risky-2026-04-20,ChIJcygQc3m_QIYRNEBRdicXQp0,1
info@lostedgetattoo.com,Lost,"Edge Tattoo | Best Tattoo Shop in Austin, TX","Lost Edge Tattoo | Best Tattoo Shop in Austin, TX",(512) 855-1487,https://lostedgetattoo.com/?utm_source=google&utm_medium=organic&utm_campaign=gmb,Austin,"5608 Avenue F Suite 123, Austin, TX 78751",4.8,295,Tattoo shop,risky,catch_all,mv-verified-houston-risky-2026-04-20,ChIJD4wqHcfLRIYRQw_hyXjUJGs,1
jasonfurrer0@yahoo.com,Affordable,Attic Insulation,Affordable Attic Insulation,(346) 205-1864,https://www.affordableatticinsulation.com/?utm_source=GMBlisting&utm_medium=organic,Park Row,"26826 Nightingale Songs Dr, Park Row, TX 77493",5,294,Insulation contractor,risky,unknown,mv-verified-houston-risky-2026-04-20,ChIJb2ii678nQYYRM1uFsDuVpYM,1
info@gocamsolar.com,CAM,Solar,CAM Solar,(210) 227-3456,https://www.gocamsolar.com/,San Antonio,"5507 E Evans Rd ste 104 221, San Antonio, TX 78261",3.5,294,Solar energy company,risky,catch_all,mv-verified-houston-risky-2026-04-20,ChIJJ9uOw1RfXIYRq4Pj1vc4620,1
info@7brew.com,7,Brew Coffee,7 Brew Coffee,(806) 758-3501,https://7brew.com/location/texas-lubbock-000134,Lubbock,"1415 University Ave, Lubbock, TX 79401",4.6,293,Coffee shop,risky,catch_all,mv-verified-houston-risky-2026-04-20,ChIJO_Zhbt4T_oYRQqvnnIXc5y4,3
info@hawaii-thaimassage.com,Hawaii,Thai Massage & Spa @ Dallas,Hawaii Thai Massage & Spa @ Dallas,+1 972-213-2334,http://www.hawaii-thaimassage.com/,Dallas,"5934 Royal Ln 229 (2nd floor, Dallas, TX 75230, United States",4.6,293,Thai massage therapist,risky,catch_all,mv-verified-houston-risky-2026-04-20,ChIJ5xWEgp0gTIYRn70migQRMyg,1
info@katyautocollision.com,Katy,Auto Collision,Katy Auto Collision,(281) 741-4945,http://katyautocollision.com/,Katy,"531 Danover Rd, Katy, TX 77494",4.6,293,Auto body shop,risky,catch_all,mv-verified-houston-risky-2026-04-20,ChIJF7S2WyMkQYYRIBQ0N64a_rA,1
info@rootscoffeehouse.com,Roots,Coffeehouse,Roots Coffeehouse,(817) 349-8059,http://rootscoffeehouse.com/,Fort Worth,"400 Bryan Ave, Fort Worth, TX 76104",4.5,293,Coffee shop,risky,catch_all,mv-verified-houston-risky-2026-04-20,ChIJm8NihElxToYRM5El_isKvBI,1
info@4aelectricalservices.com,4A,"Electrical Services, LLC","4A Electrical Services, LLC",(210) 621-8687,https://www.4aelectricalservices.com/,San Antonio,"9207 Jiggitty Dr, San Antonio, TX 78254",5,292,Electrician,risky,catch_all,mv-verified-houston-risky-2026-04-20,ChIJ7RJoPi1rXIYRzanuuh79f44,1
allprotechs@yahoo.com,All,Pro Transmission & Auto Repair,All Pro Transmission & Auto Repair,(469) 838-5930,https://www.allprotransmissionautorepair.com/,Waxahachie,"1551 US-287, Waxahachie, TX 75165",4.8,292,Transmission shop,risky,unknown,mv-verified-houston-risky-2026-04-20,ChIJ2z-E4b7uToYRHMHXKptjobM,1
info@duggysgarage.com,Duggy's,Garage - Houston Mechanic & Auto Repair,Duggy's Garage - Houston Mechanic & Auto Repair,(281) 729-6016,https://duggysgarage.com/?utm_campaign=gmb,Houston,"4327 Pinemont Dr, Houston, TX 77018",4.8,292,Auto repair shop,risky,catch_all,mv-verified-houston-risky-2026-04-20,ChIJt-m1IDPIQIYRknfH8RUoB0k,1
info@fossilcreekmassage.com,Fossil,Creek Massage Therapy,Fossil Creek Massage Therapy,(817) 232-8441,https://fossilcreekmassage.com/,Fort Worth,"6403 N Beach St, Fort Worth, TX 76137",4.7,292,Massage therapist,risky,catch_all,mv-verified-houston-risky-2026-04-20,ChIJe7uwL9x3ToYRsZa2ilzMOwk,1
001bwfoh@pizzana.com,Pizzana,,Pizzana,(214) 440-4400,https://pizzana.com/,Dallas,"3219 Knox St, Dallas, TX 75205",4.5,292,Pizza restaurant,risky,catch_all,mv-verified-houston-risky-2026-04-20,ChIJp_H9daqfToYRpRMSGKvr65c,1
dbrando@sbcglobal.net,Brando,Chiropractic Clinic,Brando Chiropractic Clinic,(713) 227-2222,http://www.brandochiropractic.com/,Houston,"2914 N Main St Suite B, Houston, TX 77009",4.9,291,Chiropractor,risky,catch_all,mv-verified-houston-risky-2026-04-20,ChIJba7ExsW4QIYR5nuZPV4Nnt8,1
salonseventwenty@aol.com,Seventwenty,Collective,Seventwenty Collective,(210) 348-9864,http://salonseventwenty.com/,San Antonio,"4831 Fredericksburg Rd, San Antonio, TX 78229",4.7,291,Hair salon,risky,unknown,mv-verified-houston-risky-2026-04-20,ChIJgzXiTRFeXIYRHGsvgc1rpeE,1
info@downtowndogdallas.com,Downtown,Dog,Downtown Dog,(214) 426-1560,http://downtowndogdallas.com/,Dallas,"2201 S Harwood St, Dallas, TX 75215",4.7,290,Dog day care center,risky,catch_all,mv-verified-houston-risky-2026-04-20,ChIJH5G4mPqYToYRj_wh8-BS5cQ,1
info@thedentalmethod.com,The,Dental Method - Dentist of Dallas,The Dental Method - Dentist of Dallas,(214) 227-6775,https://thedentalmethod.com/,Dallas,"5757 W Lovers Ln #109, Dallas, TX 75209",4.9,290,Dentist,risky,catch_all,mv-verified-houston-risky-2026-04-20,ChIJo7P8gGCeToYRVjtQIgvqngE,1
team@3shomeinspection.com,Three,S Home Inspection,Three S Home Inspection,(713) 303-9632,http://www.3shomeinspection.com/,,,5,290,Home inspector,risky,catch_all,mv-verified-houston-risky-2026-04-20,ChIJnxezA4e5QIYREJE8hnWQw3o,1
concierge@houstondentistsatpostoak.com,Houston,Dentists at Post Oak,Houston Dentists at Post Oak,(713) 255-1029,https://www.houstondentistsatpostoak.com/,Houston,"1330 Post Oak Blvd #1300, Houston, TX 77056",4.9,289,Dentist,risky,catch_all,mv-verified-houston-risky-2026-04-20,ChIJwSTL_yDBQIYRYzpHj2nqo4M,1
info@abovethecloudssmokeshop.com,Above,The Clouds Smoke Shop,Above The Clouds Smoke Shop,(210) 600-4440,http://abovethecloudssmokeshop.com/,San Antonio,"10865 Shaenfield Rd Ste 2102, San Antonio, TX 78254",4.8,288,Smoke shop,risky,catch_all,mv-verified-houston-risky-2026-04-20,ChIJq5O1WCFpXIYRe0VGrr6ZxhA,1
sales@texaspw.com,Texas,Pressure Washing,Texas Pressure Washing,(832) 781-1746,http://www.texas-pressurewashing.com/,Kingwood,"3315 Misty Alcove Ct, Kingwood, TX 77345",5,288,Pressure washing service,risky,catch_all,mv-verified-houston-risky-2026-04-20,ChIJZZT5m0FTR4YRviZtWeSUP4Q,1
info@thehtgroup.com,The,HT Group,The HT Group,(512) 533-9700,https://www.thehtgroup.com/,Austin,"9600 Great Hills Trl, Austin, TX 78759",4.5,288,Recruiter,risky,catch_all,mv-verified-houston-risky-2026-04-20,ChIJY-1roJ3LRIYRWPy9juLZo7I,1
info@biotechpest.com,Bio-Tech,Pest Control,Bio-Tech Pest Control,(713) 429-4454,https://biotechpest.com/?UTM_source=GMB_listing&UTM_medium=organic,Spring,"506 Alana Ln, Spring, TX 77386",4.7,287,Pest control service,risky,catch_all,mv-verified-houston-risky-2026-04-20,ChIJsfvwMA83R4YRcn0r-RWPDkM,2
info@candleroomdallas.com,Candleroom,,Candleroom,(214) 370-4155,http://www.candleroomdallas.com/,Dallas,"5039 Willis Ave, Dallas, TX 75206",3.9,287,Night club,risky,catch_all,mv-verified-houston-risky-2026-04-20,ChIJ58KmQCSfToYRUvjA9SEZo6E,1
info@cypressfallsah.com,Cypress,Falls Animal Hospital,Cypress Falls Animal Hospital,(281) 858-7700,https://cypressfallsah.com/?utm_source=gmb&utm_medium=organic,Houston,"9405 Huffmeister Rd #170, Houston, TX 77095",4.8,287,Veterinarian,risky,catch_all,mv-verified-houston-risky-2026-04-20,ChIJO40VPjvRQIYRiUB0yiA17xQ,1
eloisa@eloisaskitchen.com,Eloisa’s,kitchen,Eloisa’s kitchen,(469) 251-3536,https://eloisaskitchen.com/,Dallas,"16 Woodall Rodgers Fwy, Dallas, TX 75201",4.9,287,American restaurant,risky,catch_all,mv-verified-houston-risky-2026-04-20,ChIJeWPtPgCZToYRC3LkW6ZbEuA,1
info@lushdental.com,Lush,Dental,Lush Dental,(325) 617-2914,https://lushdental.com/?utm_campaign=gmb,San Angelo,"1912 Sherwood Way, San Angelo, TX 76901",4.5,287,Dentist,risky,catch_all,mv-verified-houston-risky-2026-04-20,ChIJZV_n-bPlV4YRhOTVAWWedVk,1
info@thegalleriahairsalon.com,The,Galleria Hair Salon,The Galleria Hair Salon,(832) 692-4361,http://www.thegalleriahairsalon.com/,Houston,"5757 Westheimer Rd #100c, Houston, TX 77057",4.7,287,Hair salon,risky,catch_all,mv-verified-houston-risky-2026-04-20,ChIJx6n2fcPDQIYRd_nXSeJI9RU,1
info@valero.com,Valero,,Valero,(210) 345-2000,https://www.valero.com/,San Antonio,"727 McCullough Ave, San Antonio, TX 78215",4,287,Gas station,risky,catch_all,mv-verified-houston-risky-2026-04-20,ChIJPb5hPFdfXIYRhn9PcFv6CCg,1
info@fastsigns.com,FASTSIGNS,"of Austin, TX - Burnet Rd.","FASTSIGNS of Austin, TX - Burnet Rd.",(512) 675-3643,https://www.fastsigns.com/burnet-rd-austin-tx/,Austin,"8820 Burnet Rd Suite 504, Austin, TX 78757",5,285,Sign shop,risky,catch_all,mv-verified-houston-risky-2026-04-20,ChIJ49amkpbLRIYRuQZRj6TSeEQ,29
info@ninetytwocafe.com,Ninety-Two,Bakery & Café,Ninety-Two Bakery & Café,(806) 853-5459,https://ninetytwocafe.com/,Lubbock,"6303 82nd St, Lubbock, TX 79424",4.5,285,Coffee shop,risky,catch_all,mv-verified-houston-risky-2026-04-20,ChIJEbOpgZJz_oYR4qEJs9VIB9Y,1
straphaelparishep@sbcglobal.net,St,Raphael Catholic Church,St Raphael Catholic Church,(915) 598-3431,http://www.straphaelelpaso.com/,El Paso,"2301 Zanzibar Rd, El Paso, TX 79925",4.8,285,Catholic church,risky,catch_all,mv-verified-houston-risky-2026-04-20,ChIJq7Uzfc1E54YRPO9_PyAZH30,1
emilyannrobinson@yahoo.com,All,Occasions Florist,All Occasions Florist,(214) 528-0898,https://alloccasionsdallas.com/,Dallas,"3428 Oak Lawn Ave, Dallas, TX 75219",4.6,284,Florist,risky,unknown,mv-verified-houston-risky-2026-04-20,ChIJ1WQZ986eToYR5g5nFo26dY0,1
marc@marcfdesign.com,Carrie's,Pilates Trinity Groves,Carrie's Pilates Trinity Groves,(469) 882-0864,https://trinitygroves.carriespilatesplus.com/,Dallas,"340 Singleton Blvd Ste 160, Dallas, TX 75212",5,284,Pilates studio,risky,catch_all,mv-verified-houston-risky-2026-04-20,ChIJi-QkkYGZToYRURbQBlR6o4Q,1
info@robertsflowershop.com,Roberts,Flower Shop,Roberts Flower Shop,(210) 432-1162,http://www.robertsflowershop.com/,San Antonio,"423 Castroville Rd, San Antonio, TX 78207",4.5,284,Florist,risky,catch_all,mv-verified-houston-risky-2026-04-20,ChIJSZ1ofjRZXIYRdCETTO7aQ84,1
info@walkertexaslawyer.com,Walker,Texas Lawyer,Walker Texas Lawyer,(713) 903-2481,https://walkertexaslawyer.com/,Houston,"3100 Timmons Ln Ste 401 Suite 401, Houston, TX 77027",4.9,284,Personal injury attorney,risky,catch_all,mv-verified-houston-risky-2026-04-20,ChIJo5j-9Y7AQIYRiCW4WfPfThw,1
sisterdiana@allsaintscc.net,All,Saints Catholic Church,All Saints Catholic Church,(817) 626-3055,https://allsaintscc.net/,Fort Worth,"214 NW 20th St, Fort Worth, TX 76164",4.6,282,Catholic church,risky,catch_all,mv-verified-houston-risky-2026-04-20,ChIJtXvn0al2ToYRyLh6mPFR_qc,1
info@bigkatshouston.com,Big,Kat's Barbershop,Big Kat's Barbershop,(713) 533-9545,http://www.bigkatshouston.com/,Houston,"3622 Main St Suite B, Houston, TX 77002",4.6,282,Barber shop,risky,unknown,mv-verified-houston-risky-2026-04-20,ChIJiQeaPW6_QIYRvmq7PytATm8,1
info@doctorsclinichouston.com,Doctors,Clinic Houston - Southwest Freeway,Doctors Clinic Houston - Southwest Freeway,(713) 981-8184,https://doctorsclinichouston.com/,Houston,"6535 Southwest Fwy, Houston, TX 77074",4.4,282,Medical clinic,risky,catch_all,mv-verified-houston-risky-2026-04-20,ChIJJTgGlzXCQIYR3KwMFuw5Vzs,1
artisticblooms@yahoo.com,Artistic,Blooms,Artistic Blooms,(210) 696-8080,http://www.artisticblooms.com/,San Antonio,"1826 N New Braunfels Ave Suite 103, San Antonio, TX 78208",4.8,281,Florist,risky,unknown,mv-verified-houston-risky-2026-04-20,ChIJ828ikR5eXIYRjqSY1NfX4DI,1
info@sanfranciscoelpaso.com,St.,Francis of Assisi Catholic Church,St. Francis of Assisi Catholic Church,(915) 584-7130,http://www.sanfranciscoelpaso.com/,El Paso,"5750 Doniphan Dr, El Paso, TX 79932",4.8,281,Catholic church,risky,catch_all,mv-verified-houston-risky-2026-04-20,ChIJTaPyJiL53YYRIimvfN2fskI,1
info@wilsonroofing.com,Wilson,Roofing,Wilson Roofing,(512) 263-3157,https://www.wilsonroofing.com/,Austin,"217-A Commons Ford Rd, Austin, TX 78733",4.7,281,Roofing contractor,risky,unknown,mv-verified-houston-risky-2026-04-20,ChIJVQQCYGM2W4YRYMGe6r8K5lw,1
waelazf@yahoo.com,Car,Fix Auto Repair,Car Fix Auto Repair,(915) 444-8553,https://carfixautorepairtx.com/,El Paso,"2110 N Zaragoza Rd, El Paso, TX 79938",4.5,280,Auto repair shop,risky,unknown,mv-verified-houston-risky-2026-04-20,ChIJfxuK7QdF54YRbz55cKsKhTc,1
info@magarihairsalon.com,Magari,Hair Salon,Magari Hair Salon,(832) 913-6735,http://magarihairsalon.com/,Katy,"25600 Westheimer Pkwy #310, Katy, TX 77494",4.8,280,Hair salon,risky,catch_all,mv-verified-houston-risky-2026-04-20,ChIJ96FkJDUnQYYR798oRF4gOUI,1
info@royalhandscarwash.com,Royal,Hands Car Wash,Royal Hands Car Wash,(346) 320-9375,https://royalhandscarwash.com/,Houston,"1303 Montrose Blvd, Houston, TX 77019",4.8,280,Car wash,risky,catch_all,mv-verified-houston-risky-2026-04-20,ChIJ082cBJK_QIYRU2_Ddhg5GAE,1
sales@theverandasa.com,The,Veranda,The Veranda,(210) 366-1220,http://www.theverandasa.com/,San Antonio,"1746 Lockhill Selma Rd, San Antonio, TX 78213",4.6,280,Wedding venue,risky,catch_all,mv-verified-houston-risky-2026-04-20,ChIJ7bm6KWdgXIYRWU0jGQMw8Zg,1
info@artisaninkco.com,Artisan,Ink & Needle Co.,Artisan Ink & Needle Co.,(817) 750-8288,http://www.artisaninkco.com/,Fort Worth,"3789 N Beach St Ste 213, Fort Worth, TX 76137",4.8,279,Tattoo and piercing shop,risky,unknown,mv-verified-houston-risky-2026-04-20,ChIJMXo3BT_dTYYR5G0xhishvZQ,1
info@callsoutherncomfort.com,Southern,Comfort Heating & Air Services,Southern Comfort Heating & Air Services,(832) 683-0537,https://callsoutherncomfort.com/?utm_source=google&utm_medium=organic&utm_campaign=gbp_houston,Houston,"11111 Katy Fwy Suite 910, Houston, TX 77079",4.9,279,HVAC contractor,risky,catch_all,mv-verified-houston-risky-2026-04-20,ChIJ1Txfvh7bQIYRvSaK6W25YII,1
info@sunoco.com,Sunoco,,Sunoco,(713) 942-7811,https://www.sunoco.com/locations/store/2329-southmore-blvd-houston-tx-0571459700,Houston,"2329 Southmore Blvd, Houston, TX 77004",3.6,279,Gas station,risky,catch_all,mv-verified-houston-risky-2026-04-20,ChIJv8uCIJ-_QIYRLmJWpNzz0js,2
norway_ep@yahoo.com,Norway,Air Conditioning Inc.,Norway Air Conditioning Inc.,(956) 726-4419,https://www.norwayairconditioning.com/,Laredo,"406 Boomtown St, Laredo, TX 78043",5,278,Air conditioning contractor,risky,unknown,mv-verified-houston-risky-2026-04-20,ChIJf-BWSwgkYYYRdFpqqZ17F7c,1
info@enchantedaustin.com,The,Enchanted Florist,The Enchanted Florist,(512) 477-3996,https://enchantedaustin.com/,Austin,"7801 N Lamar Blvd Unit D86, Austin, TX 78752",4.9,278,Florist,risky,unknown,mv-verified-houston-risky-2026-04-20,ChIJVQLjKZ61RIYRdiY2gHSME_E,1
info@3rdlevelbrewing.com,3rd,Level Brewing,3rd Level Brewing,(512) 386-1337,https://3rdlevelbrewing.com/,Round Rock,"1201 E Palm Valley Blvd, Round Rock, TX 78664",4.9,277,Brewery,risky,catch_all,mv-verified-houston-risky-2026-04-20,ChIJBZaerrDRRIYR9iyr-P86X_E,1
info@longviewestateplan.com,Ishihara,& Parker Law Firm PLLC,Ishihara & Parker Law Firm PLLC,(430) 625-3110,https://longviewestateplan.com/,Longview,"3000 H G Mosley Pkwy, Longview, TX 75605",5,277,Estate planning attorney,risky,catch_all,mv-verified-houston-risky-2026-04-20,ChIJbc78iAY5NoYRLySYUEkQEg4,1
lawndalemedical@yahoo.com,Lawndale,Medical Clinic,Lawndale Medical Clinic,(713) 924-4907,https://www.lawndalemedicalclinic.com/,Houston,"7109 Lawndale St # B, Houston, TX 77023",3.7,277,Medical clinic,risky,unknown,mv-verified-houston-risky-2026-04-20,ChIJRR5dBca9QIYRtAQ_J3OYs80,1
info@manriquezcollision.com,Manriquez,Collision & Mechanic Shop,Manriquez Collision & Mechanic Shop,(713) 862-0709,http://www.manriquezcollision.com/,Houston,"2411 Center St, Houston, TX 77007",4.8,277,Auto body shop,risky,catch_all,mv-verified-houston-risky-2026-04-20,ChIJDQ2Nhk2_QIYRmsMyX0bym44,1
casereview@mikelovelawfirm.com,Mike,"Love & Associates, LLC","Mike Love & Associates, LLC",(936) 632-2000,https://www.mikelovelawfirm.com/,Lufkin,"202 E Lufkin Ave, Lufkin, TX 75901",4.9,277,Personal injury attorney,risky,catch_all,mv-verified-houston-risky-2026-04-20,ChIJrS-6gV89OIYRRsEovunB-9c,2
info@universityhealth.com,Pharmacy,- University Health Robert B. Green Campus,Pharmacy - University Health Robert B. Green Campus,(210) 358-3475,https://www.universityhealth.com/services/pharmacy?utm_source=Yext&utm_medium=online_listings_location&utm_campaign=UH_digital&utm_content=Pharmacy_RBG,San Antonio,"903 W Martin St, San Antonio, TX 78207",4.4,277,Pharmacy,risky,catch_all,mv-verified-houston-risky-2026-04-20,ChIJoydOV4BfXIYRJZRxbzN7C-w,1
info@suncommunities.com,Pine,Trace,Pine Trace,(281) 443-0509,https://www.suncommunities.com/texas/pine-trace?utm_source=google&utm_medium=organic&utm_campaign=gbp_listing,Houston,"920 Century Plaza Dr, Houston, TX 77073",3.5,277,Mobile home park,risky,catch_all,mv-verified-houston-risky-2026-04-20,ChIJcxtEk27KQIYR8mfJSllzkDU,1
punchlinehouston@livenation.com,Punch,Line Houston,Punch Line Houston,(713) 565-4001,https://www.punchlinehtx.com/,Houston,"1204 Caroline St, Houston, TX 77002",4,277,Comedy club,risky,catch_all,mv-verified-houston-risky-2026-04-20,ChIJYyoFxyy_QIYRp1yqJMS-rxY,1
info@trinitystaffing.com,Trinity,Staffing Services,Trinity Staffing Services,(210) 805-9920,https://trinitystaffing.com/san-antonio-temp-agency-office/?utm_source=google&utm_medium=organic&utm_campaign=Googlelocal&utm_id=Googlelocal,San Antonio,"Comerica Bank Building, 13750 San Pedro Ave #540, San Antonio, TX 78232",4.6,277,Employment agency,risky,catch_all,mv-verified-houston-risky-2026-04-20,ChIJw6D3U36KXIYRp-rv0QOQhGE,1
info@clover.com,Dave's,Smokehouse Restaurant,Dave's Smokehouse Restaurant,(281) 326-7164,https://www.clover.com/online-ordering/bay-area-meat-market,Seabrook,"537 Kirby Rd, Seabrook, TX 77586",4.6,276,Barbecue restaurant,risky,catch_all,mv-verified-houston-risky-2026-04-20,ChIJ-z5k7HViP4YRNdQThpVAZk4,2
contact@gentlelaredodentist.com,Gentle,Family & Implant Dentistry of Laredo - Rolando A. Guerra Jr. DDS & Associates,Gentle Family & Implant Dentistry of Laredo - Rolando A. Guerra Jr. DDS & Associates,(956) 726-9418,https://gentledentallaredo.com/,Laredo,"5904 West Dr #9, Laredo, TX 78041",4.9,276,Dentist,risky,catch_all,mv-verified-houston-risky-2026-04-20,ChIJQZGVgOEgYYYRsDq8d7JScR0,1
office@htownplumbers.com,H-Town,Plumbers,H-Town Plumbers,(832) 318-0390,https://www.htownplumbers.com/,Houston,"12145 Stone E Dr, Houston, TX 77035",4.9,276,Plumber,risky,catch_all,mv-verified-houston-risky-2026-04-20,ChIJh_OV1SPpQIYRlwqsZdAz0Pw,1
info@izarobatatx.com,Iza,Robata Rosenberg,Iza Robata Rosenberg,+1 281-688-8885,https://izarobatatx.com/,Rosenberg,"24301 Brazos Town Crossing #600, Rosenberg, TX 77471, United States",4.6,275,Ramen restaurant,risky,catch_all,mv-verified-houston-risky-2026-04-20,ChIJ859ZFeQdQYYRdAg2AF0PMvM,2
info@medcenterendo.com,Medical,Center Endodontics of Clear Lake,Medical Center Endodontics of Clear Lake,(281) 488-3656,https://www.medcenterendo.com/,Houston,"17225 El Camino Real #425, Houston, TX 77058",4.9,275,Endodontist,risky,unknown,mv-verified-houston-risky-2026-04-20,ChIJFycjfVicQIYR0bafQjcqAuk,1
info@oakcliffbrewing.com,Oak,Cliff Brewing Co,Oak Cliff Brewing Co,,http://oakcliffbrewing.com/,Dallas,"1300 S Polk St #222, Dallas, TX 75224",4.7,275,Brewery,risky,catch_all,mv-verified-houston-risky-2026-04-20,ChIJ__-_GR-aToYRBVwUHEwB1m0,1
info@anchorplumbingcompany.com,Anchor,Plumbing Company,Anchor Plumbing Company,(214) 946-1638,https://anchorplumbingcompany.com/?utm_source=google&utm_medium=gbp-website-button&utm_campaign=website,,,5,274,Plumber,risky,catch_all,mv-verified-houston-risky-2026-04-20,ChIJU59poePzToYRSxG9EaD9xAo,1
gheister.morillo@alphacomarketing.com,HG,"Pediatrics: Homero Garza, MD","HG Pediatrics: Homero Garza, MD",(832) 709-1110,https://www.hgpediatrics.com/,Houston,"1919 N Loop W Suite 420, Houston, TX 77008",4.6,274,Pediatrician,risky,catch_all,mv-verified-houston-risky-2026-04-20,ChIJEftQJwLHQIYREwN9hEWWlRM,1
clintmwheeler@yahoo.com,Hill,Country Window Cleaning and Pressure Washing,Hill Country Window Cleaning and Pressure Washing,(210) 452-2823,http://hillcountryclean.com/,Boerne,"140 Industrial Dr Suite 101, Boerne, TX 78006",4.9,273,Window cleaning service,risky,unknown,mv-verified-houston-risky-2026-04-20,ChIJq0TW2TpxXIYRJ1J4kYE_WHA,1
info@butcherscellar.com,The,Butcher's Cellar,The Butcher's Cellar,(254) 224-6176,https://www.butcherscellar.com/,Woodway,"13701 Woodway Dr bldg 5, Woodway, TX 76712",4.6,273,Steak house,risky,catch_all,mv-verified-houston-risky-2026-04-20,ChIJuw9frimHT4YRuwuCaXfNwdM,1
battertonclinic@yahoo.com,Batterton,Chiropractic Center,Batterton Chiropractic Center,(713) 861-9168,http://www.battertonchiropractic.com/,Houston,"621 W 19th St, Houston, TX 77008",4.9,272,Chiropractor,risky,unknown,mv-verified-houston-risky-2026-04-20,ChIJZ1Y9fW7HQIYRxLUbbV_-ZFI,1
contact@fernandezlandscapes.com,Fernandez,Landscape Contractors Services,Fernandez Landscape Contractors Services,(713) 597-0907,http://www.fernandezlandscapes.com/,,,4.7,272,Landscape designer,risky,catch_all,mv-verified-houston-risky-2026-04-20,ChIJR0kbuhnJQIYR6uPBYCuH6PM,1
info@sushibyhidden.com,Sushi,by Hidden,Sushi by Hidden,(832) 668-5456,https://sushibyhidden.com/,Houston,"5216 Morningside Dr, Houston, TX 77005",4.6,272,Sushi restaurant,risky,unknown,mv-verified-houston-risky-2026-04-20,ChIJQePg-V3AQIYRSb-us6biwlA,1
info@therightchoicetexas.com,The,Right Choice Heating and Air Inc.,The Right Choice Heating and Air Inc.,(972) 430-5659,https://therightchoicetexas.com/,Richardson,"1411 E Campbell Rd #1800, Richardson, TX 75082",4.9,272,HVAC contractor,risky,catch_all,mv-verified-houston-risky-2026-04-20,ChIJe20SWaofTIYRNyLfH-mdYC0,2
info@houstoniandental.com,Houstonian,Dental,Houstonian Dental,(713) 597-4015,https://www.houstoniandental.com/?utm_source=GoogleOrganic&utm_medium=GMBwebsite,Houston,"4101 Greenbriar Dr #155, Houston, TX 77098",4.7,271,Dentist,risky,catch_all,mv-verified-houston-risky-2026-04-20,ChIJ7_RKmYvAQIYRzjUgnlmzHb8,1
info@radroof.com,Radiant,Roofing & Restoration,Radiant Roofing & Restoration,(830) 620-7663,https://radroof.com/,New Braunfels,"5130 I-35, New Braunfels, TX 78132",4.8,271,Roofing contractor,risky,catch_all,mv-verified-houston-risky-2026-04-20,ChIJyW6XmS-jXIYRDQCOT6l63yA,1
marcocaters@yahoo.com,Marco's,Lunch Club,Marco's Lunch Club,(361) 904-0506,https://marcocaters.com/the-lunch-club/,Corpus Christi,"525 S Staples St, Corpus Christi, TX 78401",4.7,270,Restaurant,risky,unknown,mv-verified-houston-risky-2026-04-20,ChIJ-VtKPRhfaIYRa59brfy9JwA,2
cet@cottagecare.com,CottageCare,Greater Fort Worth,CottageCare Greater Fort Worth,(817) 281-8911,https://cottagecare.com/locations/ft-worth/,North Richland Hills,"6248 Rufe Snow Dr Suite 416, North Richland Hills, TX 76148",4.9,269,House cleaning service,risky,catch_all,mv-verified-houston-risky-2026-04-20,ChIJV2uFzo14ToYRUd9sgJ_clvo,1
info@deerparkautomotive.com,Deer,Park Automotive,Deer Park Automotive,(281) 479-2528,http://www.deerparkautomotive.com/,Deer Park,"4414 Center St, Deer Park, TX 77536",4.8,269,Auto repair shop,risky,catch_all,mv-verified-houston-risky-2026-04-20,ChIJJfr_6EGfQIYREPZGwrwZXzw,1
southwesternroof@yahoo.com,Southwestern,Roofing TM,Southwestern Roofing TM,(281) 955-6014,https://www.southwesternroof.com/,Houston,"11745 Jones Rd, Houston, TX 77070",4.9,269,Roofing contractor,risky,unknown,mv-verified-houston-risky-2026-04-20,ChIJJ04lVorRQIYRjECSwm5TwAg,1
info@bigtexascomfort.com,Big,Texas Comfort,Big Texas Comfort,(832) 400-3123,https://www.bigtexascomfort.com/?utm_campaign=gmb,Houston,"2437 Bay Area Blvd ste 38, Houston, TX 77058",4.9,268,HVAC contractor,risky,catch_all,mv-verified-houston-risky-2026-04-20,ChIJAQAAALCdQIYRsXj_dk1tQK8,4
info@mcdadeins.com,McDade,"Insurance Brokerage Group, LLC","McDade Insurance Brokerage Group, LLC",(281) 378-5002,http://www.mcdadeins.com/,Spring,"20008 Champion Forest Dr #1103, Spring, TX 77379",4.9,268,Insurance broker,risky,catch_all,mv-verified-houston-risky-2026-04-20,ChIJ9fdWV22vQIYRdWuTTyfsfKs,1
info@urbanodallas.com,Urbano,Café,Urbano Café,(214) 823-8550,http://www.urbanodallas.com/,Dallas,"1410 N Fitzhugh Ave, Dallas, TX 75204",4.7,268,Italian restaurant,risky,catch_all,mv-verified-houston-risky-2026-04-20,ChIJPVbvGMuYToYRclf6Lflm-Hw,1
centreatcolumbiacourt-w@m.knck.io,Centre,at Columbia Court,Centre at Columbia Court,(346) 292-5818,https://www.livecentrecc.com/?utm_knock=g,Houston,"5500 Sampson St, Houston, TX 77004",3.8,267,Apartment complex,risky,catch_all,mv-verified-houston-risky-2026-04-20,ChIJBxniyby_QIYRCQM6UOd9CQ4,1
jamesarisco@yahoo.com,James,A Arisco DDS,James A Arisco DDS,+1 409-722-8404,https://www.jamesariscodds.com/,Port Neches,"3151 Saba Ln, Port Neches, TX 77651, United States",5,267,Dentist,risky,unknown,mv-verified-houston-risky-2026-04-20,ChIJPX7xBfuwPoYR5QMbQ9DafR0,1
the_eye_doctors@yahoo.com,The,Eye Doctors,The Eye Doctors,(210) 922-2326,http://eyedocsanantonio.com/,San Antonio,"1121 SW Military Dr Ste 102, San Antonio, TX 78221",4.6,267,Eye care center,risky,unknown,mv-verified-houston-risky-2026-04-20,ChIJwWyw6EBYXIYRZb3lfkWrbrk,1
info@360hair.com,360,The Colour Bar Salon,360 The Colour Bar Salon,(915) 581-7360,http://360hair.com/,El Paso,"6135 N Mesa St, El Paso, TX 79912",4.4,266,Beauty salon,risky,unknown,mv-verified-houston-risky-2026-04-20,ChIJW64QHt9X54YRmccGRiRItn0,1
annarbor@launchtrampolinepark.com,Launch,Family Entertainment West Houston,Launch Family Entertainment West Houston,(281) 901-1200,https://launchfamilyentertainment.com/westhouston/,Houston,"13331 Westheimer Rd Suite #100, Houston, TX 77077",4.9,266,Amusement center,risky,catch_all,mv-verified-houston-risky-2026-04-20,ChIJCWMn_BHdQIYR4XFqlacxA4I,1
carlos1.ramirez@yahoo.com,DFW,Appliance Discount,DFW Appliance Discount,(214) 587-1428,http://dfwappliancediscount.com/,Duncanville,"1214 Crest Ln Dr Unit 18, Duncanville, TX 75137",4.9,265,Appliance store,risky,unknown,mv-verified-houston-risky-2026-04-20,ChIJ56j7peKRToYRSgK0TM4JzVs,1
chris.garcia@rockguardautoglass.com,Rockguard,Auto Glass,Rockguard Auto Glass,(210) 844-1216,https://www.rockguardautoglass.com/,San Antonio,"5555 Timberhill Dr Suite 3, San Antonio, TX 78238",4.9,264,Auto glass shop,risky,catch_all,mv-verified-houston-risky-2026-04-20,ChIJq6p2XOVaXIYRL4Ers7il7_0,1
info@aceofclean.com,Ace,"of Clean Cleaning Services, Inc.","Ace of Clean Cleaning Services, Inc.",(817) 267-2223,http://www.aceofclean.com/,Fort Worth,"5525 Egg Farm Rd #2840, Fort Worth, TX 76244",5,263,Carpet cleaning service,risky,catch_all,mv-verified-houston-risky-2026-04-20,ChIJG_iEOVvXTYYRYpGKyqpQjdw,1
erin@axismechanicaltx.com,Axis,Mechanical,Axis Mechanical,(832) 840-9699,http://axismechanicaltx.com/,Magnolia,"6606 FM 1488 #148-617, Magnolia, TX 77354",5,262,HVAC contractor,risky,catch_all,mv-verified-houston-risky-2026-04-20,ChIJUwa9drupC00RecUghEQvP_s,1
help@bambammartialarts.com,Bam,Bam Martial Arts Houston,Bam Bam Martial Arts Houston,(281) 516-5594,http://bambammartialarts.com/,Houston,"West University Dance Center, 4007 Bellaire Blvd II, Houston, TX 77025",4.8,262,Martial arts school,risky,catch_all,mv-verified-houston-risky-2026-04-20,ChIJ28WaqLbBQIYR3pzHS1kYOg0,1
info@eliteclimatecomfort.com,Elite,climate comfort llc - Air conditioning Contractor,Elite climate comfort llc - Air conditioning Contractor,(346) 831-2947,http://eliteclimatecomfort.com/,Spring,"25003 Pitkin Rd suite b400, Spring, TX 77386",4.7,262,HVAC contractor,risky,catch_all,mv-verified-houston-risky-2026-04-20,ChIJnUo6Cyw1R4YRaTz6zHgfQQY,1
lightitupelect@aol.com,Light,It Up Electric,Light It Up Electric,(469) 261-1503,https://www.lightitupelectric.net/,Frisco,"6136 Frisco Square Blvd Suite 400, Frisco, TX 75034",4.9,262,Electrician,risky,unknown,mv-verified-houston-risky-2026-04-20,ChIJETCcNME5TIYRDnv3J0CaBhY,1
info@panthercitylawgroup.com,Panther,City Law Group,Panther City Law Group,(817) 534-8000,https://www.panthercitylawgroup.com/,Fort Worth,"1212 W El Paso St, Fort Worth, TX 76102",4.8,262,Law firm,risky,catch_all,mv-verified-houston-risky-2026-04-20,ChIJVVWB81V6ToYRTu1DvQjMM-k,1
rona.mahinay@sourcefit.info,League,City Endodontics,League City Endodontics,(281) 713-4411,http://www.leaguecityendo.com/,Dickinson,"1455 FM 646 Rd Suite 205, Dickinson, TX 77539",4.9,261,Dentist,risky,unknown,mv-verified-houston-risky-2026-04-20,ChIJ53Oy1FSDQIYRi_uWbpmiGxY,1
info@tpcfamily.org,Turning,Point Church,Turning Point Church,(817) 293-3111,http://www.tpcfamily.org/,Fort Worth,"10700 Old Burleson Rd, Fort Worth, TX 76140",4.7,261,Church,risky,catch_all,mv-verified-houston-risky-2026-04-20,ChIJlyfrH9JuToYRLzKG9d67Ehc,1
info@austinroofingandconstruction.com,Austin,Roofing and Construction,Austin Roofing and Construction,(512) 629-4949,https://www.austinroofingandconstruction.com/,Austin,"1301 W Ben White Blvd #200A, Austin, TX 78704",4.8,260,Roofing contractor,risky,catch_all,mv-verified-houston-risky-2026-04-20,ChIJ3T-yoapNW4YRqm_OfHFz1uw,1
info@fortworthhairandco.com,Fort,Worth Hair & Co.,Fort Worth Hair & Co.,(817) 922-0900,http://www.fortworthhairandco.com/,Fort Worth,"3809 Southwest Blvd, Fort Worth, TX 76116",4.7,260,Hair salon,risky,catch_all,mv-verified-houston-risky-2026-04-20,ChIJz54qsIBpToYR-T9I2HfcENc,1
carrie@heirloom-tx.com,Heirloom,Cafe & Market,Heirloom Cafe & Market,(346) 808-7908,https://heirloom-cafe-market.square.site/,Tomball,"30522 TX-249, Tomball, TX 77375",4.8,260,Restaurant,risky,catch_all,mv-verified-houston-risky-2026-04-20,ChIJhQ2ik8ItR4YRK5I4QrGA3Co,1
info@aerotek.com,Aerotek,,Aerotek,(210) 321-1150,https://www.aerotek.com/en/locations/united-states/texas/san-antonio?ecid=ls_aero_bizlist_091222_seo7123178,San Antonio,"70 NE Interstate 410 Loop Suite 1104, San Antonio, TX 78216",4,259,Employment agency,risky,catch_all,mv-verified-houston-risky-2026-04-20,ChIJ9573UHRgXIYRrlsugOV3F-c,2
kanedabarber@yahoo.com,Kane's,Barber Shop,Kane's Barber Shop,(512) 383-5253,http://www.kanesbarbershop.com/,Austin,"1122 Airport Blvd Suite A, Austin, TX 78702",4.6,259,Barber shop,risky,unknown,mv-verified-houston-risky-2026-04-20,ChIJo8QDbb-1RIYRRt4ALW02NVU,1
info@prismsalon.biz,Prism,Salon,Prism Salon,(281) 389-0464,http://www.prismsalon.biz/?y_source=1_Mjc2MzAxMTYtNzE1LWxvY2F0aW9uLndlYnNpdGU%3D,Houston,"2522 Yale St Suite 100, Houston, TX 77008",5,259,Hair salon,risky,catch_all,mv-verified-houston-risky-2026-04-20,ChIJh3upcZu4QIYR0f8j8R7SydQ,1
contact@beyondthedogtraining.com,Beyond,"the Dog, LLC","Beyond the Dog, LLC",(713) 416-6102,https://beyondthedogtraining.com/houston/dog-training,Houston,"2990 Richmond Ave suite 620, Houston, TX 77098",5,258,Dog trainer,risky,catch_all,mv-verified-houston-risky-2026-04-20,ChIJDS-3QF9KR4YR0ETh9k-rRJw,2
info@dallaswellnesscenter.com,Dallas,Wellness Center,Dallas Wellness Center,(214) 965-9355,http://www.dallaswellnesscenter.com/,Dallas,"4144 N Central Expy #405, Dallas, TX 75204",4.9,257,Chiropractor,risky,catch_all,mv-verified-houston-risky-2026-04-20,ChIJpbvlkTKZToYR5VcEWsjT84E,1
info@beenicecream.com,Bee,Nice Cream,Bee Nice Cream,(210) 765-3057,https://www.beenicecream.com/,San Antonio,"8003 Broadway, San Antonio, TX 78209",4.8,256,Ice cream shop,risky,catch_all,mv-verified-houston-risky-2026-04-20,ChIJz2Db7OH1XIYRBxafWAW8XBI,1
parkcitiesmobiledetail@yahoo.com,Park,Cities Mobile Detail,Park Cities Mobile Detail,(469) 438-7377,https://professionaldetail.com/,Dallas,"2100 N Stemmons Fwy, Dallas, TX 75207",4.8,256,Car detailing service,risky,unknown,mv-verified-houston-risky-2026-04-20,ChIJfdxuL62eToYR04PFuP6But0,1
info@superpawshouston.com,Super,Paws: Dog Boarding & Daycare,Super Paws: Dog Boarding & Daycare,(832) 900-7218,https://www.superpawshouston.com/,Houston,"5810 Maple St, Houston, TX 77074",4.7,256,Pet boarding service,risky,catch_all,mv-verified-houston-risky-2026-04-20,ChIJVVX5PunBQIYRHJj85FheFS4,1
info@thefitstopsa.com,The,"Fit Stop CrossFit Gym, San Antonio","The Fit Stop CrossFit Gym, San Antonio",(210) 254-3687,http://www.thefitstopsa.com/,San Antonio,"14627 Bulverde Rd, San Antonio, TX 78247",5,256,Gym,risky,catch_all,mv-verified-houston-risky-2026-04-20,ChIJPSmc06KLXIYR3zBzXLNpkXw,1
chrystal1@kellerchophouse.com,Zack's,Bistro,Zack's Bistro,(682) 323-8789,https://zacksbistro.site/,Arlington,"900 E Copeland Rd Ste. 150, Arlington, TX 76011",4.7,255,Restaurant,risky,catch_all,mv-verified-houston-risky-2026-04-20,ChIJsY69qAN9ToYRkfZWAsoq6Ck,1
info@classicdental.com,Classic,Dental,Classic Dental,(281) 499-4444,http://www.classicdental.com/,Missouri City,"5211 Hwy 6 Suite E, Missouri City, TX 77459",4.8,254,Dentist,risky,catch_all,mv-verified-houston-risky-2026-04-20,ChIJ_____y_wQIYR74m7i1QeBlI,1
info@leilabakery.com,Leila,Bakery & Cafe,Leila Bakery & Cafe,(972) 807-6297,http://www.leilabakery.com/,Dallas,"6041 Oram St, Dallas, TX 75206",4.5,254,Bakery,risky,catch_all,mv-verified-houston-risky-2026-04-20,ChIJWWg8enefToYRm1gXDFOpG5g,1
info@wegetyouhealthy.com,Momentum,Physical Therapy,Momentum Physical Therapy,(210) 253-3888,https://wegetyouhealthy.com/,San Antonio,"5441 Babcock Rd #103, San Antonio, TX 78240",4.8,254,Physical therapy clinic,risky,catch_all,mv-verified-houston-risky-2026-04-20,ChIJZzzMBl5nXIYRqlB6xvMj5h8,1
info@peakphysicalmedicinetx.com,Peak,Physical Medicine and Wellness,Peak Physical Medicine and Wellness,(817) 882-6754,http://www.peakphysicalmedicinetx.com/,Fort Worth,"3200 Riverfront Dr Ste.207, Fort Worth, TX 76107",4.9,254,Chiropractor,risky,catch_all,mv-verified-houston-risky-2026-04-20,ChIJh7L3vu5yToYR_3wkiFtwus0,1
info@1stratco.com,Royal,Ave. Tattoo,Royal Ave. Tattoo,(281) 251-0764,http://www.1stratco.com/,Spring,"5010 Louetta Rd, Spring, TX 77379",4.7,254,Tattoo shop,risky,catch_all,mv-verified-houston-risky-2026-04-20,ChIJl7C80LPMQIYR3S3wE_OdMmg,1
contact@verapilates.com,Vera,Pilates,Vera Pilates,,http://www.verapilates.com/,Houston,"2240 Navigation Blvd #700, Houston, TX 77003",4.9,254,Pilates studio,risky,unknown,mv-verified-houston-risky-2026-04-20,ChIJwZmwgTi_QIYRgqU1GiXdNj4,1
info@tomballsmilesdentistry.com,Tomball,Smiles Dentistry,Tomball Smiles Dentistry,(281) 256-7554,https://www.tomballsmilesdentistry.com/?sc_cid=GBP%3AO%3AGP%3A616%3AOrganic_Search%3AGeneral%3Ana&_vsrefdom=organic_gbp&y_source=1_MjE3NjExMi03MTUtbG9jYXRpb24ud2Vic2l0ZQ%3D%3D,Tomball,"28602 Tomball Pkwy Ste B, Tomball, TX 77375",4.2,253,Dentist,risky,catch_all,mv-verified-houston-risky-2026-04-20,ChIJ-TIPnWMsR4YR1defIG5iR34,1
info@cmitsolutions.com,CMIT,Solutions,CMIT Solutions,(512) 520-2766,https://cmitsolutions.com/austin-tx-1075/?utm_source=google&utm_medium=organic&utm_campaign=gmb,Austin,"4301 W William Cannon Dr, Austin, TX 78749",4.9,251,Computer service,risky,catch_all,mv-verified-houston-risky-2026-04-20,ChIJNR-XJbPPRIYRTbzgNw7RFb4,1
directcarcompany@aol.com,Direct,Car Company,Direct Car Company,(832) 767-5988,http://directcarcompany.com/,Houston,"333 N Loop W, Houston, TX 77008",4,251,Used car dealer,risky,unknown,mv-verified-houston-risky-2026-04-20,ChIJXySR78PDQIYRJB-cw6L0GdA,1
info@fantasticmoves.com,Fantastic,Moves,Fantastic Moves,(214) 349-6683,http://www.fantasticmoves.com/,Dallas,"10610 Metric Dr # 175, Dallas, TX 75243",4.6,251,Mover,risky,catch_all,mv-verified-houston-risky-2026-04-20,ChIJsRb9ByweTIYRVTROwOYyvyM,1
granitemaster@sbcglobal.net,Granite,Master,Granite Master,(713) 983-6446,http://masterofgranite.com/,Houston,"4502 Steffani Ln, Houston, TX 77041",4.3,251,Countertop store,risky,catch_all,mv-verified-houston-risky-2026-04-20,ChIJgfB3rUDFQIYRgCLfb3GDTM0,1
info@fitmac.com,Memorial,Athletic Club and Aquatic Center,Memorial Athletic Club and Aquatic Center,(281) 497-7570,http://www.fitmac.com/,Houston,"14690 Memorial Dr, Houston, TX 77079",4.7,251,Fitness center,risky,unknown,mv-verified-houston-risky-2026-04-20,ChIJb-l6cIPbQIYReGBhMmTrrOE,1
raahvet@att.net,Richmond,Avenue Animal Hospital,Richmond Avenue Animal Hospital,(832) 333-5448,http://www.richmondavenueanimalhospital.com/,Houston,"4014 Richmond Ave, Houston, TX 77027",4.7,251,Veterinarian,risky,catch_all,mv-verified-houston-risky-2026-04-20,ChIJ0f_87wTBQIYRjtEcHmRqDgk,1
info@slerepairs.com,Sunbelt,Lawn Equipment,Sunbelt Lawn Equipment,(972) 986-1524,https://slerepairs.com/,Irving,"2424 Rock Island Rd, Irving, TX 75060",4.6,251,Small engine repair service,risky,catch_all,mv-verified-houston-risky-2026-04-20,ChIJq2PQTJaDToYREm8ioL--HVM,1
info@766auto.com,766,Auto Inc,766 Auto Inc,(512) 766-2886,https://www.766auto.com/,Austin,"209 N Pleasant Valley Rd, Austin, TX 78702",4.3,250,Auto repair shop,risky,catch_all,mv-verified-houston-risky-2026-04-20,ChIJ0SnrKjO0RIYRCg9HH9d0gqE,1
donations@glorypaintball.com,Glory,Paintball,Glory Paintball,(713) 826-9570,http://glorypaintball.com/,League City,"2600 Calder Dr, League City, TX 77573",4.8,249,Paintball center,risky,unknown,mv-verified-houston-risky-2026-04-20,ChIJab0fax-DQIYRd2xZh3FqsIs,1
contact@austin-chiropractor.com,West,End Chiropractic,West End Chiropractic,(512) 472-1116,https://www.austin-chiropractor.com/,Austin,"1611 W 5th St #110, Austin, TX 78703",5,249,Chiropractor,risky,catch_all,mv-verified-houston-risky-2026-04-20,ChIJU86XGkC1RIYRI4HnJvVklOQ,1
info@aladdincleans.com,Aladdin,Cleaning & Restoration,Aladdin Cleaning & Restoration,(210) 736-1821,https://www.aladdincleans.com/?utm_source=google&utm_medium=organic&utm_campaign=gmb,San Antonio,"315 W Josephine St, San Antonio, TX 78212",4.8,248,Carpet cleaning service,risky,catch_all,mv-verified-houston-risky-2026-04-20,ChIJrwAdlF9fXIYRnnV_YXl-6Fw,1
barrettstaff@comcast.net,Barrett,Chiropractic Health Centers,Barrett Chiropractic Health Centers,(281) 499-4810,http://www.barretthealthcenters.com/,Missouri City,"4642 Riverstone Blvd, Missouri City, TX 77459",4.9,248,Chiropractor,risky,unknown,mv-verified-houston-risky-2026-04-20,ChIJeUIBBAvmQIYR4ZIucRKRNT0,1
service@everyonesinsurance.com,Everyone's,"Insurance Agency, Inc.","Everyone's Insurance Agency, Inc.",(281) 640-1684,http://www.everyonesinsurance.com/,League City,"651 Egret Bay Blvd k, League City, TX 77573",4.8,248,Insurance agency,risky,catch_all,mv-verified-houston-risky-2026-04-20,ChIJ8x-PjYucQIYRcbYG8IQJU7U,1
info@thebrunchtruckamarillo.com,The,Brunch Truck of Amarillo,The Brunch Truck of Amarillo,(806) 373-4199,https://thebrunchtruckamarillo.com/,Amarillo,"213 SW 7th Ave, Amarillo, TX 79101",4.9,248,Restaurant,risky,catch_all,mv-verified-houston-risky-2026-04-20,ChIJlZdJmV1PAYcRSr53l8vbmsI,1
info@watermarkplumbing.com,Watermark,Plumbing,Watermark Plumbing,(469) 688-3724,http://www.watermarkplumbing.com/,Hebron,"2425 W Parker Rd building 4b, Hebron, TX 75010",4.4,248,Plumber,risky,catch_all,mv-verified-houston-risky-2026-04-20,ChIJr9-QGwAlTIYR2P9JLyu9FeY,1
contact@dragonflymechanical.com,Dragonfly,Mechanical,Dragonfly Mechanical,(512) 707-2665,https://www.dragonflymechanical.com/?utm_source=google&utm_medium=local&utm_campaign=gbp,,,4.9,247,HVAC contractor,risky,catch_all,mv-verified-houston-risky-2026-04-20,ChIJA8Pz7UctW4YRCWUV9fUzDj0,1
info@huffordspestcontrol.com,Hufford's,"Pest Control, LLC","Hufford's Pest Control, LLC",(432) 520-5898,http://www.huffordspestcontrol.com/,Midland,"6415 TX-349 Bldg 14, Midland, TX 79705",5,247,Pest control service,risky,catch_all,mv-verified-houston-risky-2026-04-20,ChIJYVYHJXrf-4YR0SyzGcfBdQw,1
hola@mamacucas.com,Mama,Cuca's Mexican Cuisine - Arlington,Mama Cuca's Mexican Cuisine - Arlington,(682) 276-3002,https://mamacucas.com/,Arlington,"200 E Front St Suite 100, Arlington, TX 76011",4.8,247,Mexican restaurant,risky,catch_all,mv-verified-houston-risky-2026-04-20,ChIJQV8CLiV9ToYR4a5jr4QL5sU,1
info@robschopshop.com,Rob's,Chop Shop,Rob's Chop Shop,(214) 824-7627,https://www.robschopshop.com/,Dallas,"3613 Parry Ave, Dallas, TX 75226",4.8,247,Barber shop,risky,unknown,mv-verified-houston-risky-2026-04-20,ChIJnbYBx5WYToYRPkRwUOZagyw,1
staff@springchiropractic.com,Spring,Chiropractic,Spring Chiropractic,(281) 651-7111,https://www.springchiropractic.com/,Spring,"19510 Kuykendahl Rd Suite A, Spring, TX 77379",4.8,247,Chiropractor,risky,catch_all,mv-verified-houston-risky-2026-04-20,ChIJNZWftUgzR4YRngl8LGC1QUs,1
bbzhousekeeping@yahoo.com,BB'z,Housekeeping LLC,BB'z Housekeeping LLC,(210) 982-5159,http://www.bbzhousekeeping.com/,San Antonio,"3507 Battlecry, San Antonio, TX 78245",5,246,House cleaning service,risky,unknown,mv-verified-houston-risky-2026-04-20,ChIJPcvqWfJFXIYRQJc1Ht9nHNw,1
alex@ilk9academy.com,Ivy,League Canine Academy,Ivy League Canine Academy,(210) 724-5733,https://ilk9academy.com/,,,5,246,Dog trainer,risky,catch_all,mv-verified-houston-risky-2026-04-20,ChIJEwwWRxdpXIYRDLW6EYKzt78,1
info@avelectrictx.com,AV,Electric,AV Electric,(254) 913-4804,http://avelectrictx.com/,Temple,"519 W Thompson Ave, Temple, TX 76501",4.9,245,Electrician,risky,catch_all,mv-verified-houston-risky-2026-04-20,ChIJGdAj421sRYYRT-X5k-kXoM4,2
info@fredloya.com,Fred,Loya Insurance,Fred Loya Insurance,(281) 528-5225,https://www.fredloya.com/,Spring,"155 Louetta Crossing, Spring, TX 77373",4.5,245,Auto insurance agency,risky,catch_all,mv-verified-houston-risky-2026-04-20,ChIJQ0t2USE1R4YRmY7N8IX9YZI,3
info@austinlocksmithpoc.com,Pros,On Call,Pros On Call,(512) 643-7268,https://austinlocksmithpoc.com/,Austin,"6901 N Lamar Blvd Suite 137, Austin, TX 78752",4.9,245,Locksmith,risky,catch_all,mv-verified-houston-risky-2026-04-20,ChIJIaldW9XLRIYRmAoe1osiUas,1
ab1electric@aol.com,A,& B Electric Services,A & B Electric Services,(254) 702-7654,http://abelectricservice.com/,,,4.5,244,Electrician,risky,unknown,mv-verified-houston-risky-2026-04-20,ChIJIzzFQhE1RYYR_erMU1XNo_A,1
info@fortworthrugs.com,Fort,Worth Rugs,Fort Worth Rugs,(817) 732-2222,https://fortworthrugs.com/,Fort Worth,"6323 Camp Bowie Blvd Suite 129, Fort Worth, TX 76116",5,244,Carpet cleaning service,risky,catch_all,mv-verified-houston-risky-2026-04-20,ChIJ0aY5L_pzToYReKpGUJ60Sok,1
support@jewelrydepothouston.com,Jewelry,Depot Houston,Jewelry Depot Houston,(713) 789-7977,https://www.jewelrydepothouston.com/,Houston,"6222 Richmond Ave #100, Houston, TX 77057",4.8,244,Jewelry store,risky,catch_all,mv-verified-houston-risky-2026-04-20,ChIJa495bs_DQIYRyaLKAStd8Sk,1
us790@alphagraphics.com,AlphaGraphics,Dallas,AlphaGraphics Dallas,(945) 221-9850,https://www.alphagraphics.com/us-texas-dallas-us152,Dallas,"2372 Irving Blvd, Dallas, TX 75207",4.9,243,Print shop,risky,catch_all,mv-verified-houston-risky-2026-04-20,ChIJTRYPjf6bToYRrwn83B6FACM,9
info@eagleprotectivegroup.com,Eagle,Protective Group,Eagle Protective Group,(972) 241-3881,http://eagleprotectivegroup.com/,Dallas,"3010 Lyndon B Johnson Fwy #1200, Dallas, TX 75234",4.8,243,Security guard service,risky,catch_all,mv-verified-houston-risky-2026-04-20,ChIJN9eYL3UnTIYRipeTmUv40X4,1
support@starapps.studio,Olivia,Furniture,Olivia Furniture,(346) 774-2919,https://www.oliviafurniture.com/,Houston,"2950 Fondren Rd, Houston, TX 77063",4.9,243,Furniture store,risky,catch_all,mv-verified-houston-risky-2026-04-20,ChIJOUODL7TnQIYRuDUeG-FMnqI,2
info@myplumbernearme.com,Plumber,Near Me,Plumber Near Me,(512) 361-0502,https://myplumbernearme.com/,Kyle,"101 Petra's Way, Kyle, TX 78640",4.9,243,Plumber,risky,catch_all,mv-verified-houston-risky-2026-04-20,ChIJS2KOhqetRIYRt3pXiG0ENUg,1
info@gillnursery.com,Gill,Garden Center + Landscape Co.,Gill Garden Center + Landscape Co.,(361) 992-9674,https://gillnursery.com/?utm_source=LOCAL&utm_medium=ORGANIC&utm_campaign=GMB,Corpus Christi,"2810 Airline Rd, Corpus Christi, TX 78414",4.8,242,Landscape designer,risky,unknown,mv-verified-houston-risky-2026-04-20,ChIJt4U5jvX1aIYRCW5VbJamZ5M,1
asparhawk@primelending.com,"PrimeLending,",A PlainsCapital Company - San Antonio Central,"PrimeLending, A PlainsCapital Company - San Antonio Central",(210) 494-2660,https://lo.primelending.com/sanantoniocentral/?utm_source=gmb&utm_medium=organic&utm_campaign=sanantoniocentral,San Antonio,"270 N Loop 1604 E #310, San Antonio, TX 78232",4.9,242,Mortgage broker,risky,catch_all,mv-verified-houston-risky-2026-04-20,ChIJc70UyPhhXIYRiv78cihzans,1
info@progressive.com,Progressive,Insurance - Claims Office,Progressive Insurance - Claims Office,(800) 274-4499,https://www.progressive.com/claims/?utm_source=G&utm_medium=local&utm_campaign=progressivedirectclaimcenters,Frisco,"2600 Dallas Pkwy Ste 400, Frisco, TX 75034",3.4,242,Insurance agency,risky,catch_all,mv-verified-houston-risky-2026-04-20,ChIJB5f0yEslTIYR07_g5g3kgfU,1
ro@studiohairextensionshouston.com,Studio,Hair Extensions,Studio Hair Extensions,(713) 874-0000,http://studiohairextensionshouston.com/,Houston,"1901 Westheimer Rd, Houston, TX 77098",4.7,242,Hair salon,risky,catch_all,mv-verified-houston-risky-2026-04-20,ChIJbSVwUZfAQIYRX7gtHxv8y7c,1
info@aardvarkautorepair.com,Aardvark,Automotive,Aardvark Automotive,(806) 356-0020,https://www.aardvarkautorepair.com/,Amarillo,"5825 Canyon Dr, Amarillo, TX 79110",4.6,241,Auto repair shop,risky,catch_all,mv-verified-houston-risky-2026-04-20,ChIJU6-5vFZFAYcRid3PhucWLPw,1
chris@ckahi.com,CKA,Home Inspections,CKA Home Inspections,(817) 437-2405,https://www.ckahomeinspections.com/?utm_source=google&utm_medium=organic&utm_campaign=gmb-listing,Fort Worth,"5000 Still Meadow Dr, Fort Worth, TX 76132",4.9,241,Home inspector,risky,catch_all,mv-verified-houston-risky-2026-04-20,ChIJ85FmrFltToYR1x7Gx3nhwEw,1
allen@hudshaulaway.com,Hud's,Haul Away Junk Removal & Demolition,Hud's Haul Away Junk Removal & Demolition,(682) 557-0430,http://hudshaulaway.com/,Fort Worth,"7512 Skylake Ct, Fort Worth, TX 76179",5,241,Waste management service,risky,catch_all,mv-verified-houston-risky-2026-04-20,ChIJoweGdf-bayARe7AP-1vl14w,1
info@purelyprovisions.com,Purely,Provisions,Purely Provisions,,http://www.purelyprovisions.com/,Round Rock,"212 W Main St, Round Rock, TX 78664",4.7,241,Restaurant,risky,catch_all,mv-verified-houston-risky-2026-04-20,ChIJfSv55TvRRIYRjBZ1evoLyEY,1
info@scenthound.com,Scenthound,Fort Worth Saginaw,Scenthound Fort Worth Saginaw,(817) 886-8534,https://www.scenthound.com/fort-worth-saginaw,Fort Worth,"7040 N Blue Mound Rd, Fort Worth, TX 76131",4.7,241,Pet groomer,risky,catch_all,mv-verified-houston-risky-2026-04-20,ChIJzcyEmInZTYYRixSkcavJhag,3
info@terminixep.com,Terminix,of El Paso,Terminix of El Paso,(915) 465-2646,https://www.terminixep.com/?utm_source=organic&utm_medium=google&utm_campaign=gbp,El Paso,"1015 Wall St, El Paso, TX 79915",4.9,241,Pest control service,risky,catch_all,mv-verified-houston-risky-2026-04-20,ChIJO8qSOQdb54YRF53krKZVMXo,1
info@tfiagy.com,The,ForWard Insurance Agency,The ForWard Insurance Agency,(832) 644-3034,https://www.tfiagy.com/,Houston,"350 Glenborough Dr Ste 300, Houston, TX 77067",5,241,Insurance agency,risky,catch_all,mv-verified-houston-risky-2026-04-20,ChIJVVVl0IvJQIYRgzDQds5v7d4,1
info@ipcrepairhouston.com,iPC,Repair,iPC Repair,(713) 847-7103,http://ipcrepairhouston.com/,Houston,"5600 Kirby Dr N-2, Houston, TX 77005",4.8,241,Computer repair service,risky,catch_all,mv-verified-houston-risky-2026-04-20,ChIJ0VjbacfDQIYRunAAgRPuwqI,1
info@fencemaxx.com,FenceMaxx,,FenceMaxx,(512) 710-6299,http://www.fencemaxx.com/,Austin,"15409 Ranch Rd 620 N C, Austin, TX 78717",5,240,Fence contractor,risky,catch_all,mv-verified-houston-risky-2026-04-20,ChIJ_XmIlV3ORIYRwZL34Fp9uGM,1
info@leaguecitysmilesdentistry.com,League,City Smiles Dentistry,League City Smiles Dentistry,(713) 346-9997,https://www.leaguecitysmilesdentistry.com/?sc_cid=GBP%3AO%3AGP%3A622%3AOrganic_Search%3AGeneral%3Ana&_vsrefdom=organic_gbp&y_source=1_MTUxMzA3OTUtNzE1LWxvY2F0aW9uLndlYnNpdGU%3D,League City,"2555 E League City Pkwy Ste 160, League City, TX 77573",3.6,240,Dentist,risky,catch_all,mv-verified-houston-risky-2026-04-20,ChIJaV2N_0p9P4YRlzPl_IBLe-Q,1
info@texassmilecofrisco.com,Texas,Smile Co.,Texas Smile Co.,(972) 798-2404,https://familydentistfriscotx.com/,Frisco,"13355 Dallas Pkwy Suite 400, Frisco, TX 75033",5,240,Dentist,risky,catch_all,mv-verified-houston-risky-2026-04-20,ChIJMRc1hXU5TIYRjOHozUXBSbI,1
info@cake4one.com,Cake4One,,Cake4One,(214) 310-1320,https://cake4one.com/,Dallas,"1807 E Levee St, Dallas, TX 75207",4.9,239,Bakery,risky,catch_all,mv-verified-houston-risky-2026-04-20,ChIJx9pdxrKZToYRK8-0cUuscFU,1
ginger@gingersdallas.com,Ginger's,,Ginger's,(214) 420-8533,https://gingersdallas.com/,Dallas,"2115 Jackson St, Dallas, TX 75201",4.5,239,Cocktail bar,risky,catch_all,mv-verified-houston-risky-2026-04-20,ChIJ19dZTjiZToYRwcfwWbuHxtY,1
keepitcoolac@sbcglobal.net,Keep,it Cool Air Conditioning & Heating,Keep it Cool Air Conditioning & Heating,(361) 850-7845,https://keepitcooltx.com/,Corpus Christi,"5637 Carroll Ln #10, Corpus Christi, TX 78415",4.9,239,HVAC contractor,risky,catch_all,mv-verified-houston-risky-2026-04-20,ChIJT12BdGb1aIYRwl_Mlfgllqg,1
info@hartpestcontrol.com,Hart,Pest Control,Hart Pest Control,(281) 379-9400,https://www.hartpestcontrol.com/,,,5,238,Pest control service,risky,unknown,mv-verified-houston-risky-2026-04-20,ChIJ2xkqI9bNQIYRO6I2ErhaXMU,1
info@pasadenaautocollision.com,Pasadena,Auto Collision Center,Pasadena Auto Collision Center,(713) 475-8400,https://www.pasadenaautocollision.com/,Pasadena,"2112 Southmore Ave, Pasadena, TX 77502",4,238,Auto body shop,risky,catch_all,mv-verified-houston-risky-2026-04-20,ChIJVTeJT36iQIYRCoXxnN2TH1A,1
info@riverbend.com,Riverbend,Church,Riverbend Church,(512) 327-3540,https://www.riverbend.com/,Austin,"4214 N Capital of Texas Hwy, Austin, TX 78746",4.5,238,Church,risky,catch_all,mv-verified-houston-risky-2026-04-20,ChIJR3o6W980W4YRVzoukWvdEgg,1
info@centrotx.com,Centro,On The Square,Centro On The Square,(214) 548-4252,https://centrotx.com/?utm_source=GMB&utm_medium=organic&utm_campaign=GMB,McKinney,"112 E Louisiana St Ste A, McKinney, TX 75069",4.4,237,American restaurant,risky,catch_all,mv-verified-houston-risky-2026-04-20,ChIJpVG2968TTIYRj15XX_Kwr4E,1
hihorvpark@yahoo.com,Dallas,Hi Ho RV Park,Dallas Hi Ho RV Park,(972) 223-4834,http://www.hihorvpark.com/,Glenn Heights,"200 W Bear Creek Rd, Glenn Heights, TX 75154",3.6,237,RV park,risky,unknown,mv-verified-houston-risky-2026-04-20,ChIJL3ivmBOTToYRAn4OotLguhc,1
printandgo@fedex.com,FedEx,Office Print & Ship Center,FedEx Office Print & Ship Center,(214) 696-9863,https://local.fedex.com/en-us/tx/dallas/office-0126?cmp=LOC-1001545-3-1-971-1110000-US-US-EN-GPLCOPYANDPRINT,Dallas,"5500 Greenville Ave #1203, Dallas, TX 75206",3,237,Shipping and mailing service,risky,unknown,mv-verified-houston-risky-2026-04-20,ChIJX23aGp-fToYRm8bR7xU0wFg,2
collision@jcbodyshop.net,JC,Body Shop,JC Body Shop,(832) 513-8158,http://jcbodyshop.net/,Houston,"2207 Bingle Rd, Houston, TX 77055",4.9,237,Auto body shop,risky,catch_all,mv-verified-houston-risky-2026-04-20,ChIJSSoc4krEQIYR6DNndjlA0II,1
info@varsitytutors.com,Varsity,Tutors - Houston,Varsity Tutors - Houston,(832) 748-1733,https://www.varsitytutors.com/tutoring-houston,,,3.8,237,Tutoring service,risky,catch_all,mv-verified-houston-risky-2026-04-20,ChIJI4lhgXvAQIYRg4-Wkih_eaU,1
info@doubleddogtraining.com,Double,D Dog Training,Double D Dog Training,(949) 510-1775,https://doubleddogtraining.com/,Boerne,"26741 I-10 Bldg. 1, Apt. 1138, Boerne, TX 78006",5,236,Dog trainer,risky,catch_all,mv-verified-houston-risky-2026-04-20,ChIJAQB0RMx2XIYRIYAPPOm55dE,1
info@treeservicesanantonio-tx.com,J&T,"Texas Tree Service - Affordable and Quality Tree Trimming Service, Tree Removal Service","J&T Texas Tree Service - Affordable and Quality Tree Trimming Service, Tree Removal Service",(210) 942-2140,https://treeservicesanantonio-tx.com/,,,5,236,Tree service,risky,catch_all,mv-verified-houston-risky-2026-04-20,ChIJZYKafabUVyMR1c6rLALlDJ0,1
privacy@kidstrong.com,KidStrong,Sugar Land (TX),KidStrong Sugar Land (TX),(281) 941-7196,http://sugarland.kidstrong.com/,Sugar Land,"1961 Lakeside Plaza Dr suite 8, Sugar Land, TX 77479",4.8,236,Physical fitness program,risky,catch_all,mv-verified-houston-risky-2026-04-20,ChIJGUfUUpPnQIYRLUyO0f4Cqmk,1
info@calendly.com,Optimum,Signings,Optimum Signings,(832) 706-5233,https://calendly.com/optimumsignings,Houston,"4 Chelsea Blvd, Houston, TX 77006",5,235,Notary public,risky,catch_all,mv-verified-houston-risky-2026-04-20,ChIJa3cdLcwoNAIRqSLcBhBlVGk,1
contact@tomtecki.com,Tomtecki,Appliance Repair,Tomtecki Appliance Repair,(210) 209-3029,http://www.tomtecki.com/,San Antonio,"5563 De Zavala Rd #190, San Antonio, TX 78249",5,235,Appliance repair service,risky,unknown,mv-verified-houston-risky-2026-04-20,ChIJ9zPgqV1nXIYRD5-r9rrffdo,1
info@adairandsons.com,Adair,& Sons Automotive,Adair & Sons Automotive,(512) 255-2022,http://www.adairandsons.com/,Round Rock,"1001 Sam Bass Rd, Round Rock, TX 78681",4.9,233,Auto repair shop,risky,catch_all,mv-verified-houston-risky-2026-04-20,ChIJwR_hyJfRRIYRNO0rzTUhcOs,1
info@studio22dallas.com,Studio,22,Studio 22,(972) 490-0022,https://www.studio22dallas.com/,Dallas,"14902 Preston Rd #400, Dallas, TX 75254",4.9,233,Dance school,risky,catch_all,mv-verified-houston-risky-2026-04-20,ChIJUznN4A8hTIYR2JPWZ8ddDGY,1
info@govavia.com,VaVia,Dumpster Rental Houston,VaVia Dumpster Rental Houston,(832) 699-1555,https://govavia.com/houston-tx-dumpster-rental/,,,4.9,233,Dumpster rental service,risky,catch_all,mv-verified-houston-risky-2026-04-20,ChIJU9trJVUwCKcRH2xd6VSy_lE,1
hello@abiilegal.com,Abii,Legal,Abii Legal,(832) 243-1763,https://www.abiilegal.com/,Pearland,"3129 Kingsley Dr Suite #110A, Pearland, TX 77584",4.9,232,Law firm,risky,catch_all,mv-verified-houston-risky-2026-04-20,ChIJk10eKDrBQIYRM-QOgQKj9RM,1
info@by-maxwell.com,By,Maxwell,By Maxwell,(956) 631-7467,http://by-maxwell.com/,McAllen,"4917 N 10th St, McAllen, TX 78504",4.6,232,Hair salon,risky,catch_all,mv-verified-houston-risky-2026-04-20,ChIJD7RNvsymZYYRh7MSYNj6bZ8,1
info@kmc.net,Kent,Moore Cabinets Ltd,Kent Moore Cabinets Ltd,(713) 722-9511,https://www.kmc.net/,Houston,"10110 W Sam Houston Pkwy N, Houston, TX 77064",4.9,232,Cabinet maker,risky,catch_all,mv-verified-houston-risky-2026-04-20,ChIJ42YeEi_OQIYRqDmJY-VQX6g,1
info@winniecouture.com,Winnie,Couture Bridal,Winnie Couture Bridal,(713) 782-9316,https://winniecouture.com/stores/wedding-dresses-houston-tx/,Houston,"1847 W Alabama St, Houston, TX 77098",4.5,232,Bridal shop,risky,catch_all,mv-verified-houston-risky-2026-04-20,ChIJtwIACPnAQIYR19a-Zs8anSc,1
gwmobil@aol.com,Cortez,Car Care,Cortez Car Care,(409) 835-0457,http://www.cortezcarcare.com/,Beaumont,"1001 S 11th St, Beaumont, TX 77701",4.5,231,Car repair and maintenance service,risky,unknown,mv-verified-houston-risky-2026-04-20,ChIJAQDw0h7LPoYR2t6hkyGTgy4,1
info@fatmattroofing.com,Fat,Matt Roofing,Fat Matt Roofing,(325) 704-5139,https://www.fatmattroofing.com/,Abilene,"3425 S 14th St Suite 100, Abilene, TX 79605",4.8,231,Roofing contractor,risky,unknown,mv-verified-houston-risky-2026-04-20,ChIJidADCRiOVoYRb-V9k2S_kos,2
info@kingcriminaldefense.com,King,"Law, P.C.","King Law, P.C.",(806) 370-7800,https://www.kingcriminaldefense.com/,Lubbock,"1511 Avenue M, Lubbock, TX 79401",4.9,231,Criminal justice attorney,risky,catch_all,mv-verified-houston-risky-2026-04-20,ChIJ40cEHNUS_oYRt4f43S81O_M,1
info@livewell-chiro.com,Live,Well Family Chiropractic,Live Well Family Chiropractic,(713) 681-5483,https://www.livewell-chiro.com/?UTM_Source=GBL,Houston,"7951 Katy Fwy, Houston, TX 77024",5,231,Chiropractor,risky,unknown,mv-verified-houston-risky-2026-04-20,ChIJq96Vdx3EQIYRfxX_E4D1k2o,1
info@losebanosfamilydentistry.com,Los,Ebanos Family Dentistry,Los Ebanos Family Dentistry,(956) 542-1177,http://www.losebanosfamilydentistry.com/,Brownsville,"925 E Los Ebanos Blvd, Brownsville, TX 78520",4.9,231,Dentist,risky,catch_all,mv-verified-houston-risky-2026-04-20,ChIJg-BedRmUb4YRsjTK0Nf-KmE,1
info@mactlc.com,MacTLC,,MacTLC,(210) 495-5000,http://www.mactlc.com/,San Antonio,"11614 West Ave Ste 101, San Antonio, TX 78216",4.4,231,Computer repair service,risky,catch_all,mv-verified-houston-risky-2026-04-20,ChIJZeqNIJyKXIYRraEigYiZcLc,1
contact@quarteracrerestaurant.com,Quarter,Acre,Quarter Acre,(214) 647-1616,http://www.quarteracrerestaurant.com/,Dallas,"2023 Greenville Ave #110, Dallas, TX 75206",4.8,231,Restaurant,risky,catch_all,mv-verified-houston-risky-2026-04-20,ChIJ17q6W0SfToYRxrggvDCrPPs,1
info@ringsdonuts.com,RINGS,DONUTS AND COFFEE,RINGS DONUTS AND COFFEE,(214) 915-8101,https://ringsdonuts.com/menu,Dallas,"6053 Sherry Ln, Dallas, TX 75225",4.8,231,Donut shop,risky,catch_all,mv-verified-houston-risky-2026-04-20,ChIJezFs44qfToYRnViLRgdxT6k,1
info@takumisushiramenclearlake.com,Takumi,Sushi & Ramen,Takumi Sushi & Ramen,(281) 954-6198,http://www.takumisushiramenclearlake.com/,,"Texas, Houston, Clear Lake City Blvd, 邮政编码: 77059",4.5,231,Restaurant,risky,unknown,mv-verified-houston-risky-2026-04-20,ChIJX50O77mfQIYRU3Ji3Vp1sZo,1
info@blackandlightstudio.com,Black,and Light Studio - Natural Light Studio Rental,Black and Light Studio - Natural Light Studio Rental,(469) 222-7764,http://blackandlightstudio.com/,Carrollton,"2650 Midway Rd #222, Carrollton, TX 75006",4.9,230,Photography studio,risky,catch_all,mv-verified-houston-risky-2026-04-20,ChIJk2glxEElTIYRLX4d8V9yPfU,1
info@jimmycarsport.com,Carsport,Automotive,Carsport Automotive,+1 281-395-8473,http://www.jimmycarsport.com/,Katy,"1034 S Mason Rd, Katy, TX 77450, United States",4.7,230,Vehicle repair shop,risky,catch_all,mv-verified-houston-risky-2026-04-20,ChIJadcbNDYnQYYR9EhMEphLrVo,1
info@inspirecommunities.com,King,Parkway Mobile Home Community,King Parkway Mobile Home Community,(281) 458-1806,https://www.inspirecommunities.com/communities/king-parkway/,Houston,"8903 C E King Pkwy, Houston, TX 77044",3.5,230,RV park,risky,catch_all,mv-verified-houston-risky-2026-04-20,ChIJN-mxikWlQIYRG8TUjfeiPy4,1
directsourceplumb@sbcglobal.net,Direct,Source Plumbing,Direct Source Plumbing,(817) 561-6400,https://directsourceplumbing.com/,Arlington,"3216 W Park Row Dr, Arlington, TX 76013",4.8,229,Plumber,risky,catch_all,mv-verified-houston-risky-2026-04-20,ChIJl_M7tohjToYRZ1HTsq9v9EA,1
info@horebautorepair.com,Horeb,Auto Repair,Horeb Auto Repair,(832) 767-0672,https://horebautorepair.com/,Houston,"10030 Bissonnet St #200c, Houston, TX 77036",4.7,229,Auto repair shop,risky,unknown,mv-verified-houston-risky-2026-04-20,ChIJ73AldKnCQIYRlZ3C3MmWoc8,1
info@imparali.com,Imparali,,Imparali,(281) 888-7633,http://www.imparali.com/,Houston,"3100 Timmons Ln #125, Houston, TX 77027",4.7,229,Custom tailor,risky,catch_all,mv-verified-houston-risky-2026-04-20,ChIJ_08WXtLcQIYRgndkaIX0GQo,1
staffordvetclinic@verizon.net,Stafford,Veterinary Clinic,Stafford Veterinary Clinic,(281) 499-1649,http://www.staffordvetclinic.com/,Stafford,"2323 S Main St, Stafford, TX 77477",4.8,229,Animal hospital,risky,catch_all,mv-verified-houston-risky-2026-04-20,ChIJWbZlOJDoQIYRd2nyZfUxNK8,1
support@furpawspethotel.com,Fur,Paws,Fur Paws,(713) 485-5522,http://www.furpawspethotel.com/,Houston,"5004 Katy Fwy, Houston, TX 77007",4.6,228,Dog day care center,risky,catch_all,mv-verified-houston-risky-2026-04-20,ChIJo1MA9vvHQIYR9NGJPUqUCCo,1
info@tfwpizzeria.com,The,Flaming Wheel Pizzeria,The Flaming Wheel Pizzeria,(936) 494-3378,https://www.tfwpizzeria.com/,Conroe,"1905 Longmire Rd suite a4, Conroe, TX 77304",4.7,228,Pizza restaurant,risky,unknown,mv-verified-houston-risky-2026-04-20,ChIJUw9sE2s9R4YRO4J4H-PdilU,1
info@anrautomotive.com,A,& R Automotive,A & R Automotive,(972) 487-4006,https://anrautomotive.com/,Garland,"324 E Buckingham Rd, Garland, TX 75040",4.4,227,Auto repair shop,risky,catch_all,mv-verified-houston-risky-2026-04-20,ChIJE-58SJkdTIYRI0jcwin_jVA,1
info@bullseyepest.net,Bulls-Eye,"Pest & Termite Control, Inc.","Bulls-Eye Pest & Termite Control, Inc.",(713) 222-7378,http://bullseyepest.net/,Sugar Land,"14905 Southwest Fwy #219, Sugar Land, TX 77478",5,227,Pest control service,risky,catch_all,mv-verified-houston-risky-2026-04-20,ChIJGTZ8I_HmQIYRZre0iMXikKE,1
info@iloverosesflorist.com,I,Love Roses Florist,I Love Roses Florist,(214) 339-1962,https://iloverosesflorist.com/,Dallas,"1205 N Hampton Rd, Dallas, TX 75208",4.7,227,Florist,risky,catch_all,mv-verified-houston-risky-2026-04-20,ChIJYQ1zjLWbToYRUe_DLGka-io,1
paul@localskitchen.com,Locals,Kitchen + Market,Locals Kitchen + Market,(281) 817-0226,http://www.localskitchen.com/,Friendswood,"607 S Friendswood Dr STE 6, Friendswood, TX 77546",4.9,227,American restaurant,risky,catch_all,mv-verified-houston-risky-2026-04-20,ChIJaW-T6MObQIYRVFqkQ1Eg3XQ,1
info@memorialhermann.org,Memorial,Hermann Convenient Care Center in Greater Heights,Memorial Hermann Convenient Care Center in Greater Heights,(346) 701-3800,https://memorialhermann.org/locations/convenient-care-greater-heights?utm_campaign=reputation-management&utm_segment=gmb_location-listing&utm_source=yext&utm_medium=organic-search,Houston,"1431 Studemont St, Houston, TX 77007",2.8,227,Sports medicine clinic,risky,catch_all,mv-verified-houston-risky-2026-04-20,ChIJq7UuEau4QIYRnKdnphxrlcg,2
newbraunfelsplumbinganddrain@yahoo.com,New,Braunfels Plumbing & Drain,New Braunfels Plumbing & Drain,(830) 312-8822,http://www.nbplumbinganddrain.com/,New Braunfels,"6701 FM1101 Suite 104, New Braunfels, TX 78130",4.9,227,Plumber,risky,unknown,mv-verified-houston-risky-2026-04-20,ChIJsxVsHNG9XIYRt9hverE85fM,1
info@utransmissionsrepair.com,Universal,Transmission & Complete Auto Repair-Galleria Area/Houston Tx,Universal Transmission & Complete Auto Repair-Galleria Area/Houston Tx,(713) 714-4476,http://www.utransmissionsrepair.com/,Houston,"9242 Westpark Dr, Houston, TX 77063",3.8,227,Transmission shop,risky,catch_all,mv-verified-houston-risky-2026-04-20,ChIJDQ9SEQLDQIYRLVHBEGurqzg,2
wecare@bradshawcarter.com,Bradshaw-Carter,Funeral Home,Bradshaw-Carter Funeral Home,(713) 521-0066,https://www.bradshawcarter.com/,Houston,"1734 W Alabama St, Houston, TX 77098",4.9,226,Funeral home,risky,catch_all,mv-verified-houston-risky-2026-04-20,ChIJD5MTkprAQIYRCywVa4hvNj8,1
info@clearlakemoderndentistry.com,Clear,Lake Modern Dentistry and Orthodontics,Clear Lake Modern Dentistry and Orthodontics,(281) 990-9400,https://www.clearlakemoderndentistry.com/?sc_cid=GBP%3AO%3AGP%3A637%3AOrganic_Search%3AGeneral%3Ana&_vsrefdom=organic_gbp&y_source=1_MTEwMjkwOS03MTUtbG9jYXRpb24ud2Vic2l0ZQ%3D%3D,Houston,"1000 Bay Area Blvd Ste A, Houston, TX 77058",4.2,226,Dentist,risky,catch_all,mv-verified-houston-risky-2026-04-20,ChIJqX_n-16cQIYRQ3qHkgOjeIw,1
info@florkeeps.com,Flor,Keeps,Flor Keeps,(737) 368-4188,http://www.florkeeps.com/,Austin,"8534 S Congress Ave Unit 320, Austin, TX 78745",4.9,226,Florist,risky,catch_all,mv-verified-houston-risky-2026-04-20,ChIJk1xaNPpNW4YRJHY1yDvhUgo,1
info@legacy.dental,Legacy,Dental of Beaumont,Legacy Dental of Beaumont,(409) 241-8383,http://www.legacy.dental/,Beaumont,"6480 Eastex Fwy A, Beaumont, TX 77708",4.9,226,Dentist,risky,catch_all,mv-verified-houston-risky-2026-04-20,ChIJ3zYTe2YzOYYR6lBuB9trh7U,1
info@naturalzicecream.com,Naturalz,Ice Cream - San Antonio,Naturalz Ice Cream - San Antonio,(210) 253-9522,http://www.naturalzicecream.com/,San Antonio,"5738 Babcock Rd Suite 111, San Antonio, TX 78240",4.8,226,Ice cream shop,risky,unknown,mv-verified-houston-risky-2026-04-20,ChIJ8dR3mbRnXIYRBUpoqCx9o0Y,1
quotes@thephoenixinsurance.com,The,Phoenix Insurance,The Phoenix Insurance,(214) 253-0570,http://thephoenixinsurance.com/,Dallas,"6600 Lyndon B Johnson Fwy Ste 220, Dallas, TX 75240",4.9,226,Insurance agency,risky,catch_all,mv-verified-houston-risky-2026-04-20,ChIJ0zTsbxIgTIYRz6YevkNF5Yc,1
info@goldwavessalon.com,Goldwaves,,Goldwaves,(817) 731-8888,http://goldwavessalon.com/,Fort Worth,"5137 El Campo Ave, Fort Worth, TX 76107",4.8,225,Beauty salon,risky,catch_all,mv-verified-houston-risky-2026-04-20,ChIJLVJZJgZzToYRL6GcGbmf6LE,1
info@smslegal.com,"Schechter,","Shaffer & Harris, LLP - Accident & Injury Attorneys","Schechter, Shaffer & Harris, LLP - Accident & Injury Attorneys",(281) 801-4654,https://www.smslegal.com/humble-injury/?utm_source=GBP&utm_medium=GBP&utm_campaign=GBP_Humble&utm_id=GBP_Humble,Humble,"1931 Humble Pl Dr Ste 201, Humble, TX 77338",5,225,Law firm,risky,catch_all,mv-verified-houston-risky-2026-04-20,ChIJvRzaTDizQIYR1WLcmY44mk0,6
info@fuzzystacoshop.com,Fuzzy's,Tacos and Margs,Fuzzy's Tacos and Margs,(281) 643-2447,https://www.fuzzystacoshop.com/locations/texas/3000107?utm_campaign=google_maps&utm_medium=organic&utm_source=google&utm_content=website&utm_keyword=3000107,Kingwood,"4360 Kingwood Dr, Kingwood, TX 77339",4.4,224,Taco restaurant,risky,catch_all,mv-verified-houston-risky-2026-04-20,ChIJaWP4GGGtQIYRmfEFZzLYvpM,1
info@stoneoakcare.com,Stone,Oak Care Center,Stone Oak Care Center,(210) 481-9000,http://www.stoneoakcare.com/,San Antonio,"505 Madison Oak Dr, San Antonio, TX 78258",4.2,224,Rehabilitation center,risky,unknown,mv-verified-houston-risky-2026-04-20,ChIJQ7N2sQhiXIYRzfq1LcxYeHc,1
chris@twinhammersroofing.com,Twin,Hammers Roofing & Contracting,Twin Hammers Roofing & Contracting,(210) 650-2090,https://www.twinhammersroofing.com/,San Antonio,"9258 Culebra Rd Suite 101, San Antonio, TX 78251",4.9,224,Roofing contractor,risky,catch_all,mv-verified-houston-risky-2026-04-20,ChIJ7cjbRA9DXIYR8cEhHPONjP8,1
katy@alignlife.com,AlignLife,- Chiropractic & Natural Health Center,AlignLife - Chiropractic & Natural Health Center,(281) 572-0120,https://alignlife.com/locations/katy-tx-chiropractor/,Katy,"23543 Kingsland Blvd #300, Katy, TX 77450",5,222,Chiropractor,risky,catch_all,mv-verified-houston-risky-2026-04-20,ChIJ1zEGtbYnQYYR2opgpLkm9lE,1
info@htownfirearmskonnection.com,HTown,Firearms Konnection & Kustom Services,HTown Firearms Konnection & Kustom Services,(832) 459-7201,http://htownfirearmskonnection.com/,Houston,"5600 NW Central Dr Suite 269, Houston, TX 77092",4.7,222,Gun shop,risky,catch_all,mv-verified-houston-risky-2026-04-20,ChIJaxPRy9bFQIYRgvr_bCQU-XQ,1
info@performanceclearbra.com,Performance,Clear Bra,Performance Clear Bra,(972) 295-7068,http://performanceclearbra.com/,Fort Worth,"2800 Shamrock Ave Suite 116, Fort Worth, TX 76107",4.9,222,Window tinting service,risky,catch_all,mv-verified-houston-risky-2026-04-20,ChIJmRAG8kxzToYRcqQND0QGXow,1
info@tat2love.com,Tom,Fooleries Tattoo,Tom Fooleries Tattoo,(915) 540-7444,http://tat2love.com/,El Paso,"4020 Monroe Ave Suite B2, El Paso, TX 79930",4.8,222,Tattoo shop,risky,catch_all,mv-verified-houston-risky-2026-04-20,ChIJEYECKf9Z54YRmDX1_XmTkAI,1
office@servicechampstx.com,Service,Champs Heating & Air,Service Champs Heating & Air,(682) 206-0238,https://www.servicechampstx.com/,Fort Worth,"1923 Golden Heights Rd Ste 200, Fort Worth, TX 76177",4.8,221,HVAC contractor,risky,catch_all,mv-verified-houston-risky-2026-04-20,ChIJ75cNjOrZTYYRhNclLy3u1uI,1
clinicadeluz10110@yahoo.com,Clinica,De Luz Corporation,Clinica De Luz Corporation,(281) 258-4903,https://clinicadeluzcorporation.com/,Houston,"608 W Mt Houston Rd, Houston, TX 77037",4.8,220,Medical clinic,risky,unknown,mv-verified-houston-risky-2026-04-20,ChIJIyGKZzfIQIYRN0gI_dS9Xpk,1
julie@conchastyle.com,Loaf,Sourdough Panaderia,Loaf Sourdough Panaderia,(210) 756-2893,http://loafsourdough.com/,San Antonio,"1031 Patricia Dr # 104, San Antonio, TX 78213",4.9,220,Bakery,risky,catch_all,mv-verified-houston-risky-2026-04-20,ChIJsdQL4fadtGoRCmpCTqZxgB0,1
info@uscarsales1.com,U.S.,Car Sales - Montana Ave,U.S. Car Sales - Montana Ave,(915) 588-9786,http://www.uscarsales1.com/,El Paso,"9401 Montana Ave, El Paso, TX 79925",4.5,219,Used car dealer,risky,unknown,mv-verified-houston-risky-2026-04-20,ChIJg9GhZ59b54YRBVRkSqQKZSU,1
info@blackmonplumbing.com,Blackmon,Plumbing,Blackmon Plumbing,(281) 427-8325,https://www.blackmonplumbing.com/,Baytown,"4315 1/2 Barkaloo Rd, Baytown, TX 77521",4.8,218,Plumber,risky,catch_all,mv-verified-houston-risky-2026-04-20,ChIJB3-loRRcP4YRL-Ro0JcPhz4,1
info@bryanfagan.com,Law,"Office of Bryan Fagan, PLLC","Law Office of Bryan Fagan, PLLC",(281) 868-6355,http://www.bryanfagan.com/,Humble,"7702 Farm to Market 1960 Rd E Suite 212, Humble, TX 77346",4.8,218,Divorce lawyer,risky,catch_all,mv-verified-houston-risky-2026-04-20,ChIJFbDBXIatQIYRVrM8ESphE30,2
doug@mandmtires.com,M,& M Tire & Auto Center,M & M Tire & Auto Center,(870) 774-1600,http://mandmtires.com/,,"720 N State Line Ave, Texarkana, AR 71854",4.7,218,Tire shop,risky,unknown,mv-verified-houston-risky-2026-04-20,ChIJU58uQltqNIYR67S3SmdFiGs,1
info@careyplumbing.com,Carey,Plumbing,Carey Plumbing,(281) 905-1571,https://www.careyplumbing.com/,Katy,"23115 Regal Isle Ct, Katy, TX 77494",5,217,Plumber,risky,catch_all,mv-verified-houston-risky-2026-04-20,ChIJRatkXXfZQIYRSSK3hgkeEyo,1
eat@eculent.com,Eculent,,Eculent,(713) 429-4311,https://www.eculent.com/,Kemah,"709 Harris Ave, Kemah, TX 77565",4.7,217,Fine dining restaurant,risky,unknown,mv-verified-houston-risky-2026-04-20,ChIJYTN6muJiP4YRO475DF49_qo,1
info@gristworkz.com,Gristworkz,,Gristworkz,(713) 510-3021,http://gristworkz.com/,Houston,"1504 Chapman St, Houston, TX 77009",4.6,217,Brewery,risky,catch_all,mv-verified-houston-risky-2026-04-20,ChIJtbSi2Y-5QIYRhEFQyOZh6Rs,1
intake@tdlr.texas.gov,KB,Towing Tow Truck Service Dallas,KB Towing Tow Truck Service Dallas,(469) 735-7556,https://www.kbtowing.com/,Dallas,"13439 preston rd #300 E, Dallas, TX 75240",4.9,217,Towing service,risky,catch_all,mv-verified-houston-risky-2026-04-20,ChIJa2fC5SQhTIYRHHiUYZfrJcQ,1
info@lakerayhubbardrv.com,Lake,Ray Hubbard RV Resort,Lake Ray Hubbard RV Resort,(972) 330-9396,http://www.lakerayhubbardrv.com/,Wylie,"2065 E Farm to Market Rd 544, Wylie, TX 75098",4.7,217,RV park,risky,catch_all,mv-verified-houston-risky-2026-04-20,ChIJG0CoQjkDTIYR3mgyypoLn9o,1
losfloresmovers@sbcglobal.net,Los,Flores Movers,Los Flores Movers,(713) 227-6683,https://www.losfloresmovers.com/?utm_source=omg-gbp&utm_medium=webclick,Houston,"1502 Houston Ave, Houston, TX 77007",4.6,217,Mover,risky,catch_all,mv-verified-houston-risky-2026-04-20,ChIJka4mRDW_QIYRqiWuXRACFTg,1
info@mangoautomotive.com,Mango,Automotive,Mango Automotive,(915) 200-0250,https://www.mangoautomotive.com/montana-ave--el-paso,El Paso,"6240 Montana Ave, El Paso, TX 79925",4.7,217,Car repair and maintenance service,risky,catch_all,mv-verified-houston-risky-2026-04-20,ChIJeaQeSHhb54YRy_dP6d5wOzQ,1
info@drnikko.com,Nikko,Dermatology - Houston Heights Dermatology,Nikko Dermatology - Houston Heights Dermatology,(713) 960-1311,https://drnikko.com/locations/houston-dermatology/?utm_source=google&utm_medium=organic&utm_campaign=gmb-houstondermatology,Houston,"4707 Eigel St Suite 150, Houston, TX 77007",4.8,217,Dermatologist,risky,catch_all,mv-verified-houston-risky-2026-04-20,ChIJZUUdmTfBQIYRxoG7ZcIHvI0,1
info@phone1ststoptx.com,Phone,"1st Stop | Cell Phone Repair, Samsung LCD, Android, Unlock, Computer Repair, iPhone, Game Console Repair Fort Worth","Phone 1st Stop | Cell Phone Repair, Samsung LCD, Android, Unlock, Computer Repair, iPhone, Game Console Repair Fort Worth",(817) 921-1882,https://phone1ststoptx.com/,Fort Worth,"5201 McCart Ave Ste E, Fort Worth, TX 76115",4.6,217,Mobile phone repair shop,risky,catch_all,mv-verified-houston-risky-2026-04-20,ChIJp23dHN9xToYRd_-Upyf7_J4,1
info@premierfinewineandspirits.com,Premier,Fine Wine & Spirits,Premier Fine Wine & Spirits,(281) 974-1414,https://premierfinewineandspirits.com/,Houston,"174 Yale St #800, Houston, TX 77007",4.4,217,Liquor store,risky,catch_all,mv-verified-houston-risky-2026-04-20,ChIJ-5ulkVTHQIYRDIL45RR3poM,1
info@turnerhardware.com,Turner,Hardware,Turner Hardware,(713) 682-5021,http://www.turnerhardware.com/,Houston,"11730 Hempstead Rd, Houston, TX 77092",4.7,217,Hardware store,risky,catch_all,mv-verified-houston-risky-2026-04-20,ChIJU-OS3tPFQIYRmN8EYxo6tvA,1
info@pulte.com,Pulte,Homes - San Antonio,Pulte Homes - San Antonio,+1 210-496-1985,https://www.pulte.com/homes/texas/san-antonio,San Antonio,"927 E Sonterra Blvd Ste. 316, San Antonio, TX 78258, United States",4.9,216,Home builder,risky,catch_all,mv-verified-houston-risky-2026-04-20,ChIJw6fiQQ2JXIYRjQyA68rDb38,1
ctfdmail@aol.com,Central,Texas Family Dental,Central Texas Family Dental,(254) 690-3600,https://www.centexdds.com/,Killeen,"4104 E Stan Schlueter Loop Ste 4, Killeen, TX 76542",4.9,215,Dentist,risky,unknown,mv-verified-houston-risky-2026-04-20,ChIJp0_BPCtKRYYRjpUskxAN5q8,1
info@darlingdds.com,Darling,Dental,Darling Dental,(832) 437-7939,https://darlingdds.com/,Katy,"2750 FM 1463 Unit 210 Unit 210, Katy, TX 77494",4.9,215,Dentist,risky,unknown,mv-verified-houston-risky-2026-04-20,ChIJLzYCuIAjQYYRpMHJzH7Spys,1
waterslide1970@yahoo.com,Garcias,Towing,Garcias Towing,(210) 643-6105,https://www.garciastowing24-7.com/,San Antonio,"135 Maurine Dr, San Antonio, TX 78223",5,215,Towing service,risky,unknown,mv-verified-houston-risky-2026-04-20,ChIJkxhA7f73XIYRkKIkXNh8Z9Y,1
info@magnoliahalle.com,Magnolia,Halle,Magnolia Halle,(210) 496-0828 ext. 5,http://magnoliahalle.com/,San Antonio,"10319 Huebner Rd, San Antonio, TX 78240",4.6,215,Wedding venue,risky,catch_all,mv-verified-houston-risky-2026-04-20,ChIJ64jilTlnXIYRzS2YJwZntog,1
mimosanailbaruptown@yahoo.com,Mimosa,Nail Bar Uptown,Mimosa Nail Bar Uptown,(682) 666-8899,http://mimosanailbaruptown.com/,Dallas,"2633 McKinney Ave Suite 199, Dallas, TX 75204",4.9,215,Nail salon,risky,unknown,mv-verified-houston-risky-2026-04-20,ChIJR-SwewCZToYR6yQz-MHkqVA,1
mindymaids@yahoo.com,Mindy,Maids & Janitorial Services Carpet Cleaning,Mindy Maids & Janitorial Services Carpet Cleaning,(361) 331-8805,http://mindymaidstx.com/,,,4.5,215,House cleaning service,risky,unknown,mv-verified-houston-risky-2026-04-20,ChIJDQ81B330aIYROr7LKHZV-68,1
support@cleangreenpowerwashing.com,Clean,Green Power Washing,Clean Green Power Washing,+1 512-566-3486,https://cleangreenpowerwashing.com/,Austin,"Business Park, 13200 Pond Springs Rd Unit G61 & G62, Austin, TX 78729, United States",5,214,Pressure washing service,risky,catch_all,mv-verified-houston-risky-2026-04-20,ChIJBbm_BPO1RIYRHnXOafLT8OU,1
europeancars@sbcglobal.net,European,Cars Limited,European Cars Limited,+1 713-370-2730,https://www.europeancarslimited.com/,Houston,"4601 Feagan St Suite A, Houston, TX 77007, United States",4.9,214,Auto repair shop,risky,catch_all,mv-verified-houston-risky-2026-04-20,ChIJRXc60bPAQIYRIjmZ5msMGB8,1
info@lafurniturestore.com,LA,Furniture Store - Houston,LA Furniture Store - Houston,(713) 357-7440,https://www.lafurniturestore.com/special/la-furniture-store-houston-tx.html,Houston,"7071 Southwest Fwy, Houston, TX 77074",5,214,Furniture store,risky,catch_all,mv-verified-houston-risky-2026-04-20,ChIJlcU5AavDQIYRXLp-C1QRo4E,1
info@nomadnapoletana.com,Nomad,Napoletana,Nomad Napoletana,(806) 376-4700,https://www.nomadnapoletana.com/,Amarillo,"614 S Polk St, Amarillo, TX 79101",4.7,214,Pizza restaurant,risky,catch_all,mv-verified-houston-risky-2026-04-20,ChIJc5GNv_RPAYcRDX6AfFGWphQ,1
info@dallasrugcleaner.com,Oriental,Rug Cleaning Co.,Oriental Rug Cleaning Co.,(214) 821-9135,https://www.dallasrugcleaner.com/?utm_source=google&utm_medium=organic&utm_campaign=gmb-dallas-tx,Dallas,"3907 Ross Ave, Dallas, TX 75204",4.9,214,Carpet cleaning service,risky,catch_all,mv-verified-houston-risky-2026-04-20,ChIJ-WAkY9GYToYRMtse5HWxox0,1
nfo@allmetroplexplumbing.com,All,Metroplex Plumbing,All Metroplex Plumbing,(214) 717-9911,http://allmetroplexplumbing.com/,Lewisville,"2038 Devin Ln, Lewisville, TX 75067",5,213,Plumber,risky,catch_all,mv-verified-houston-risky-2026-04-20,ChIJv4AdqoguTIYR5yxvp3u37WA,1
info@hallairconditioning.com,Hall,Air Conditioning,Hall Air Conditioning,(325) 672-2541,https://www.hallairconditioning.com/,Abilene,"145 Shelton St, Abilene, TX 79603",4.8,213,Air conditioning contractor,risky,catch_all,mv-verified-houston-risky-2026-04-20,ChIJWRlMxWmOVoYRApKv77Cwd_U,1
info@junkgeniusdfw.com,Junk,Genius Dallas Ft. Worth,Junk Genius Dallas Ft. Worth,(214) 718-8848,https://www.junkgeniusdfw.com/,,,5,213,Garbage collection service,risky,catch_all,mv-verified-houston-risky-2026-04-20,ChIJw7JaKxWcToYRBmys0qgs8fg,1
info@magpieblossoms.com,Magpie,Blossom Boutique,Magpie Blossom Boutique,(512) 494-6198,http://www.magpieblossoms.com/,Austin,"3500 Ranch Rd 620 S STE F100, Austin, TX 78738",5,212,Florist,risky,unknown,mv-verified-houston-risky-2026-04-20,ChIJAQAAAFA3W4YRY3IGQeXA2vw,1
info@outofthecloset.org,Out,of the Closet - Dallas,Out of the Closet - Dallas,(214) 599-2173,https://outofthecloset.org/,Dallas,"3920 Cedar Springs Rd, Dallas, TX 75219",4.4,212,Thrift store,risky,unknown,mv-verified-houston-risky-2026-04-20,ChIJW6kwmqmfToYRm4hfsiwws70,3
info@redrockschurch.com,Red,Rocks Church Austin,Red Rocks Church Austin,(737) 212-6300,https://www.redrockschurch.com/austin/,Austin,"7625 N Interstate Hwy 35, Austin, TX 78752",4.7,212,Non-denominational church,risky,catch_all,mv-verified-houston-risky-2026-04-20,ChIJudY1gsLLRIYRRwp17rWE6-4,1
info@eliteappliance.com,Elite,Appliance,Elite Appliance,(214) 306-6900,http://www.eliteappliance.com/?utm_campaign=gmb,Farmers Branch,"4901 Alpha Rd #100, Farmers Branch, TX 75244",4.4,211,Appliance store,risky,catch_all,mv-verified-houston-risky-2026-04-20,ChIJ222AZ9cgTIYRRcEuypVpm_A,1
info@fts-electric.com,Flip,the Switch Electric,Flip the Switch Electric,(972) 619-9978,http://fts-electric.com/,Richardson,"1222 E Arapaho Rd #323, Richardson, TX 75081",5,211,Electrician,risky,catch_all,mv-verified-houston-risky-2026-04-20,ChIJQwBZ8LQcjY4RyvCvo9I2xpE,1
info@legitheatingandair.com,Legit,Heating and Air LLC,Legit Heating and Air LLC,(325) 269-4236,https://legitheatingandair.com/,Abilene,"133D S Leggett Dr, Abilene, TX 79605",4.7,211,HVAC contractor,risky,catch_all,mv-verified-houston-risky-2026-04-20,ChIJcSB2Lem_VoYR5wHNXV89yCk,1
support@bluepanthersa.com,Blue,Panther Legal Process Server of San Antonio,Blue Panther Legal Process Server of San Antonio,(210) 630-0406,https://www.bluepanthersa.com/process-serve,San Antonio,"1800 NE Interstate 410 Loop suite 302, San Antonio, TX 78217",4.9,210,Notary public,risky,catch_all,mv-verified-houston-risky-2026-04-20,ChIJ_y_z_l31XIYRP81sGSJXdME,4
info@heartlandroofingandconstruction.com,Heartland,Roofing and Construction Inc,Heartland Roofing and Construction Inc,(830) 964-5505,https://www.heartlandroofingandconstruction.com/,,,4.9,210,Roofing contractor,risky,unknown,mv-verified-houston-risky-2026-04-20,ChIJOcWHHCeiXIYR_5vrjh76LqU,1
info@maidinkaty.com,Maid,in Katy,Maid in Katy,(281) 610-1534,http://www.maidinkaty.com/,Katy,"2900 Katy Hockley Cut Off Rd Suite A-103, Katy, TX 77493",4.9,210,House cleaning service,risky,catch_all,mv-verified-houston-risky-2026-04-20,ChIJCUn8p2MnQYYR_uI6FKuK_gw,1
info@springmarketdentalgroup.com,Spring,Market Dental Group and Orthodontics,Spring Market Dental Group and Orthodontics,(281) 255-2224,https://www.springmarketdentalgroup.com/?sc_cid=GBP%3AO%3AGP%3A604%3AOrganic_Search%3AGeneral%3Ana&_vsrefdom=organic_gbp&y_source=1_MTU4ODcwOS03MTUtbG9jYXRpb24ud2Vic2l0ZQ%3D%3D,Spring,"24230 Kuykendahl Rd Ste 300, Spring, TX 77375",4.7,210,Dentist,risky,catch_all,mv-verified-houston-risky-2026-04-20,ChIJxe8HWAwyR4YRtiWEbg5ttaU,1
info@txsuits.com,Texas,Suits - Texas Attorneys,Texas Suits - Texas Attorneys,(210) 503-2800,http://www.txsuits.com/,San Antonio,"12451 Starcrest Dr Suite 102, San Antonio, TX 78216",4.9,210,Law firm,risky,catch_all,mv-verified-houston-risky-2026-04-20,ChIJV8jQnFuLXIYRMoX8rL3CxQY,1
info@groomandbloomtx.com,Groom,& Bloom Pet Grooming,Groom & Bloom Pet Grooming,(210) 608-3716,https://groomandbloomtx.com/,San Antonio,"506 Bonham, San Antonio, TX 78205",4.6,209,Pet groomer,risky,catch_all,mv-verified-houston-risky-2026-04-20,ChIJTTYJnPPzXIYR1bCY1A4pvHI,1
service@ashbaughlegal.com,Law,"Office of Dirk Ashbaugh, P.C.","Law Office of Dirk Ashbaugh, P.C.",(210) 822-4200,http://www.ashbaughlegal.com/,San Antonio,"40 NE Interstate 410 Loop Suite 118, San Antonio, TX 78216",5,209,Legal services,risky,catch_all,mv-verified-houston-risky-2026-04-20,ChIJbSSH9v5hXIYRnzbAqOmjMrU,1
hello@rejuvenateaustin.com,Rejuvenate,Austin,Rejuvenate Austin,(512) 923-1071,https://www.rejuvenateaustin.com/?utm_source=GBP,Austin,"1301 W 5th St #100, Austin, TX 78703",4.8,209,Medical spa,risky,catch_all,mv-verified-houston-risky-2026-04-20,ChIJb8T6p5dKW4YRm04Re1H3LRY,1
info@bullsoftx.com,Bulls,Of Texas - Junk Removal,Bulls Of Texas - Junk Removal,(512) 206-2805,http://bullsoftx.com/,Austin,"7600 Chevy Chase Dr suite 300, Austin, TX 78752",5,208,Waste management service,risky,catch_all,mv-verified-houston-risky-2026-04-20,ChIJta_qe2g9XkgRTStVJqzDvR8,1
info@cedaroakinsurance.com,Cedar,Oak Insurance,Cedar Oak Insurance,(512) 777-2967,http://www.cedaroakinsurance.com/,Austin,"901 S MoPac Expy Bldg.1, Suite 300, Austin, TX 78746",4.9,208,Insurance agency,risky,catch_all,mv-verified-houston-risky-2026-04-20,ChIJoR6sp6I1W4YR_GMgKk7EOPg,1
info@dwbrooksfh.com,D,W Brooks Funeral Home,D W Brooks Funeral Home,(210) 223-2045,http://www.dwbrooksfuneralhome.com/,San Antonio,"2950 E Houston St, San Antonio, TX 78202",5,208,Funeral home,risky,unknown,mv-verified-houston-risky-2026-04-20,ChIJPXSlUX72XIYR6r00zx5myU0,1
info@riya.travel,Riya,- The Travel Expert (Dallas),Riya - The Travel Expert (Dallas),(972) 947-2100,https://www.riya.travel/,Irving,"5525 N MacArthur Blvd, Irving, TX 75038",4.6,208,Travel agency,risky,catch_all,mv-verified-houston-risky-2026-04-20,ChIJmcN9WwODToYRVHXCKGvS7v0,1
info@houstontap.com,Texas,Automotive Performance - TAP,Texas Automotive Performance - TAP,(713) 465-6272,http://houstontap.com/,Houston,"10932 Hazelhurst Dr, Houston, TX 77043",4.8,208,Auto repair shop,risky,catch_all,mv-verified-houston-risky-2026-04-20,ChIJRd7XoDrbQIYRXAg23Aybd1k,1
info@xadetail.com,Xtreme,"Auto Detail, Inc.","Xtreme Auto Detail, Inc.",(512) 487-4873,https://xadetail.com/,Austin,"4509 Hudson Bend Rd #200, Austin, TX 78734",4.8,208,Car detailing service,risky,catch_all,mv-verified-houston-risky-2026-04-20,ChIJY36YEFrSRIYRyLj6p73zFJQ,1
mark@autoworksatx.com,AutoWorks,,AutoWorks,(210) 680-4328,https://autoworksatx.com/,San Antonio,"4727 Timco W, San Antonio, TX 78238",4.7,207,Auto repair shop,risky,unknown,mv-verified-houston-risky-2026-04-20,ChIJFTqu9rhdXIYRAdJvNc2Qz8U,1
info@lakewooddentalassociates.com,Lakewood,Dental Associates,Lakewood Dental Associates,(936) 291-0032,http://www.lakewooddentalassociates.com/,Huntsville,"901 Normal Park Dr Ste 200, Huntsville, TX 77320",4.6,207,Dentist,risky,catch_all,mv-verified-houston-risky-2026-04-20,ChIJmyv-XigGR4YRi-vyhqzrC48,2
info@shoepalace.com,Shoe,Palace,Shoe Palace,+1 713-595-4972,https://www.shoepalace.com/,Houston,"5085 Westheimer Rd Suite A1250, Houston, TX 77056, United States",4.2,207,Shoe store,risky,catch_all,mv-verified-houston-risky-2026-04-20,ChIJ-78xtG7BQIYRjDORnHQTVyI,3
kirkboats@aol.com,Capt,Kirk's Marine,Capt Kirk's Marine,(281) 367-5630,http://www.captkirks.com/,Spring,"705 Sawdust Rd, Spring, TX 77380",4.7,206,Boat dealer,risky,unknown,mv-verified-houston-risky-2026-04-20,ChIJUa_uyjw0R4YR-dHaToyWoLY,1
office@krestaroofing.com,Kresta,Roofing,Kresta Roofing,(210) 934-9604,https://krestaroofing.com/roofing-contractor-san-antonio-tx/,San Antonio,"119 E Turbo Dr #200, San Antonio, TX 78216",4.9,206,Roofing contractor,risky,catch_all,mv-verified-houston-risky-2026-04-20,ChIJb2Z28JVfXIYRZyuuRF2d4cY,1
mary@simmselectric.com,Simms,Electrical Services,Simms Electrical Services,(512) 766-5399,https://simmselectric.com/,Lakeway,"404 San Remo Blvd UNIT 1B, Lakeway, TX 78734",5,206,Electrician,risky,catch_all,mv-verified-houston-risky-2026-04-20,ChIJtR1oeq8xW4YRfC5pD64LxsA,1
info@thorntonsroofingcompany.com,Thornton's,Roofing Company,Thornton's Roofing Company,(325) 513-7663,http://www.thorntonsroofingcompany.com/,Abilene,"1102 Petroleum Dr, Abilene, TX 79602",5,206,Roofing contractor,risky,catch_all,mv-verified-houston-risky-2026-04-20,ChIJ-ehERs2NVoYR-KjOXhm7Kcg,1
info@uptownmotorcars.net,Uptown,Motor Cars,Uptown Motor Cars,(713) 680-2171,http://www.uptownmotorcars.net/,Houston,"1132 N Shepherd Dr, Houston, TX 77008",4.5,206,Used car dealer,risky,unknown,mv-verified-houston-risky-2026-04-20,ChIJ77vHK0LHQIYRLXeNlG6kL_Q,1
info@littletacoshop.com,Little,Taco Shop,Little Taco Shop,(713) 239-0879,http://www.thelittletacoshop.com/,Houston,"3411 Kirby Dr, Houston, TX 77098",4.6,205,Taco restaurant,risky,unknown,mv-verified-houston-risky-2026-04-20,ChIJ_-yID5PBQIYRrb3Tod5SS8E,1
info@atasteoftexasfamilyfood.com,A,Taste of Texas Family Food,A Taste of Texas Family Food,(254) 284-0121,https://atasteoftexasfamilyfood.com/,Temple,"1610 S 31st St #100, Temple, TX 76502",4.8,204,Restaurant,risky,unknown,mv-verified-houston-risky-2026-04-20,ChIJ2XGqJNdrRYYRH1m2EQLWZH8,1
cvapestcontrol@yahoo.com,CVA,Pest Control,CVA Pest Control,(956) 364-2001,https://cvapestcontrol.net/,,,5,204,Pest control service,risky,unknown,mv-verified-houston-risky-2026-04-20,ChIJ1XbBUkmCb4YRusJzRQ6r5-U,1
info@mayosbodyshop.com,Mayo's,Body Shop,Mayo's Body Shop,(214) 744-0766,https://mayosbodyshop.com/,Dallas,"314 Harbin St, Dallas, TX 75208",4.9,203,Auto body shop,risky,unknown,mv-verified-houston-risky-2026-04-20,ChIJwSlXQWSZToYRakP8zmWDdQ0,1
info@saautoglass.net,San,Antonio Auto Glass,San Antonio Auto Glass,(210) 977-9977,http://saautoglass.net/,San Antonio,"7520 Military Dr W, San Antonio, TX 78227",4.2,203,Auto glass shop,risky,catch_all,mv-verified-houston-risky-2026-04-20,ChIJOc5bkR5ZXIYRNVa8TD47iO8,1
info@southernbotanical.com,Southern,Botanical Landscaping,Southern Botanical Landscaping,(214) 366-2103,https://southernbotanical.com/,Dallas,"3151 Halifax St Suite 100, Dallas, TX 75247",4.6,203,Landscaper,risky,catch_all,mv-verified-houston-risky-2026-04-20,ChIJwyjANmucToYRwvYoEMr_7z8,1
abracadabrasep@aol.com,Abracadabra,Septic Pumping,Abracadabra Septic Pumping,(832) 299-4653,https://www.abracadabrasepticpumpinglp.com/,Waller,"16655 FM 362, Waller, TX 77484",4.9,202,Septic system service,risky,unknown,mv-verified-houston-risky-2026-04-20,ChIJtTXduIszQYYR8ZQ4fp2MqMc,1
info@akikosushi.com,Akiko,,Akiko,(346) 307-9999,https://akikosushi.com/,Houston,"5161 San Felipe St #300, Houston, TX 77056",4.7,202,Japanese restaurant,risky,catch_all,mv-verified-houston-risky-2026-04-20,ChIJCdkydCjBQIYRHjie1TDUnsc,1
office@texasrepublicveterinary.com,Texas,Republic Veterinary Hospital,Texas Republic Veterinary Hospital,(832) 437-8002,http://www.texasrepublicveterinary.com/,Katy,"25011 Lakeview Rd, Katy, TX 77494",4.8,202,Veterinarian,risky,catch_all,mv-verified-houston-risky-2026-04-20,ChIJTRJiz8QnQYYRwrpgZLJxEns,1
info@trustbarr.com,Barr,Residential Roofing Services,Barr Residential Roofing Services,(325) 701-9529,https://www.trustbarr.com/,Abilene,"2250 Oak St, Abilene, TX 79602",4.9,201,Roofing contractor,risky,catch_all,mv-verified-houston-risky-2026-04-20,ChIJ1dSjyvqNVoYRqoZk8d847Y8,1
eliteplumbing12@yahoo.com,Elite,Plumbing,Elite Plumbing,(817) 368-2607,https://eliteplumbingdfw.com/,Weatherford,"3701 Pecan Park Dr, Weatherford, TX 76087",4.2,201,Plumber,risky,unknown,mv-verified-houston-risky-2026-04-20,ChIJVVUlPfqKToYRBArPKYUNLzk,1
emmi@public-content.com,Doko,,Doko,(713) 505-1282,https://www.sushidoko.com/,Houston,"3737 Cogdell St Suite 145, Houston, TX 77019",4.6,200,Sushi restaurant,risky,catch_all,mv-verified-houston-risky-2026-04-20,ChIJI9leTQDBQIYR5r3FhICwmSA,1
frplumbing@yahoo.com,First,Response Plumbing Inc.,First Response Plumbing Inc.,(469) 685-5924,https://firstresponseplumbingpros.com/,Mesquite,"2533 Franklin Dr STE 12A, Mesquite, TX 75150",4.2,200,Plumber,risky,unknown,mv-verified-houston-risky-2026-04-20,ChIJM-2HCZqmToYRKC9d-rD2SFc,1
info@robertjgonzalez.com,Robert,"J. Gonzalez, Attorney At Law","Robert J. Gonzalez, Attorney At Law",(361) 993-3333,https://www.robertjgonzalez.com/,Corpus Christi,"5722 Wooldridge Rd, Corpus Christi, TX 78414",5,200,Criminal justice attorney,risky,catch_all,mv-verified-houston-risky-2026-04-20,ChIJUwmjIrf1aIYRVSjEfegV0ak,1
royal4auto@yahoo.com,Royal,Tint & Glass,Royal Tint & Glass,(832) 488-2345,http://www.windowtinting.company/,Houston,"4513 N Main St, Houston, TX 77009",4.8,200,Window tinting service,risky,unknown,mv-verified-houston-risky-2026-04-20,ChIJKa0tAHvcQIYReCs3JywNbOg,1
info@innovativeimage.com,Innovative,Images Photography,Innovative Images Photography,(281) 531-5269,http://www.innovativeimage.com/,Houston,"11211 Richmond Ave B101, Houston, TX 77082",4.9,199,Photography studio,risky,unknown,mv-verified-houston-risky-2026-04-20,ChIJiw6179rcQIYRE2ZJKVptK9Y,1
info@nicencleanatx.com,Nice,- N - Clean,Nice - N - Clean,(512) 517-2778,https://www.nicencleanatx.com/,Austin,"1201 E 11th St, Austin, TX 78702",4.5,199,Car wash,risky,unknown,mv-verified-houston-risky-2026-04-20,ChIJy6E3LMu1RIYRXSkxGrO7RzI,1
info@blackhorseah.com,Blackhorse,Animal Hospital,Blackhorse Animal Hospital,(832) 220-1380,http://blackhorseah.com/,Cypress,"13203 Fry Rd #1200, Cypress, TX 77433",4.8,198,Animal hospital,risky,catch_all,mv-verified-houston-risky-2026-04-20,ChIJT8uIK7nVQIYRtsC3NlaI8gs,1
info@dwightanddons.com,Dwight,& Don's Auto Care,Dwight & Don's Auto Care,(972) 288-5602,http://www.dwightanddons.com/,Mesquite,"100 N Galloway Ave, Mesquite, TX 75149",4.3,198,Auto repair shop,risky,catch_all,mv-verified-houston-risky-2026-04-20,ChIJ1bCNQXWlToYReGXpCaR58D4,1
rick@earlybirdieplumbing.com,Early,Birdie Plumbing,Early Birdie Plumbing,(832) 544-6621,http://www.earlybirdieplumbing.com/,Hempstead,"38359 Bonnie Lake Dr S N, Hempstead, TX 77445",5,198,Plumber,risky,catch_all,mv-verified-houston-risky-2026-04-20,ChIJX8CquffJRoYRlEf8ieLdA-M,1
info@washclubtx.com,Wash,Club PPF & Tint,Wash Club PPF & Tint,(915) 800-3369,http://washclubtx.com/,El Paso,"1302 Gail Borden Pl UNIT A-11, El Paso, TX 79935",4.9,198,Car detailing service,risky,catch_all,mv-verified-houston-risky-2026-04-20,ChIJkdNmKaBD54YR22wOigNxWm8,1
blackhawkshootingrange@yahoo.com,Blackhawk,Shooting Range,Blackhawk Shooting Range,(210) 622-5405,http://www.blackhawkshootingrange.com/,Atascosa,"12135 Jarratt Rd, Atascosa, TX 78002",4.2,197,Shooting range,risky,unknown,mv-verified-houston-risky-2026-04-20,ChIJM8t5wThPXIYR6jZtACMj_Yk,1
info@mashfix.com,MASHFiX,Computer Repair and Data Recovery,MASHFiX Computer Repair and Data Recovery,(469) 554-8610,https://www.mashfix.com/,Euless,"1001 W Euless Blvd suite 417, Euless, TX 76040",4.9,197,Computer repair service,risky,catch_all,mv-verified-houston-risky-2026-04-20,ChIJX9hjmyV_ToYROrPD-riZ3EQ,1
info@taxsoluciones.com,TaxSolutionS,,TaxSolutionS,(214) 904-9090,http://www.taxsoluciones.com/,Dallas,"3100 W Northwest Hwy, Dallas, TX 75220",4.8,197,Tax preparation service,risky,catch_all,mv-verified-houston-risky-2026-04-20,ChIJBYst0K-dToYRRUWPVIbja-U,1
info@texasaircompany.com,Texas,Air Conditioning,Texas Air Conditioning,(956) 525-6060,http://www.texasaircompany.com/,Brownsville,"807 W Price Rd, Brownsville, TX 78520",4.7,197,HVAC contractor,risky,catch_all,mv-verified-houston-risky-2026-04-20,ChIJ0YMM9mmUb4YRbIiUAQqrT68,1
abslock70@yahoo.com,Absolute,lock & Safe,Absolute lock & Safe,,http://www.abslock.org/,San Antonio,"4910 Rigsby Ave, San Antonio, TX 78222",4.6,196,Locksmith,risky,unknown,mv-verified-houston-risky-2026-04-20,ChIJfTOknnzvXIYRDOUUcf_zd9w,1
info@angelsharehtx.com,Angel,Share,Angel Share,(713) 237-8828,http://angelsharehtx.com/,Houston,"924 Congress St, Houston, TX 77002",4.8,196,Bar,risky,catch_all,mv-verified-houston-risky-2026-04-20,ChIJ58ibwCC_QIYRE79R1soMbe8,1
fuyacafemissouricity@yahoo.com,Fuya,Cafe,Fuya Cafe,(281) 778-1688,http://www.thefuyacafe.com/,,"Texas, Missouri City, Hwy 6, 邮政编码: 77459",4.6,196,Chinese restaurant,risky,unknown,mv-verified-houston-risky-2026-04-20,ChIJd182mgXvQIYR6PsPmYDeDcc,1
info@illusionsalon.net,ILLUSION,SALON,ILLUSION SALON,(972) 575-8240,http://illusionsalon.net/,Plano,"280 Legacy Dr #103, Plano, TX 75023",4.9,196,Beauty salon,risky,unknown,mv-verified-houston-risky-2026-04-20,ChIJkWO63s8ZTIYREMthCQc_7KQ,1
ken@kltelectric.com,KLT,Electric,KLT Electric,(682) 553-9288,https://www.kltelectric.com/?utm_source=google&utm_medium=wix_google_business_profile&utm_campaign=10538482833316069241,Grapevine,"410 E Northwest Hwy #1, Grapevine, TX 76051",5,196,Electrician,risky,catch_all,mv-verified-houston-risky-2026-04-20,ChIJD2WNFvXUTYYRZAwxqLk8Axg,1
missionorthodontics@yahoo.com,Mission,Orthodontics,Mission Orthodontics,(210) 822-7797,http://www.missionorthodontics.com/,San Antonio,"7978 Broadway Suite 200, San Antonio, TX 78209",5,196,Orthodontist,risky,unknown,mv-verified-houston-risky-2026-04-20,ChIJUXhQ8EX1XIYRpVLXBa5usHc,1
info@qmenu.us,Osaka,Hibachi & sushi,Osaka Hibachi & sushi,(281) 245-6238,https://qmenu.us/#/osaka-hibachi-sushi-alvin,Alvin,"1215 S Gordon St, Alvin, TX 77511",4.8,196,Japanese restaurant,risky,catch_all,mv-verified-houston-risky-2026-04-20,ChIJwe_F4ECPQIYRmw76lprTkXU,1
info@pearleventsaustin.com,Pearl,Events Austin,Pearl Events Austin,(512) 487-7047,http://pearleventsaustin.com/,Austin,"1206 W 38th St Suite 1104, Austin, TX 78705",4.9,196,Event planner,risky,catch_all,mv-verified-houston-risky-2026-04-20,ChIJFXbI7obKRIYRAtLF6hdVWV4,1
chef@austhentico.com,Austhentico,,Austhentico,,http://www.austhentico.com/,Austin,"308 Congress Ave., Austin, TX 78701",4.8,195,Spanish restaurant,risky,catch_all,mv-verified-houston-risky-2026-04-20,ChIJdRoWVyVNW4YR0TSK09tbXSQ,1
inspections@hilshergroup.com,HG,Home Inspection,HG Home Inspection,(281) 782-7451,http://www.hghomeinspection.com/,Houston,"2020 N Loop W Suite 150, Houston, TX 77018",4.8,195,Home inspector,risky,catch_all,mv-verified-houston-risky-2026-04-20,ChIJH5ZjLs8_R4YRE9-abIMvjA8,1
marketing@houstonhealing.com,Houston,Healing Chiropractic,Houston Healing Chiropractic,(713) 300-0327,https://www.houstonhealing.com/,Houston,"1611 Fannin St, Houston, TX 77002",5,195,Chiropractor,risky,catch_all,mv-verified-houston-risky-2026-04-20,ChIJeSRK3z2_QIYR1KwPJ-l08JI,2
info@soldwithsantos.com,The,SOLD with Santos Group - ST&A Realtors - Houston Home Buying & Selling Experts,The SOLD with Santos Group - ST&A Realtors - Houston Home Buying & Selling Experts,(832) 231-3056,http://soldwithsantos.com/,Houston,"3302 Canal St, Houston, TX 77003",5,195,Real estate agency,risky,catch_all,mv-verified-houston-risky-2026-04-20,ChIJoyMvpmyDQIYRk8zRNKsjgIA,1
info@theadamslawfirm.com,Adams,Law Firm,Adams Law Firm,(281) 391-9237,https://www.theadamslawfirm.com/?utm_source=GMB&utm_medium=Organic&utm_campaign=katy,Katy,"23501 Cinco Ranch Blvd H205, Katy, TX 77494",4.8,194,Attorney,risky,unknown,mv-verified-houston-risky-2026-04-20,ChIJ-W5CySchQYYRWtr1eouy-lg,1
info@urby.com,Dallas,Urby,Dallas Urby,(855) 771-3975,https://www.urby.com/location/dallas?utm_source=moz&utm_medium=gmb&utm_campaign=dallas_gmb_moz,Dallas,"1930 Hi Line Dr, Dallas, TX 75207",4.6,194,Apartment complex,risky,unknown,mv-verified-houston-risky-2026-04-20,ChIJ5xpl1x-ZToYR30WnOugYnGo,1
support@getbento.com,LadyBird,Beer Garden,LadyBird Beer Garden,(210) 733-3613,https://www.ladybirdbeergarden.com/,San Antonio,"447 W Hildebrand Ave, San Antonio, TX 78212",4.2,194,Beer garden,risky,catch_all,mv-verified-houston-risky-2026-04-20,ChIJLciFIMVfXIYREXXCxpUCiDc,1
info@selectphysicaltherapy.com,Select,Physical Therapy - Heights,Select Physical Therapy - Heights,(713) 861-2722,https://www.selectphysicaltherapy.com/contact/find-a-location/tx/houston/heights/?ty=xt,Houston,"4000 Washington Ave Suite 306, Houston, TX 77007",4.9,194,Physical therapy clinic,risky,catch_all,mv-verified-houston-risky-2026-04-20,ChIJg3863qzAQIYRZIz8Rf4oF58,3
admin@amerikeys.com,AMERIKEYS,Locksmith,AMERIKEYS Locksmith,(210) 967-5397,http://www.amerikeys.com/,San Antonio,"15719 San Pedro Ave, San Antonio, TX 78232",4.8,193,Locksmith,risky,catch_all,mv-verified-houston-risky-2026-04-20,ChIJ67h8ew2KXIYRiNDvb0Ql7Iw,1
info@crockettservice.com,Crockett,Service Center,Crockett Service Center,(972) 243-3933,http://www.crockettservice.com/,Dallas,"11064 Harry Hines Blvd, Dallas, TX 75229",4,193,Lawn mower store,risky,unknown,mv-verified-houston-risky-2026-04-20,ChIJ4zol6XydToYROmcsVK9-ncs,1
info@guptasmilestudio.com,Gupta,Smile Studio - Orthodontics,Gupta Smile Studio - Orthodontics,(214) 254-3772,https://guptasmilestudio.com/,Dallas,"1222 N Bishop Ave Suite 600, Dallas, TX 75208",5,193,Orthodontist,risky,catch_all,mv-verified-houston-risky-2026-04-20,ChIJkVvqw8KZToYR4qEDa_eqk58,1
info@healthsourcechiro.com,HealthSource,Chiropractic of Southwest Fort Worth,HealthSource Chiropractic of Southwest Fort Worth,(682) 708-2225,https://www.healthsourcechiro.com/location/southwest-fort-worth,Fort Worth,"4747 S Hulen St #101, Fort Worth, TX 76132",5,193,Chiropractor,risky,catch_all,mv-verified-houston-risky-2026-04-20,ChIJC13lHJZtToYRCQSfv9Yc_mg,1
info@precisedental.net,Precise,Dental of Houston,Precise Dental of Houston,(713) 812-1712,http://www.precisedental.net/?utm_campaign=gmb,Houston,"2550 N Loop W Fwy Suite #110, Houston, TX 77092",4.9,193,Cosmetic dentist,risky,catch_all,mv-verified-houston-risky-2026-04-20,ChIJT4xmRPrGQIYRfuqoiyofr6o,1
info@surfacepropowerwash.com,Surface,Pro Power Wash,Surface Pro Power Wash,(214) 764-5913,https://www.surfacepropowerwash.com/,Plano,"7016 Sanders Ln, Plano, TX 75025",5,193,Pressure washing service,risky,catch_all,mv-verified-houston-risky-2026-04-20,ChIJFSXDwkIZTIYRSJWEBiJT35Q,1
info@compeangroup.com,Compean,Group / Evan Compean,Compean Group / Evan Compean,(832) 777-3904,https://www.compeangroup.com/?utm_source=google&utm_medium=gbp&utm_campaign=profile,Houston,"802 W Patton St, Houston, TX 77009",5,192,Real estate agent,risky,catch_all,mv-verified-houston-risky-2026-04-20,ChIJ68t1xc_DQIYRX8e4qwD4EQU,1
novabodyshop@yahoo.com,Nova,Body Shop,Nova Body Shop,(512) 837-7723,http://novabodyshop.com/,Austin,"8415 N Lamar Blvd, Austin, TX 78753",4.8,192,Auto body shop,risky,unknown,mv-verified-houston-risky-2026-04-20,ChIJQ563ZtHLRIYR8vv6uBhVB1U,1
info@heritagemuaythai.com,Heritage,Muay Thai,Heritage Muay Thai,(346) 868-3908,https://heritagemuaythai.com/,Houston,"3308 Ella Blvd Suite 3308A, Houston, TX 77018",4.9,191,Martial arts school,risky,catch_all,mv-verified-houston-risky-2026-04-20,ChIJ05qbhj2_QIYRKPAnWsgf-w8,1
oiras_ftp@yahoo.com,Oira's,Food Truck Park - Food Court,Oira's Food Truck Park - Food Court,(915) 359-5868,https://www.oirasfoodtruckpark.com/,El Paso,"10308 Dyer St, El Paso, TX 79924",4.6,191,Food court,risky,unknown,mv-verified-houston-risky-2026-04-20,ChIJ45oxtCVR54YRNcOUqcq2sYc,1
service@sanborns.com,Sanborn's,Mexico Insurance,Sanborn's Mexico Insurance,(210) 979-9993,https://locations.sanborns.com/sanborns-san-antonio-tx/,San Antonio,"7303 San Pedro Ave Suite 103, San Antonio, TX 78216",4.9,191,Insurance agency,risky,catch_all,mv-verified-houston-risky-2026-04-20,ChIJewF_FeJfXIYRVKLStKz2sKU,1
info@islafd.com,Isla,Dental,Isla Dental,(945) 250-0530,https://islafd.com/,Lewisville,"724 W Main St Suite 316, Lewisville, TX 75067",4.9,190,Dentist,risky,unknown,mv-verified-houston-risky-2026-04-20,ChIJJ0itsxItTIYR9nSpyz6zunA,1
info@apexroofing.biz,Apex,Roofing & General Contractors,Apex Roofing & General Contractors,(726) 727-7663,https://apexroofing.biz/,San Antonio,"8131 W Hausman Rd Ste 103, San Antonio, TX 78249",4.9,189,Roofing contractor,risky,catch_all,mv-verified-houston-risky-2026-04-20,ChIJDSH466KVt0MR_xYtFvHW7wU,1
info@oathletik.com,O,Athletik,O Athletik,(713) 320-2450,http://oathletik.com/,Houston,"767 N Shepherd Dr, Houston, TX 77007",4.4,189,Gym,risky,catch_all,mv-verified-houston-risky-2026-04-20,ChIJT77DYkbHQIYRZ-_RRTTSfg4,1
info@plantationdental.net,Plantation,Dental,Plantation Dental,(832) 886-0033,http://www.plantationdental.net/,Missouri City,"4417 Sienna Pkwy #100, Missouri City, TX 77459",4.8,189,Dentist,risky,catch_all,mv-verified-houston-risky-2026-04-20,ChIJV7criLfvQIYRK33gHQB3MqU,1
service@sugarcreekauto.com,Sugar,Creek Auto,Sugar Creek Auto,(281) 208-9100,http://www.sugarcreekauto.com/,Stafford,"741 Dulles Ave, Stafford, TX 77477",4.5,189,Auto repair shop,risky,unknown,mv-verified-houston-risky-2026-04-20,ChIJ32t4tzfmQIYRqFzK4acfLPU,1
arrowkeyservice@yahoo.com,Arrow,Key Service,Arrow Key Service,(210) 341-9595,http://www.arrowkeyservice.com/,San Antonio,"4322 Vance Jackson Rd, San Antonio, TX 78230",4.9,188,Locksmith,risky,unknown,mv-verified-houston-risky-2026-04-20,ChIJ5fBp8ileXIYRzoSO4zxZie0,1
globalac2009@yahoo.com,Global,A/C & Heating LLC.,Global A/C & Heating LLC.,(956) 583-3231,https://www.globalacandheatingllc.com/?utm_source=google&utm_medium=organic&utm_campaign=gbp,Mission,"304 Elida St, Mission, TX 78573",4.7,188,HVAC contractor,risky,unknown,mv-verified-houston-risky-2026-04-20,ChIJ-zaIvKOoZYYRFbpm_q4Tc8Y,1
info@askmagnify.com,KidSmiles,,KidSmiles,(325) 949-6656,http://www.kidsmilestx.com/,San Angelo,"2141 Hamilton Way STE 104, San Angelo, TX 76904",4.8,188,Dentist,risky,catch_all,mv-verified-houston-risky-2026-04-20,ChIJ77eAng7lV4YRlnfa5LNoKs0,1
info@paintmasterstexas.com,Paint,Masters of Texas,Paint Masters of Texas,(210) 979-0902,http://www.paintmasterstexas.com/,San Antonio,"2313 Lockhill Selma Rd #229, San Antonio, TX 78230",4.9,188,Painter,risky,catch_all,mv-verified-houston-risky-2026-04-20,ChIJJ6d2SWNgXIYR_84-3KTPH4Y,1
info@bglawtexas.com,Biggs,& Greenslade P.C.,Biggs & Greenslade P.C.,(903) 405-2686,https://www.bglawtexas.com/,Tyler,"1028 Asher Wy Suite 200, Tyler, TX 75703",4.9,187,Personal injury attorney,risky,catch_all,mv-verified-houston-risky-2026-04-20,ChIJHR_IPhbLSYYR0aYcY-UNw8k,1
staff@copydotcom.com,Copy.com,,Copy.com,(713) 528-1201,http://www.copydotcom.com/,Houston,"4230 Richmond Ave, Houston, TX 77027",4.5,187,Print shop,risky,catch_all,mv-verified-houston-risky-2026-04-20,ChIJKXY-52G_QIYRd7HDrKEhAiA,1
info@lfmremodeling.com,LFM,Construction & Remodeling,LFM Construction & Remodeling,(512) 549-2434,https://www.lfmremodeling.com/?utm_source=google&utm_medium=GMB&utm_campaign=GMB&utm_id=GMB,Austin,"2307 Thornton Rd Unit 103, Austin, TX 78704",4.9,187,General contractor,risky,catch_all,mv-verified-houston-risky-2026-04-20,ChIJlU5jsdWXwoARyLm2jfJvV20,1
sharplocksmith@sbcglobal.net,Sharp,Brothers Locksmith,Sharp Brothers Locksmith,(512) 447-1061,https://www.therealsharpbrotherslocksmith.com/,Austin,"507 W Mary St, Austin, TX 78704",4.9,187,Locksmith,risky,catch_all,mv-verified-houston-risky-2026-04-20,ChIJVwOJduS0RIYRUzxzB4iJHHg,1
info@citi-dental.com,Citi,Dental,Citi Dental,(214) 943-2484,http://www.citi-dental.com/,Dallas,"655 W Illinois Ave #1065, Dallas, TX 75224",5,186,Dentist,risky,catch_all,mv-verified-houston-risky-2026-04-20,ChIJNa1ZB_mZToYR9nyXO7aLEtA,1
info@punumroofinghouston.com,Punum,"Roofing of Houston, Inc.","Punum Roofing of Houston, Inc.",(281) 797-0240,https://punumroofinghouston.com/?utm_source=google&utm_medium=organic&utm_campaign=gbp,Cypress,"15926 Cypress North Houston Rd #50, Cypress, TX 77429",4.9,186,Roofing contractor,risky,catch_all,mv-verified-houston-risky-2026-04-20,ChIJhxziXpDPQIYRWA9aEhSmju8,1
info@riveroaksmedspa.com,River,Oaks MedSpa,River Oaks MedSpa,(713) 621-2600,http://www.riveroaksmedspa.com/,Houston,"3100 Timmons Ln # 100, Houston, TX 77027",4.8,186,Medical spa,risky,catch_all,mv-verified-houston-risky-2026-04-20,ChIJL1LGdR3BQIYR5MvMIclvRtM,1
stoneoak@victoryma.com,Victory,Martial Arts - Stone Oak,Victory Martial Arts - Stone Oak,(210) 479-6220,https://www.victoryma.com/school/stone-oak-texas/,San Antonio,"19179 Blanco Rd #107, San Antonio, TX 78258",4.9,186,Martial arts school,risky,catch_all,mv-verified-houston-risky-2026-04-20,ChIJiRSTSztiXIYRTEAsbAxur4M,2
info@512brewing.com,(512),Brewing Company,(512) Brewing Company,(512) 921-1545,http://www.512brewing.com/,Austin,"407 Radam Ln, Austin, TX 78745",4.8,185,Brewery,risky,unknown,mv-verified-houston-risky-2026-04-20,ChIJ236XXrm0RIYRHL-NPzrdEmw,1
info@dancestudiodallas.com,Alpha,Midway Dance Studio,Alpha Midway Dance Studio,(214) 668-7904,http://www.dancestudiodallas.com/,Dallas,"13740 Midway Rd #714, Dallas, TX 75244",4.9,185,Dance school,risky,catch_all,mv-verified-houston-risky-2026-04-20,ChIJreqEDysnTIYRkmpnR3QLrP8,1
automastersrepairshop@yahoo.com,Auto,Masters Repair Shop,Auto Masters Repair Shop,(254) 226-3541,https://automasterskilleen.com/,Killeen,"325 E Veterans Memorial Blvd, Killeen, TX 76541",4.7,185,Auto repair shop,risky,unknown,mv-verified-houston-risky-2026-04-20,ChIJ6QdLp8dLRYYRbOvzFnCuJoQ,1
dispatch@dallastowingandrecovery.com,Dallas,Towing & Recovery,Dallas Towing & Recovery,(214) 394-9160,https://dallastowingandrecovery.com/?utm_source=omg-gbp&utm_medium=webclick,Dallas,"2406 Vilbig Rd, Dallas, TX 75212",4.7,185,Towing service,risky,unknown,mv-verified-houston-risky-2026-04-20,ChIJV9gXhVSdToYRv_lW47-ojJo,1
abilene.tx@elwoodstaffing.com,Elwood,Staffing,Elwood Staffing,(915) 313-5268,https://www.elwoodstaffing.com/contact-us-and-locations/TX/El-Paso,El Paso,"1188 N Yarbrough Dr ste n, El Paso, TX 79925",4.5,185,Employment agency,risky,catch_all,mv-verified-houston-risky-2026-04-20,ChIJO0asMLJE54YRxSi2-XKi3CE,2
service@katyrichmondtowing.com,Katy,Richmond Towing,Katy Richmond Towing,(832) 276-9249,http://katyrichmondtowing.com/,Richmond,"19819 Laguna Hills Ct, Richmond, TX 77407",4.9,185,Towing service,risky,catch_all,mv-verified-houston-risky-2026-04-20,ChIJtc3oYIEAI4QRabtM99SMg6o,1
info@sentral.com,Sentral,East Austin at 1630 E. Sixth | Austin Apartments,Sentral East Austin at 1630 E. Sixth | Austin Apartments,(888) 689-1723,https://www.sentral.com/austin/east-austin-1630?rcstdid=Mg%3D%3D-YRjTEizZPgM%3D?utm_source=google&utm_medium=gbp,Austin,"1630 E 6th St, Austin, TX 78702",4.7,185,Apartment complex,risky,catch_all,mv-verified-houston-risky-2026-04-20,ChIJs2SkKbe1RIYRAf6jMTOondk,1
sales@galaxystones.com,Galaxy,Stone,Galaxy Stone,(281) 447-2020,https://galaxystones.com/?utm_source=google&utm_medium=organic&utm_campaign=gbp,Houston,"9134 North Fwy, Houston, TX 77037",4.7,184,Granite supplier,risky,catch_all,mv-verified-houston-risky-2026-04-20,ChIJE9N5DjbIQIYRTBw9XwzzYog,1
steven.roeder@ymail.com,Max,Tax Return's By Steve Roeder,Max Tax Return's By Steve Roeder,(817) 966-8181,https://www.maxtaxbysteveroeder.com/,,,5,184,Tax preparation service,risky,unknown,mv-verified-houston-risky-2026-04-20,ChIJtaf0xDffTYYRA3JGPdjtsUk,1
olu.sub@yahoo.com,Western,"Allied Refrigeration & Appliances Heating & Cooling Services, Inc.","Western Allied Refrigeration & Appliances Heating & Cooling Services, Inc.",(432) 260-7739,https://westernalliedrefrigeration.com/?utm_source=omg-gbp&utm_medium=webclick,,,4.6,184,HVAC contractor,risky,unknown,mv-verified-houston-risky-2026-04-20,ChIJfZ59nQHZ-4YR7sKCTwsR81I,1
info@efiletaxoffice.com,EZ-File,Tax & Preparation Services,EZ-File Tax & Preparation Services,(214) 303-9954,http://www.efiletaxoffice.com/,Dallas,"6510 Abrams Rd Suite 650, Dallas, TX 75231",5,183,Tax preparation service,risky,unknown,mv-verified-houston-risky-2026-04-20,ChIJn0kJUS-gToYRQIEOseND7_0,1
emetsplumbing@yahoo.com,Emet's,Plumbing,Emet's Plumbing,(713) 518-9038,https://emetsplumbing.com/,Pearland,"6118 Sharondale St, Pearland, TX 77584",4.9,183,Plumber,risky,unknown,mv-verified-houston-risky-2026-04-20,ChIJ48PpCjKSQIYRwe-dirsq2yU,1
libertyservinc@aol.com,Liberty,Towing and Recovery,Liberty Towing and Recovery,(903) 593-7230,https://www.libertyservicesinc.com/,Tyler,"4848 Tidwell Dr, Tyler, TX 75708",3.1,183,Towing service,risky,unknown,mv-verified-houston-risky-2026-04-20,ChIJ8cUPAqnPSYYRaeAR59IeehU,1
paula@brenhamcollision.com,Brenham,Collision Center,Brenham Collision Center,(979) 277-0433,https://www.brenhamcollision.com/,Brenham,"810 W Main St, Brenham, TX 77833",4.8,182,Auto body shop,risky,catch_all,mv-verified-houston-risky-2026-04-20,ChIJL_n_3x-oRoYRu25Utle6yvs,1
info@centerofchiropractic1.com,Center,Of Chiropractic - Houston Chiropractor,Center Of Chiropractic - Houston Chiropractor,(832) 230-8059,http://www.centerofchiropractic1.com/,Houston,"14511 Old Katy Rd suite 225, Houston, TX 77079",5,182,Chiropractor,risky,catch_all,mv-verified-houston-risky-2026-04-20,ChIJeZK7VF3bQIYRlEGeBkuLkjU,1
info@lakeshorervresort.com,Lakeshore,RV Resort,Lakeshore RV Resort,(469) 661-3827,http://www.lakeshorervresort.com/,Garland,"1233 E Interstate 30, Garland, TX 75043",4.1,182,RV park,risky,unknown,mv-verified-houston-risky-2026-04-20,ChIJye1EMyepToYRlhVmsIKdhZI,1
info@rcfhardwoods.com,River,City Flooring,River City Flooring,(210) 593-3358,http://www.rcfhardwoods.com/?utm_source=GMBSocialClimb&utm_medium=RiverCityFlooring,San Antonio,"3859 Stahl Rd, San Antonio, TX 78217",4.9,182,Flooring store,risky,catch_all,mv-verified-houston-risky-2026-04-20,ChIJHZo3tYeJXIYR3vTnAr1TR44,1
info@taxespositivos.com,Taxes,Positivos LLC,Taxes Positivos LLC,(305) 988-8621,http://www.taxespositivos.com/,Austin,"13740 N Hwy 183 Ste O2, Austin, TX 78750",4.9,182,Tax preparation service,risky,catch_all,mv-verified-houston-risky-2026-04-20,ChIJ0xcRQfstW4YRIoGFQ3ky0Mo,1
info@bestdentalcaretylertx.com,Best,Dental Care at Tyler,Best Dental Care at Tyler,(903) 593-3333,https://www.bestdentalcaretylertx.com/,Tyler,"3310 S SW Loop 323, Tyler, TX 75701",4.4,181,Dentist,risky,catch_all,mv-verified-houston-risky-2026-04-20,ChIJXfLxErjLSYYRe5HXQ1lXJ_E,1
info@lawsontravel.com,Lawson,Travel,Lawson Travel,(214) 631-2458,http://www.lawsontravel.com/,Dallas,"1140 Empire Central Dr #620, Dallas, TX 75247",4.5,181,Travel agency,risky,catch_all,mv-verified-houston-risky-2026-04-20,ChIJtXrrL16cToYRWUnh1hv2E_A,1
info@sanantoniotxbailbond.com,McRae,Bail Bonds,McRae Bail Bonds,(210) 463-5561,https://sanantoniotxbailbond.com/,San Antonio,"4023 S Presa St, San Antonio, TX 78223",4.4,181,Bail bonds service,risky,catch_all,mv-verified-houston-risky-2026-04-20,ChIJixg1eiz2XIYR574hXA5CsAQ,1
info@poolcarespecialists.com,Pool,Care Specialists,Pool Care Specialists,(972) 829-8485,https://poolcarespecialists.com/?utm_source=business_profile&utm_medium=gbp_organic&utm_campaign=gbp_tracking,Flower Mound,"2201 Long Prairie Rd Ste 107-123, Flower Mound, TX 75022",4.9,181,Pool cleaning service,risky,catch_all,mv-verified-houston-risky-2026-04-20,ChIJeQ0GroYtTIYRZ4-rQ9NwFyI,1
info@prestox.com,Presto-X,Pest Control,Presto-X Pest Control,(210) 812-2738,https://www.prestox.com/local-branches/texas/san-antonio?utm_source=google&utm_medium=gbp&utm_campaign=eg_listing_lg,San Antonio,"10022 I-35, San Antonio, TX 78233",4.8,181,Pest control service,risky,catch_all,mv-verified-houston-risky-2026-04-20,ChIJW-YcV-iMXIYR6EtMXblPjmI,1
reservations@thenicolett.com,The,Nicolett,The Nicolett,(806) 993-0144,http://nicolettrestaurant.com/,Lubbock,"511 Broadway St, Lubbock, TX 79401",4.2,181,Restaurant,risky,catch_all,mv-verified-houston-risky-2026-04-20,ChIJnSZuO2MT_oYRPfP10YHiGMU,1
hello@life.family,LifeFamily,Austin,LifeFamily Austin,(512) 220-6383,http://life.family/,Austin,"8901 State Hwy 71, Austin, TX 78735",4.8,180,Church,risky,catch_all,mv-verified-houston-risky-2026-04-20,ChIJBdbw5qVJW4YR-94FF7m7Ddo,1
info@millerdentistry.com,Miller,Dentistry,Miller Dentistry,(832) 905-0900,https://www.millerdentistry.com/contact-our-local-league-city-dental-practice-near-you-we-are-your-trusted-dentist,League City,"2500 Marina Bay Dr Suite Z, League City, TX 77573",4.9,180,Dentist,risky,catch_all,mv-verified-houston-risky-2026-04-20,ChIJg-HStKidQIYRH4NjW4g9ThQ,1
info@carlosplumbingelectrical.com,Carlos,& Sons Plumbing & Electrical,Carlos & Sons Plumbing & Electrical,(214) 740-3098,https://carlosplumbingelectrical.com/,Dallas,"1325 S Brighton Ave #1603, Dallas, TX 75208",4.8,179,Plumber,risky,catch_all,mv-verified-houston-risky-2026-04-20,ChIJvTtbnL-bToYRDBKN2Ts0wG0,1
info@onthespottowingtransportinc.com,On,The Spot Towing & Transport,On The Spot Towing & Transport,(281) 979-5103,https://onthespottowingtransportinc.com/,Houston,"7526 Antoine Dr, Houston, TX 77088",4.9,179,Towing service,risky,catch_all,mv-verified-houston-risky-2026-04-20,ChIJ4YpwnSPWB0oRiASEtKmNnd4,1
bcharsiu@yahoo.com,Parks,Legado Dentistry,Parks Legado Dentistry,(432) 223-0191,https://www.parkslegadodentistry.com/,,"7270 E, TX-191 STE 206, Odessa, TX 79765",5,179,Dentist,risky,unknown,mv-verified-houston-risky-2026-04-20,ChIJBWBYl7zP-4YR5Iv-FL3g-Qo,1
info@bap-geon.com,Bap,Geon Import Auto Parts,Bap Geon Import Auto Parts,(713) 227-1544,http://www.bap-geon.com/,Houston,"3403 Gulf Fwy, Houston, TX 77003",4.4,178,Auto parts store,risky,unknown,mv-verified-houston-risky-2026-04-20,ChIJc_4g4Py-QIYRYLKcm_lsf8U,1
info@hpumc.org,Highland,Park United Methodist Church,Highland Park United Methodist Church,(214) 521-3111,http://www.hpumc.org/,Dallas,"3300 Mockingbird Ln, Dallas, TX 75205",4.8,178,United Methodist church,risky,catch_all,mv-verified-houston-risky-2026-04-20,ChIJFYcMaBufToYRW4pBI4-ZeUA,1
info@houstonpoolsunlimited.com,Houston,Pools Unlimited,Houston Pools Unlimited,(832) 605-8713,https://houstonpoolsunlimited.com/,Richmond,"23110 FM 1093 C4, Richmond, TX 77406",4.9,178,Swimming pool repair service,risky,catch_all,mv-verified-houston-risky-2026-04-20,ChIJB5DbPtEhQYYRvL8IGHWaJXQ,1
tommypellikan@yahoo.com,Quality,Roofing and Contracting,Quality Roofing and Contracting,(281) 964-7767,https://www.qualityroofingnorthhouston.com/,Spring,"3618 Bluebonnet Trace Dr, Spring, TX 77386",5,178,Roofing contractor,risky,unknown,mv-verified-houston-risky-2026-04-20,ChIJpxol_vBX54YRc7OzoOFQsQQ,1
info@txsuperbikes.com,Texas,Superbikes,Texas Superbikes,(945) 241-6088,http://txsuperbikes.com/,Richardson,"405 S Central Expy, Richardson, TX 75080",4.8,178,Motorcycle repair shop,risky,catch_all,mv-verified-houston-risky-2026-04-20,ChIJbdZB0pWdToYRcNF5uMwgDuU,1
aws_dispatch@sbcglobal.net,Alanis,Wrecker Service,Alanis Wrecker Service,(210) 226-8858,https://alaniswrecker.net/?utm_source=omg-gbp&utm_medium=webclick,San Antonio,"1035 Culebra Rd, San Antonio, TX 78201",3.9,177,Towing service,risky,catch_all,mv-verified-houston-risky-2026-04-20,ChIJS9pu6CFfXIYR1sJLa7y8E2U,1
krodleplumbing@yahoo.com,K&K,Plumbing LLC,K&K Plumbing LLC,(903) 527-3696,http://kkplumbingllc.jobbersites.com/,Caddo Mills,"4017 Co Rd 2216, Caddo Mills, TX 75135",4.9,177,Plumber,risky,unknown,mv-verified-houston-risky-2026-04-20,ChIJNYY-EK3nS4YRqnUwwrEd4BE,1
info@sunshineroofingtx.com,Sunshine,Roofing,Sunshine Roofing,(214) 532-8878,http://sunshineroofingtx.com/,Dallas,"17215 Marianne Cir, Dallas, TX 75252",5,177,Roofing contractor,risky,catch_all,mv-verified-houston-risky-2026-04-20,ChIJZ24ms9cjTIYRcESgz1nzsMI,1
clientservices@westtexaslaw.com,Ziegler,Estate Law Group,Ziegler Estate Law Group,(806) 765-8801,https://zieglerestatelaw.com/,Lubbock,"12413 Quaker Ave, Lubbock, TX 79424",4.9,177,Estate planning attorney,risky,catch_all,mv-verified-houston-risky-2026-04-20,ChIJF9e6c_Vx_oYRfgRTgjJt9vs,1
info@4handsjunkremoval.com,4Hands,Junk Removal,4Hands Junk Removal,(512) 862-0383,http://4handsjunkremoval.com/?utm_campaign=gmb,Austin,"3304 Laurel Cir, Austin, TX 78731",5,176,Waste management service,risky,catch_all,mv-verified-houston-risky-2026-04-20,ChIJEUG2S8TLRIYRCSbIgLM9k-Y,1
info@acecomfort-tx.com,Ace,Comfort Air Conditioning & Heating,Ace Comfort Air Conditioning & Heating,(281) 658-5141,http://www.acecomfort-tx.com/,Houston,"601 Milwaukee St, Houston, TX 77009",5,176,HVAC contractor,risky,catch_all,mv-verified-houston-risky-2026-04-20,ChIJdfHZ3mxpkk8RjzKMX4A1rsk,1
hi@austinaestheticatelier.com,Austin,Aesthetic Atelier - Medical Spa + Wellness,Austin Aesthetic Atelier - Medical Spa + Wellness,(512) 643-6430,https://austinaestheticatelier.com/,Austin,"10815 Ranch to Market Rd 2222 Bldg 3C STE 101, Austin, TX 78730",5,176,Medical spa,risky,catch_all,mv-verified-houston-risky-2026-04-20,ChIJX6tblTQzW4YRR3O8KjiTbP8,1
info@customelectrictexas.com,Custom,Electric LLC,Custom Electric LLC,(469) 940-9100,http://www.customelectrictexas.com/,,,5,176,Electrician,risky,catch_all,mv-verified-houston-risky-2026-04-20,ChIJx53vnPAP6ggRaRpDHY65i_Y,1
info@myeliteevents.com,My,Elite Events,My Elite Events,(972) 664-4994,http://myeliteevents.com/,,,5,176,Event planner,risky,catch_all,mv-verified-houston-risky-2026-04-20,ChIJ5ZW2XpCFToYRkJHFhZCR75U,1
liquidationguys@yahoo.com,The,Liquidation Guys,The Liquidation Guys,(210) 731-9400,https://www.theliquidationguys.com/,San Antonio,"2730 Northwest Loop 410, San Antonio, TX 78230",4.6,176,Furniture store,risky,unknown,mv-verified-houston-risky-2026-04-20,ChIJ30Ec9-pfXIYR3sACkv1oVYc,1
info@samtheplumbertx.com,Sam,The Plumber,Sam The Plumber,(281) 992-2310,https://www.samtheplumbertx.com/,Friendswood,"220 E Edgewood Dr, Friendswood, TX 77546",4.1,175,Plumber,risky,unknown,mv-verified-houston-risky-2026-04-20,ChIJGey5ePKaQIYRZYv5-PVdlKE,1
info@conservairrigation.com,Conserva,Irrigation of North Houston,Conserva Irrigation of North Houston,(832) 979-6895,https://www.conservairrigation.com/north-houston/,Houston,"9215 Solon Rd Suite C1, Houston, TX 77064",4.9,174,Lawn sprinkler system contractor,risky,catch_all,mv-verified-houston-risky-2026-04-20,ChIJx7fX3ak0R4YRscA2tqGMiYQ,7
info@ethanclark.com,Ethan,Clark Air Conditioning,Ethan Clark Air Conditioning,(713) 236-1119,http://www.ethanclark.com/,Houston,"1320 Rothwell St, Houston, TX 77002",5,173,Air conditioning contractor,risky,catch_all,mv-verified-houston-risky-2026-04-20,ChIJ7wzwOyq_QIYRNLIuGt0ejA0,1
info@salonatthearboretum.com,The,Salon at The Arboretum,The Salon at The Arboretum,(512) 832-8000,https://salonatthearboretum.com/,Austin,"10000 Research Blvd Suite 122, Austin, TX 78758",4.5,173,Hair salon,risky,catch_all,mv-verified-houston-risky-2026-04-20,ChIJX8LZW3bMRIYR9wKyTQbO6Gk,1
christus.hwc@christushealth.org,CHRISTUS,HWC,CHRISTUS HWC,(409) 236-7777,https://christushwc.org/?utm_source=google&utm_medium=organic&utm_campaign=gbp&utm_id=2060digital,Beaumont,"3030 North St, Beaumont, TX 77702",4.3,172,Fitness center,risky,catch_all,mv-verified-houston-risky-2026-04-20,ChIJ9bos5cXLPoYRibpvAY4pgl4,1
office@greenleafair.com,Green,Leaf Air,Green Leaf Air,(972) 992-5006,https://greenleafair.com/,Richardson,"1111 S Sherman St, Richardson, TX 75081",4.7,172,HVAC contractor,risky,catch_all,mv-verified-houston-risky-2026-04-20,ChIJMar0DeAeTIYRr_QAaxutRvQ,1
info@jakeplumbingpro.com,Jake,the Plumbing Pro,Jake the Plumbing Pro,(214) 751-8381,https://jakeplumbingpro.com/,Dallas,"1410 Dragon St STE 716, Dallas, TX 75207",4.8,172,Plumber,risky,catch_all,mv-verified-houston-risky-2026-04-20,ChIJRwNTGJKZToYRk2YcSMODsXE,1
fabian@mbctintpros.com,MBC,TINT PROS,MBC TINT PROS,(832) 347-5769,http://mbctintpros.com/,Houston,"10214 Georgibelle Dr Suite 600, Houston, TX 77043",4.9,172,Window tinting service,risky,catch_all,mv-verified-houston-risky-2026-04-20,ChIJx-y8rj3bQIYRaYdCrH570Q8,1
info@seeyouatthetoplaw.com,See,You At The Top Law,See You At The Top Law,(713) 224-7472,http://www.seeyouatthetoplaw.com/,Houston,"2800 Post Oak Blvd Suite 5600, Houston, TX 77056",4.9,172,Personal injury attorney,risky,catch_all,mv-verified-houston-risky-2026-04-20,ChIJp1HxZTC_QIYR0olKT9gDW2I,1
info@austinbodyworks.com,Austin,Body Works,Austin Body Works,(512) 472-3522,http://www.austinbodyworks.com/,Austin,"1310 E 6th St, Austin, TX 78702",5,171,Auto body shop,risky,catch_all,mv-verified-houston-risky-2026-04-20,ChIJcyLeZrC1RIYR7Z3gRUP2f9g,1
charles7smith@yahoo.com,Smith,Landscaping,Smith Landscaping,(254) 317-8498,http://smithlandscapingtx.com/,,,4.8,171,Landscape designer,risky,unknown,mv-verified-houston-risky-2026-04-20,ChIJT5yk-gZJRYYROouNZHEttMA,1
toscana@thebarfield.com,Toscana,Italian Steakhouse,Toscana Italian Steakhouse,(806) 414-2200,http://toscanaamarillo.com/,Amarillo,"600 S Polk St, Amarillo, TX 79101",4,171,Restaurant,risky,catch_all,mv-verified-houston-risky-2026-04-20,ChIJZTZDB_xOAYcRMI-dGSmqRPM,1
texaspuppystore@aol.com,texas,puppy store,texas puppy store,(210) 236-8882,http://texaspuppystore.com/,Leon Valley,"6904 Bandera Rd Suite 8, Leon Valley, TX 78238",3.7,171,Pet store,risky,unknown,mv-verified-houston-risky-2026-04-20,ChIJqZndIZxdXIYRtk42ihqV6bs,1
time2getfit@bonafitness.com,BONA,Fitness,BONA Fitness,(713) 489-2291,https://www.bonafitness.com/,Katy,"5007 E 3rd St #100, Katy, TX 77493",4.7,170,Fitness center,risky,catch_all,mv-verified-houston-risky-2026-04-20,ChIJr37mCsvcQIYRPpsRmrLNhco,1
sittinpretty@tricityac.com,Tri,City AC & Heat,Tri City AC & Heat,(713) 740-9500,https://www.tricityac.com/,Pasadena,"131 Pasadena Fwy, Pasadena, TX 77506",5,170,HVAC contractor,risky,catch_all,mv-verified-houston-risky-2026-04-20,ChIJmxBYivujQIYRojmtshOzkE0,1
lamnguyen81@yahoo.com,Geo,Laundry,Geo Laundry,(512) 363-7440,http://www.geolaundry.com/,Austin,"11689 Research Blvd, Austin, TX 78759",4.1,169,Laundromat,risky,unknown,mv-verified-houston-risky-2026-04-20,ChIJ55OWGPTMRIYRIIiDv-ZxIMI,1
hello@simplygoodwork.com,J.,Hall & Company,J. Hall & Company,(512) 200-2539,https://jhandco.com/,Austin,"901 Nueces St, Austin, TX 78701",5,169,Accounting firm,risky,catch_all,mv-verified-houston-risky-2026-04-20,ChIJa6KoaXq3RIYRDrg7G2HZF2s,1
info@atelectricllc.com,A.T.,Electric LLC,A.T. Electric LLC,(682) 582-5500,https://atelectricllc.com/,Mansfield,"7920 Rodeo Trl, Mansfield, TX 76063",5,168,Electrician,risky,catch_all,mv-verified-houston-risky-2026-04-20,ChIJm1Cp33hnToYR_IiE8-a4Ozo,1
info@bakers.net,Bakers,Safe & Lock,Bakers Safe & Lock,(713) 780-7026,http://bakers.net/,Houston,"5612 Fondren Rd, Houston, TX 77036",4.5,168,Locksmith,risky,catch_all,mv-verified-houston-risky-2026-04-20,ChIJU3jK_f_CQIYRiwQNjv2etTQ,1
bentleysac@yahoo.com,Bentley's,Air Conditioning & Refrigeration,Bentley's Air Conditioning & Refrigeration,(936) 671-2395,https://bentleysacandrefrigeration.com/,Lufkin,"3112 S John Redditt Dr, Lufkin, TX 75904",4.6,168,HVAC contractor,risky,unknown,mv-verified-houston-risky-2026-04-20,ChIJS3PX8jUYOIYRC0zcYsc2BHs,1
mssabbaghi@sbcglobal.net,T.,G. F. Flowers,T. G. F. Flowers,(713) 520-6518,https://www.tgfflowers.com/,Houston,"3902 Fannin St, Houston, TX 77004",4.4,168,Florist,risky,catch_all,mv-verified-houston-risky-2026-04-20,ChIJa1EzwXG_QIYRcDG9FRg0WBw,1
info@texashomeoutlet.com,Texas,Home Outlet,Texas Home Outlet,(281) 324-3020,http://www.texashomeoutlet.com/,Huffman,"10685 FM 1960, Huffman, TX 77336",4.3,168,Mobile home dealer,risky,catch_all,mv-verified-houston-risky-2026-04-20,ChIJkaBdugirQIYROqKB6XUKQk8,1
apexelectricalservices@yahoo.com,Apex,Electrical Services,Apex Electrical Services,(254) 421-9254,https://www.apexelectricalservicestx.com/,Belton,"2608 North Main Street Suite B #186, Belton, TX 76513",4.9,167,Electrician,risky,unknown,mv-verified-houston-risky-2026-04-20,ChIJQY8IjTdARYYRMvmslH9mIzE,1
dixieoffice@dixielock.com,Dixie,Safe & Lock,Dixie Safe & Lock,(713) 643-5767,https://www.dixielock.com/,Houston,"7920 Gulf Fwy, Houston, TX 77017",4.6,167,Locksmith,risky,catch_all,mv-verified-houston-risky-2026-04-20,ChIJK9GL8Ye9QIYRYxPSjNdLx6M,1
office@rinelliservices.com,Rinelli,Services,Rinelli Services,(512) 907-0702,https://rinelliservices.com/,Bastrop,"208 Katy B Ln, Bastrop, TX 78602",5,167,Plumber,risky,catch_all,mv-verified-houston-risky-2026-04-20,ChIJD2pd6Y0WLAQRaDTonh42V5s,1
info@samhouston.net,Sam,Houston Electric Co-Op Inc,Sam Houston Electric Co-Op Inc,(936) 327-5711,http://www.samhouston.net/,Livingston,"1157 E Church St, Livingston, TX 77351",2.5,167,Electric utility company,risky,catch_all,mv-verified-houston-risky-2026-04-20,ChIJsyumH3aGOIYRma-GJtg0gWo,1
info@tsbpe.state.tx.us,Service,By Scott,Service By Scott,(409) 837-2822,https://www.servicebyscott.com/,Colmesneil,"4879 FM 256, Colmesneil, TX 75938",4.9,167,Plumber,risky,catch_all,mv-verified-houston-risky-2026-04-20,ChIJdyqLor2rOYYR07UIQXaUBU4,3
brandon.aldridge@amplifon.com,Miracle-Ear,Hearing Aid Center,Miracle-Ear Hearing Aid Center,(281) 612-3830,https://www.miracle-ear.com/stores-near-me/hearing-aids-houston-tx/miracle-ear-hearing-aid-center-frostwood-dr-s10351?mci=USGMB402UBI2AAR,Houston,"833 Frostwood Dr, Houston, TX 77024",4.9,166,Hearing aid store,risky,catch_all,mv-verified-houston-risky-2026-04-20,ChIJ36Z4ObvEQIYRJb8pYM6cb48,1
agent@flytravelking.com,Travel,King International,Travel King International,(972) 235-9500,http://www.flytravelking.com/,Richardson,"111 N Central Expy Suite A, Richardson, TX 75080",4.8,166,Travel agency,risky,catch_all,mv-verified-houston-risky-2026-04-20,ChIJrbsZu7EfTIYRJ0ByNCoAQzE,1
info@koolzonehvac.com,Kool,Zone Air Conditioning & Heating LLC,Kool Zone Air Conditioning & Heating LLC,(713) 456-0793,https://www.koolzonehvac.com/,Tomball,"11015 Solomon Rd, Tomball, TX 77375",5,165,HVAC contractor,risky,catch_all,mv-verified-houston-risky-2026-04-20,ChIJw0fYUMzTQIYRxfGjyNACYkI,1
info@missionphysicalrehabilitation.com,Mission,Physical Rehabilitation,Mission Physical Rehabilitation,(210) 614-7953,https://missionphysicalrehabilitation.com/,San Antonio,"2140 Babcock Rd Ste 130, San Antonio, TX 78229",4.9,165,Physical therapy clinic,risky,catch_all,mv-verified-houston-risky-2026-04-20,ChIJL5WmiPpdXIYRiwQxXTpy2rY,3
info@triplecrownplumbing.com,Triple,Crown Plumbing,Triple Crown Plumbing,(972) 696-9927,https://www.triplecrownplumbing.com/?utm_source=google&utm_medium=organic&utm_campaign=GMBListing-Plano-TX,Plano,"542 Haggard St Ste 514, Plano, TX 75074",4.4,165,Plumber,risky,catch_all,mv-verified-houston-risky-2026-04-20,ChIJz8tXCF0XTIYRJCRUMiLf4WY,1
home@vanpoole.com,Van,"Poole Properties Group, KELLER WILLIAMS Realty","Van Poole Properties Group, KELLER WILLIAMS Realty",(214) 267-9222,http://www.vanpooleproperties.com/,Dallas,"18333 Preston Rd #100, Dallas, TX 75252",4.9,165,Real estate agency,risky,catch_all,mv-verified-houston-risky-2026-04-20,ChIJc44POCIjTIYRsZjjSZYGhh8,1
sales@2nddebutfurniture.com,2nd,Debut Furniture Resale,2nd Debut Furniture Resale,(713) 782-0300,http://www.2nddebutfurniture.com/,Houston,"11026 Westheimer Rd, Houston, TX 77042",4.1,164,Used furniture store,risky,unknown,mv-verified-houston-risky-2026-04-20,ChIJQdIR38jcQIYRMbJhQ5I_nKk,1
info@hrc.utexas.edu,Harry,Ransom Center,Harry Ransom Center,(512) 471-8944,https://www.hrc.utexas.edu/,Austin,"The University of Texas at Austin, 300 W 21st St, Austin, TX 78712",4.8,164,Library,risky,catch_all,mv-verified-houston-risky-2026-04-20,ChIJn4-5g521RIYR1cD_b2nbbB0,1
info@metromovingcompany.com,Metro,Moving Company LLC - Movers Dallas TX,Metro Moving Company LLC - Movers Dallas TX,(214) 553-1878,https://metromovingcompany.com/,Dallas,"12222 Merit Dr Suite 130, Dallas, TX 75251",4.6,164,Mover,risky,unknown,mv-verified-houston-risky-2026-04-20,ChIJzUceQQenToYRRsz2fVI0kjU,1
service@prestigerv.net,Prestige,RV Mobile Service,Prestige RV Mobile Service,(281) 245-6057,https://prestigerv.net/,Alvin,"22013 County Rd 143, Alvin, TX 77511",4.7,164,RV repair shop,risky,catch_all,mv-verified-houston-risky-2026-04-20,ChIJV3vEnUaRQIYRtALu_5Hv3Go,1
info@thriftnearme.shop,Thrift,Near Me | Thrift Store in Houston,Thrift Near Me | Thrift Store in Houston,(346) 379-7222,https://thriftnearme.shop/,Houston,"5920 Hwy 6 N Suite 1015A, Houston, TX 77084",4.9,164,Thrift store,risky,catch_all,mv-verified-houston-risky-2026-04-20,ChIJTbA3-3bRQIYR0P4vutit71Y,1
info@anvilroofers.com,Anvil,Roofers,Anvil Roofers,(936) 226-2027,https://anvilroofers.com/?utm_campaign=apex,Houston,"1220 Blalock Rd Suite 300, Houston, TX 77055",4.9,163,Roofing contractor,risky,catch_all,mv-verified-houston-risky-2026-04-20,ChIJx_hs9TAxR4YR-2wHPmN5vvo,1
info@moodyac.com,Moody,Air Conditioning,Moody Air Conditioning,(409) 999-3769,http://moodyac.com/,Port Neches,"2202 Magnolia Ave C, Port Neches, TX 77651",4.9,163,HVAC contractor,risky,catch_all,mv-verified-houston-risky-2026-04-20,ChIJFZtBiUmxPoYRVnrR7Gza2sA,1
info@porticocoffee.com,Portico,Coffee,Portico Coffee,(817) 862-7232,https://porticocoffee.com/,Fort Worth,"2503 Roosevelt Ave, Fort Worth, TX 76164",4.8,163,Coffee shop,risky,catch_all,mv-verified-houston-risky-2026-04-20,ChIJL_U6IK91ToYRvWD0RsYXBNI,1
andrew@ajkimages.com,AJK,Images,AJK Images,(316) 516-9505,http://www.ajkimages.com/,Dallas,"830 Exposition Ave #214, Dallas, TX 75226",5,162,Photographer,risky,catch_all,mv-verified-houston-risky-2026-04-20,ChIJa2daOg0eTIYR9EvxetxYzvQ,1
services@modernmaidsdallas.com,Modern,Maids Cleaning of Austin,Modern Maids Cleaning of Austin,(512) 222-5332,https://modern-maids.com/austin-maid-service/,Austin,"2025 Guadalupe St Suite 260, Austin, TX 78705",5,162,House cleaning service,risky,unknown,mv-verified-houston-risky-2026-04-20,ChIJYZEqrXjTRIYRCQQL_eszlBs,5
tikabo10935@yahoo.com,Selam,,Selam,(832) 790-3266,https://selamspecialty.com/,Houston,"5701 Bellaire Blvd d, Houston, TX 77081",5,162,African goods store,risky,unknown,mv-verified-houston-risky-2026-04-20,ChIJMwR0--7DQIYRJ2JCvXTEXCA,1
autoglassdiscounters@yahoo.com,A&A,Auto Glass Discounters,A&A Auto Glass Discounters,(713) 882-0783,https://autoglassdiscounter.com/,Houston,"2011 Gessner Rd, Houston, TX 77080",4.5,161,Auto glass shop,risky,unknown,mv-verified-houston-risky-2026-04-20,ChIJhR2m197EQIYRfeMmyDoFP5k,1
info@bluebearvet.com,Blue,Bear Veterinary Clinic,Blue Bear Veterinary Clinic,(281) 631-5858,https://bluebearvet.com/,Katy,"2750 FM 1463 #180, Katy, TX 77494",4.9,161,Veterinarian,risky,catch_all,mv-verified-houston-risky-2026-04-20,ChIJpw1Fs4sjQYYRi_3fqXZFY20,1
achamlee@shurflowservices.com,Shur-Flow,Services,Shur-Flow Services,(903) 306-1043,http://www.shurflowservices.com/,Texarkana,"3024 W 7th St, Texarkana, TX 75501",4.9,161,Plumber,risky,catch_all,mv-verified-houston-risky-2026-04-20,ChIJO1zk681BNIYRDhbRPTfot-c,1
info@sunrisemaids.com,Sunrise,Maids,Sunrise Maids,(346) 514-3282,https://sunrisemaids.com/,Katy,"5614 1st St ste 19, Katy, TX 77493",5,161,House cleaning service,risky,catch_all,mv-verified-houston-risky-2026-04-20,ChIJOZuQMXQlQYYRhA8SRy_lhBg,1
info@benchmarkbroker.com,Benchmark,Insurance Group of Texas - Commercial Insurance Broker,Benchmark Insurance Group of Texas - Commercial Insurance Broker,(281) 569-4353,https://www.benchmarkbroker.com/,Houston,"827 N Loop W Suite B, Houston, TX 77008",4.6,160,Insurance agency,risky,catch_all,mv-verified-houston-risky-2026-04-20,ChIJSS8r9wvHQIYR1SYNl2kN6G8,1
sales@bugmenotpestcontrol.com,BugMeNot,Pest Control,BugMeNot Pest Control,(409) 299-3011,http://bugmenotpestcontrol.com/,,,4.9,160,Pest control service,risky,catch_all,mv-verified-houston-risky-2026-04-20,ChIJhzdimMDMPoYRz0Cu1Zg3w0U,1
support@canaryclean.com,Canary,Clean - ATX Maids,Canary Clean - ATX Maids,(737) 252-3111,https://canaryclean.com/,Austin,"11226 Barrington Way, Austin, TX 78759",4.9,160,House cleaning service,risky,catch_all,mv-verified-houston-risky-2026-04-20,ChIJfXJeDQmcZaMRyOf1IfxeuDk,1
info@normitasrestaurant.com,Normita's,Restaurant Salvadoran and Honduran Cuisine,Normita's Restaurant Salvadoran and Honduran Cuisine,(346) 612-7019,http://normitasrestaurant.com/,Cleveland,"140 Truly Plz, Cleveland, TX 77327",4.9,160,Restaurant,risky,unknown,mv-verified-houston-risky-2026-04-20,ChIJIZeMhlpZR4YRI1x6kPZEwZk,1
info@regalstaffing.com,Regal,Staffing Services,Regal Staffing Services,(817) 887-6203,https://www.regalstaffing.com/fort-worth-location,Fort Worth,"2807 Race St #100, Fort Worth, TX 76111",4.1,160,Employment agency,risky,catch_all,mv-verified-houston-risky-2026-04-20,ChIJJyoIAdVwToYRHVxjSBO-eYY,1
info@carzoftexas.net,Carz,of Texas Auto Sales,Carz of Texas Auto Sales,(210) 979-8778,http://www.carzoftexas.net/,San Antonio,"5625 San Pedro Ave, San Antonio, TX 78212",4,159,Used car dealer,risky,catch_all,mv-verified-houston-risky-2026-04-20,ChIJr-o8MpNfXIYRRU8LjX8aCGo,1
info@lockesupply.com,Locke,Supply Co - #171 - Plumbing Supply,Locke Supply Co - #171 - Plumbing Supply,(817) 244-4100,https://www.lockesupply.com/,Benbrook,"PLUMBING SUITE, 7917 Camp Bowie W Blvd, Benbrook, TX 76116",4.5,159,Plumbing supply store,risky,catch_all,mv-verified-houston-risky-2026-04-20,ChIJ93i5oNgMToYRcjRz0OUvpkU,3
info@shine-windowcleaning.com,Shine,of San Antonio North,Shine of San Antonio North,(210) 505-9228,https://shine-windowcleaning.com/location/san-antonio/?utm_source=GMB&utm_medium=organic&utm_campaign=San_Antonio,,,4.9,159,Window cleaning service,risky,unknown,mv-verified-houston-risky-2026-04-20,ChIJKSEkaiuJXIYRQH81cisXFDQ,1
spring@snapfitness.com,Snap,Fitness Spring,Snap Fitness Spring,(281) 624-5423,https://www.snapfitness.com/us/gyms/spring-tx,Spring,"6905 Cypresswood Dr, Spring, TX 77379",5,159,Gym,risky,catch_all,mv-verified-houston-risky-2026-04-20,ChIJGWK2RC7NQIYRp2ML-owezSs,1
info@texasveteranlawnservice.com,Texas,Veteran Lawn Service,Texas Veteran Lawn Service,(979) 492-1965,https://texasveteranlawnservice.com/,,,4.9,159,Landscaper,risky,catch_all,mv-verified-houston-risky-2026-04-20,ChIJg12zXc81R4YR_14ui4WS9XA,1
info@villagecreekcoffee.com,Village,Creek Coffee Company,Village Creek Coffee Company,(409) 263-3331,http://villagecreekcoffee.com/,Silsbee,"1180 US-96 BUS, Silsbee, TX 77656",4.8,159,Coffee shop,risky,unknown,mv-verified-houston-risky-2026-04-20,ChIJD9ED34M7OYYRLNU8L83NBss,1
sales@bloomshopflowers.com,Bloomshop,,Bloomshop,(210) 265-5569,https://www.bloomshopflowers.com/,San Antonio,"6531 FM78 #103, San Antonio, TX 78244",4.8,158,Florist,risky,unknown,mv-verified-houston-risky-2026-04-20,ChIJxd5kFgfzXIYRmjPFRnJW8yU,1
info@kanineklippers.com,Kanine,Klippers,Kanine Klippers,(512) 292-9112,http://www.kanineklippers.com/,Austin,"8708 S Congress Ave #520, Austin, TX 78745",4.6,158,Pet groomer,risky,catch_all,mv-verified-houston-risky-2026-04-20,ChIJl1dsC81MW4YRGugAL--fv3Q,1
info@splathouston.com,Splat,Zone Indoor Paintball and Pickleball,Splat Zone Indoor Paintball and Pickleball,(281) 501-3413,https://www.splathouston.com/,Houston,"11260 Hempstead Rd, Houston, TX 77092",4.8,158,Paintball center,risky,catch_all,mv-verified-houston-risky-2026-04-20,ChIJN1Ruv1THQIYRJi85k5yJa0Q,1
info@lakejacksonmoderndentistry.com,Lake,Jackson Modern Dentistry and Orthodontics,Lake Jackson Modern Dentistry and Orthodontics,(979) 583-6005,https://www.lakejacksonmoderndentistry.com/?sc_cid=GBP%3AO%3AGP%3A626%3AOrganic_Search%3AGeneral%3Ana&_vsrefdom=organic_gbp&y_source=1_MTUxMzA3OTgtNzE1LWxvY2F0aW9uLndlYnNpdGU%3D,Lake Jackson,"90 Oak Dr Ste C, Lake Jackson, TX 77566",4.2,157,Dentist,risky,catch_all,mv-verified-houston-risky-2026-04-20,ChIJmX_9d8VDQIYRMVGWu9hnSHs,1
info@mariosautomotiveinc.com,Mario's,Automotive,Mario's Automotive,(713) 926-1605,http://mariosautomotiveinc.com/,Houston,"6710 Avenue W, Houston, TX 77011",4.4,157,Auto repair shop,risky,catch_all,mv-verified-houston-risky-2026-04-20,ChIJYQtNmyK8QIYRAyxcaCeS_jg,1
info@theroomonmain.com,The,Room on Main,The Room on Main,(214) 742-1526,https://theroomonmain.com/?utm_source=google-my-business&utm_medium=listing&utm_campaign=GMB-leads,Dallas,"2030 Main St 6th floor, Dallas, TX 75201",4.6,157,Wedding venue,risky,catch_all,mv-verified-houston-risky-2026-04-20,ChIJRS0h-h-ZToYRhuzQhlaffx8,1
info@ahappliancerepair.com,AH,APPLIANCE REPAIR LLC,AH APPLIANCE REPAIR LLC,(832) 881-8044,http://ahappliancerepair.com/,Houston,"Towne Park Village, Houston, TX 77016",5,156,Appliance repair service,risky,unknown,mv-verified-houston-risky-2026-04-20,ChIJ879P0q0Rik4RlTNzkzuxw_M,1
info@agoc.org,Annunciation,Greek Orthodox Cathedral,Annunciation Greek Orthodox Cathedral,(713) 526-5377,http://www.agoc.org/,Houston,"3511 Yoakum Blvd, Houston, TX 77006",4.8,156,Cathedral,risky,catch_all,mv-verified-houston-risky-2026-04-20,ChIJLfkyXWK_QIYRq1Je4E6obMU,1
luxesalon@yahoo.com,Luxe,Aveda Concept Salon,Luxe Aveda Concept Salon,(361) 991-5893,http://www.luxecorpuschristi.com/,Corpus Christi,"5638 Saratoga Blvd #112, Corpus Christi, TX 78414",4.5,156,Beauty salon,risky,unknown,mv-verified-houston-risky-2026-04-20,ChIJv1EYsrP1aIYRBkHNYAKp37g,1
info@monarch-roofing.com,Monarch,Roofing Houston,Monarch Roofing Houston,(832) 215-0987,https://www.monarch-roofing.com/?utm_source=google&utm_medium=organic&utm_campaign=gbp,Houston,"1010 Oxford St, Houston, TX 77008",4.7,156,Roofing contractor,risky,catch_all,mv-verified-houston-risky-2026-04-20,ChIJHxWc0qC4QIYR71Jv4lVvBW0,1
info@saatvamattress.com,Saatva,,Saatva,(281) 810-9394,https://www.saatva.com/locations/houston/uptown?utm_source=local&utm_medium=organic&utm_campaign=yext-main&utm_content=Hou-1701-Post,Houston,"1703 Post Oak Blvd D, Houston, TX 77056",4.9,156,Mattress store,risky,catch_all,mv-verified-houston-risky-2026-04-20,ChIJVf0nWBnBQIYRdH-Qo8P6TDM,1
thadbartholomew@yahoo.com,Adler,Automotive,Adler Automotive,(806) 744-4364,https://www.adlerautomotivetx.com/,Lubbock,"2206 Clovis Rd, Lubbock, TX 79415",4.7,155,Auto repair shop,risky,unknown,mv-verified-houston-risky-2026-04-20,ChIJ09sVN8AS_oYR6-bv3QfXnY8,1
dallasdowntown@athletico.com,Athletico,Physical Therapy - Dallas Downtown,Athletico Physical Therapy - Dallas Downtown,(469) 620-5070,https://www.athletico.com/locations/dallas-downtown/?utm_source=google-dallasdowntown&utm_medium=web&utm_campaign=google-listings,Dallas,"1201 Elm St #121, Dallas, TX 75270",5,155,Physical therapy clinic,risky,catch_all,mv-verified-houston-risky-2026-04-20,ChIJF4L8esGZToYRpRijcHVTS7E,3
info@carlossmallengine.com,Carlos,Small Engine Repair,Carlos Small Engine Repair,(714) 369-3897,https://carlossmallengine.com/,Spring,"7927 Annola Ln, Spring, TX 77379",4.8,155,Small engine repair service,risky,catch_all,mv-verified-houston-risky-2026-04-20,ChIJ0Ut-QqnNQIYReAOjbAn5Rxs,1
info@flowe.studio,Flowe,Studio,Flowe Studio,(832) 974-0913,http://www.flowe.studio/,Houston,"1207 W 34th St #400, Houston, TX 77018",4.7,155,Hair salon,risky,catch_all,mv-verified-houston-risky-2026-04-20,ChIJb2hUvqnHQIYRFD2BEeReXgw,1
herzogmarketing@yahoo.com,Loco,Print,Loco Print,(214) 621-5723,https://locoprint.wixsite.com/locoprint,Dallas,"8110 Skillman St, Dallas, TX 75231",5,155,Sign shop,risky,unknown,mv-verified-houston-risky-2026-04-20,ChIJFVcf1xR8ToYRiJBahs68C7s,1
hello@modernanimal.com,Modern,Animal South Lamar,Modern Animal South Lamar,(737) 373-3484,https://www.modernanimal.com/clinics/south-lamar,Austin,"1100 S Lamar Blvd UNIT 1105, Austin, TX 78704",4.8,155,Veterinarian,risky,catch_all,mv-verified-houston-risky-2026-04-20,ChIJN36pA2W1RIYRwqXqau3W-tE,1
info@moontattoostudio.com,Moon,Tattoo,Moon Tattoo,(512) 553-8228,http://moontattoostudio.com/,Austin,"1736 W Anderson Ln., Austin, TX 78757",4.9,155,Tattoo shop,risky,unknown,mv-verified-houston-risky-2026-04-20,ChIJN8PYxbbLRIYRia-TH4FFmso,1
sales@optimumsolarusa.com,Optimum,Solar USA,Optimum Solar USA,(512) 489-0044,https://optimumsolarusa.com/,Austin,"1812 Centre Creek Dr Suite 215, Austin, TX 78754",4.7,155,Solar energy company,risky,catch_all,mv-verified-houston-risky-2026-04-20,ChIJIxvskQNaNWcRsFmAq5u16jQ,1
info@royalflushseptics.com,Royal,"Flush Septic, Inc.","Royal Flush Septic, Inc.",(972) 948-4500,http://royalflushseptics.com/,Allen,"306 N Ash Dr STE D, Allen, TX 75002",4.8,155,Septic system service,risky,catch_all,mv-verified-houston-risky-2026-04-20,ChIJAQCwyasRTIYRUDaF3muja_o,1
info@septicproservices.com,Septic,Pro Services,Septic Pro Services,(832) 295-4929,https://www.septicproservices.com/,New Caney,"17355 Reiss Trail, New Caney, TX 77357",4.9,155,Septic system service,risky,catch_all,mv-verified-houston-risky-2026-04-20,ChIJT6NsyhRPR4YR9FpZdt9YezM,1
info@texaschildrens.org,Texas,Children's Pediatrics Heights,Texas Children's Pediatrics Heights,(713) 869-1692,https://www.texaschildrens.org/locations/texas-childrens-pediatrics/heights,Houston,"2200 Yale St Suite 120 Suite 120, Houston, TX 77008",3.5,155,Pediatrician,risky,catch_all,mv-verified-houston-risky-2026-04-20,ChIJYULdgf7GQIYRbZbJXIGAL64,6
info@247towingaustin.com,247,Austin Towing LLC,247 Austin Towing LLC,(737) 367-6531,https://247towingaustin.com/,Austin,"8006 Bluff Springs Rd, Austin, TX 78744",4.9,154,Towing service,risky,catch_all,mv-verified-houston-risky-2026-04-20,ChIJdaZmf_gRJS8RDT_hfNLqapQ,1
dutchmarkroofing@yahoo.com,Dutchmark,Roofing Beaumont Tx,Dutchmark Roofing Beaumont Tx,(409) 799-7663,https://dutchmarkcontractors.com/,Beaumont,"595 Orleans St # 100, Beaumont, TX 77701",5,154,Roofing contractor,risky,unknown,mv-verified-houston-risky-2026-04-20,ChIJX0gCzM7LPoYR07tHYp5uTrE,1
info@fireflyelectricservice.com,Firefly,Electric Service,Firefly Electric Service,(210) 232-0437,https://fireflyelectricservice.com/,San Antonio,"8034 Culebra Rd STE 106, San Antonio, TX 78251",4.8,154,Electrician,risky,catch_all,mv-verified-houston-risky-2026-04-20,ChIJox4gIkZFXIYRPPREgiuNx54,1
groomgoa@yahoo.com,Groomingdale's,of Austin,Groomingdale's of Austin,(512) 524-1484,http://www.groomingdalesofaustin.com/,Austin,"1108 W Koenig Ln, Austin, TX 78756",4.4,154,Pet groomer,risky,unknown,mv-verified-houston-risky-2026-04-20,ChIJfSyQ8kTKRIYRk_Pm5IeR7eo,1
info@hendrickpainting.com,Hendrick,Painting,Hendrick Painting,(210) 499-5400,https://www.hendrickpainting.com/,San Antonio,"9901 I-10 Ste 800, San Antonio, TX 78230",4.8,154,Painter,risky,catch_all,mv-verified-houston-risky-2026-04-20,ChIJNbUVkLdgXIYRMBVPB7J44nQ,1
info@guildtx.com,Quality,Roofing Austin,Quality Roofing Austin,(512) 836-3600,https://www.qualityroofingtx.com/,Austin,"8222 N Lamar Blvd suite e-43, Austin, TX 78753",4.8,154,Roofing contractor,risky,catch_all,mv-verified-houston-risky-2026-04-20,ChIJa77H_M3LRIYR2mFs4kqvPf0,1
valerie@randmss.com,RM,TAX OFFICE,RM TAX OFFICE,(832) 902-6870,http://www.randmss.com/,Missouri City,"2499 Cartwright Rd, Missouri City, TX 77459",3.6,154,Tax preparation service,risky,catch_all,mv-verified-houston-risky-2026-04-20,ChIJGTqsDkHbQIYRliFbygyMYkE,1
jacobhomeinspection@yahoo.com,Houston,Jacob Home Inspection,Houston Jacob Home Inspection,(281) 748-0566,https://www.jacobhomeinspection.com/,Houston,"9422 Borden Bluff Ln, Houston, TX 77095",4.9,153,Home inspector,risky,unknown,mv-verified-houston-risky-2026-04-20,ChIJa2ZRHPTWQIYRrIs6sDNqLEA,1
info@bayoucitybailbonds.com,Bayou,City Bail Bonds,Bayou City Bail Bonds,(713) 228-4064,https://www.bayoucitybailbonds.com/,Houston,"1415 Franklin St, Houston, TX 77002",4.8,152,Bail bonds service,risky,catch_all,mv-verified-houston-risky-2026-04-20,ChIJ3YCGFSa_QIYRynP71VOP7iU,1
info@birrieriaymariscoselgeneraltx.com,Birrieria,y Mariscos El Presidente,Birrieria y Mariscos El Presidente,(361) 461-6888,https://www.birrieriaymariscoselgeneraltx.com/,Corpus Christi,"5440 Kostoryz Rd, Corpus Christi, TX 78415",4.3,152,Restaurant,risky,catch_all,mv-verified-houston-risky-2026-04-20,ChIJH3W78BJDXIYR5HNbPb24LEk,1
info@orthorehabphysicaltherapy.com,OrthoRehab,"Physical Therapy: Dr. Randy Vasquez, PT, DPT","OrthoRehab Physical Therapy: Dr. Randy Vasquez, PT, DPT",(210) 307-4924,http://orthorehabphysicaltherapy.com/,San Antonio,"8425 Bandera Rd suite 120, San Antonio, TX 78250",4.9,152,Physical therapy clinic,risky,catch_all,mv-verified-houston-risky-2026-04-20,ChIJ8eyiHmpoXIYRMWXU3FYxUKY,1
info@texasfreshairhvac.com,Texas,Fresh Air,Texas Fresh Air,(832) 767-1169,https://texasfreshairhvac.com/,Houston,"1771 Upland Dr #102, Houston, TX 77043",4.9,152,HVAC contractor,risky,catch_all,mv-verified-houston-risky-2026-04-20,ChIJP8ncC5HbQIYRXBShKDn7KKQ,1
kevin@timelessmoving.com,Timeless,Moving Katy,Timeless Moving Katy,(346) 489-5383,https://www.timelessmovingtx.com/,Katy,"511 Rockpoint Dr, Katy, TX 77450",5,152,Mover,risky,catch_all,mv-verified-houston-risky-2026-04-20,ChIJ_Sben7XDQmgRTdgu-b-VpvY,1
info@aimins.net,Associated,Insurance Managers,Associated Insurance Managers,(713) 365-8400,https://www.aimins.net/,Houston,"11111 Katy Fwy #120, Houston, TX 77079",5,151,Insurance agency,risky,catch_all,mv-verified-houston-risky-2026-04-20,ChIJSSs6JUHbQIYRKVUFBYvDJKA,1
support@otherpeoplespixels.com,Death,Or Glory,Death Or Glory,(214) 823-5900,http://deathorglorydallas.com/,Dallas,"5623 Bell Ave, Dallas, TX 75206",4.7,151,Tattoo shop,risky,unknown,mv-verified-houston-risky-2026-04-20,ChIJM-oC3TefToYRbki-Vl51hOw,1
mayzack@aol.com,Express,Auto Repair & Tires,Express Auto Repair & Tires,(972) 313-7600,https://www.expressautoirvingtx.com/?utm_source=GMB&utm_medium=gmb&utm_campaign=google&utm_term=irving,Irving,"107 N Story Rd, Irving, TX 75061",3.7,151,Auto repair shop,risky,unknown,mv-verified-houston-risky-2026-04-20,ChIJoVxGyJeDToYR8Nv3lxwl1eU,1
info@shopjuneandco.com,June,& Co.,June & Co.,,http://www.shopjuneandco.com/,Houston,"1229 Heights Blvd, Houston, TX 77008",4.9,151,Women's clothing store,risky,catch_all,mv-verified-houston-risky-2026-04-20,ChIJQ5xO4K3BQIYRVZZSQxlFgz4,1
info@luckysconcretesanantonio.com,Lucky's,Concrete San Antonio,Lucky's Concrete San Antonio,(210) 940-1600,http://luckysconcretesanantonio.com/#contact?utm_source=google&utm_medium=local&utm_campaign=maingbp,San Antonio,"87 Haby Dr, San Antonio, TX 78212",5,151,Concrete contractor,risky,catch_all,mv-verified-houston-risky-2026-04-20,ChIJJbxpB51fXIYR_8npLBPQYqw,2
info@rawvisiondetailing.com,Raw,Vision Auto Detailing,Raw Vision Auto Detailing,(512) 800-8850,http://www.rawvisiondetailing.com/,Austin,"10100 N Interstate Hwy 35, Austin, TX 78753",5,151,Car detailing service,risky,catch_all,mv-verified-houston-risky-2026-04-20,ChIJ47E3Km_JRIYR0wqGrLQtAJo,1
info@revolvephysicaltherapy.com,Revolve,Physical Therapy - Memorial/Spring Branch,Revolve Physical Therapy - Memorial/Spring Branch,(832) 831-4188,https://revolvephysicaltherapy.com/?utm_source=google&utm_medium=organic&utm_campaign=gmb,Houston,"9432 Katy Fwy Suite 470, Houston, TX 77055",4.9,151,Physical therapy clinic,risky,catch_all,mv-verified-houston-risky-2026-04-20,ChIJJ7IOVBTEQIYR1_9g7hbq_FY,2
jassen@jassenthaplumber.com,Jassen,Tha Plumber,Jassen Tha Plumber,(254) 235-2457,https://jassenthaplumber.com/?utm_source=gbp&utm_medium=organic,Hewitt,"133 First St, Hewitt, TX 76643",4.6,150,Plumber,risky,catch_all,mv-verified-houston-risky-2026-04-20,ChIJucyKCiOHT4YREbyZIqRmvFQ,1
info@naturalpawz.com,Natural,Pawz - Washington Ave,Natural Pawz - Washington Ave,(346) 692-2266,https://www.naturalpawz.com/,Houston,"4015 Washington Ave Suite A, Houston, TX 77007",4.6,150,Pet groomer,risky,catch_all,mv-verified-houston-risky-2026-04-20,ChIJzVlrp4fBQIYRYzdZBEZ7eYg,1
info@optimalspineandsports.com,Optimal,Spine And Sports Medicine,Optimal Spine And Sports Medicine,(281) 301-7710,https://www.optimalspineandsports.com/,Houston,"6212 N Main St Suite C, Houston, TX 77009",5,150,Chiropractor,risky,catch_all,mv-verified-houston-risky-2026-04-20,ChIJjwHzDyO5QIYRsIf4suFenPo,1
info@pgafrisco.com,Ryder,Cup Grille,Ryder Cup Grille,(469) 888-5850,https://pgafrisco.com/dine/?utm_source=gmblisting&utm_medium=organic,Frisco,"3725 PGA Pkwy, Frisco, TX 75033",4.5,150,Restaurant,risky,catch_all,mv-verified-houston-risky-2026-04-20,ChIJrXPv0mw5TIYRZ-AzVG_qaac,1
info@stxvent.com,South,Texas Ventilation,South Texas Ventilation,(361) 574-9618,http://www.stxvent.com/,Victoria,"307 E Rio Grande St, Victoria, TX 77901",4.7,150,Air conditioning contractor,risky,catch_all,mv-verified-houston-risky-2026-04-20,ChIJKbQccctmQoYRwchMa7ctB-A,1
info@texasstateroofing.com,Texas,State Roofing Company,Texas State Roofing Company,(361) 884-7663,http://www.texasstateroofing.com/,Corpus Christi,"901 S Staples St, Corpus Christi, TX 78404",4.7,150,Roofing contractor,risky,catch_all,mv-verified-houston-risky-2026-04-20,ChIJe3Q_s1deaIYR4KTbcDsVKu0,1
info@edgemerelife.com,The,Plaza at Edgemere,The Plaza at Edgemere,(214) 615-7045,https://edgemerelife.com/health-services/,Dallas,"8502 Edgemere Rd, Dallas, TX 75225",4.3,150,Assisted living facility,risky,catch_all,mv-verified-houston-risky-2026-04-20,ChIJD-2tskyeToYRsry6ZdYWcts,1
info@knightonstone.com,Knighton,"& Stone, PLLC","Knighton & Stone, PLLC",(281) 681-3004,http://www.knightonstone.com/,Spring,"2202 Timberloch Pl, Spring, TX 77380",4.9,149,Attorney,risky,catch_all,mv-verified-houston-risky-2026-04-20,ChIJDdcSBL82R4YRuELEAkDlYoQ,1
apartmenttowing@aol.com,MC,Towing Inc,MC Towing Inc,(713) 222-2277,http://apartmenttowing.com/,Houston,"10326 W Montgomery Rd, Houston, TX 77088",2.1,149,Towing service,risky,unknown,mv-verified-houston-risky-2026-04-20,ChIJTX-cp-vIQIYRIQLkcVfcqgs,1
sjauto@yahoo.com,S,& J Automotive,S & J Automotive,(903) 566-1027,http://sandjautomotive.com/home,Tyler,"3055 E 5th St, Tyler, TX 75701",4.6,149,Auto repair shop,risky,unknown,mv-verified-houston-risky-2026-04-20,ChIJd0TaRdfNSYYRmDgCHG77daw,1
spraggins10@sbcglobal.net,Spraggins,Auto Repair,Spraggins Auto Repair,(903) 297-1401,http://spragginsautorepairtx.com/,Longview,"1108 W Marshall Ave, Longview, TX 75604",4.5,149,Auto repair shop,risky,catch_all,mv-verified-houston-risky-2026-04-20,ChIJ5fMUlXM5NoYRELkJjzW-AbI,1
anabelmonteblack@yahoo.com,Montenegro,Salón & Spa,Montenegro Salón & Spa,(915) 873-3359,http://www.montenegrosalonspa.com/,El Paso,"3233 N Mesa St #101, El Paso, TX 79902",4.8,148,Beauty salon,risky,unknown,mv-verified-houston-risky-2026-04-20,ChIJcX6ebudX54YRSZOK34dpzs0,1
info@thelocalacguy.com,The,Local A/C Guy,The Local A/C Guy,(409) 750-3011,https://thelocalacguy.com/,,,4.9,148,HVAC contractor,risky,catch_all,mv-verified-houston-risky-2026-04-20,ChIJHSxGTnF-P4YRA0oaatU1WoY,1
info@espinosalawfirm.com,Espinosa,"Law Firm, PLLC","Espinosa Law Firm, PLLC",(956) 686-6490,http://www.espinosalawfirm.com/,McAllen,"4300 N McColl Rd, McAllen, TX 78504",4.8,147,Family law attorney,risky,unknown,mv-verified-houston-risky-2026-04-20,ChIJWRt4fSShZYYRlv7ZMYkZ7aM,1
info@gracemovers.com,Grace,Movers,Grace Movers,(817) 924-1347,http://www.gracemovers.com/,Fort Worth,"3909 E 1st St, Fort Worth, TX 76111",5,147,Moving and storage service,risky,catch_all,mv-verified-houston-risky-2026-04-20,ChIJyQYEefxxToYRKkYzLTYfK4k,1
flowers@plantsnpetals.net,Plants,N' Petals,Plants N' Petals,(713) 840-9191,https://pnpflowers.com/,Houston,"1 N Sampson St, Houston, TX 77003",4.3,147,Florist,risky,catch_all,mv-verified-houston-risky-2026-04-20,ChIJXcCpahnBQIYRZzmV_kye6XE,1
info@lauraphilippsdmd.com,Laura,"Philipps, DMD","Laura Philipps, DMD",(432) 570-4433,https://www.lauraphilippsdmd.com/,Midland,"2300 W Michigan Ave, Midland, TX 79701",5,146,Dentist,risky,catch_all,mv-verified-houston-risky-2026-04-20,ChIJRRpkgbzY-4YRQ5utdmuB0jw,1
service@lumenselectric.com,Lumens,Electric LLC,Lumens Electric LLC,(713) 649-7800,http://lumenselectric.com/,Houston,"3500 S Richey St Ste. 310, Houston, TX 77017",4.8,146,Electrician,risky,catch_all,mv-verified-houston-risky-2026-04-20,ChIJJbWuEgCXQIYRZztWbiPOlto,1
info@sanantonioashiatsumassage.com,San,Antonio Ashiatsu Massage,San Antonio Ashiatsu Massage,(210) 701-0154,http://www.sanantonioashiatsumassage.com/,San Antonio,"118 Broadway #321, San Antonio, TX 78205",5,146,Massage therapist,risky,catch_all,mv-verified-houston-risky-2026-04-20,ChIJodb1gaqlPI4RanjEpT7JN2E,1
info@golfquailvalley.com,The,Bluebonnet Grille,The Bluebonnet Grille,(281) 403-5920,https://www.golfquailvalley.com/grille-about/,Missouri City,"2880 La Quinta Dr, Missouri City, TX 77459",4.5,146,American restaurant,risky,catch_all,mv-verified-houston-risky-2026-04-20,ChIJl9uXnk3vQIYRHgmUye9p5Ts,1
info@thebridgeandbarrel.com,The,Bridge and Barrel Wine Bar and Bistro,The Bridge and Barrel Wine Bar and Bistro,(281) 462-4160,https://thebridgeandbarrel.com/,Crosby,"5621 S Main St, Crosby, TX 77532",4.9,146,Restaurant,risky,catch_all,mv-verified-houston-risky-2026-04-20,ChIJ34orTT-pQIYRYxVxJYnzYyI,1
info@thegroundup.com,The,Ground Up,The Ground Up,(281) 970-0003,https://thegroundup.com/,Houston,"9945 Windfern Rd, Houston, TX 77064",4.3,146,Landscaping supply store,risky,unknown,mv-verified-houston-risky-2026-04-20,ChIJXZcMhjfOQIYRXTHL_aUeND8,1
info@ateaseplumbing.com,At-Ease,Plumbing Plano,At-Ease Plumbing Plano,(972) 612-2170,https://ateaseplumbing.com/?utm_source=organic&utm_medium=gbp_listing,Plano,"6901 K Ave #106, Plano, TX 75074",4.7,145,Plumber,risky,unknown,mv-verified-houston-risky-2026-04-20,ChIJl2Tlc68ZTIYRSlw82gThacM,2
alert@bionic24365.com,BIONIC,Water Damage Restoration of Houston,BIONIC Water Damage Restoration of Houston,(713) 609-1569,https://bionic24365.com/,Houston,"14300 Northwest Fwy, Houston, TX 77040",5,145,Water damage restoration service,risky,catch_all,mv-verified-houston-risky-2026-04-20,ChIJDy5x1I7PQIYRe-CvUTGxj3g,1
info@excellenceairhvac.com,Excellence,A/C & Heating,Excellence A/C & Heating,(713) 882-9200,http://www.excellenceairhvac.com/,,,5,145,HVAC contractor,risky,catch_all,mv-verified-houston-risky-2026-04-20,ChIJ3erY4qflQIYRKI3KstSy-zU,1
support@reignroof.com,Reign,Roofing - Sugar Land,Reign Roofing - Sugar Land,(281) 301-5477,https://reignroof.com/?utm_campaign=gmb,Sugar Land,"19901 Southwest Fwy, Sugar Land, TX 77479",5,145,Roofing contractor,risky,catch_all,mv-verified-houston-risky-2026-04-20,ChIJPcNP2TUfQYYR5kzXcxMZ7Tk,2
sackettauto@aol.com,Sackett,Auto Repair,Sackett Auto Repair,(713) 522-2425,https://www.sackettautorepair.com/,Houston,"3730 Leeland St, Houston, TX 77003",4.7,145,Auto repair shop,risky,unknown,mv-verified-houston-risky-2026-04-20,ChIJ-Q8BOxS_QIYRbWfJAY5Okzk,1
info@solratech.us,SolRa,Tech,SolRa Tech,(346) 562-1286,http://www.solratech.us/,Houston,"555 W 19th St suite 326, Houston, TX 77008",5,145,Roofing contractor,risky,catch_all,mv-verified-houston-risky-2026-04-20,ChIJW3M-RtlKcKwRlLqNTeS1gus,1
info@sweetlandcakery.com,Sweetland,Cakery - Custom Cakes for All Occasions,Sweetland Cakery - Custom Cakes for All Occasions,(281) 609-4050,https://sweetlandcakery.com/,Houston,"6317 N Eldridge Pkwy Suite 107, Houston, TX 77041",4.8,145,Cake shop,risky,catch_all,mv-verified-houston-risky-2026-04-20,ChIJh03sBgXRQIYRhByktkRHsSQ,1
info@totalroofingsystems.com,Total,Roofing Systems LLC,Total Roofing Systems LLC,,https://www.totalroofingsystems.com/,Fort Worth,"6013 Reef Point Ln, Fort Worth, TX 76135",5,145,Roofing contractor,risky,catch_all,mv-verified-houston-risky-2026-04-20,ChIJARQzB0l1ToYRv2K6wzzBxDc,1
support@key.me,KeyMe,Locksmiths,KeyMe Locksmiths,(817) 477-6662,https://key.me/kiosks/texas/fort-worth/fort-worth/copy-keys-fort-worth-tx,Fort Worth,"2500 Forest Park Blvd, Fort Worth, TX 76110",4.7,144,Key duplication service,risky,catch_all,mv-verified-houston-risky-2026-04-20,ChIJgSQz7SdyToYRTztLNhNwqpE,5
info@martinautodetailing.com,Martin,Auto Detailing,Martin Auto Detailing,(972) 895-9432,https://www.martinautodetailing.com/?utm_campaign=gmb,Dallas,"6115 Owens St Unit 306, Dallas, TX 75235",5,144,Car wash,risky,catch_all,mv-verified-houston-risky-2026-04-20,ChIJs0a-gHCfToYRiuW2QR6cAvI,1
info@pilixplumbing.com,Pilix,Plumbing,Pilix Plumbing,(713) 572-5668,http://www.pilixplumbing.com/,Houston,"351 Red Ripple Rd, Houston, TX 77091",4.9,144,Plumber,risky,catch_all,mv-verified-houston-risky-2026-04-20,ChIJG7xPFnDHQIYRh-3bdgy7Ie4,1
info@sureshotpest.net,Sure,Shot Pest Management,Sure Shot Pest Management,(325) 514-0288,https://sureshotpest.net/,,,4.8,144,Pest control service,risky,catch_all,mv-verified-houston-risky-2026-04-20,ChIJXXy24iiZToYRGvSfWlRyen0,1
media@prnpt.com,Vista,"Physical Therapy - Dallas, Central","Vista Physical Therapy - Dallas, Central",(469) 706-3760,https://www.prnpt.com/locations/394/vista-physical-therapy-dallas-central/dallas/location-details#appointment?utm_source=google&utm_medium=local&utm_campaign=GMB,Dallas,"12228 N Central Expy Ste 300, Dallas, TX 75243",5,144,Physical therapy clinic,risky,catch_all,mv-verified-houston-risky-2026-04-20,ChIJVbgKScchTIYRDQYPDi7sRA0,3
%20info@houstondogranch.com,Houston,Dog Ranch,Houston Dog Ranch,(713) 465-2275,http://www.houstondogranch.com/?utm_campaign=gmb,Houston,"9602 Dalecrest Dr, Houston, TX 77080",4.4,143,Dog trainer,risky,catch_all,mv-verified-houston-risky-2026-04-20,ChIJH3DdR_DEQIYRStMt74678Bw,1
info@kritikitchen.com,Kriti,Kitchen,Kriti Kitchen,(346) 320-3944,https://www.kritikitchen.com/,Houston,"4010 Bissonnet St, Houston, TX 77005",4.8,143,Greek restaurant,risky,catch_all,mv-verified-houston-risky-2026-04-20,ChIJw287c0rBQIYRGnmMgAYnros,1
shop@mikesdowntowngarage.com,Mike's,Downtown Garage,Mike's Downtown Garage,(210) 223-6500,http://www.mikesdowntowngarage.com/,San Antonio,"331 S Flores St, San Antonio, TX 78204",4.5,143,Auto repair shop,risky,unknown,mv-verified-houston-risky-2026-04-20,ChIJh8vIEbJYXIYRSv7KPrejQAI,1
spa.cibolo@yahoo.com,Spa,At Cibolo Canyon,Spa At Cibolo Canyon,(210) 481-3033,https://www.thespaatcibolocanyon.com/,San Antonio,"22800 Bulverde Rd, San Antonio, TX 78261",4.6,143,Spa,risky,unknown,mv-verified-houston-risky-2026-04-20,ChIJKQ_LlRyJXIYR91t0Sg_H6sg,1
waltonmuffler@yahoo.com,Walton's,Mufflers Brakes & Total Car Care,Walton's Mufflers Brakes & Total Car Care,(972) 938-9922,http://www.waltonsauto.com/,Waxahachie,"1530 US-287 BYP, Waxahachie, TX 75165",4.1,143,Auto repair shop,risky,unknown,mv-verified-houston-risky-2026-04-20,ChIJkVo2rb7uToYRLfaRYoIBdmk,1
info@wilderelectric.com,Wilder,Electric,Wilder Electric,(682) 292-8897,https://www.wilderelectric.com/,,,4.8,143,Electrician,risky,catch_all,mv-verified-houston-risky-2026-04-20,ChIJVfb6HOzjUYYRgOi_M4IW-Wc,1
admin@grassking.com,Grass,"King, Inc.","Grass King, Inc.",(817) 741-3661,http://www.grassking.com/,Fort Worth,"4730 Ray White Rd, Fort Worth, TX 76244",4.4,142,Lawn care service,risky,catch_all,mv-verified-houston-risky-2026-04-20,ChIJWR8sEsbZTYYRI5uTAIdA6Ng,1
info@image360nwhouston.com,Image360,San Antonio Central,Image360 San Antonio Central,(210) 892-0203,https://image360.com/san-antonio-tx-central/?utm_source=gbp&utm_medium=organic&utm_campaign=lg,San Antonio,"1230 Basse Rd, San Antonio, TX 78212",4.8,142,Sign shop,risky,unknown,mv-verified-houston-risky-2026-04-20,ChIJkU5VTVRfXIYRv12qPlOH23E,2
sales@monarchtrophy.com,Monarch,Trophy & Awards,Monarch Trophy & Awards,(713) 464-1122,https://www.monarchtrophy.com/,Houston,"8840 North Sam Houston Pkwy W, Houston, TX 77064",4.5,142,Trophy shop,risky,catch_all,mv-verified-houston-risky-2026-04-20,ChIJPVophCLOQIYR9x6hO9lhV_s,1
info@waveformaustin.com,Waveform,Austin - Photography Studio Rental and Band Rehearsal Studios,Waveform Austin - Photography Studio Rental and Band Rehearsal Studios,(512) 222-7961,http://www.waveformaustin.com/,Austin,"8204 N Lamar Blvd suite a-1, Austin, TX 78753",4.8,142,Photography studio,risky,unknown,mv-verified-houston-risky-2026-04-20,ChIJ96y_qM3LRIYR6YHOh0OdnYE,1
jeremy@breakfreeworldwide.com,Break,Free Hip-Hop School: SE Houston,Break Free Hip-Hop School: SE Houston,(832) 649-8096,https://breakfreeworldwide.com/,Houston,"9191 Winkler Dr suite f, Houston, TX 77017",5,141,Dance school,risky,catch_all,mv-verified-houston-risky-2026-04-20,ChIJqdArg8SXQIYRgb2tvHWlNgQ,1
info@compu-cel.com,Compu-Cel,,Compu-Cel,(915) 590-6000,https://compu-cel.com/,El Paso,"11457 Pellicano Dr Unit 1, El Paso, TX 79936",4.6,141,Computer repair service,risky,catch_all,mv-verified-houston-risky-2026-04-20,ChIJY3Uc2MRa54YRcyOjb35Wv9A,1
info@peteplumbingdallas.com,Pete,the Plumbing Pro,Pete the Plumbing Pro,(214) 751-8743,https://peteplumbingdallas.com/,Dallas,"4653 Leston St Suite 3959, Dallas, TX 75247",4.8,141,Plumber,risky,catch_all,mv-verified-houston-risky-2026-04-20,ChIJSe7A16OdToYRknSTi7RRNwE,1
hello@bayoucityshirts.com,Bayou,City Shirts,Bayou City Shirts,(832) 327-3200,https://bayoucityshirts.com/?utm_source=google&utm_medium=GMB&utm_campaign=KP,Houston,"6451 Rupley Cir, Houston, TX 77087",4.6,140,Screen printer,risky,catch_all,mv-verified-houston-risky-2026-04-20,ChIJx4P0szrcQIYR8qaT9l4B5XU,1
hello@casamorganagelatos.com,Casa,Morgana Gelatos,Casa Morgana Gelatos,(956) 329-4747,https://casamorganagelatos.com/,San Antonio,"3107 TPC Pkwy #103, San Antonio, TX 78259",4.8,140,Ice cream shop,risky,catch_all,mv-verified-houston-risky-2026-04-20,ChIJWVagKiOJXIYReABtZRkriNs,1
info@integrityautorgv.com,Integrity,Auto Repair,Integrity Auto Repair,(956) 627-2312,https://www.integrityautorgv.com/,McAllen,"1005 US-83 BUS, McAllen, TX 78501",4.9,140,Auto repair shop,risky,catch_all,mv-verified-houston-risky-2026-04-20,ChIJKT3VFUyhZYYRehM5hL74zIs,1
masterautobody1@att.net,Master,Auto Body & Upholstery,Master Auto Body & Upholstery,(713) 785-6533,https://masterautobodyshop.com/,Houston,"7750 Harwin Dr., Houston, TX 77036",4.8,140,Auto body shop,risky,catch_all,mv-verified-houston-risky-2026-04-20,ChIJGZXQnv_CQIYRQitMOFz-CSQ,1
helpdesk@thepersonnelstore.com,The,"Personnel Store, Inc.","The Personnel Store, Inc.",(512) 236-1400,http://www.thepersonnelstore.com/,Austin,"720 Brazos St B101, Austin, TX 78701",4.4,140,Employment agency,risky,catch_all,mv-verified-houston-risky-2026-04-20,ChIJ96B2eqe1RIYROfUfKUi4qcE,1
info@therollingdiamond.com,The,Rolling Diamond Mobile Detailing,The Rolling Diamond Mobile Detailing,,https://therollingdiamond.com/?utm_source=GMB&utm_medium=Organic&utm_content=Listing&utm_campaign=GMB1,Mesquite,"4318 Gus Thomasson Rd, Mesquite, TX 75150",4.9,140,Car detailing service,risky,catch_all,mv-verified-houston-risky-2026-04-20,ChIJadMIxFOnToYR7U33eUtxeOg,1
contact@5elementsstudio.com,5,Elements Studio Jiu-Jitsu & Fitness,5 Elements Studio Jiu-Jitsu & Fitness,(214) 940-3445,https://5elementsstudio.com/,Dallas,"2613 N Carroll Ave, Dallas, TX 75204",5,139,Martial arts school,risky,catch_all,mv-verified-houston-risky-2026-04-20,ChIJv0XXFWifToYRtiaHyimDxUE,1
info@apavhllc.com,A,Paw Above Veterinary Hospital,A Paw Above Veterinary Hospital,(281) 957-0257,http://www.apavhllc.com/,Manvel,"19431 Morris Ave #120, Manvel, TX 77578",4.8,139,Veterinarian,risky,catch_all,mv-verified-houston-risky-2026-04-20,ChIJJ6_V83-NQIYRF8GYNkFNANk,1
info@newfaithchurch.org,New,Faith Church,New Faith Church,(713) 434-4000,https://www.newfaithchurch.org/,Houston,"4315 W Fuqua St, Houston, TX 77045",4.8,139,Place of worship,risky,catch_all,mv-verified-houston-risky-2026-04-20,ChIJc4-L8aPrQIYRC1QpdOGnKjM,1
info@offeringhope.org,St.,Hope Healthcare - Dickinson/Texas City,St. Hope Healthcare - Dickinson/Texas City,(713) 955-4821,https://offeringhope.org/,Dickinson,"3750 Medical Park Dr Suite 150, Dickinson, TX 77539",4.5,139,Dental clinic,risky,catch_all,mv-verified-houston-risky-2026-04-20,ChIJbwXlcsh-P4YR_y9RKgLf3QY,1
james@getsoldtexas.com,The,Biedenharn Team Keller Williams Fort Worth,The Biedenharn Team Keller Williams Fort Worth,(817) 870-8860,https://www.getsoldtexas.com/,Fort Worth,"4880 Boat Club Rd, Fort Worth, TX 76135",4.9,139,Real estate agency,risky,catch_all,mv-verified-houston-risky-2026-04-20,ChIJn5Jg0jx1ToYRhV3rM7Ldz4k,1
austingm@coletteclubs.com,colette,Houston,colette Houston,+1 281-781-7221,http://www.coletteclubs.com/,Houston,"1319 Cypress Creek Pkwy #190, Houston, TX 77090, United States",4,139,Nightclub,risky,catch_all,mv-verified-houston-risky-2026-04-20,ChIJB00aSRDLQIYR_dQpTzGP2DY,1
info@hvacservice.net,Air,Integrity HVAC,Air Integrity HVAC,(281) 786-0210,https://hvacservice.net/,Deer Park,"902 Center St, Deer Park, TX 77536",4.8,138,HVAC contractor,risky,catch_all,mv-verified-houston-risky-2026-04-20,ChIJ5XuN_6-ZQIYROYcMphxFeXY,1
info@bdplumbingservices.com,B+D,Plumbing Services LLC,B+D Plumbing Services LLC,(214) 334-7307,https://bdplumbingservices.com/,,,5,138,Plumber,risky,catch_all,mv-verified-houston-risky-2026-04-20,ChIJY0fK1IUTTIYRvkkvneaHEIk,1
info@bteelectric.com,Bierlein,Trombley Electric (BTE-BC),Bierlein Trombley Electric (BTE-BC),(989) 778-2500,http://bteelectric.com/,,"378 N Tuscola Rd, Bay City, MI 48708",4.9,138,Electrician,risky,catch_all,mv-verified-houston-risky-2026-04-20,ChIJr8gIoWDhI4gRxcNX6_j4KqI,1
residentialquotes@binswangerglass.com,Binswanger,Glass,Binswanger Glass,(713) 782-2424,https://www.binswangerglass.com/branch/houston-tx-3330-chimney-rock-rd/,Houston,"3330 Chimney Rock Rd, Houston, TX 77056",4.5,138,Glass & mirror shop,risky,catch_all,mv-verified-houston-risky-2026-04-20,ChIJ7wHC6n3BQIYRp1ddGYgtaSU,2
info@cgtax.com,C&G,Tax Service,C&G Tax Service,(281) 370-1120,http://cgtax.com/,Cypress,"12119 Heatherwick Dr, Cypress, TX 77429",4.9,138,Tax preparation service,risky,catch_all,mv-verified-houston-risky-2026-04-20,ChIJ_zrFUgDTQIYRm0TYRPy-tB4,1
1plumber@rescuefortworth.com,Fort,Worth Rescue and Restore Plumbing LLC,Fort Worth Rescue and Restore Plumbing LLC,(817) 691-9249,http://www.rescuefortworth.com/,Benbrook,"1025 Warden St, Benbrook, TX 76126",4.9,138,Plumber,risky,catch_all,mv-verified-houston-risky-2026-04-20,ChIJ8djyFZUTToYRD_9_ufQRXA0,1
contact@swirledpeace.com,Swirled,Peace,Swirled Peace,(972) 863-8447,https://www.swirledpeace.com/,Dallas,"309 W Eighth St, Dallas, TX 75208",4.8,138,Ice cream shop,risky,catch_all,mv-verified-houston-risky-2026-04-20,ChIJFy_YzbaZToYRRsFyB3FyrNA,1
info@fixingthepane.com,24,Hour Glass,24 Hour Glass,(210) 601-7925,http://www.fixingthepane.com/,San Antonio,"9830 McCullough Ave, San Antonio, TX 78216",4.8,137,Glass & mirror shop,risky,catch_all,mv-verified-houston-risky-2026-04-20,ChIJeR2x_ZphXIYR18h4u1mIoAE,1
info@arizonatile.com,Arizona,Tile,Arizona Tile,(713) 468-0511,https://www.arizonatile.com/en/locations/houston,Houston,"10811 S Westview Cir Dr, Houston, TX 77043",4.4,137,Flooring store,risky,catch_all,mv-verified-houston-risky-2026-04-20,ChIJB0vkHTbbQIYRWx7u5-N0ZaU,1
info@patriotserviceselectric.com,Patriot,Services Electric,Patriot Services Electric,(713) 900-9140,http://patriotserviceselectric.com/,,,4.9,137,Electrician,risky,catch_all,mv-verified-houston-risky-2026-04-20,ChIJ1Q0XZT-ZqU4RcAP3jkHTYf0,1
jaredkdavis@yahoo.com,Precision,"Tree & Landscaping, LLC","Precision Tree & Landscaping, LLC",(832) 792-3206,https://www.precisiontreelandscaping.com/,Pearland,"17425 Harkey Rd, Pearland, TX 77584",4.9,137,Landscaper,risky,unknown,mv-verified-houston-risky-2026-04-20,ChIJ6YUxYh6SQIYRQad0qJjxKxo,1
info@robersonac.com,Roberson,Air Conditioning,Roberson Air Conditioning,(979) 532-5101,https://robersonac.com/hvac-maintenance/,Wharton,"200 E Milam St, Wharton, TX 77488",5,137,Air conditioning repair service,risky,catch_all,mv-verified-houston-risky-2026-04-20,ChIJd7ofzxF1QYYR4-iCC6GBxaw,1
nader.alrahahleh@1800waterdamage.com,1800,Water Damage Houston,1800 Water Damage Houston,,https://www.1800waterdamage.com/se-houston/,Webster,"16910 Texas Ave ste a10, Webster, TX 77598",5,136,Water damage restoration service,risky,catch_all,mv-verified-houston-risky-2026-04-20,ChIJHar09S-fhUIR4U03EqnPSIQ,1
info@authenticplumbingtx.com,Authentic,Plumbing Solutions - Rockwall,Authentic Plumbing Solutions - Rockwall,(469) 564-1550,https://www.authenticplumbingtx.com/,Rockwall,"783 Justin Rd, Rockwall, TX 75087",5,136,Plumber,risky,catch_all,mv-verified-houston-risky-2026-04-20,ChIJ5fCJxYSy7yoRZHduK44phk8,1
citrussssbistro@yahoo.com,Citrus,Bay Bistro,Citrus Bay Bistro,(361) 882-2047,https://www.citrusbaybistro.com/,Corpus Christi,"500 N Shoreline Blvd #108, Corpus Christi, TX 78401",4.6,136,Bistro,risky,unknown,mv-verified-houston-risky-2026-04-20,ChIJxUfi0fVeaIYRmnifUuQ-gY4,1
cityfenceco.sa@sbcglobal.net,City,Fence Co of San Antonio,City Fence Co of San Antonio,(210) 653-1100,http://cityfencesa.com/,San Antonio,"4047 Stahl Rd, San Antonio, TX 78217",4.6,136,Fence contractor,risky,catch_all,mv-verified-houston-risky-2026-04-20,ChIJuVgD4XWLXIYR3f4Jm-Mw0YQ,1
officemanager@expressionschirodallas.com,Expressions,Chiropractic Of Dallas PC,Expressions Chiropractic Of Dallas PC,(214) 969-6999,https://www.expressionschirodallas.com/,Dallas,"1999 Bryan St Suite 850, Dallas, TX 75201",4.9,136,Chiropractor,risky,catch_all,mv-verified-houston-risky-2026-04-20,ChIJiY_mBCOZToYR-FwMXNnVsBA,1
roney@topratedroofing.com,Top,Rated Roofing,Top Rated Roofing,(817) 808-7304,http://www.topratedroofing.com/,Fort Worth,"9812 Rio Frio Trail, Fort Worth, TX 76126",5,136,Roofing contractor,risky,catch_all,mv-verified-houston-risky-2026-04-20,ChIJfUCHP38SToYRO52wcSGOGGY,1
info@glossglowwellnessspa.com,GlossGlow,Wellness Spa,GlossGlow Wellness Spa,(210) 255-1453,https://glossglowwellnessspa.com/,San Antonio,"17147 Autry Pond Rd #101, San Antonio, TX 78247",5,135,Nail salon,risky,unknown,mv-verified-houston-risky-2026-04-20,ChIJRyG6vzOJXIYRIfnybdlGjcQ,1
office@streamlineservice.com,Streamline,Service,Streamline Service,(254) 366-8281,https://www.streamlineservice.com/,,,4.9,135,Plumber,risky,catch_all,mv-verified-houston-risky-2026-04-20,ChIJ88Q2kU-dT4YRDzYqfp63lV8,1
info@thatbytesaustin.com,That,Bytes! Computer Repair,That Bytes! Computer Repair,(512) 330-4048,http://www.thatbytesaustin.com/,Austin,"1204 W Slaughter Ln Suite 3, Austin, TX 78748",4.7,135,Computer repair service,risky,catch_all,mv-verified-houston-risky-2026-04-20,ChIJJywkoe5MW4YR4K6Fj5JQdOA,1
reservations@houstonian.com,The,Houstonian Club,The Houstonian Club,(713) 685-6888,http://www.houstonian.com/,Houston,"Group Exercise Building B, 111 N Post Oak Ln, Houston, TX 77024",4.9,135,Fitness center,risky,catch_all,mv-verified-houston-risky-2026-04-20,ChIJvbCsyrTGQIYRXsGHinD5-iw,1
info@jabagents.com,The,JAB Insurance Agency - HOME - AUTO - LIFE - COMMERCIAL,The JAB Insurance Agency - HOME - AUTO - LIFE - COMMERCIAL,(210) 255-8191,https://jabagents.com/,San Antonio,"21970 Bulverde Rd #101, San Antonio, TX 78259",5,135,Insurance agency,risky,catch_all,mv-verified-houston-risky-2026-04-20,ChIJ-Soyr_KJXIYReD-1Lb1vN_o,1
info@bluebubblesspa.dog,Blue,Bubbles Spa,Blue Bubbles Spa,(713) 828-7889,http://bluebubblesspa.dog/,Houston,"8705 Varner Rd, Houston, TX 77080",5,134,Pet groomer,risky,catch_all,mv-verified-houston-risky-2026-04-20,ChIJQwCDOjnBQIYRoKgE5YFX0Yw,1
info@emhvac.net,Environmental,Matters HVAC LLC.,Environmental Matters HVAC LLC.,(832) 559-1057,https://www.emhvac.net/,Tomball,"9421 Farm to Market 2920 Building 10G, Tomball, TX 77375",5,134,Heating contractor,risky,catch_all,mv-verified-houston-risky-2026-04-20,ChIJn6oaAXktR4YRG6bsdYupEug,1
contactus@peshmergaprotectivegroup.com,Peshmerga,Protective Group,Peshmerga Protective Group,(469) 835-1232,http://www.peshmergaprotectivegroup.com/,Dallas,"13140 Coit Rd #350, Dallas, TX 75240",4.9,134,Security guard service,risky,unknown,mv-verified-houston-risky-2026-04-20,ChIJd6-JzD4hTIYREZENxmEy8v0,1
info@sponges.app,Sponges:,Mobile Car Wash and Detailing,Sponges: Mobile Car Wash and Detailing,(512) 576-0837,https://sponges.app/,Austin,"400 W Anderson Ln. Apt 3102, Austin, TX 78752",4.8,134,Car detailing service,risky,catch_all,mv-verified-houston-risky-2026-04-20,ChIJDWsb6J-72YgRg0ll3onBYUI,1
info@xpresslubenautorepair.com,Xpress,Oil change & Auto Repair,Xpress Oil change & Auto Repair,(281) 564-9710,https://xpresslubenautorepair.com/,Sugar Land,"11836-a, S Texas 6, Sugar Land, TX 77498",3.6,134,Auto repair shop,risky,unknown,mv-verified-houston-risky-2026-04-20,ChIJuTz9lMngQIYRdOxsxNuFpnc,1
info@sealsecurity.com,Seal,Security Solutions LLC,Seal Security Solutions LLC,(713) 979-2388,http://www.sealsecurity.com/,Houston,"1525 Blalock Rd, Houston, TX 77080",3.5,133,Security guard service,risky,catch_all,mv-verified-houston-risky-2026-04-20,ChIJn7JZ_gbFQIYRGKzQ7ti8BPg,1
info@chloesautorepair.com,Chloe's,Auto Repair and Tire Klein Spring,Chloe's Auto Repair and Tire Klein Spring,(832) 281-1234,https://www.chloesautorepair.com/spring#book,Spring,"22600 Gosling Rd, Spring, TX 77389",5,132,Auto repair shop,risky,catch_all,mv-verified-houston-risky-2026-04-20,ChIJ5Y1DNSAzR4YRcbCwQn8AmWs,1
denton@tfkfitness.com,Total,"Fitness Kickboxing - Denton, TX","Total Fitness Kickboxing - Denton, TX",(940) 230-4398,https://www.totalfitnesskickboxing.com/denton-tx,Denton,"1800 Brinker Rd Suite 260, Denton, TX 76208",4.9,132,Gym,risky,unknown,mv-verified-houston-risky-2026-04-20,ChIJk4fL7aPLTYYRFe91lQ13eio,1
blowincoldac@yahoo.com,Blowin,Cold AC,Blowin Cold AC,(281) 647-2653,http://blowincoldac.com/,Katy,"1023 Park Meadow Dr, Katy, TX 77450",5,131,HVAC contractor,risky,unknown,mv-verified-houston-risky-2026-04-20,ChIJPQsqc08nQYYRJmOlfG9fCLo,1
info@geekwindowcleaning.com,Geek,Window Cleaning,Geek Window Cleaning,(832) 323-3379,https://geekwindowcleaning.com/,Houston,"301 Bennington St, Houston, TX 77022",4.8,131,Window cleaning service,risky,catch_all,mv-verified-houston-risky-2026-04-20,ChIJ1RAMipfAQIYRkS69whUr8vI,1
contact@howdylawncare.com,Howdy!,Lawn Care Service,Howdy! Lawn Care Service,(210) 660-8418,http://howdylawncare.com/,San Antonio,"402 Chimney Tops, San Antonio, TX 78260",4.8,131,Lawn care service,risky,catch_all,mv-verified-houston-risky-2026-04-20,ChIJeXAhzxRjXIYRKQreExGRtAE,1
info@jackmanelectricalservicesllc.com,Jackman,Electrical Services LLC,Jackman Electrical Services LLC,+1 281-215-3456,https://www.jackmanelectricalservicesllc.com/,Porter,"23013 Volga Dr, Porter, TX 77365, United States",5,131,Electrician,risky,catch_all,mv-verified-houston-risky-2026-04-20,ChIJZ4kiMj5NR4YRC0KiLuHqGAY,1
wjeffs@sbcglobal.net,Jeff's,"Westside Plumbing, LLC","Jeff's Westside Plumbing, LLC",(915) 833-3545,http://jeffswestsideplumbing.com/,El Paso,"4040 Doniphan Dr, El Paso, TX 79922",4.1,131,Plumber,risky,catch_all,mv-verified-houston-risky-2026-04-20,ChIJp4FE-__43YYR2iOe4gIOFJo,1
info@trinityautoinsurance.com,TRINITY,AUTO INSURANCE,TRINITY AUTO INSURANCE,(210) 384-2949,http://www.trinityautoinsurance.com/,San Antonio,"8035 Culebra Rd STE 110, San Antonio, TX 78251",4.7,131,Auto insurance agency,risky,catch_all,mv-verified-houston-risky-2026-04-20,ChIJSflskiZdXIYRyJFBhuffywY,1
info@tankersplumbing.com,Tanker's,Plumbing & Septics,Tanker's Plumbing & Septics,(830) 385-5325,http://www.marblefallsplumbing.com/,Marble Falls,"111 Meadowlakes Dr Ste C, Marble Falls, TX 78654",4.9,131,Plumber,risky,catch_all,mv-verified-houston-risky-2026-04-20,ChIJueFL2U8CW4YRbzFYoNZ97Mg,1
texairhvac@att.net,TexAir,HVAC Inc,TexAir HVAC Inc,(512) 556-8695,https://www.texairhvacinc.com/?utm_source=google&utm_medium=organic&utm_campaign=gbp,Lampasas,"107 N Key Ave, Lampasas, TX 76550",4.8,131,HVAC contractor,risky,catch_all,mv-verified-houston-risky-2026-04-20,ChIJEy236Pu9WoYRqYG_0esPewM,1
customercare@lumliq.com,Lumber,Liquidators,Lumber Liquidators,+1 832-467-9993,https://lumberliquidators.com/?y_source=1_MTEzNzUxMDMtNzE1LWxvY2F0aW9uLndlYnNpdGU%3D,Houston,"11760 S Sam Houston Pkwy W, Houston, TX 77031, United States",4.4,130,Flooring store,risky,catch_all,mv-verified-houston-risky-2026-04-20,ChIJsUcFs6vaQIYRLb_8b7lwzX0,2
info@bbrotherselectric.com,B,Brother's Electric,B Brother's Electric,(469) 442-9446,http://bbrotherselectric.com/?utm_source=gmb&utm_medium=referral,,,5,129,Electrical installation service,risky,catch_all,mv-verified-houston-risky-2026-04-20,ChIJW6_H-5yVCmgRofcqIOyoL7s,1
hoangquyencl@yahoo.com,Do's,Hair & Spa,Do's Hair & Spa,(832) 913-3339,https://dohairandspakaty.com/,Katy,"4030 FM 1463 Suite 104, Katy, TX 77494",4.7,129,Hair salon,risky,unknown,mv-verified-houston-risky-2026-04-20,ChIJiwPIPxEjQYYRwc_jIZBoIB4,1
bugs@grandecom.net,Pest,Patrol,Pest Patrol,(361) 852-4002,http://www.pestpatrolcc.com/?utm_source=Next&utm_medium=Google_Website,Corpus Christi,"3630 Wow Rd, Corpus Christi, TX 78413",4.6,129,Pest control service,risky,catch_all,mv-verified-houston-risky-2026-04-20,ChIJFVVjxD71aIYROpwQottlklI,1
help@texasria.com,Texas,Ria Insurance Agency,Texas Ria Insurance Agency,(888) 512-0000,http://www.texasria.com/,Katy,"533 S Mason Rd, Katy, TX 77450",4.8,129,Insurance agency,risky,unknown,mv-verified-houston-risky-2026-04-20,ChIJyehRZT8nQYYRzRQ0B1cHKmU,1
info@traymore.com,The,Traymore at Park Cities,The Traymore at Park Cities,(214) 358-3131,https://www.traymore.com/,Dallas,"4315 Hopkins Ave, Dallas, TX 75209",3.7,129,Nursing home,risky,catch_all,mv-verified-houston-risky-2026-04-20,ChIJy1NY39SdToYRFnORn4LLzr4,1
info@bravadodoggrooming.com,Bravado,Dog Grooming,Bravado Dog Grooming,(512) 769-8898,http://www.bravadodoggrooming.com/,Austin,"119 N Loop Blvd E, Austin, TX 78751",4.8,128,Pet groomer,risky,catch_all,mv-verified-houston-risky-2026-04-20,ChIJLaz3XmvKRIYRN7lR1eikFMo,1
info@parkmanor-westchase.com,Park,Manor of Westchase,Park Manor of Westchase,(281) 497-2838,https://www.parkmanor-westchase.com/,Houston,"11910 Richmond Ave, Houston, TX 77082",3.9,128,Nursing home,risky,catch_all,mv-verified-houston-risky-2026-04-20,ChIJo_h75OjcQIYR9iUQOTkXWkk,1
info@breachfit.com,Breach,Fitness,Breach Fitness,(832) 887-1012,http://breachfit.com/,Houston,"1025 W 19th St, Houston, TX 77008",4.9,127,Gym,risky,catch_all,mv-verified-houston-risky-2026-04-20,ChIJ5XYAsrTHQIYRJ2qlyosQWnA,1
info@ericlimlaw.com,Eric,"W. Lim, Attorney at Law","Eric W. Lim, Attorney at Law",(512) 686-6546,http://ericlimlaw.com/,Austin,"1012 Rio Grande St, Austin, TX 78701",4.9,127,Law firm,risky,catch_all,mv-verified-houston-risky-2026-04-20,ChIJmR44Ng21RIYRPWe2luz_cac,1
office@sbsepticandsewer.com,SB,Septic and Sewer Service,SB Septic and Sewer Service,(469) 969-9928,https://sbsepticandsewer.com/,Forney,"9975 High Country Ln, Forney, TX 75126",4.9,127,Septic system service,risky,catch_all,mv-verified-houston-risky-2026-04-20,ChIJyylOTXizToYRDCsdm83MeEg,1
support@siaradesigns.com,SIARA,DESIGNS,SIARA DESIGNS,(469) 666-4460,http://www.siaradesigns.com/,Dallas,"6720 Flanary Ln, Dallas, TX 75252",4.8,127,Landscape designer,risky,catch_all,mv-verified-houston-risky-2026-04-20,ChIJq6qaDogiTIYRBXVzd_WStoY,1
info@cwilsonlaw.com,The,Chad T. Wilson Law Firm,The Chad T. Wilson Law Firm,(833) 942-0678,https://cwilsonlaw.com/,Webster,"455 E Medical Center Blvd Suite 555, Webster, TX 77598",4.6,127,Law firm,risky,catch_all,mv-verified-houston-risky-2026-04-20,ChIJ26rdFDydQIYRloqbnOeKvwI,1
info@thehallondragon.com,The,Hall on Dragon,The Hall on Dragon,(214) 384-0098,https://thehallondragon.com/?utm_source=google-my-business&utm_medium=listing&utm_campaign=GMB-leads,Dallas,"1500 Dragon Street, Suites C & D, Dallas, TX 75207",4.7,127,Wedding venue,risky,catch_all,mv-verified-houston-risky-2026-04-20,ChIJ3yf2Vk-ZToYRC44jU011cmU,1
info@champ.org,Church,of Champions,Church of Champions,(281) 580-8674,https://champ.org/,Houston,"12922 Cutten Rd Unit F, Houston, TX 77066",4.8,126,Church,risky,unknown,mv-verified-houston-risky-2026-04-20,ChIJfyWNfc_NQIYRe9j36O0OlWA,1
info@shweiki.com,Shweiki,Media Printing Company,Shweiki Media Printing Company,(210) 804-0390,http://www.shweiki.com/,San Antonio,"4954 Space Center Dr, San Antonio, TX 78218",4.8,126,Commercial printer,risky,unknown,mv-verified-houston-risky-2026-04-20,ChIJLXEdEXu1RIYR2W12GT1CWAo,1
tintspecialist88@yahoo.com,Tint,Specialist,Tint Specialist,(512) 326-9888,https://tintspecialistaustin.com/?utm_source=omg-gbp&utm_medium=webclick,Austin,"3500 S Lamar Blvd, Austin, TX 78704",4.2,126,Auto window tinting service,risky,unknown,mv-verified-houston-risky-2026-04-20,ChIJ82YQti1LW4YRWmWj19bHIyw,1
info@201lofthaus.com,201,Lofthaus,201 Lofthaus,(346) 680-4141,http://201lofthaus.com/,Houston,"9000 Hempstead Rd Suite 130, Houston, TX 77008",5,125,Photography studio,risky,catch_all,mv-verified-houston-risky-2026-04-20,ChIJXSJms8rvYKgRXTHYHld5sJ8,1
houston@imxpilates.com,IM=X,Pilates & Fitness Houston,IM=X Pilates & Fitness Houston,(713) 253-0747,https://www.imxpilates.com/texas/houston,Houston,"554 Waugh Dr, Houston, TX 77019",5,125,Pilates studio,risky,catch_all,mv-verified-houston-risky-2026-04-20,ChIJ95J1n9_BQIYR_VQ3lB53JaI,1
info@kubotaofdallas.com,Kubota,of Dallas,Kubota of Dallas,(972) 953-0232,https://kubotaofdallas.com/?utm_source=google&utm_medium=organic&utm_campaign=gbp+sales,Irving,"1023 S Walton Walker Blvd, Irving, TX 75060",4.8,125,Tractor dealer,risky,catch_all,mv-verified-houston-risky-2026-04-20,ChIJ76x3f26DToYR1myW1idQmPw,1
info@lubys.com,Luby's,,Luby's,(979) 297-2216,https://www.lubys.com/angleton,Angleton,"4005 Technology Dr, Angleton, TX 77515",4.3,125,Family restaurant,risky,catch_all,mv-verified-houston-risky-2026-04-20,ChIJw7TDQrVdQIYRhIskYCeGuu8,1
info@premiumac.com,Premium,Air Services LLC,Premium Air Services LLC,(713) 688-8784,https://www.premiumac.com/?utm_source=google&utm_medium=organic&utm_campaign=gbp-profile,Tomball,"11729 Spring Cypress Rd ste j, Tomball, TX 77377",4.9,125,HVAC contractor,risky,catch_all,mv-verified-houston-risky-2026-04-20,ChIJc2jQt9YsR4YRPoxZx3RJNgg,1
info@westernext.com,Western,Exterminating Co Inc,Western Exterminating Co Inc,(817) 834-3121,https://www.westernext.com/,Fort Worth,"5209 Broadway Ave, Fort Worth, TX 76117",4.9,125,Pest control service,risky,unknown,mv-verified-houston-risky-2026-04-20,ChIJof0aRBJ3ToYRFPW5GqMTDmY,1
info@loveair.net,Love,"Air Conditioning, Heating & Plumbing","Love Air Conditioning, Heating & Plumbing",(281) 444-1174,https://www.loveair.net/,Houston,"14420 Sylvanfield Dr, Houston, TX 77014",4.1,124,HVAC contractor,risky,unknown,mv-verified-houston-risky-2026-04-20,ChIJ-3FrvmzMQIYR3HQAEux9bHo,1
allsysgo@swbell.net,All,Systems Go,All Systems Go,(210) 614-3768,http://www.asg-sa.com/,San Antonio,"7271 Wurzbach Rd Suite 115, San Antonio, TX 78240",4.6,123,Computer repair service,risky,catch_all,mv-verified-houston-risky-2026-04-20,ChIJzeBK4PBdXIYRiWrOtsxa3KQ,1
info@centralfamilydental.com,Central,Family Dental,Central Family Dental,(254) 519-2875,http://www.centralfamilydental.com/,Killeen,"3202 S W S Young Dr Suite 101, Killeen, TX 76542",4.6,123,Dentist,risky,catch_all,mv-verified-houston-risky-2026-04-20,ChIJayJSdrZLRYYR8Os6FdeWDvg,1
info@polishedcleaning.com,Polished,Cleaning Services,Polished Cleaning Services,(817) 562-5500,http://polishedcleaning.com/,Fort Worth,"9800 Hillwood Pkwy Suit 140, Fort Worth, TX 76177",4.8,123,House cleaning service,risky,catch_all,mv-verified-houston-risky-2026-04-20,ChIJn6yjSoDXTYYRN5RPqqoF76A,1
info@groomer.io,Agave,Pet Grooming,Agave Pet Grooming,(915) 270-9474,http://groomer.io/schedule/agave,El Paso,"10420 Montwood Dr ste F, El Paso, TX 79935",4.7,122,Pet groomer,risky,catch_all,mv-verified-houston-risky-2026-04-20,ChIJY-_0M8hE54YRgzyVHhE8jNI,1
info@dentaodessa.com,Denta,Dental,Denta Dental,(432) 367-8907,http://www.dentaodessa.com/,Odessa,"1508 N Grandview Ave # 3, Odessa, TX 79761",4.9,122,Dentist,risky,catch_all,mv-verified-houston-risky-2026-04-20,ChIJGxi0OfjP-4YRHKF2X255uOk,1
jimmy@eliteairofwesttx.com,Elite,Air of West Texas,Elite Air of West Texas,(432) 535-7139,https://www.eliteairofwesttx.com/?utm_campaign=gmb,,,4.9,122,HVAC contractor,risky,catch_all,mv-verified-houston-risky-2026-04-20,ChIJ7S98Mg_Z-4YRvEM9YQuZI_0,1
info@expertonehouralteration.com,Expert,One Hour Alterations,Expert One Hour Alterations,(713) 963-9877,http://www.expertonehouralteration.com/,Houston,"5644 Westheimer Rd, Houston, TX 77056",4.2,122,Tailor,risky,catch_all,mv-verified-houston-risky-2026-04-20,ChIJi0PtuGPBQIYRN3lxAzZjQOU,1
typeemailhere@address.com,Grace,Covenant Church,Grace Covenant Church,(512) 345-7840,https://grace360.org/,Austin,"9431 Jollyville Rd, Austin, TX 78759",4.6,122,Church,risky,catch_all,mv-verified-houston-risky-2026-04-20,ChIJz_ZQ8n7LRIYRNGyrC058F_E,1
deans.florist@att.net,Houston,Medical Center Florist,Houston Medical Center Florist,(713) 794-0100,http://www.houstonmedicalcenterflorist.com/,Houston,"7127 Fannin St, Houston, TX 77030",4.7,122,Florist,risky,catch_all,mv-verified-houston-risky-2026-04-20,ChIJt1L7-wzAQIYRoRMxAquEzCI,1
info@houstonnotarysolutions.com,Houston,Notary and Apostille Solutions,Houston Notary and Apostille Solutions,(713) 357-1924,https://houstonnotarysolutions.com/,Houston,"4633 Wild Indigo St APT 545, Houston, TX 77027",4.8,122,Notary public,risky,catch_all,mv-verified-houston-risky-2026-04-20,ChIJ1RcE993BQIYR-_4gX9SLdEw,1
info@wisenersauto.com,Wisener's,"Auto Clinic, LLC","Wisener's Auto Clinic, LLC",+1 254-778-5959,http://www.wisenersauto.com/,Temple,"3321 Parkway Dr, Temple, TX 76504, United States",4.6,122,Auto repair shop,risky,catch_all,mv-verified-houston-risky-2026-04-20,ChIJ7Va9NAtrRYYRgn0Md5Bz_D8,1
info@alphaprint247.com,Alpha,Print 247,Alpha Print 247,(832) 533-5450,http://www.alphaprint247.com/,Houston,"8000 Harwin Dr. Suite 420, Houston, TX 77036",5,121,Screen printing shop,risky,catch_all,mv-verified-houston-risky-2026-04-20,ChIJ_0fRE13DQIYRTiQF-vx09Qg,1
info@parkwayfeed.com,Parkway,Feed & Pet Supply,Parkway Feed & Pet Supply,(281) 458-8108,http://www.parkwayfeed.com/,Houston,"8221 C E King Pkwy, Houston, TX 77044",4.7,121,Animal feed store,risky,unknown,mv-verified-houston-risky-2026-04-20,ChIJdWmyRzqlQIYRnTQ4f07MmGw,1
jmart8262@yahoo.com,Premier,Fencing Company,Premier Fencing Company,(832) 722-3635,http://premierfencinghouston.com/,Humble,"10742 Soaring Legend Ln, Humble, TX 77338",4.9,121,Fence contractor,risky,unknown,mv-verified-houston-risky-2026-04-20,ChIJ2VqaSUCgIYQRPjHeRwLPR3M,1
info@houstonhotelvesper.com,Cache,Cocktail Bar,Cache Cocktail Bar,(713) 395-4495,https://www.cachebargalleriahouston.com/,Houston,"5160 Hidalgo St, Houston, TX 77056",4.9,120,Bar,risky,catch_all,mv-verified-houston-risky-2026-04-20,ChIJfyGWar_BQIYRiXRnELSYgMU,1
info@gottfriedplumbing.com,Gottfried,Plumbing llc,Gottfried Plumbing llc,(830) 331-2055,https://www.gottfriedplumbing.com/?utm_source=gmb&utm_medium=organic&utm_campaign=gbp,,,5,120,Plumber,risky,catch_all,mv-verified-houston-risky-2026-04-20,ChIJtcnHR9J1XIYRkrABjxZB9PQ,1
admin@houseofrhythom.com,House,of RhythOM,House of RhythOM,(210) 902-8337,http://www.houseofrhythom.com/,San Antonio,"7302 Louis Pasteur Dr Ste 105, San Antonio, TX 78229",4.9,120,Yoga studio,risky,catch_all,mv-verified-houston-risky-2026-04-20,ChIJPWnmHf9dXIYRlWwE_susRi8,1
support@omalichakitchen.com,Omalicha,Kitchen,Omalicha Kitchen,(281) 781-7209,http://www.omalichakitchen.com/,Houston,"1701 Cypress Creek Pkwy Suite D, Houston, TX 77090",4.4,120,West African restaurant,risky,catch_all,mv-verified-houston-risky-2026-04-20,ChIJAb728uDLQIYRCzi_MajlJz4,1
texasstronghauling@yahoo.com,Texas,Strong Hauling and Junk Removal,Texas Strong Hauling and Junk Removal,(210) 999-0233,https://texasstronghauling.com/,San Antonio,"8043 Laurel Bend, San Antonio, TX 78250",5,120,Junk removal service,risky,unknown,mv-verified-houston-risky-2026-04-20,ChIJMwfXm8D_XIYRPPO36IJXRjQ,1
phillip@totallawnandsprinkler.com,Total,Lawn and Sprinkler,Total Lawn and Sprinkler,(210) 408-2880,http://www.totallawnandsprinkler.com/,San Antonio,"22903 Tornillo Dr, San Antonio, TX 78258",4.7,120,Lawn sprinkler system contractor,risky,catch_all,mv-verified-houston-risky-2026-04-20,ChIJVVW5DopiXIYRwGwzm3OYKYg,2
info@3dsplumbing.com,3,D's Plumbing,3 D's Plumbing,(325) 653-4975,http://www.3dsplumbing.com/,San Angelo,"6474 US Hwy 87 N Sideview Road, San Angelo, TX 76901",4.5,119,Plumber,risky,unknown,mv-verified-houston-risky-2026-04-20,ChIJ3WTyH3PnV4YR0wTR4UWi1vA,1
mccainplumbing@sbcglobal.net,Dwain,"McCain Plumbing, Inc.","Dwain McCain Plumbing, Inc.",(361) 241-6000,https://www.dwainmccainplumbing.com/,Corpus Christi,"9725 Leopard St, Corpus Christi, TX 78410",4.7,119,Plumber,risky,catch_all,mv-verified-houston-risky-2026-04-20,ChIJLahvIW9kaIYR5Vj64xTganc,1
info@mmpeastdallas.com,Minuteman,Press East Dallas,Minuteman Press East Dallas,(214) 660-7003,https://mmpeastdallas.com/,Dallas,"12640 E NW Hwy Suite 413, Dallas, TX 75228",4.9,119,Commercial printer,risky,catch_all,mv-verified-houston-risky-2026-04-20,ChIJ6fnYvhGhToYRzOOAeZYIWGE,1
info@taxesbyher.com,Taxes,by HER LLC,Taxes by HER LLC,(713) 300-3046,http://www.taxesbyher.com/,Houston,"1980 Post Oak Blvd Suite 200, Houston, TX 77056",4.9,119,Tax preparation service,risky,catch_all,mv-verified-houston-risky-2026-04-20,ChIJtcQLIovBQIYRNgADqDFYN20,1
info@decorhardware.com,B,& B International,B & B International,(210) 590-7505,http://www.decorhardware.com/,San Antonio,"13615 Topper Cir # 1, San Antonio, TX 78233",4.8,118,Hardware store,risky,unknown,mv-verified-houston-risky-2026-04-20,ChIJV_pv8fuMXIYROJv82T9v5ZE,1
info@davidsautocentral.com,David's,Auto Central,David's Auto Central,(281) 499-9684,https://www.davidsautocentral.com/,Stafford,"2526 5th St, Stafford, TX 77477",4.6,118,Auto repair shop,risky,unknown,mv-verified-houston-risky-2026-04-20,ChIJHRUnSZboQIYR9kdqxD6Hx7w,1
doc_h_elcc@yahoo.com,East,Loop Chiropractic Clinic,East Loop Chiropractic Clinic,(713) 455-7074,https://www.eastloopchiropracticclinic.com/,Houston,"1140 Westmont Dr # 547, Houston, TX 77015",4.7,118,Chiropractor,risky,unknown,mv-verified-houston-risky-2026-04-20,ChIJlZ30MnujQIYRIAQ8sWikHmE,1
info@glamourgoddessboutique.com,Glamour,Goddess Boutique | Women's Clothing,Glamour Goddess Boutique | Women's Clothing,(469) 399-7903,https://www.glamourgoddessboutique.com/,Dallas,"13450 Inwood Rd Suite 200, Dallas, TX 75244",4.9,118,Women's clothing store,risky,catch_all,mv-verified-houston-risky-2026-04-20,ChIJYQg2psghTIYRfvCKBHIoYAk,1
doctorsmkelly@yahoo.com,Houston,Family Chiropractic Center,Houston Family Chiropractic Center,(713) 864-9355,http://www.houstonfamilychiropractic.com/,Houston,"1445 N Loop W Suite 520, Houston, TX 77008",5,118,Chiropractor,risky,unknown,mv-verified-houston-risky-2026-04-20,ChIJHROxGgbHQIYRmYj-t4XZU_s,1
info@houstonroofingexperts.com,Houston,Roofing Experts,Houston Roofing Experts,(713) 291-3866,https://houstonroofingexperts.com/,Houston,"1430 Yale St, Houston, TX 77008",4.8,118,Roofing contractor,risky,unknown,mv-verified-houston-risky-2026-04-20,ChIJFcNxdjGhQIYRHtS3jNl-AME,1
info@irstax.net,IRS,Tax Solutions,IRS Tax Solutions,(512) 522-2079,http://www.irstax.net/,Austin,"2301 W Anderson Ln. #102-153, Austin, TX 78757",4.9,118,Tax consultant,risky,catch_all,mv-verified-houston-risky-2026-04-20,ChIJN7dlTD_LRIYRrHEnQIGlc0E,1
info@mccofsanantonio.org,Metropolitan,Community Church (MCC) San Antonio,Metropolitan Community Church (MCC) San Antonio,(210) 472-3597,http://www.mccofsanantonio.org/,San Antonio,"611 E Myrtle St, San Antonio, TX 78212",4.7,118,Church,risky,catch_all,mv-verified-houston-risky-2026-04-20,ChIJVWiH715fXIYR2Ty_vZ6HMlg,1
info@morganproservices.com,Morgan,Pro Services,Morgan Pro Services,(713) 466-7426,https://www.morganproservices.com/,Houston,"5200 Mitchelldale St Ste. F26, Houston, TX 77092",4.9,118,HVAC contractor,risky,catch_all,mv-verified-houston-risky-2026-04-20,ChIJY1vKQ68nQYYRZ6TsIF9vLP0,1
info@summerhillpools.com,Summerhill,Pools • Outdoor Living,Summerhill Pools • Outdoor Living,(469) 972-5225,https://www.summerhillpools.com/?utm_campaign=gmb,Dallas,"10720 Miller Rd #218, Dallas, TX 75238",4.8,118,Swimming pool contractor,risky,catch_all,mv-verified-houston-risky-2026-04-20,ChIJqzwRf4SgToYRsaPMjUVDf90,1
info@t-shirtking.com,T-SHIRT,"KING (SCREEN PRINTING, EMBROIDERY, SAME DAY PRINTING)","T-SHIRT KING (SCREEN PRINTING, EMBROIDERY, SAME DAY PRINTING)",(713) 909-5050,https://www.t-shirtking.com/,Houston,"7798 Harwin Dr., Houston, TX 77036",4.7,118,Screen printer,risky,unknown,mv-verified-houston-risky-2026-04-20,ChIJRXrPsP_CQIYR5Z8V02rQ42k,1
info@towingalamo.com,Towing,San Antonio - Towing Alamo,Towing San Antonio - Towing Alamo,(210) 263-1107,https://towingalamo.com/,San Antonio,"1213 New Laredo Hwy, San Antonio, TX 78211",3.7,118,Towing service,risky,catch_all,mv-verified-houston-risky-2026-04-20,ChIJL3AkH5FZXIYRQkjf-uIKj98,1
norman@dnrekeylocksmith.com,D,and N Rekey Locksmith LLC,D and N Rekey Locksmith LLC,(281) 919-9911,https://dnrekeylocksmith.com/,Cypress,"15055 Fairfield Meadows Dr #130-16, Cypress, TX 77433",4.9,117,Locksmith,risky,catch_all,mv-verified-houston-risky-2026-04-20,ChIJyzqVYAIrQYYRZbA9NyK0iAM,1
info@epicelectrical.com,Epic,Electrical,Epic Electrical,(682) 478-6088,https://epicelectrical.com/,North Richland Hills,"7304 Hialeah Cir W, North Richland Hills, TX 76182",5,117,Electrician,risky,catch_all,mv-verified-houston-risky-2026-04-20,ChIJO3nRTT2AToYReQpIGrpjfsI,1
egh@ferrenorte.com,Ferrenorte,(Matriz),Ferrenorte (Matriz),+52 867 714 5953,http://www.ferrenorte.com/,,"C. Campeche 1536, Centro, 88000 Nuevo Laredo, Tamps., Mexico",4.3,117,Plumber,risky,catch_all,mv-verified-houston-risky-2026-04-20,ChIJZUuuwK8jYYYRGYrjYUhmEmU,1
info@longhornlawnsaustin.com,Longhorn,Lawns,Longhorn Lawns,(512) 394-7152,http://www.longhornlawnsaustin.com/,Austin,"7310 Sherwood Rd, Austin, TX 78745",4.6,117,Landscaper,risky,catch_all,mv-verified-houston-risky-2026-04-20,ChIJR25lEr5LW4YR8YRA5IgQYaE,1
mark@vibrantcleaners.com,Midtown,Cleaners & Tailoring,Midtown Cleaners & Tailoring,(713) 893-7659,http://www.vibrantcleaners.com/,Houston,"2313 Bagby St, Houston, TX 77006",4.5,117,Dry cleaner,risky,catch_all,mv-verified-houston-risky-2026-04-20,ChIJ3QYC8UG_QIYROXJptIKObLw,1
info@progreencleans.com,ProGreen,Clean LLC Pressure Washing,ProGreen Clean LLC Pressure Washing,(210) 836-6682,https://progreencleans.com/,San Antonio,"7550 I-10 Suite 800, San Antonio, TX 78229",5,117,Pressure washing service,risky,catch_all,mv-verified-houston-risky-2026-04-20,ChIJwZbCZFJhXIYRy3nBTcUDZz8,1
info@thesaintjune.com,The,Saint June,The Saint June,(512) 253-4138,https://thesaintjune.com/?utm_source=GBP&utm_medium=organic,Austin,"5321 Barton Creek Blvd, Austin, TX 78735",4.9,117,Apartment complex,risky,unknown,mv-verified-houston-risky-2026-04-20,ChIJpeFqJqlJW4YRdmuQVBi_IPU,1
info@armstrongplumbingcompany.com,Armstrong,Plumbing Company,Armstrong Plumbing Company,(281) 485-3838,https://armstrongplumbingcompany.com/galveston-plumbers/,Tiki Island,"1426 Tiki Dr, Tiki Island, TX 77554",5,116,Plumber,risky,catch_all,mv-verified-houston-risky-2026-04-20,ChIJFeZE_QeDP4YRJGmeUACC7Lw,2
iconic_gym@yahoo.com,Iconic,Gym,Iconic Gym,(281) 815-5315,https://iconicgymhtx.com/,Houston,"14323 Spencer Rd #604, Houston, TX 77095",4.8,116,Gym,risky,unknown,mv-verified-houston-risky-2026-04-20,ChIJxziTpBXXQIYRRuPT6fuK04I,1
kennethsplumbingllc@yahoo.com,Kenneth’s,Plumbing LLC,Kenneth’s Plumbing LLC,(281) 458-4703,http://www.kennethsplumbing.com/,Houston,"12502 Green River Dr, Houston, TX 77044",5,116,Plumber,risky,unknown,mv-verified-houston-risky-2026-04-20,ChIJCYX6iMBpRkMRtGqrJTe4qBY,1
info@shoplhf.com,Lake,Highlands Flowers Florist & Flower Delivery,Lake Highlands Flowers Florist & Flower Delivery,(214) 340-9950,https://shoplhf.com/?utm_source=google&utm_medium=gmb-website-link&utm_campaign=tmf-gmb,Dallas,"9661 Audelia Rd # 340, Dallas, TX 75238",4.8,116,Florist,risky,catch_all,mv-verified-houston-risky-2026-04-20,ChIJh8ZHRGigToYRn9dQyjq8S_Y,1
info@getmontys.com,Monty's,Handyman & Remodeling Services,Monty's Handyman & Remodeling Services,(737) 285-4072,https://getmontys.com/,Austin,"12357 Riata Trace Pkwy Ste 200, Austin, TX 78727",4.9,116,Handyman/Handywoman/Handyperson,risky,catch_all,mv-verified-houston-risky-2026-04-20,ChIJuZlc9eYPSGMRdjKkMws9ev8,1
patricksroofing@sbcglobal.net,Patrick's,Roofing,Patrick's Roofing,(817) 528-2991,http://www.patricksroofing.com/,Fort Worth,"5524 Monthaven Dr, Fort Worth, TX 76137",4.9,116,Roofing contractor,risky,catch_all,mv-verified-houston-risky-2026-04-20,ChIJydI1nR3YTYYRtClNtFAr40k,1
sugarlanddental@comcast.net,Sugar,"Land Dental: Dr. Laura S. LaCroix, DDS","Sugar Land Dental: Dr. Laura S. LaCroix, DDS",(281) 980-5100,http://www.sugarlanddental.com/,Sugar Land,"101 Southwestern Blvd, Sugar Land, TX 77478",4.8,116,Dentist,risky,unknown,mv-verified-houston-risky-2026-04-20,ChIJFxAmElPmQIYRPaqjH8PwJOo,1
service@txluxurydetailing.com,Texas,Luxury Automotive Detailing,Texas Luxury Automotive Detailing,(424) 416-1005,https://www.txluxurydetailing.com/,,,5,116,Car detailing service,risky,catch_all,mv-verified-houston-risky-2026-04-20,ChIJmc6sEUxpXIYRxDlZZvhNWts,1
support@vividcustoms.com,Vivid,"Customs (Houston Custom T-Shirts, Embroidery Shop)","Vivid Customs (Houston Custom T-Shirts, Embroidery Shop)",(832) 415-1560,https://vividcustoms.com/locations/custom-t-shirts-houston-tx,Houston,"11119 Neeshaw Dr, Houston, TX 77065",4.8,116,Screen printing shop,risky,catch_all,mv-verified-houston-risky-2026-04-20,ChIJk51HjUTMQIYRr2sBxgkpVyo,1
tbr2000inc@sbcglobal.net,Whitley's,Lock & Safe,Whitley's Lock & Safe,(210) 494-1428,https://www.whitleyslockandsafe.com/,San Antonio,"14542 Brook Hollow Blvd, San Antonio, TX 78232",4.6,116,Locksmith,risky,catch_all,mv-verified-houston-risky-2026-04-20,ChIJmYeWpnGKXIYRoo29514WKAY,1
info@autodetailingtx.com,Auto,Detailing Austin LLC,Auto Detailing Austin LLC,(512) 910-7227,https://autodetailingtx.com/standard-detailing-tx/,Austin,"1601 Bench Mark Dr ste b, Austin, TX 78728",4.8,115,Car detailing service,risky,catch_all,mv-verified-houston-risky-2026-04-20,ChIJ4albQWjNRIYRy2bSKrzf8ZY,1
denton.tx@kidstrong.com,KidStrong,Denton (TX),KidStrong Denton (TX),(940) 251-3769,http://denton.kidstrong.com/,Denton,"1719 S Loop 288 a140, Denton, TX 76205",5,115,Physical fitness program,risky,catch_all,mv-verified-houston-risky-2026-04-20,ChIJ7RJqxUDLTYYRGHPE9bAj73g,1
info@nctplumbing.com,NCT,Plumbing and Repair Services,NCT Plumbing and Repair Services,(817) 431-5952,http://www.nctplumbing.com/,Fort Worth,"1078 Katy Rd, Fort Worth, TX 76244",4.8,115,Plumber,risky,catch_all,mv-verified-houston-risky-2026-04-20,ChIJad6a0FHXTYYRk8r3sh7BKnE,1
info@h2health.com,North,Texas Physical Therapy,North Texas Physical Therapy,(972) 480-9455,https://www.h2health.com/locations/north-texas-physical-therapy/north-texas/,Dallas,"7120 Campbell Rd Suite 105, Dallas, TX 75248",4.9,115,Physical therapy clinic,risky,catch_all,mv-verified-houston-risky-2026-04-20,ChIJI2uVMYQhTIYRkdtk9ZREU6A,1
info@otisac.com,Otis,Heating & Air Conditioning,Otis Heating & Air Conditioning,(281) 328-3255,http://www.otisac.com/,Crosby,"15115 Lindstrom Rd, Crosby, TX 77532",4.7,115,HVAC contractor,risky,catch_all,mv-verified-houston-risky-2026-04-20,ChIJXeKcCUqoQIYRPLnzMYobmMI,1
tiffanykennels@sbcglobal.net,Tiffany,Kennels Inc,Tiffany Kennels Inc,(713) 464-9800,https://www.tiffanykennelsinc.com/,Houston,"1019 Sherwood Forest St, Houston, TX 77043",4.5,115,Pet boarding service,risky,catch_all,mv-verified-houston-risky-2026-04-20,ChIJnYYwY0DbQIYRAkeHuLRH9QM,1
info@vargasroofrepair.best,Vargas,Family Roof Repair,Vargas Family Roof Repair,(409) 710-5050,https://vargasroofrepair.best/,League City,"2560 E League City Pkwy, League City, TX 77573",4.9,115,Roofing contractor,risky,catch_all,mv-verified-houston-risky-2026-04-20,ChIJY7Uf3wt9P4YRAFp2T7jGSWo,1
info@lonestarhotwater.com,Lonestar,Water Heaters LLC,Lonestar Water Heaters LLC,(888) 844-8105,http://lonestarhotwater.com/,,,4.7,114,Plumber,risky,catch_all,mv-verified-houston-risky-2026-04-20,ChIJycE5k_wfTIYR8qkxTO6PrGk,1
kelseyb@prideoftexas.net,Pride,of Texas Real Estate,Pride of Texas Real Estate,(512) 410-8037,http://www.prideoftexas.net/,Austin,"1107 Lambie St, Austin, TX 78702",4.9,114,Real estate agency,risky,catch_all,mv-verified-houston-risky-2026-04-20,ChIJYXv2Bqa1RIYR1k5sLQa-EqY,1
estimates@printcityusa.com,PrintCity,USA,PrintCity USA,(214) 522-2680,https://printcityusa.com/,Dallas,"3160 Commonwealth Dr #100, Dallas, TX 75247",4.9,114,Commercial printer,risky,unknown,mv-verified-houston-risky-2026-04-20,ChIJ8ym3jcqeToYRoNRHSi4hxtI,1
richardjgarciacpa@sbcglobal.net,Richard,J Garcia CPA,Richard J Garcia CPA,(210) 349-1040,http://richardjgarciacpa.com/,San Antonio,"2208 San Pedro Ave, San Antonio, TX 78212",4.6,114,Tax preparation service,risky,catch_all,mv-verified-houston-risky-2026-04-20,ChIJjVLB625fXIYR-fQPewHp8cE,1
rodroofing@sbcglobal.net,Rod,"Roofing, LLC","Rod Roofing, LLC",(210) 734-8444,https://www.rodroofingsa.com/,San Antonio,"440 Menchaca St, San Antonio, TX 78207",5,114,Roofing contractor,risky,catch_all,mv-verified-houston-risky-2026-04-20,ChIJP_niWjlfXIYRYChuGxoW7x4,1
info@seniorlivingspecialistshouston.com,Senior,Living Specialists Houston,Senior Living Specialists Houston,(713) 240-6302,http://seniorlivingspecialistshouston.com/,Houston,"7722 Brykerwoods Dr, Houston, TX 77055",5,114,Health consultant,risky,catch_all,mv-verified-houston-risky-2026-04-20,ChIJZSGaaSDpQIYROEHuxBdaN34,1
danny@samsonrgv.com,Sprinkler,Systems of South Texas,Sprinkler Systems of South Texas,(956) 271-4919,http://www.sprinklersystemsofstx.com/,McAllen,"1621 N 10th St, McAllen, TX 78501",4.7,114,Landscaper,risky,catch_all,mv-verified-houston-risky-2026-04-20,ChIJm_0IjcGmZYYRtjJdl3xmDQg,1
info@theproudpaintbrush.com,The,Proud Paintbrush,The Proud Paintbrush,(832) 605-0493,http://theproudpaintbrush.com/,,,5,114,Painter,risky,catch_all,mv-verified-houston-risky-2026-04-20,ChIJ0wwXDZpfgI8Rpp8fllTuHtw,1
info@bluegardeniaboutique.com,Blue,Gardenia Boutique,Blue Gardenia Boutique,(512) 284-7974,http://www.bluegardeniaboutique.com/,Austin,"5701 W Slaughter Ln Suite A-150, Austin, TX 78749",5,113,Women's clothing store,risky,unknown,mv-verified-houston-risky-2026-04-20,ChIJuWTFYytLW4YRW_D1HDiGbj8,1
go@dfwdelivered.com,DFW,Delivered,DFW Delivered,(972) 591-7750,https://dfwdelivered.com/,Richardson,"797 N Grove Rd #105, Richardson, TX 75081",5,113,Courier service,risky,catch_all,mv-verified-houston-risky-2026-04-20,ChIJfUoTd9IfTIYRU4AjuOQrnGc,1
info@districthsf.com,District,H Strength & Fitness - The Heights,District H Strength & Fitness - The Heights,(832) 271-1692,http://www.districthsf.com/,Houston,"1044 Studewood St, Houston, TX 77008",4.9,113,Personal trainer,risky,catch_all,mv-verified-houston-risky-2026-04-20,ChIJywnt7KO4QIYRvd-8mLrjmMQ,1
info@jtcvacations.com,Journet,"Travel & Cruise Vacations, LLC","Journet Travel & Cruise Vacations, LLC",(877) 530-4800,http://www.jtcvacations.com/,,,5,113,Travel agency,risky,unknown,mv-verified-houston-risky-2026-04-20,ChIJTdGOZxDzXIYRju2UUi1I6tc,1
recep_kvh@yahoo.com,Kainer,Veterinary Hospital,Kainer Veterinary Hospital,(936) 321-2000,https://www.kainervet.com/,Conroe,"3800 FM 1488, Conroe, TX 77384",4.7,113,Veterinarian,risky,unknown,mv-verified-houston-risky-2026-04-20,ChIJ3fiR3YE6R4YRw1aGCZhgU8s,1
sisterlawyers@olibas.law,Olibas,"Law Firm, PLLC","Olibas Law Firm, PLLC",(806) 368-9327,https://olibas.law/,Lubbock,"32 Briercroft Office Park, Lubbock, TX 79412",4.7,113,Family law attorney,risky,catch_all,mv-verified-houston-risky-2026-04-20,ChIJk6VpzjFt_oYR6UfeVNcWZr0,1
info@parishbarbecue.com,Parish,Barbecue,Parish Barbecue,(512) 596-1913,https://parishbarbecue.com/,Austin,"3220 Manor Rd, Austin, TX 78723",4.7,113,Restaurant,risky,catch_all,mv-verified-houston-risky-2026-04-20,ChIJJcBSpmu1RIYR6tzDUmprI7E,1
sugarland@purebarre.com,Pure,Barre,Pure Barre,(281) 201-2420,https://www.purebarre.com/location/sugar-land-tx,Sugar Land,"4857 Sweetwater Blvd, Sugar Land, TX 77479",4.7,113,Gym,risky,catch_all,mv-verified-houston-risky-2026-04-20,ChIJGbD9HaXmQIYRllc5MYxKBQo,2
info@tybrocklaw.com,Tyler,"Brock Law Firm, PLLC","Tyler Brock Law Firm, PLLC",(713) 899-3355,https://www.tybrocklaw.com/,Houston,"1221 Studewood St #106, Houston, TX 77008",5,113,Criminal justice attorney,risky,catch_all,mv-verified-houston-risky-2026-04-20,ChIJ90XKhAHHQIYRvtoBDm_wlGI,1
info@allivet.com,ACES,All Creatures Exotic & Small Veterinary Hospital,ACES All Creatures Exotic & Small Veterinary Hospital,(281) 941-4720,https://allivet.com/,La Porte,"505 W Fairmont Pkwy C, La Porte, TX 77571",4.8,112,Veterinarian,risky,catch_all,mv-verified-houston-risky-2026-04-20,ChIJNYdsi6NhP4YRHLQXZVtbChM,1
info@blackrabbittattoocollective.com,Black,Rabbit Tattoo Studio,Black Rabbit Tattoo Studio,(281) 323-4434,http://www.blackrabbittattoocollective.com/,Spring,"326 Main St, Spring, TX 77373",5,112,Tattoo shop,risky,catch_all,mv-verified-houston-risky-2026-04-20,ChIJ9zNoQwA1R4YRNR4WNTa-rVk,1
info@dialoneelectrical.com,Dial,One Electrical Services,Dial One Electrical Services,(512) 200-4919,https://www.dialoneelectrical.com/,Austin,"11812 N Lamar Blvd, Austin, TX 78753",4.8,112,Electrician,risky,unknown,mv-verified-houston-risky-2026-04-20,ChIJq2GJFkzJRIYRM9eMY3uHIo0,1
skjazzercise@yahoo.com,Jazzercise,,Jazzercise,(325) 274-2207,https://www.jazzercise.com/studio/tx/spring-klein-fitness-center-20412,Spring,"7135 Louetta Rd Ste G, Spring, TX 77379",5,112,Fitness center,risky,unknown,mv-verified-houston-risky-2026-04-20,ChIJrRIWRhPNQIYRVLeDrHMWDYI,1
admin@joviprinting.com,Jovi,Printing,Jovi Printing,(713) 467-4980,http://www.joviprinting.com/,Houston,"11177 Katy Fwy c, Houston, TX 77079",4.6,112,Sign shop,risky,catch_all,mv-verified-houston-risky-2026-04-20,ChIJi4MuIkHbQIYRzm1HQnjoxDs,1
info@lexisflorist.com,Lexis,Florist,Lexis Florist,(713) 774-8080,http://www.lexisflorist.com/,Houston,"6102 Skyline Dr # A, Houston, TX 77057",4.3,112,Florist,risky,catch_all,mv-verified-houston-risky-2026-04-20,ChIJ29tZ5dHDQIYRFKjEfm_T59U,1
info@mariasdinergroves.com,Maria's,Diner,Maria's Diner,(409) 237-4077,http://mariasdinergroves.com/,Nederland,"1203 S Hwy 69, Nederland, TX 77627",4.5,112,Mexican restaurant,risky,catch_all,mv-verified-houston-risky-2026-04-20,ChIJwxVP1iC3PoYR4Lwwci1Te7c,1
sales@at4fence.com,AT4,Fence & Custom Exteriors LLC,AT4 Fence & Custom Exteriors LLC,(737) 225-3761,https://at4fence.com/,Austin,"6610 Woodhue Dr, Austin, TX 78745",5,111,Fence contractor,risky,unknown,mv-verified-houston-risky-2026-04-20,ChIJfefxeIOCPUIR5XA79_23E3U,1
info@alsmowerparts.com,Al's,"Engine & Equipment Wholesalers, Inc.","Al's Engine & Equipment Wholesalers, Inc.",(713) 681-4663,http://www.alsmowerparts.com/,Houston,"6908 Long Point Rd, Houston, TX 77055",4.2,111,Small engine repair service,risky,unknown,mv-verified-houston-risky-2026-04-20,ChIJdRwFzITGQIYRxSUcklBmYaE,1
maseralarms@sbcglobal.net,Maser,Security Alarms INC,Maser Security Alarms INC,(915) 532-5033,https://masersecurity.com/,El Paso,"1387 George Dieter Dr Blgd C Ste 105, El Paso, TX 79936",4.9,111,Security system installation service,risky,catch_all,mv-verified-houston-risky-2026-04-20,ChIJdVXo-KVZ54YRuOkZM-jy9wY,1
info@momshousecleaning.com,Mom's,House Cleaning,Mom's House Cleaning,(210) 380-8066,http://www.momshousecleaning.com/,San Antonio,"1710 Lampost Rd, San Antonio, TX 78213",4.3,111,House cleaning service,risky,catch_all,mv-verified-houston-risky-2026-04-20,ChIJDfQps9FfXIYRGCm5RFjGgX8,1
contact@oldreliablepest.com,Old,Reliable Pest Control,Old Reliable Pest Control,+1 713-524-6461,https://oldreliablepest.com/,Houston,"3223 Same Way, Houston, TX 77339, United States",5,111,Pest control service,risky,catch_all,mv-verified-houston-risky-2026-04-20,ChIJ6dSj4OhSR4YRlHHf0rkoHN0,1
info@goprotek.com,Protek,Electric,Protek Electric,(972) 804-0805,https://goprotek.com/?utm_source=Google&utm_medium=Local+SEO&utm_campaign=GBP,Royse City,"1909 Glen Meadow Dr, Royse City, TX 75189",5,111,Electrician,risky,catch_all,mv-verified-houston-risky-2026-04-20,ChIJ28LOImD_S4YRkGH_FA1axr4,1
info@robinsonfamilyinsurance.com,Robinson,Family Insurance,Robinson Family Insurance,(281) 223-1887,https://www.homeinsuranceagencyleaguecity.com/,League City,"1100 Gulf Fwy S #112, League City, TX 77573",4.9,111,Insurance agency,risky,catch_all,mv-verified-houston-risky-2026-04-20,ChIJeS4ObC-DQIYRukTPLOWxhFE,1
info@neighborhoodloans.com,South,Texas Lending,South Texas Lending,(210) 750-6164,https://neighborhoodloans.com/ben-gheliuc/,San Antonio,"1846 N Loop 1604 W Ste 205, San Antonio, TX 78248",5,111,Mortgage lender,risky,unknown,mv-verified-houston-risky-2026-04-20,ChIJxckU46BhXIYRBJairsNJNzk,1
info@chylloutloung.com,chyllout,loung,chyllout loung,,http://www.chylloutloung.com/,Houston,"8108 Antoine Dr, Houston, TX 77088",4.8,111,Hookah bar,risky,catch_all,mv-verified-houston-risky-2026-04-20,ChIJbRt-6RXJQIYRSdYGCiB7724,1
info@completelandsculpture.com,Complete,Landsculpture,Complete Landsculpture,(469) 640-8502,https://completelandsculpture.com/?utm_campaign=gmb&utm_medium=organic&utm_source=google-business-profile,Dallas,"2000 Sandy Ln, Dallas, TX 75220",4.3,110,Landscaper,risky,catch_all,mv-verified-houston-risky-2026-04-20,ChIJc85XxTudToYR7BmAt3NVr3s,1
info@pinchapenny.com,Pinch,A Penny Pool Patio Spa,Pinch A Penny Pool Patio Spa,(713) 303-9360,https://pinchapenny.com/stores/houston-tx-237,Houston,"8945 Hwy 6 N Suite # 260, Houston, TX 77095",4.6,110,Swimming pool supply store,risky,catch_all,mv-verified-houston-risky-2026-04-20,ChIJq7bfLiHRQIYR0PDAoRvu7xQ,4
info@sushikozy.com,Sushi,Kozy,Sushi Kozy,(214) 452-2777,https://sushikozy.com/,Dallas,"2000 Ross Ave suite 150, Dallas, TX 75201",4.9,110,Sushi restaurant,risky,catch_all,mv-verified-houston-risky-2026-04-20,ChIJw_zgu3UlTIYRAFVoFFGp0SI,1
info@deenkubota.com,Deen,Kubota,Deen Kubota,(972) 552-3151,http://www.deenkubota.com/,Forney,"703 W Broad St, Forney, TX 75126",4.6,109,Construction machine dealer,risky,catch_all,mv-verified-houston-risky-2026-04-20,ChIJCZgAh8StToYRI-GSsh5ucvs,1
info@elliottelectric.com,Elliott,Electric Supply,Elliott Electric Supply,(281) 879-4911,https://www.elliottelectric.com/locations/65/TX/Stafford.aspx,Stafford,"10650 W Airport Blvd #100, Stafford, TX 77477",4.2,109,Electrical supply store,risky,catch_all,mv-verified-houston-risky-2026-04-20,ChIJu0w-UdnnQIYRJAJtxerGtjE,12
flowersetcbygeorgi@sbcglobal.net,Flowers,Etc By Georgia,Flowers Etc By Georgia,(713) 524-3989,https://www.flowersetcbygeorgiatx.com/,Houston,"1818 Waugh Dr, Houston, TX 77006",4.7,109,Florist,risky,catch_all,mv-verified-houston-risky-2026-04-20,ChIJ9x9or6HAQIYRkY0tDuBC1xI,1
ftworthcustomfence@aol.com,Fort,Worth Custom Fence,Fort Worth Custom Fence,(817) 343-1173,https://fortworthcustomfence.com/,Springtown,"150 Springwood Rnch Lp, Springtown, TX 76082",5,109,Fence contractor,risky,unknown,mv-verified-houston-risky-2026-04-20,ChIJ_470Xch902IR2M9idS2zJtw,1
info@goosehead.com,Goosehead,Insurance - Joe Robertson,Goosehead Insurance - Joe Robertson,(409) 299-3776,https://www.goosehead.com/agents/tx/beaumont/joe-robertson?utm_source=google&utm_medium=organic_search&utm_campaign=yext,Beaumont,"350 Pine St Ste 209, Beaumont, TX 77701",4.8,109,Insurance agency,risky,catch_all,mv-verified-houston-risky-2026-04-20,ChIJr-YZQz_NPoYRNtV6S_Nj_QA,5
info@primarycolorstattoo.com,Primary,Colors Tattoo,Primary Colors Tattoo,(713) 429-2612,http://primarycolorstattoo.com/,Houston,"2327 Commerce St Suite 105, Houston, TX 77002",4.9,109,Tattoo shop,risky,unknown,mv-verified-houston-risky-2026-04-20,ChIJKUGljGfAQIYRQbOiwX-dtaQ,1
info@rayburnsroofing.com,Rayburn’s,Roofing,Rayburn’s Roofing,(713) 865-6014,https://www.rayburnsroofing.com/,Kingwood,"5418 Forest Springs Dr, Kingwood, TX 77339",5,109,Roofing contractor,risky,catch_all,mv-verified-houston-risky-2026-04-20,ChIJwb49HFunOIYR2FPBfSEXMkM,1
studioonedancecenter@yahoo.com,Studio,One Dance Center,Studio One Dance Center,(817) 605-7352,http://www.studioonedancecenter.com/,Fort Worth,"9734 N Beach St #200, Fort Worth, TX 76244",4.7,109,Dance school,risky,unknown,mv-verified-houston-risky-2026-04-20,ChIJnVqINgLYTYYRmeBl6r24-w4,1
info@cajunfood88.com,Cajun,88,Cajun 88,(409) 330-4580,https://www.cajunfood88.com/,Orange,"2900 N 16th St, Orange, TX 77630",3.8,108,American restaurant,risky,unknown,mv-verified-houston-risky-2026-04-20,ChIJ043pPQBVOYYRPVS9Fpe18pw,1
codewellservices@yahoo.com,CodeWell,"Services, LLC","CodeWell Services, LLC",(806) 290-8865,https://www.codewellservices.com/,Amarillo,"4304 Tradewind St, Amarillo, TX 79118",5,108,Electrician,risky,unknown,mv-verified-houston-risky-2026-04-20,ChIJcbEw3WRPAYcR18Bb0wtm1wc,1
info@hanksgym.com,Hank's,Gym,Hank's Gym,(713) 668-6219,http://hanksgym.com/,Houston,"5320 Elm St, Houston, TX 77081",4.7,108,Gym,risky,catch_all,mv-verified-houston-risky-2026-04-20,ChIJNYEmYYbBQIYRogckmfvRtrA,1
info@poolservicehaslet.com,Haslet,Neighborhood Pool Service,Haslet Neighborhood Pool Service,(817) 494-1350,http://poolservicehaslet.com/,Fort Worth,"870 Tradewind Dr, Fort Worth, TX 76177",4.8,108,Pool cleaning service,risky,catch_all,mv-verified-houston-risky-2026-04-20,ChIJ6QYhaZXbTYYRaW1n_ZlJ_uY,1
info@parkmanor-cypressstation.com,Park,Manor of Cypress Station,Park Manor of Cypress Station,(832) 249-6500,http://www.parkmanor-cypressstation.com/,Houston,"420 Lantern Bend Dr, Houston, TX 77090",3.9,108,Nursing home,risky,catch_all,mv-verified-houston-risky-2026-04-20,ChIJBTJAHyDLQIYROj4NdfAvbew,1
info@texascastrolandscapingllc.com,Texas,Castro Landscaping LLC,Texas Castro Landscaping LLC,(832) 889-9786,http://www.texascastrolandscapingllc.com/,Houston,"6658 Thornwall St, Houston, TX 77092",4.8,108,Landscaper,risky,unknown,mv-verified-houston-risky-2026-04-20,ChIJB4JQbuvFQIYRLu_R3msXkTM,1
info@austinweddingplanners.com,Austin,Wedding Planners,Austin Wedding Planners,(512) 826-6034,http://www.austinweddingplanners.com/,Austin,"1701 Palma Plaza, Austin, TX 78703",4.9,107,Wedding planner,risky,catch_all,mv-verified-houston-risky-2026-04-20,ChIJ48gHpWm1RIYRnSi0QHcGQlA,1
info@ecsoffice.com,ECS,(Expert Computer Solutions) - Houston Managed IT Services & IT Support,ECS (Expert Computer Solutions) - Houston Managed IT Services & IT Support,(713) 782-4357,https://www.ecsoffice.com/?utm_source=google&utm_medium=organic&utm_campaign=gmb,Houston,"16001 Park Ten Pl #430, Houston, TX 77084",4.9,107,Computer support and services,risky,catch_all,mv-verified-houston-risky-2026-04-20,ChIJ057FDofcQIYR6uJ0tpGevs0,1
customersupport@emser.com,Emser,Tile,Emser Tile,(713) 686-8404,http://www.emser.com/,Houston,"6014, 11850 Hempstead Rd # 195, Houston, TX 77092",4.3,107,Tile store,risky,catch_all,mv-verified-houston-risky-2026-04-20,ChIJ1UjM3NHFQIYRFqkgNW1i1Ak,1
davidm@perfectedbodies.com,Perfected,Bodies Gym,Perfected Bodies Gym,(940) 384-9107,https://www.perfectedbodies.com/,Denton,"723 S Interstate 35, Denton, TX 76205",5,107,Gym,risky,catch_all,mv-verified-houston-risky-2026-04-20,ChIJ1dMDqX_LTYYRy38-cTDrWlw,1
info@certifiedplumbingworks.com,Certified,Plumbing Works LLC,Certified Plumbing Works LLC,(972) 221-0386,https://www.certifiedplumbingworks.com/,,,4.9,106,Plumber,risky,catch_all,mv-verified-houston-risky-2026-04-20,ChIJZTz0Xy3uRYsRbK_SLtk_Ahc,1
info@riveraroofers.online,Rivera,& Sons Roofers LLC,Rivera & Sons Roofers LLC,(936) 315-3100,https://riveraroofers.online/houston,Houston,"3383 Orlando St, Houston, TX 77093",4.9,106,Roofing contractor,risky,catch_all,mv-verified-houston-risky-2026-04-20,ChIJZ0NZ5wu5QIYRdTvjalcF5Y8,3
ed.cano@stonecastleroofing.com,Stone,Castle Roofing,Stone Castle Roofing,(281) 250-1265,https://stonecastleroofing.com/,Pearland,"7626 Longleaf Dr, Pearland, TX 77581",5,106,Roofing contractor,risky,catch_all,mv-verified-houston-risky-2026-04-20,ChIJN9ro_W6TQIYR_PRd0LLV9oM,1
info@texasplumbingandbackflow.com,Texas,Plumbing And Backflow,Texas Plumbing And Backflow,(409) 655-5230,http://texasplumbingandbackflow.com/,Texas City,"2312 25th Ave N, Texas City, TX 77590",4.7,106,Plumber,risky,catch_all,mv-verified-houston-risky-2026-04-20,ChIJ537k_8J5P4YR23-JZ3oxSfY,1
info@thepatchboys.com,The,Patch Boys of West Houston,The Patch Boys of West Houston,(832) 615-0444,https://www.thepatchboys.com/west-houston/,Houston,"2323 S Voss Rd Ste 510-18, Houston, TX 77057",5,106,Dry wall contractor,risky,catch_all,mv-verified-houston-risky-2026-04-20,ChIJPZwyAJDDG28R7zi0xjtrOf8,4
info@davisroofing.online,Davis,& Sons Roofing & Construction,Davis & Sons Roofing & Construction,(512) 580-7578,https://davisroofing.online/austin,Austin,"1810 W Slaughter Ln, Austin, TX 78748",4.8,105,Roofing contractor,risky,catch_all,mv-verified-houston-risky-2026-04-20,ChIJIzdGdTpNW4YRyaExKhxVwuc,1
info@evamagana.com,Eva,Magaña Photography,Eva Magaña Photography,(210) 347-1528,https://www.evamagana.com/,San Antonio,"16170 Jones Maltsberger Rd Ste 200, San Antonio, TX 78247",4.8,105,Photography studio,risky,catch_all,mv-verified-houston-risky-2026-04-20,ChIJpTkAwli39KkRR_hQR7CdJ7o,1
contact@howardcpallc.com,Howard,"CPA, LLC","Howard CPA, LLC",(713) 258-5512,http://www.howardcpallc.com/,Houston,"2 Riverway Dr suite 1260, Houston, TX 77056",4.8,105,Certified public accountant,risky,catch_all,mv-verified-houston-risky-2026-04-20,ChIJMSz-IxLBQIYRh5qvoD2ET-A,1
info@lovelandyoga.com,Loveland,Yoga,Loveland Yoga,(281) 901-1771,http://lovelandyoga.com/,Houston,"1717 W 34th St #1100, Houston, TX 77018",5,105,Yoga studio,risky,catch_all,mv-verified-houston-risky-2026-04-20,ChIJGQnCzXbHQIYRGw8nck1bm74,1
contact@nomadscreenprinting.com,NOMAD,Screen Printing,NOMAD Screen Printing,(726) 234-1594,https://thenomadstudios.com/pages/nomad-screen-printing,,,5,105,Screen printer,risky,catch_all,mv-verified-houston-risky-2026-04-20,ChIJkZ8Y6rUTnkQRIXTDHrX2Ax4,1
info@paradisedecksandspas.com,Paradise,Decks & Spas,Paradise Decks & Spas,(210) 496-3325,http://www.paradisedecksandspas.com/,San Antonio,"10615 Perrin Beitel suite 604, San Antonio, TX 78217",4.1,105,Deck builder,risky,catch_all,mv-verified-houston-risky-2026-04-20,ChIJCbAZLg6MXIYRH8y38YvuV_4,1
info@personaltouchpool.com,Personal,Touch Pool Care,Personal Touch Pool Care,(817) 236-7665,http://www.personaltouchpool.com/,Azle,"10441 FM 1886, Azle, TX 76020",4.7,105,Pool cleaning service,risky,catch_all,mv-verified-houston-risky-2026-04-20,ChIJhcUgCkd1ToYRkN64mOnCCH4,1
info@vargasroofrepair.pro,Vargas,& Sons Roof Repair,Vargas & Sons Roof Repair,(936) 259-0222,https://vargasroofrepair.pro/dallas,Dallas,"6747 Abrams Rd, Dallas, TX 75231",4.7,105,Roofing contractor,risky,catch_all,mv-verified-houston-risky-2026-04-20,ChIJoxpB9vGhToYRGIaVDVlm25c,2
info@acespihouston.com,ACES,Private Investigations Houston,ACES Private Investigations Houston,(281) 404-4366,https://acespihouston.com/,Houston,"1001 Texas Ave Suite 1400, Houston, TX 77002",4.9,104,Private investigator,risky,unknown,mv-verified-houston-risky-2026-04-20,ChIJQ58zrFzUQIYROoKuF49zcPg,1
rudy@atyoursidehomecare.com,At,Your Side Home Care,At Your Side Home Care,(832) 271-1600,http://www.houston-homecare.com/?utm_source=gbp,Houston,"2400 Augusta Dr STE 260, Houston, TX 77057",4.7,104,Home health care service,risky,catch_all,mv-verified-houston-risky-2026-04-20,ChIJgWEGg6LdQIYRt9lKRAZ8H2M,1
ryan@backandbodyworkmassage.com,Back,and Bodywork Massage,Back and Bodywork Massage,+1 469-396-4920,https://back-and-bodywork-massage.square.site/,Dallas,"17762 Preston Rd Suite 109, Dallas, TX 75252, United States",5,104,Sports massage therapist,risky,catch_all,mv-verified-houston-risky-2026-04-20,ChIJcUqWCNUmTIYRiqSEOS7g_V4,1
blommaflowers@yahoo.com,Blomma,Flower Shop,Blomma Flower Shop,(713) 862-7714,https://www.blommaflowershop.com/,Houston,"1602 Patterson St, Houston, TX 77007",4.8,104,Florist,risky,unknown,mv-verified-houston-risky-2026-04-20,ChIJOSW0vk3HQIYRFPQ67QQ9hBw,1
burkesupholstery@yahoo.com,Burke's,Upholstery,Burke's Upholstery,(281) 444-7392,https://www.burkesupholsteryco.com/,Houston,"15202-A Kuykendahl Rd, Houston, TX 77090",4.8,104,Upholstery shop,risky,unknown,mv-verified-houston-risky-2026-04-20,ChIJq-BQ9p_LQIYRhkMXXHCU-4E,1
info@evolvedfwrealestate.com,Evolve,Real Estate | Cynthia Randle,Evolve Real Estate | Cynthia Randle,(972) 806-1742,http://www.evolvedfwrealestate.com/,Dallas,"3400 Ross Ave, Dallas, TX 75204",5,104,Real estate agency,risky,catch_all,mv-verified-houston-risky-2026-04-20,ChIJBbxCFHOZToYRu-smbWYoe_w,1
info@goldroofs.net,Gold,Lion Construction Solutions LLC,Gold Lion Construction Solutions LLC,(832) 247-4428,http://goldroofs.net/,Katy,"2717 Commercial Center Blvd, Katy, TX 77494",5,104,Roofing contractor,risky,catch_all,mv-verified-houston-risky-2026-04-20,ChIJu93nAAQnQYYRhHlhmNLqFgc,1
info@houstonlandscapepros.com,Houston,Landscape Pros,Houston Landscape Pros,(713) 396-3320,https://houstonlandscapepros.com/,Houston,"9801 Westheimer Rd #300, Houston, TX 77042",4.7,104,Landscaper,risky,catch_all,mv-verified-houston-risky-2026-04-20,ChIJJ9rNVY7DQIYRwIEStvlrh58,1
front@perkypoodle.com,Perky,Poodle Grooming & Boutique,Perky Poodle Grooming & Boutique,(214) 526-3243,http://www.perkypoodle.com/,Dallas,"4560 W Mockingbird Ln, Dallas, TX 75209",4.3,104,Pet groomer,risky,catch_all,mv-verified-houston-risky-2026-04-20,ChIJeak9s4SeToYRf_uVdCRUlLs,1
info@mattbinghamlaw.com,The,"Law Offices of D. Matt Bingham, PLLC","The Law Offices of D. Matt Bingham, PLLC",(903) 565-2084,https://mattbinghamlaw.com/,Tyler,"2203 Oak Alley, Tyler, TX 75703",5,104,Criminal justice attorney,risky,catch_all,mv-verified-houston-risky-2026-04-20,ChIJjw5Dp6nNSYYRseB0AYHKoSk,1
reception@watkinsinsurancegroup.com,Watkins,Insurance Group,Watkins Insurance Group,(512) 452-8877,https://www.watkinsinsurancegroup.com/,Austin,"3834 Spicewood Springs Rd STE 100, Austin, TX 78759",4.7,104,Insurance agency,risky,catch_all,mv-verified-houston-risky-2026-04-20,ChIJI_-vJg3LRIYR5fhXUrvEHiY,1
barkwoodresort@aol.com,Barkwood,Pet Resort,Barkwood Pet Resort,(409) 898-2275,https://barkwoodpetresort.com/,Beaumont,"7450 Park N Dr, Beaumont, TX 77708",4.5,103,Pet groomer,risky,unknown,mv-verified-houston-risky-2026-04-20,ChIJ1xK18aMzOYYROuzHSshll6A,1
info@henryroofrepair.site,Henry,& Sons Roof Repair,Henry & Sons Roof Repair,(254) 330-8600,https://henryroofrepair.site/pearland,Pearland,"2004 N Main St, Pearland, TX 77581",4.9,103,Roofing contractor,risky,catch_all,mv-verified-houston-risky-2026-04-20,ChIJ-W8H3zSRQIYRQKt0QbfJDeU,2
info@jchestercpa.com,J,"Chester & Associates, Inc Dallas CPA Firm","J Chester & Associates, Inc Dallas CPA Firm",(214) 330-4682,http://jchestercpa.com/,Dallas,"8140 Walnut Hill Ln #430, Dallas, TX 75231",4.6,103,Certified public accountant,risky,catch_all,mv-verified-houston-risky-2026-04-20,ChIJLWThwA6iToYR6lWaWceUkwU,1
info@mackappliancerepairs.com,Mack,appliance repair,Mack appliance repair,(346) 375-2206,http://www.mackappliancerepairs.com/,Houston,"11212 Westpark Dr, Houston, TX 77042",5,103,Appliance repair service,risky,catch_all,mv-verified-houston-risky-2026-04-20,ChIJ7V74KCvdQIYRx0IJvLt2oPM,1
info@maintenancemobiledetailing.com,Maintenance,Mobile Detailing,Maintenance Mobile Detailing,(915) 525-9284,http://www.maintenancemobiledetailing.com/,El Paso,"6070 Gtwy Blvd E Ste. 106 PMB 1216, El Paso, TX 79905",4.9,103,Car detailing service,risky,catch_all,mv-verified-houston-risky-2026-04-20,ChIJiRQcux6TNIURJRF4BZh5SSk,1
info@missouricitypoolmaintenance.com,Missouri,City Local Pool Maintenance,Missouri City Local Pool Maintenance,(832) 426-2383,http://missouricitypoolmaintenance.com/,Missouri City,"5501 Hwy 6, Missouri City, TX 77459",4.8,103,Pool cleaning service,risky,catch_all,mv-verified-houston-risky-2026-04-20,ChIJraqq9vvlQIYRLdBYfgILUII,1
info@rogerperez.com,Roger,A. Pérez Law Office,Roger A. Pérez Law Office,(210) 224-2240,http://www.rogerperez.com/,San Antonio,"427 S St Mary's St, San Antonio, TX 78205",4.8,103,Family law attorney,risky,catch_all,mv-verified-houston-risky-2026-04-20,ChIJXY-DW6xYXIYRPfkEdXspVIQ,1
info@southwestcarcarecenterkaty.com,Southwest,Car Care Center,Southwest Car Care Center,+1 281-579-9092,http://www.southwestcarcarecenterkaty.com/,Katy,"803 S Mason Rd Suite 514, Katy, TX 77450, United States",4.9,103,Vehicle repair shop,risky,catch_all,mv-verified-houston-risky-2026-04-20,ChIJN6ezfkcnQYYRUvCoQtPVMbg,1
beauty_bar_tx@yahoo.com,The,Beauty Bar,The Beauty Bar,(915) 351-4061,http://www.beautybartx.com/,El Paso,"150 W Castellano Dr UNIT D, El Paso, TX 79912",4.8,103,Beauty salon,risky,unknown,mv-verified-houston-risky-2026-04-20,ChIJH0lcBD9Y54YRtBqFD_8oiQI,1
info@topdollartax.com,Top,Dollar Tax Services LLC,Top Dollar Tax Services LLC,(832) 280-5986,http://topdollartax.com/,Houston,"918 E Parker Rd, Houston, TX 77076",4.6,103,Tax preparation service,risky,catch_all,mv-verified-houston-risky-2026-04-20,ChIJZ7zpegO4QIYR4BDLst1P9JA,1
info@vigoractive.net,Vigor,Active,Vigor Active,+1 817-336-6784,http://vigoractive.net/,Fort Worth,"615 Commerce St, Fort Worth, TX 76102, United States",4.8,103,Gym,risky,catch_all,mv-verified-houston-risky-2026-04-20,ChIJNc_XkT9xToYRAePyW96Rpas,1
info@dallashousekeepingco.com,Dallas,Housekeeping Co.,Dallas Housekeeping Co.,(214) 761-3451,http://dallashousekeepingco.com/,,,5,102,House cleaning service,risky,catch_all,mv-verified-houston-risky-2026-04-20,ChIJRScu_2HD7i4RARiG5FfdeU8,1
support@demo.com,Dance,Discovery,Dance Discovery,(512) 419-7611,https://austin-dance.org/?utm_source=google&utm_medium=organic&utm_campaign=gbp,Austin,"2167 W Anderson Ln., Austin, TX 78757",4.9,102,Dance school,risky,unknown,mv-verified-houston-risky-2026-04-20,ChIJZ1cEz6_LRIYR6tRi8poAHWQ,1
info@etxtreeclearingdirtwork.com,ETX,Tree Clearing & Dirt Work,ETX Tree Clearing & Dirt Work,(903) 808-7221,https://www.etxtreeclearingdirtwork.com/,Longview,"226 Progress Blvd, Longview, TX 75604",4.8,102,Tree service,risky,unknown,mv-verified-houston-risky-2026-04-20,ChIJSbJRI80uNoYR715KsTIl_oQ,1
info@insurehut.com,INSUREhut.com,Insurance Agencies,INSUREhut.com Insurance Agencies,(210) 702-3955,http://www.insurehut.com/,San Antonio,"1428 SW Military Dr, San Antonio, TX 78221",4.5,102,Auto insurance agency,risky,catch_all,mv-verified-houston-risky-2026-04-20,ChIJObjpu0dYXIYRTtHWMGaePcc,1
twitherspoon@wacotrib.com,Law,Office Of J.R. Vicha,Law Office Of J.R. Vicha,+1 254-752-7500,http://www.vichalaw.com/,Waco,"304 N 6th St, Waco, TX 76701, United States",4.9,102,Lawyer,risky,catch_all,mv-verified-houston-risky-2026-04-20,ChIJx4XTCU6CT4YRR8TZnIvYk1A,1
info@magiccoinlaundry.com,Magic,Coin Lavanderia,Magic Coin Lavanderia,(214) 628-3219,http://magiccoinlaundry.com/,Dallas,"7020 Fair Oaks Ave Ste 100, Dallas, TX 75231",3.8,102,Laundromat,risky,catch_all,mv-verified-houston-risky-2026-04-20,ChIJDR3Gdo2fToYRmI6KwtxI5BU,1
newrootshouston@yahoo.com,New,Roots,New Roots,(713) 485-4791,https://newrootslandscapinghouston.com/,Houston,"5117 N Main St, Houston, TX 77009",4.7,102,Garden center,risky,unknown,mv-verified-houston-risky-2026-04-20,ChIJywV4gJm4QIYRuKRYB1iUheo,1
info@servicefireequip.com,Service,Fire Equipment,Service Fire Equipment,(972) 253-3456,https://servicefireequip.com/,Irving,"1429 W 6th St, Irving, TX 75060",4.9,102,Fire protection service,risky,unknown,mv-verified-houston-risky-2026-04-20,ChIJX9bMz3eDToYR1elzifb3kuM,1
info@outboard-parts.com,Stone,& Sons Marine,Stone & Sons Marine,(713) 686-3011,http://outboard-parts.com/,Houston,"3410 Oak Forest Dr, Houston, TX 77018",4.1,102,Boat repair shop,risky,catch_all,mv-verified-houston-risky-2026-04-20,ChIJPS6CNFXGQIYRiviCkHfUkX0,1
tonyclaunch@att.net,Tony's,International Car Care,Tony's International Car Care,+1 409-235-0018,https://www.autorepairshopgalveston.com/,Galveston,"1328 Postoffice St, Galveston, TX 77550, United States",4.2,102,Auto repair shop,risky,catch_all,mv-verified-houston-risky-2026-04-20,ChIJ83j8EEeeP4YRziutBkhvYLs,1
info@501automotive.com,501,Automotive Repair,501 Automotive Repair,(903) 758-0501,http://www.501automotive.com/,Longview,"3665 Estes Pkwy, Longview, TX 75603",4.5,101,Auto repair shop,risky,catch_all,mv-verified-houston-risky-2026-04-20,ChIJLWX7CRBINoYRSqnJMfBmKUM,1
glass@agsatx.com,Atlas,Glass San Antonio,Atlas Glass San Antonio,(210) 922-2500,http://www.agsatx.com/,San Antonio,"1049 New Laredo Hwy, San Antonio, TX 78211",4.6,101,Glass repair service,risky,catch_all,mv-verified-houston-risky-2026-04-20,ChIJ8ZJfJq1ZXIYRXLxyOS04EjE,1
hugo@covermeupholstery.com,Cover,Me Upholstery,Cover Me Upholstery,(469) 688-6271,http://covermeupholstery.com/,Farmers Branch,"3322 Garden Brook Dr, Farmers Branch, TX 75234",4.8,101,Upholstery shop,risky,catch_all,mv-verified-houston-risky-2026-04-20,ChIJZ4MiXWQuTIYRAlpDKMLLE0w,1
katy@easyvet.com,EasyVet,Veterinarian Katy,EasyVet Veterinarian Katy,(281) 867-6735,http://katy.easyvet.com/,Katy,"23021 Morton Ranch Rd suite k, Katy, TX 77449",4.8,101,Veterinarian,risky,catch_all,mv-verified-houston-risky-2026-04-20,ChIJOe1VuWInQYYRsHIcFlfcB8g,1
info@goelevateelectrical.com,Elevate,Electrical Solutions,Elevate Electrical Solutions,(210) 913-1115,https://goelevateelectrical.com/,San Antonio,"8231 Stoeger Path, San Antonio, TX 78253",4.9,101,Electrician,risky,catch_all,mv-verified-houston-risky-2026-04-20,ChIJJXaFJ2LtnAsRgh5JofCODJs,1
info@kustomgutters.com,Houston,Kustom Gutters,Houston Kustom Gutters,(281) 492-1991,https://www.kustomgutters.com/,Houston,"13100 Wortham Center Dr #3190, Houston, TX 77065",5,101,Gutter cleaning service,risky,catch_all,mv-verified-houston-risky-2026-04-20,ChIJR2IhakfRQIYRCRqsOUQH6kw,1
david@thatmaidsense.com,Maid,"Sense, LLC.","Maid Sense, LLC.",(346) 257-1166,http://www.thatmaidsense.com/,Katy,"700 Westgreen Blvd, Katy, TX 77450",4.5,101,House cleaning service,risky,unknown,mv-verified-houston-risky-2026-04-20,ChIJ7_-z60ghQYYRRImiqSsLix0,1
support@sharkmovers.com,Shark,Movers,Shark Movers,(281) 607-6820,http://www.sharkmovers.com/,,,4.9,101,Mover,risky,catch_all,mv-verified-houston-risky-2026-04-20,ChIJtTiO0u3WQIYRZGzgP81UbRI,1
info@sprinklerrepairprofessionals.com,Sprinkler,Repair Professionals,Sprinkler Repair Professionals,(281) 435-5408,http://www.sprinklerrepairprofessionals.com/,Rosenberg,"1435 Band Rd, Rosenberg, TX 77471",4.8,101,Lawn sprinkler system contractor,risky,unknown,mv-verified-houston-risky-2026-04-20,ChIJA3KLf9EfQYYRqTakul3dGyI,5
sugarlandirrigationllc@yahoo.com,Sugar,"Land Irrigation & Maintenance, LLC","Sugar Land Irrigation & Maintenance, LLC",(832) 561-5287,https://www.sugarlandirrigation.com/,,,5,101,Landscaper,risky,unknown,mv-verified-houston-risky-2026-04-20,ChIJuWTEZcDhQIYR6W87EG7k-7Q,1
info@airconsolutions.pro,Air,Conditioning & Refrigeration Solutions LLC,Air Conditioning & Refrigeration Solutions LLC,(956) 933-2016,https://airconsolutions.pro/,McAllen,"4508 N Taylor Rd, McAllen, TX 78504",4.9,100,HVAC contractor,risky,unknown,mv-verified-houston-risky-2026-04-20,ChIJhdFMftSvZYYRf2jhG47Fd5c,1
customercare@myanimalhousevets.com,Animal,House Veterinary Services,Animal House Veterinary Services,(281) 334-3743,http://www.myanimalhousevets.com/,League City,"2640 E League City Pkwy #130, League City, TX 77573",4.6,100,Veterinarian,risky,catch_all,mv-verified-houston-risky-2026-04-20,ChIJNblUGUt9P4YRKfoongDT9Xk,1
info@fifiandfidos.com,Fifi,& Fidos Pet Boutique,Fifi & Fidos Pet Boutique,(210) 822-2525,http://fifiandfidos.com/,San Antonio,"5120 Broadway Suite A, San Antonio, TX 78209",4.7,100,Pet supply store,risky,unknown,mv-verified-houston-risky-2026-04-20,ChIJx3hz5Vz1XIYRpc1dH-idFuQ,1
info@kingdomelectrictx.com,Kingdom,Electric,Kingdom Electric,+1 325-232-8628,https://www.kingdomelectrictx.com/,Abilene,"1590 E Hwy 80, Abilene, TX 79601, United States",4.7,100,Electrician,risky,catch_all,mv-verified-houston-risky-2026-04-20,ChIJUyj3ApORVoYRws8m5ls6D88,1
gracie@squaredawaypainting.com,Squared,Away Painting,Squared Away Painting,(346) 233-5422,https://www.squaredawaypainting.com/,Houston,"4000 W 34th St Unit 73, Houston, TX 77092",5,100,Painter,risky,catch_all,mv-verified-houston-risky-2026-04-20,ChIJYbIB5z7HQIYRdRSa4dQfdPo,1
info@swiftdentalpa.com,Swift,Dental: Dr. Jose Villarreal,Swift Dental: Dr. Jose Villarreal,(956) 287-3068,http://www.swiftdentalpa.com/,McAllen,"1700 Dove Ave W Suite 10, McAllen, TX 78504",4.9,100,Dentist,risky,unknown,mv-verified-houston-risky-2026-04-20,ChIJl5lMRjCnZYYRcBvNmMxyEVI,1
info@carterroofers.best,Carter,& Sons Roofers LLC,Carter & Sons Roofers LLC,(432) 300-5100,https://carterroofers.best/odessa,Odessa,"2119 E 42nd St, Odessa, TX 79762",4.8,99,Roofing contractor,risky,catch_all,mv-verified-houston-risky-2026-04-20,ChIJSTW8z-HJ-4YRRSAQhUUCTUg,1
just.intimeplumbing@yahoo.com,Just-In,Time Plumbing Solutions LLC,Just-In Time Plumbing Solutions LLC,(281) 608-6403,https://www.justintimeplumbingsolutionsllc.com/,,,4.9,99,Plumber,risky,unknown,mv-verified-houston-risky-2026-04-20,ChIJ7zDJllJHWawR6J2fWRSQkmk,1
rockettow1@att.com,Rocket,Tow,Rocket Tow,(817) 498-0000,https://www.rockettowservice.com/,Fort Worth,"7715 Sand St, Fort Worth, TX 76118",4.7,99,Towing service,risky,catch_all,mv-verified-houston-risky-2026-04-20,ChIJ5emPp3F5ToYRrP7M6hzlekQ,1
receptionist@championins.com,Champion,Commercial Insurance,Champion Commercial Insurance,(214) 265-9020,http://championins.com/,Dallas,"3025 Commerce St, Dallas, TX 75226",4.7,98,Insurance agency,risky,catch_all,mv-verified-houston-risky-2026-04-20,ChIJB-cwXOV_ToYRJmFco3XV5DM,1
info@electricowork.com,"Electricowork,",LLC,"Electricowork, LLC",(214) 468-4041,http://www.electricowork.com/,Mesquite,"919 N Peachtree Rd, Mesquite, TX 75149",5,98,Electrician,risky,catch_all,mv-verified-houston-risky-2026-04-20,ChIJnXFpV-WkToYRcsWO2h0fNnw,1
info@hearingsystemsinc.com,Hearing,Systems,Hearing Systems,(281) 855-8916,https://www.hearingsystemsinc.com/?utm_source=GBP&utm_medium=organic,Houston,"16103 W Little York Rd SUITE F, Houston, TX 77084",4.8,98,Hearing aid store,risky,unknown,mv-verified-houston-risky-2026-04-20,ChIJnwKdWk7XQIYRM7IcJTCwY04,1
info@houstonurgentcare.vet,Houston,Veterinary Walk-in & Urgent Care,Houston Veterinary Walk-in & Urgent Care,(713) 481-7605,https://houstonurgentcare.vet/,Pearland,"4320 W Broadway St #120, Pearland, TX 77581",4.9,98,Emergency veterinarian service,risky,catch_all,mv-verified-houston-risky-2026-04-20,ChIJgYfEPVCRQIYRhvGYX0ifQE0,1
jjtreesvc@sbcglobal.net,J,J Tree Services LLC,J J Tree Services LLC,(210) 823-6192,http://www.jjtreesvc.com/,San Antonio,"9373 Autumn Branches, San Antonio, TX 78254",4.5,98,Tree service,risky,catch_all,mv-verified-houston-risky-2026-04-20,ChIJvcDtdWtoXIYRBlMoo_8SdQM,1
info@marycleaningservice.com,Mary,Cleaning Service,Mary Cleaning Service,(832) 489-3529,https://marycleaningservice.com/,Houston,"209 Everton St Apt #3, Houston, TX 77003",4.3,98,House cleaning service,risky,unknown,mv-verified-houston-risky-2026-04-20,ChIJ78wesqm_QIYRIFM4p8DSCUI,1
info@renuerx.com,ReNue,Plaza Pharmacy,ReNue Plaza Pharmacy,(214) 855-0606,https://renuerx.com/?utm_source=gmb&utm_id=plaza,Dallas,"600 N Pearl St H201, Dallas, TX 75201",4.9,98,Pharmacy,risky,catch_all,mv-verified-houston-risky-2026-04-20,ChIJeVGyTiGZToYRA7m2wynsV_k,1
dickie@dickiehill.com,Richard,Hill Studio,Richard Hill Studio,(972) 415-3400,http://www.therichardhill.com/,Dallas,"830 Exposition Ave, Dallas, TX 75226",4.9,98,Photography studio,risky,catch_all,mv-verified-houston-risky-2026-04-20,ChIJs4mklliZToYRkyzNDlXAaf4,1
salonatridgewood@yahoo.com,Salon,At Ridgewood Village,Salon At Ridgewood Village,(254) 741-1971,https://www.salonatridgewood.com/,Waco,"2018 N Valley Mills Dr, Waco, TX 76710",4.6,98,Hair salon,risky,unknown,mv-verified-houston-risky-2026-04-20,ChIJOTbFOTyET4YRu6mgrGlo1X4,1
info@smartstopselfstorage.com,SmartStop,Self Storage,SmartStop Self Storage,(713) 230-8180,https://smartstopselfstorage.com/find-storage/tx/houston/3130-southwest-fwy?utm_source=google&utm_medium=map&web_src=gmap&y_source=1_MjAxNjkwMzI2NS03MTUtbG9jYXRpb24ud2Vic2l0ZQ%3D%3D,Houston,"3130 Southwest Fwy, Houston, TX 77098",4.8,98,Self-storage facility,risky,catch_all,mv-verified-houston-risky-2026-04-20,ChIJIRQPX_HBQIYRlim6ubYnJPM,1
spacecenterdental@yahoo.com,Space,Center Dental,Space Center Dental,(281) 372-6440,https://spacecenterdental.com/,Pasadena,"6240 Spencer Hwy, Pasadena, TX 77505",4.6,98,Dentist,risky,unknown,mv-verified-houston-risky-2026-04-20,ChIJKyEtpMqYQIYRZ7YhW620cIQ,1
warehousefurniture202@yahoo.com,Warehouse,Furniture,Warehouse Furniture,(210) 923-4900,http://warehousefurnituresouth.net/,San Antonio,"2027 Pleasanton Rd, San Antonio, TX 78221",4.1,98,Furniture store,risky,unknown,mv-verified-houston-risky-2026-04-20,ChIJZcBuJmpYXIYR-LvtWLmTBbc,1
info@ateamsac.com,A-Team's,"A/C & Heating, LLC","A-Team's A/C & Heating, LLC",(281) 838-6167,http://ateamsac.com/,League City,"3734 Magnolia Ridge, League City, TX 77573",4.9,97,HVAC contractor,risky,catch_all,mv-verified-houston-risky-2026-04-20,ChIJxzUUakqDQIYRstUaNKpWq5Q,1
info@bartoncreekpoolservice.com,Barton,Creek Pool Service,Barton Creek Pool Service,(512) 394-8825,http://bartoncreekpoolservice.com/,Austin,"2700 Barton Creek Blvd #400, Austin, TX 78735",4.9,97,Pool cleaning service,risky,catch_all,mv-verified-houston-risky-2026-04-20,ChIJI2bcPABKW4YR0ITWUd0EbIw,1
comfort@berrybestservices.com,Berry,Best Cooling & Heating,Berry Best Cooling & Heating,(972) 928-9482,https://www.callberrybest.com/,Dallas,"3309 Elm St Suite 259, Dallas, TX 75226",5,97,HVAC contractor,risky,catch_all,mv-verified-houston-risky-2026-04-20,ChIJaYz7OfiiH6QRpwaqA397qWk,1
info@hilltopgranite.com,Hilltop,Stones & Interiors,Hilltop Stones & Interiors,(832) 867-9053,http://hilltopgranite.com/,Houston,"8760 Clay Rd Suite B, Houston, TX 77080",4.9,97,Granite supplier,risky,catch_all,mv-verified-houston-risky-2026-04-20,ChIJA4FEX8fFQIYRUcTx6_ACVlQ,1
mooreirrig@sbcglobal.net,Moore,Irrigation Services Inc,Moore Irrigation Services Inc,(210) 490-5394,http://mooreirrigationservices.com/,San Antonio,"23182 Blanco Rd, San Antonio, TX 78260",4.8,97,Lawn sprinkler system contractor,risky,catch_all,mv-verified-houston-risky-2026-04-20,ChIJBbWisPliXIYRYA9nr3ashQk,1
personaltouchtree@yahoo.com,Personal,Touch Tree Service,Personal Touch Tree Service,(214) 328-7213,http://personaltouchtreeservice.com/,Dallas,"4523 Samuell Blvd, Dallas, TX 75228",4.5,97,Tree service,risky,unknown,mv-verified-houston-risky-2026-04-20,ChIJ0UN5qZuhToYRCQex-x_3kZI,1
info@southernstartractor.com,Southern,Star Tractor and Turf,Southern Star Tractor and Turf,(817) 783-5757,http://www.southernstartractor.com/,Alvarado,"3456 S Burleson Blvd, Alvarado, TX 76009",4.4,97,Tractor dealer,risky,catch_all,mv-verified-houston-risky-2026-04-20,ChIJPR6oWIpdToYRI_tSyODKY8E,1
admin@towerstreetinsurance.com,Tower,Street Insurance,Tower Street Insurance,(469) 788-8888,https://www.towerstreetinsurance.com/,Dallas,"5001 Spring Valley Rd Suite 500 West, Dallas, TX 75244",4.9,97,Insurance broker,risky,catch_all,mv-verified-houston-risky-2026-04-20,ChIJyYlOJQ0hTIYR6qDkrr34c-k,1
josh@aaelectricbmt.com,A&A,"Electric Company Of Beaumont, LLC","A&A Electric Company Of Beaumont, LLC",(409) 842-4437,https://www.aaelectrictx.com/,Beaumont,"6250 Walden Rd, Beaumont, TX 77707",4.3,96,Electrician,risky,unknown,mv-verified-houston-risky-2026-04-20,ChIJ-yFQWMPNPoYRrbXnYyuLDyA,1
chunkthejunk@yahoo.com,Chunk,The Junk,Chunk The Junk,(817) 808-8497,http://chunkthejunk.com/,,,5,96,Junk removal service,risky,unknown,mv-verified-houston-risky-2026-04-20,ChIJPZp_LZh6ToYRyfVfnCnJQx0,1
info@perryroofers.online,Perry,& Sons Roofers LLC,Perry & Sons Roofers LLC,(936) 233-9333,https://perryroofers.online/humble,Humble,"7156 FM 1960, Humble, TX 77346",4.7,96,Roofing contractor,risky,catch_all,mv-verified-houston-risky-2026-04-20,ChIJGR9wBSetQIYRr24Kzn8b2Wo,3
info@atma-energy.com,Atma,Energy,Atma Energy,(210) 247-2862,https://atma-energy.com/,San Antonio,"1430 N Flores St suit 200, San Antonio, TX 78212",4.9,95,Solar energy company,risky,catch_all,mv-verified-houston-risky-2026-04-20,ChIJ-QXvdTvywm4RsprMcKahdjg,1
info@bposhtels.com,Bposhtels,Houston,Bposhtels Houston,,https://www.bposhtels.com/houston/,Houston,"100 W Cavalcade St B, Houston, TX 77009",3.8,95,Hostel,risky,catch_all,mv-verified-houston-risky-2026-04-20,ChIJBRi5n3e5QIYRjTWOzOtJTQM,1
info@excellentautomotiverepair.com,Excellent,Automotive Repair,Excellent Automotive Repair,(806) 698-9500,https://excellentautomotiverepair.com/,Lubbock,"7302 82nd St unit a, Lubbock, TX 79424",5,95,Auto repair shop,risky,catch_all,mv-verified-houston-risky-2026-04-20,ChIJ58wm-ntz_oYRLpUAV_tco1c,1
info@florentinoroofing.best,Florentino,& Sons Roofing & Remodeling,Florentino & Sons Roofing & Remodeling,(346) 810-6999,https://florentinoroofing.best/stafford,Stafford,"12879 Capricorn St, Stafford, TX 77477",4.8,95,Roofing contractor,risky,catch_all,mv-verified-houston-risky-2026-04-20,ChIJUThmr5bnQIYRcG4-i26pj9U,2
hairbymc@yahoo.com,Genius,Hair Solutions,Genius Hair Solutions,(281) 704-5031,http://geniushairsolutionsbymc.com/,Sugar Land,"1945 Lakeside Plaza Dr, Sugar Land, TX 77479",4.9,95,Beauty salon,risky,unknown,mv-verified-houston-risky-2026-04-20,ChIJQ_JnGvbAQIYRbq3rbXbEg6k,1
info@hometownautomotiveshop.com,Hometown,Automotive Shop,Hometown Automotive Shop,(512) 262-0443,http://hometownautomotiveshop.com/,Kyle,"401 N Old Stagecoach Rd, Kyle, TX 78640",4.8,95,Auto repair shop,risky,catch_all,mv-verified-houston-risky-2026-04-20,ChIJXeH23ExXW4YRK1dU2L1p-xc,1
raymondmtzlaw@att.net,Raymond,Martinez Attorney At Law,Raymond Martinez Attorney At Law,(210) 736-4656,https://www.jailreleasesanantonio.com/,San Antonio,"301 Fair Ave, San Antonio, TX 78223",4.6,95,Criminal justice attorney,risky,catch_all,mv-verified-houston-risky-2026-04-20,ChIJT2Jiii32XIYRGzCQ2hi22-E,1
texas.autoglass@yahoo.com,Texas,Auto Glass,Texas Auto Glass,(281) 377-8043,https://www.texas-autoglass.com/,Houston,"15957 Kuykendahl Rd A, Houston, TX 77068",4.6,95,Auto glass shop,risky,unknown,mv-verified-houston-risky-2026-04-20,ChIJrTFmR3DLQIYRSqzSrhX_xZU,1
texasprideseptic@yahoo.com,Texas,"Pride Septic, Inc.","Texas Pride Septic, Inc.",(281) 487-3400,http://www.texasprideseptic.com/,Spring,"4229 Spring Stuebner Rd, Spring, TX 77389",3.1,95,Septic system service,risky,unknown,mv-verified-houston-risky-2026-04-20,ChIJg-gYmnszR4YROJGAcnBH4CA,1
info@aproelectricalservices.com,A-Pro,Electrical Services,A-Pro Electrical Services,(346) 280-3694,http://aproelectricalservices.com/,,,4.9,94,Electrician,risky,catch_all,mv-verified-houston-risky-2026-04-20,ChIJLSXbZHWFGoMReAt9GGj1jOc,1
info@a1glasscoating.com,A1,Glass Coating,A1 Glass Coating,(210) 490-3977,https://a1glasscoating.com/,Universal City,"2029 Pat Booker Rd, Universal City, TX 78148",4.7,94,Window tinting service,risky,catch_all,mv-verified-houston-risky-2026-04-20,ChIJGVro9mCNXIYR5buxdWe1_yA,1
info@ccdryneedling.com,CC,Dry Needling & Physical Therapy,CC Dry Needling & Physical Therapy,(512) 957-1554,http://ccdryneedling.com/,Austin,"2111 Dickson Dr Suite 20, Room 5, Austin, TX 78704",5,94,Physical therapy clinic,risky,unknown,mv-verified-houston-risky-2026-04-20,ChIJqUWOdpjLRIYRKx2fM8wE7d4,1
info@cadenroofing.com,Caden,Roofing,Caden Roofing,(512) 364-0278,https://cadenroofing.com/,Austin,"7703 Brodie Ln Unit C, Austin, TX 78745",4.9,94,Roofing contractor,risky,catch_all,mv-verified-houston-risky-2026-04-20,ChIJNZTANL9KW4YRbqzNe7UxISU,1
info@ccclinic.us,Computer,& Cellular Clinic,Computer & Cellular Clinic,(713) 360-7312,http://ccclinic.us/,Houston,"1015 Alabama St, Houston, TX 77004",4.4,94,Computer repair service,risky,catch_all,mv-verified-houston-risky-2026-04-20,ChIJDUNmHm6_QIYR-vUBh9tomNQ,1
info@familytreecares.com,Family,Tree Private Care,Family Tree Private Care,(713) 333-9991,https://familytreecares.com/,Houston,"3600 S Gessner Rd Suite 150, Houston, TX 77063",4.4,94,Home health care service,risky,catch_all,mv-verified-houston-risky-2026-04-20,ChIJvcAbYhPDQIYRg23TfKnO24A,1
info@jtsouthernhvac.com,JT,Southern Heating and Air | Heating Repair Tomball | Duct Cleaning & AC Repair,JT Southern Heating and Air | Heating Repair Tomball | Duct Cleaning & AC Repair,(832) 914-7677,http://www.jtsouthernhvac.com/,Tomball,"8627 Cedar Walk Dr, Tomball, TX 77375",5,94,HVAC contractor,risky,catch_all,mv-verified-houston-risky-2026-04-20,ChIJQ3jQ8TbqQaoRRBGeYZycqso,1
info@navarroroofingconstruction.site,Navarro,Brothers Roofing & Construction,Navarro Brothers Roofing & Construction,(346) 482-0800,https://navarroroofingconstruction.site/,Katy,"23119 Colonial Pkwy, Katy, TX 77449",4.8,94,Roofing contractor,risky,catch_all,mv-verified-houston-risky-2026-04-20,ChIJmVqQO5cnQYYRhS5oP-uHVIs,1
recycledfurnituredfw@yahoo.com,Recycled,Furniture,Recycled Furniture,(972) 898-0348,http://www.recycledfurnituredfw.com/,Irving,"1820 Valley View Ln #120, Irving, TX 75061",4.7,94,Used office furniture store,risky,unknown,mv-verified-houston-risky-2026-04-20,ChIJLUWz6naBToYRyqWT_FfElKw,1
hello@belleamebridal.com,Belle,Âme Bridal,Belle Âme Bridal,(832) 463-0486,https://www.belleamebridal.com/,Houston,"7150 Old Katy Rd suite 260, Houston, TX 77024",4.7,93,Bridal shop,risky,catch_all,mv-verified-houston-risky-2026-04-20,ChIJ17M-eTLBQIYRU71AVTTaKJs,1
info@settleorsue.com,Law,Office of Dagnee McKinney PLLC,Law Office of Dagnee McKinney PLLC,(832) 242-7000,http://settleorsue.com/,Houston,"6671 Southwest Fwy #487, Houston, TX 77074",4.9,93,Trial attorney,risky,unknown,mv-verified-houston-risky-2026-04-20,ChIJQUw3EUzCQIYR75lYHSAZbyk,1
info@paninibakery.com,Panini,Bakery & Cakes,Panini Bakery & Cakes,(214) 363-1225,http://www.paninibakery.com/,Dallas,"6063 Sherry Ln, Dallas, TX 75225",4.7,93,Bakery,risky,catch_all,mv-verified-houston-risky-2026-04-20,ChIJr1u8kkSeToYR6_sKj-UdrEc,1
dcmotorsportsracing@yahoo.com,Phoenix,Auto Repair,Phoenix Auto Repair,(281) 614-5764,https://www.firebirdauto.com/,Dickinson,"2302 State Hwy 3, Dickinson, TX 77539",4.8,93,Auto repair shop,risky,unknown,mv-verified-houston-risky-2026-04-20,ChIJI4mmnZyCQIYRMxQvVnAKNGE,1
info@clearancehomesoftexas.com,Clearance,Homes of Texas,Clearance Homes of Texas,(832) 793-7023,http://clearancehomesoftexas.com/,New Caney,"18224 US-59, New Caney, TX 77357",4.8,92,Mobile home dealer,risky,catch_all,mv-verified-houston-risky-2026-04-20,ChIJk2xVZA1bR4YRcPt1739QM-U,1
mainstreamservicesinc@yahoo.com,Mainstream,Services Inc,Mainstream Services Inc,(512) 930-9535,http://www.mainstreamservicesinc.com/,Georgetown,"105 Halmar Cove #200, Georgetown, TX 78628",4.9,92,Plumber,risky,unknown,mv-verified-houston-risky-2026-04-20,ChIJ9yT7kcMpRYYROq6Gu35TpLo,1
support@oureasygame.com,Our,Easy Game Tutoring LLC,Our Easy Game Tutoring LLC,(832) 774-7941,https://oureasygame.com/,Houston,"2525 Augusta Dr, Houston, TX 77057",5,92,Tutoring service,risky,catch_all,mv-verified-houston-risky-2026-04-20,ChIJBUL5fCa-dkwROrVbrEZBpu0,1
popeauto62@yahoo.com,Pope,Automotive,Pope Automotive,(806) 797-9988,https://popeautomotiverepair.com/,Lubbock,"4418 50th St, Lubbock, TX 79414",4,92,Auto repair shop,risky,unknown,mv-verified-houston-risky-2026-04-20,ChIJjYiY95Ny_oYRe3bU4OdeOhY,1
service@atom.com,Ramco,Plumbing,Ramco Plumbing,(254) 314-6246,http://www.ramco-plumbing.com/,,"Temple, TX 76504",4.7,92,Plumber,risky,catch_all,mv-verified-houston-risky-2026-04-20,ChIJfQQ3l4dsRYYRnoL9krH3GfE,2
info@robinsonroofing.site,Robinson,Brothers Roofing & Construction,Robinson Brothers Roofing & Construction,(936) 310-3593,https://robinsonroofing.site/rosharon,Rosharon,"15052 Hwy 6, Rosharon, TX 77583",4.9,92,Roofing contractor,risky,catch_all,mv-verified-houston-risky-2026-04-20,ChIJb8MjPfjtQIYR5sEriyLtFVM,2
sales@texascustomsigns.com,Texas,Custom Signs,Texas Custom Signs,(512) 401-6500,http://www.texascustomsigns.com/,Cedar Park,"2007 Windy Terrace, Cedar Park, TX 78613",4.9,92,Sign shop,risky,unknown,mv-verified-houston-risky-2026-04-20,ChIJu5ETU2EyW4YRXwO_okf4OxI,1
cwcauto@yahoo.com,WC,Auto Center,WC Auto Center,(936) 755-5245,http://www.wcautotx.com/,Huntsville,"1412 Sam Houston Ave, Huntsville, TX 77340",4.4,92,Auto repair shop,risky,unknown,mv-verified-houston-risky-2026-04-20,ChIJAQCwrZoIR4YRncBrOcXs6Uc,1
info@williamsroofing.pro,Williams,& Sons Roofing & Remodeling,Williams & Sons Roofing & Remodeling,(936) 265-7333,https://williamsroofing.pro/spring,Spring,"2990 Farm to Market 2920, Spring, TX 77388",4.9,92,Roofing contractor,risky,catch_all,mv-verified-houston-risky-2026-04-20,ChIJD06xBbM1R4YRTeKJT_xEsC4,2
howdy@alohapoolstexas.com,Aloha,Pool Service,Aloha Pool Service,(817) 560-7665,http://alohapoolstexas.com/,Fort Worth,"3040 Ramona Dr, Fort Worth, TX 76116",4.6,91,Pool cleaning service,risky,catch_all,mv-verified-houston-risky-2026-04-20,ChIJCzDmRCkNToYROCIuN4-SByo,1
info@boydstunpest.com,Boydstun,Pest Control,Boydstun Pest Control,(432) 242-7692,https://boydstunpest.com/?utm_source=gmb&utm_medium=location_midand&utm_campaign=website,Midland,"3610 South County Road 1232 Suite 8, Midland, TX 79706",4.7,91,Pest control service,risky,catch_all,mv-verified-houston-risky-2026-04-20,ChIJbcK7v4TY-4YRTqhcXYY2KTY,1
info@clarewoodclinic.com,Clarewood,Clinic,Clarewood Clinic,(713) 981-6588,http://clarewoodclinic.com/,Houston,"7601 W Sam Houston Pkwy S STE 400, Houston, TX 77072",4,91,Medical clinic,risky,catch_all,mv-verified-houston-risky-2026-04-20,ChIJfaNNDsXCQIYRB2Xts88u4KI,1
info@hartmanpest.com,Hartman,Pest Control,Hartman Pest Control,(254) 780-2514,https://www.hartmanpest.com/,Belton,"1851 Morgan's Point Rd, Belton, TX 76513",4.9,91,Pest control service,risky,catch_all,mv-verified-houston-risky-2026-04-20,ChIJLbZOJyNCRYYRKlot3esdI-M,1
info@kivapilates.com,KIVA,Pilates,KIVA Pilates,(214) 258-6797,http://kivapilates.com/,Dallas,"4901 Cole Ave, Dallas, TX 75205",4.7,91,Pilates studio,risky,catch_all,mv-verified-houston-risky-2026-04-20,ChIJxXJ5g5OfToYR9g1LULRDHLI,1
info@lawofficeofsergioreyes.com,Law,"Office of Sergio Reyes, Jr.","Law Office of Sergio Reyes, Jr.",(281) 485-3600,http://www.lawofficeofsergioreyes.com/,Pearland,"3530 E Broadway St, Pearland, TX 77581",4.5,91,Law firm,risky,catch_all,mv-verified-houston-risky-2026-04-20,ChIJaaLDMBeRQIYR9nr2n1JyltM,1
info@martinezinsurance.net,Martinez,"Insurance Agency, Inc","Martinez Insurance Agency, Inc",(210) 922-6315,https://www.martinezinsurance.net/,San Antonio,"3330 SW Military Dr, San Antonio, TX 78211",4.3,91,Insurance agency,risky,unknown,mv-verified-houston-risky-2026-04-20,ChIJI-deLZRZXIYRZUogtosMSfo,1
staycoolacdfw@yahoo.com,Stay,Kool A/C & Heating,Stay Kool A/C & Heating,(817) 422-9448,http://staykoolac.com/,Arlington,"1110 W Harris Rd Suite 124, Arlington, TX 76001",4.9,91,HVAC contractor,risky,unknown,mv-verified-houston-risky-2026-04-20,ChIJ_UGhmP6HToYR21FGCNzSSlg,1
amberfetters03@yahoo.com,Honeycomb,Salon,Honeycomb Salon,(361) 549-7887,https://honeycombsaloncc.com/,Corpus Christi,"4902 Holly Rd Suite 110, Corpus Christi, TX 78411",4.6,90,Hair salon,risky,unknown,mv-verified-houston-risky-2026-04-20,ChIJJ3Q5Frz1aIYRmrFIf-FzEZk,1
info@sugarland.vet,Sugar,Land Veterinary Clinic,Sugar Land Veterinary Clinic,(281) 800-9003,https://www.sugarlandvetclinic.com/,Sugar Land,"400 Promenade Wy #1300, Sugar Land, TX 77478",4.9,90,Veterinarian,risky,catch_all,mv-verified-houston-risky-2026-04-20,ChIJt2cNugzhQIYRX3BcekC1YlQ,1
info@tigerstrikeelectric.com,Tiger,Strike Electric,Tiger Strike Electric,(682) 408-8261,https://www.tigerstrikeelectric.com/,Haltom City,"4699 Fossil Vista Dr #6311, Haltom City, TX 76137",5,90,Electrician,risky,unknown,mv-verified-houston-risky-2026-04-20,ChIJHVKzeqzzGokRcycGhV5sG4k,1
support@upkeepx.com,UpkeepX,- Professional Cleaning Services,UpkeepX - Professional Cleaning Services,(830) 800-0181,https://upkeepx.com/,,,4.9,90,House cleaning service,risky,catch_all,mv-verified-houston-risky-2026-04-20,ChIJD7UM3a4W0WYR5wdv48t33Sg,1
info@dallasplumbing.co,Autrey's,Plumbing LLC,Autrey's Plumbing LLC,(214) 733-2420,https://dallasplumbing.co/,,,5,89,Plumber,risky,unknown,mv-verified-houston-risky-2026-04-20,ChIJAWN099ndiWMR6N4F3cN_nEw,1
info@beautybargalveston.com,Beauty,Bar Galveston,Beauty Bar Galveston,(409) 877-1540,https://beautybargalveston.com/,Galveston,"12 Evia Main, Galveston, TX 77554",4.9,89,Beauty salon,risky,catch_all,mv-verified-houston-risky-2026-04-20,ChIJzfdwvmOdP4YRecI4_VPDQcU,1
info@dogsontherungrooming.com,Dogs,on the Run Pet Grooming Boutique & Barkery,Dogs on the Run Pet Grooming Boutique & Barkery,(915) 771-0117,http://www.dogsontherungrooming.com/,El Paso,"9828 Montana Ave Ste. G, El Paso, TX 79925",4.6,89,Pet groomer,risky,catch_all,mv-verified-houston-risky-2026-04-20,ChIJt9bEi81a54YRF_MRxPafMfI,1
eaglebailbonds@sbcglobal.net,Eagle,Bail Bonds,Eagle Bail Bonds,(210) 436-2133,http://www.eaglebailbonds.net/,San Antonio,"2515 W Commerce St, San Antonio, TX 78207",4.7,89,Bail bonds service,risky,catch_all,mv-verified-houston-risky-2026-04-20,ChIJgaTI9itfXIYRraYn_iST8OA,1
info@floorinspirations.com,Floor,Inspirations,Floor Inspirations,(346) 615-5863,https://floorinspirations.com/flooring-store-houston-tx/?utm_source=GMB,Houston,"14082 Memorial Dr, Houston, TX 77079",4.9,89,Flooring store,risky,catch_all,mv-verified-houston-risky-2026-04-20,ChIJYT9b9GTbQIYRuuTh1DN27II,1
info@hookandladderinspections.com,Hook,and Ladder Inspections,Hook and Ladder Inspections,(210) 386-0597,https://hookandladderinspections.com/,San Antonio,"7272 Wurzbach Rd Ste 204, San Antonio, TX 78240",5,89,Home inspector,risky,catch_all,mv-verified-houston-risky-2026-04-20,ChIJQw1k1pHsXIYRQ5TdU0tbUiw,1
owner@lakedallasrvpark.com,Lake,Dallas RV Park,Lake Dallas RV Park,(940) 279-1469,http://lakedallasrvpark.com/,Lake Dallas,"661 Main St, Lake Dallas, TX 75065",4.8,89,RV park,risky,catch_all,mv-verified-houston-risky-2026-04-20,ChIJD0bp7twzTIYRHSUd2CZoq_8,1
info@loop-plumbing.com,Loop,Plumbing,Loop Plumbing,(214) 775-9973,https://www.loop-plumbing.com/,Dallas,"5706 E Mockingbird Ln #115, Dallas, TX 75206",5,89,Plumber,risky,unknown,mv-verified-houston-risky-2026-04-20,ChIJUYINq2u6Ka0RZO7JrvQwaxM,1
info@nhustailoralteration.com,Nhu's,Tailor & Alteration,Nhu's Tailor & Alteration,(713) 520-7568,http://nhustailoralteration.com/,Houston,"2814 S Shepherd Dr, Houston, TX 77098",4.4,89,Tailor,risky,catch_all,mv-verified-houston-risky-2026-04-20,ChIJB27jx5PAQIYRyU-95HK33Y0,1
damian@thejunkbrothers.co,THE,JUNK BROTHERS LLC,THE JUNK BROTHERS LLC,(915) 999-6575,http://thejunkbrothers.co/,,,5,89,Waste management service,risky,catch_all,mv-verified-houston-risky-2026-04-20,ChIJ380GiuvSYm8RVfQTk9vq0Sw,1
info@txroofingandservices.com,TX,Roofing & Services,TX Roofing & Services,(713) 820-2302,http://www.txroofingandservices.com/,Houston,"2855 Mangum Rd Unit B201B, Houston, TX 77092",4.7,89,Roofing contractor,risky,catch_all,mv-verified-houston-risky-2026-04-20,ChIJNQmzkzTHQIYR9EfofRP-R6o,1
info@theshadeshop.net,The,"Shade Shop, Inc.","The Shade Shop, Inc.",(713) 623-0750,https://www.theshadeshop.net/?utm_source=maps&utm_medium=organic&utm_campaign=googleplaces,Houston,"4122 Richmond Ave, Houston, TX 77027",4.8,89,Window treatment store,risky,catch_all,mv-verified-houston-risky-2026-04-20,ChIJWVjIHAXBQIYRgGJK93eCD-4,1
info@carrclinic.us,Carr,Clinic San Angelo,Carr Clinic San Angelo,(325) 655-5252,http://www.carrclinic.us/,San Angelo,"2210 Austin St, San Angelo, TX 76903",4.5,88,Auto repair shop,risky,unknown,mv-verified-houston-risky-2026-04-20,ChIJc26XoYXlV4YR5SUjT1wxGbI,1
info@ericksonliving.com,Eagle's,Trace Senior Living Community,Eagle's Trace Senior Living Community,(281) 496-7676,https://www.ericksonliving.com/eagles-trace,Houston,"14703 Eagle Vista Dr, Houston, TX 77077",4,88,Assisted living facility,risky,catch_all,mv-verified-houston-risky-2026-04-20,ChIJVU8Bjf_bQIYRM5vaiCD5Ajg,1
info@enstyletheboutique.com,Enstyle,Boutique,Enstyle Boutique,(713) 434-6177,https://enstyletheboutique.com/,Houston,"2755 Vossdale Rd, Houston, TX 77027",4.7,88,Boutique,risky,catch_all,mv-verified-houston-risky-2026-04-20,ChIJp6xv-wnDQIYRH991oNWD8Ks,1
info@fdinsulation.com,First,Defense Insulation,First Defense Insulation,(713) 808-9853,https://fdinsulation.com/,Houston,"12 Greenway Plz Suite 1147, Houston, TX 77046",5,88,Insulation contractor,risky,catch_all,mv-verified-houston-risky-2026-04-20,ChIJlf3jUEIXR4YR-fXahwgSE5E,1
info@houseofalio.com,House,Of ALIO,House Of ALIO,(210) 851-8892,https://www.houseofalio.com/,San Antonio,"1515 N Main Ave Ste 105, San Antonio, TX 78212",5,88,Fitness center,risky,catch_all,mv-verified-houston-risky-2026-04-20,ChIJnSYkZD9fXIYRMgMJS1wy8AQ,1
electrician@huntsvilleelectrical.com,Huntsville,Electrical Services,Huntsville Electrical Services,(256) 533-5555,http://www.huntsvilleelectrical.com/,,"1004 Oster Dr NW Ste 209, Huntsville, AL 35816",4.7,88,Electrician,risky,unknown,mv-verified-houston-risky-2026-04-20,ChIJM6KMH5JrYogRY9M14Py21xg,1
info@ilionsky.com,Ilionsky,"Law, PLLC","Ilionsky Law, PLLC",(713) 325-0861,https://www.ilionsky.com/,Houston,"1208 Hutchins St, Houston, TX 77003",4.7,88,Attorney,risky,catch_all,mv-verified-houston-risky-2026-04-20,ChIJ2xJB_Ri_QIYRgq_4kHwSt5Y,1
info@luckysconcretehouston.com,Lucky's,Concrete Houston,Lucky's Concrete Houston,(713) 574-4644,http://luckysconcretehouston.com/#contact?utm_source=google&utm_medium=local&utm_campaign=gbp,Houston,"1300 Bay Area Blvd #6, Houston, TX 77058",5,88,Concrete contractor,risky,catch_all,mv-verified-houston-risky-2026-04-20,ChIJJ1u9qKqdQIYRhNfpZQi4Rjo,1
greta@princesscutslandscape.com,Princess,Cuts Lawncare and Landscaping LLC,Princess Cuts Lawncare and Landscaping LLC,(214) 893-5709,http://www.princesscutslandscape.com/,DeSoto,"1229 E Pleasant Run Rd Suite 306, DeSoto, TX 75115",4.9,88,Landscape designer,risky,catch_all,mv-verified-houston-risky-2026-04-20,ChIJ797As_qVToYRbFmDK6n7o_A,1
mmmpromopt@sbcglobal.net,Promotion,Physical Therapy,Promotion Physical Therapy,(210) 479-3334,http://promotionpt-sa.com/,San Antonio,"16530 Huebner Rd Suite 119, San Antonio, TX 78248",4.9,88,Physical therapist,risky,catch_all,mv-verified-houston-risky-2026-04-20,ChIJXXxUV3NhXIYRyit7KeYamhg,1
info@purebodystudio.com,Pure,Body Studio,Pure Body Studio,(713) 660-7873,http://www.purebodystudio.com/,Houston,"3865 Bellaire Blvd, Houston, TX 77025",5,88,Pilates studio,risky,catch_all,mv-verified-houston-risky-2026-04-20,ChIJ9a9zfbTBQIYRAkQg-IPRISA,1
info@autorepairscore.com,Reliable,Car Care,Reliable Car Care,(832) 539-6494,https://autorepairscore.com/tx/stafford/reliable-car-care-stafford-texas,Stafford,"2306 Hwy 90 Alt, Stafford, TX 77477",4.2,88,Auto repair shop,risky,catch_all,mv-verified-houston-risky-2026-04-20,ChIJOWv1KZDoQIYRS8pR3xel99U,1
info@southerntruckrepairandservice.com,Southern,Truck Repair and Service,Southern Truck Repair and Service,(832) 979-7877,https://southerntruckrepairandservice.com/,Channelview,"16903 E Freeway Service Rd, Channelview, TX 77530",4.9,88,Truck repair shop,risky,catch_all,mv-verified-houston-risky-2026-04-20,ChIJz9kxBrKnQIYRI-FIxjyC7Ro,1
info@beltonplumbingandgas.com,Superior,Plumbing & Gas,Superior Plumbing & Gas,(816) 985-1805,https://www.beltonplumbingandgas.com/,,"8426 Clint Dr Ste 240, Belton, MO 64012",4.8,88,Plumber,risky,unknown,mv-verified-houston-risky-2026-04-20,ChIJcwstxvbbwIcRPhLh3-GS9Bk,1
info@txautoservice.com,TX,Auto Service,TX Auto Service,+1 832-942-0333,http://www.txautoservice.com/,Houston,"5628 Star Ln, Houston, TX 77057, United States",5,88,Car repair and maintenance service,risky,catch_all,mv-verified-houston-risky-2026-04-20,ChIJs_NQ94DDQIYRBiOLE0dVVUY,1
info@themarinercc.com,The,Mariner,The Mariner,(361) 881-8503,https://themarinercc.com/,Corpus Christi,"108 Peoples St T-Head, Corpus Christi, TX 78401",4.6,88,Seafood restaurant,risky,catch_all,mv-verified-houston-risky-2026-04-20,ChIJzYXE3apfaIYRe9xEX_KIiFY,1
hello@threekeyscoffee.com,Three,Keys Coffee Bar,Three Keys Coffee Bar,,https://threekeyscoffeebar.com/,Houston,"712 Main St, Houston, TX 77002",4.8,88,Coffee shop,risky,catch_all,mv-verified-houston-risky-2026-04-20,ChIJf4EACE6_QIYRyMFOtE0Twj0,1
info@valdezroofers.best,Valdez,Family Roofers LLC,Valdez Family Roofers LLC,(936) 278-0555,https://valdezroofers.best/,Katy,"1638 S Mason Rd, Katy, TX 77450",4.8,88,Roofing contractor,risky,catch_all,mv-verified-houston-risky-2026-04-20,ChIJxRzOiAwnQYYRgmFcm_S-Uvo,1
info@agoodautoglass.com,A,Good Auto Glass LLC,A Good Auto Glass LLC,(713) 535-9800,https://agoodautoglass.com/,Houston,"2142 Richmond Ave, Houston, TX 77098",5,87,Auto glass repair service,risky,catch_all,mv-verified-houston-risky-2026-04-20,ChIJz_N502TBQIYRIhK9b-ze-I0,1
findit@austincaninecentral.com,Austin,Canine Central,Austin Canine Central,(512) 458-8800,http://www.austincaninecentral.com/,Austin,"5402 Middle Fiskville Rd, Austin, TX 78751",4.5,87,Dog trainer,risky,catch_all,mv-verified-houston-risky-2026-04-20,ChIJVeFo5hPKRIYRzTXRvuF9RjQ,1
info@poolmaintenanceaustin.net,Austin,Local Pool Maintenance,Austin Local Pool Maintenance,(512) 943-6140,http://www.poolmaintenanceaustin.net/,,,4.9,87,Pool cleaning service,risky,catch_all,mv-verified-houston-risky-2026-04-20,ChIJVVVVVdm0RIYRc7qyVhiq34I,1
info@championfctx.com,Champion,Fitness Center Texas,Champion Fitness Center Texas,(509) 646-2566,http://www.championfctx.com/,Katy,"5150 Franz Rd Unit 510, Katy, TX 77493",5,87,Fitness center,risky,catch_all,mv-verified-houston-risky-2026-04-20,ChIJM-2tleYnQYYRZlPzwMlSNQY,1
info@daystar-electric.com,Daystar,Electric,Daystar Electric,(903) 534-5850,http://www.daystar-electric.com/,Flint,"17662 County Road, 196 Tomlinson Rd, Flint, TX 75762",4.9,87,Electrician,risky,catch_all,mv-verified-houston-risky-2026-04-20,ChIJAd3rOwXMSYYROmzxNXbh4Uc,1
info@diamondautospa.com,Diamond,Auto Spa,Diamond Auto Spa,(346) 319-5961,http://diamondautospa.com/,Houston,"1902 Karbach St #2, Houston, TX 77092",5,87,Car detailing service,risky,catch_all,mv-verified-houston-risky-2026-04-20,ChIJo9BLA5rHQIYRgTdnLj75NnA,1
info@fsrservices.com,FSR,Services,FSR Services,(281) 852-9555,https://www.fsrservices.com/roofing-humble-tx/,Humble,"7018 Bender Rd, Humble, TX 77396",4.7,87,Roofing contractor,risky,catch_all,mv-verified-houston-risky-2026-04-20,ChIJn5yOxWysQIYRNLC2p8ef6F8,1
info@jamesfamilytax.com,James,Family Tax Service,James Family Tax Service,(210) 864-1788,https://jamesfamilytax.com/,San Antonio,"404 E Ramsey Rd Suite 114, San Antonio, TX 78216",4.9,87,Tax preparation service,risky,catch_all,mv-verified-houston-risky-2026-04-20,ChIJfY7nxm1hXIYR9GvG_8QpR_o,1
info@katourssalon.com,Katour's,,Katour's,(682) 707-2881,http://www.katourssalon.com/,Fort Worth,"5924 Convair Dr Unit 444, Fort Worth, TX 76109",4.6,87,Hair salon,risky,catch_all,mv-verified-houston-risky-2026-04-20,ChIJ_zCzrJVyToYR5IYKzUBiRFI,1
melissa@attorneylanier.com,Law,Office Of Melissa Rae Lanier P.L.L.C.,Law Office Of Melissa Rae Lanier P.L.L.C.,(281) 446-1000,https://attorneylanier.com/,Humble,"902 E Main St, Humble, TX 77338",4.9,87,Attorney,risky,catch_all,mv-verified-houston-risky-2026-04-20,ChIJk9d97VGyQIYRi29g2vq0IrU,1
office@tlclawyers.com,TLC,"Law, PLLC","TLC Law, PLLC",(903) 871-1714,https://www.tlclawyers.com/,Tyler,"112 E Line St Ste 302, Tyler, TX 75702",4.7,87,Family law attorney,risky,catch_all,mv-verified-houston-risky-2026-04-20,ChIJ0S_wo0_NSYYRSXdtbiSJlgw,1
info@lubbockcriminaldefense.com,"Chappell,","Lanehart & Stangl, P.C.","Chappell, Lanehart & Stangl, P.C.",(806) 765-7370,https://lubbockcriminaldefense.com/,Lubbock,"1217 Avenue K, Lubbock, TX 79401",4.7,86,Criminal justice attorney,risky,unknown,mv-verified-houston-risky-2026-04-20,ChIJKb5o6tQS_oYRcwWCnb9aXSA,1
info@domingoroofing.site,Domingo,Brothers Roofing,Domingo Brothers Roofing,(346) 810-6776,https://domingoroofing.site/richmond,Richmond,"7830 W Grand Pkwy, Richmond, TX 77406",4.8,86,Roofing contractor,risky,catch_all,mv-verified-houston-risky-2026-04-20,ChIJY-ZgpmIfQYYRYvkDOptFTwU,1
flatrateadams@sbcglobal.net,Flat,rate plumbing,Flat rate plumbing,(972) 641-4837,https://flatrateplumbingcompany.com/,,,4.9,86,Plumber,risky,catch_all,mv-verified-houston-risky-2026-04-20,ChIJC05jmXpiToYROFqaIvRgtoE,1
graham@home1is.com,Home,1 Inspections,Home 1 Inspections,(817) 437-8744,http://www.home1is.com/,Fort Worth,"4904 McCauley Dr, Fort Worth, TX 76244",4.9,86,Home inspector,risky,catch_all,mv-verified-houston-risky-2026-04-20,ChIJ81MwhTLYTYYRflK8cCJxhTQ,1
webdev@drivinglocalleads.com,J&J,Pest Control Inc,J&J Pest Control Inc,(512) 452-2401,http://www.jjpest.com/,Austin,"2300 Pasadena Dr Suite A, Austin, TX 78757",4.5,86,Pest control service,risky,catch_all,mv-verified-houston-risky-2026-04-20,ChIJOb-NOazLRIYRihK4E1V21jk,1
jnjplumbingco@yahoo.com,JNJ,Plumbing LLC,JNJ Plumbing LLC,(281) 677-1707,http://jnjplumbingtexas.com/,Livingston,"207 Dancing Flame, Livingston, TX 77351",4.7,86,Plumber,risky,unknown,mv-verified-houston-risky-2026-04-20,ChIJIZ0v47-BOIYRXfKjG21Zmuk,1
info@keeneluxurytravel.com,Keene,Luxury Travel,Keene Luxury Travel,(972) 701-9292,http://www.keeneluxurytravel.com/,Frisco,"3535 Victory Group Way #510, Frisco, TX 75034",4.9,86,Travel agency,risky,catch_all,mv-verified-houston-risky-2026-04-20,ChIJCw64qns7TIYRyCMdGRj49ME,1
info@mrreliableco.com,Mr.,Reliable Handyman,Mr. Reliable Handyman,(682) 249-4041,https://mrreliableco.com/,,,5,86,Handyman/Handywoman/Handyperson,risky,unknown,mv-verified-houston-risky-2026-04-20,ChIJ-QnRpRNvToYRSfLWiQ3Uttk,1
logan@rooffixusa.com,Roof,Fix Houston,Roof Fix Houston,(713) 904-3904,https://rooffixhouston.com/,Houston,"2626 S Loop W Suite 632, Houston, TX 77054",4.7,86,Roofing contractor,risky,catch_all,mv-verified-houston-risky-2026-04-20,ChIJI-X0cBOjQIYRkFJxv67iWsY,1
info@saadtailors.com,Saad's,Tailors,Saad's Tailors,(713) 785-2212,http://www.saadtailors.com/,Houston,"5866 Westheimer Rd, Houston, TX 77057",4.7,86,Tailor,risky,catch_all,mv-verified-houston-risky-2026-04-20,ChIJmfI159vDQIYR1K0O6jo0gbE,1
info@mysuperroofer.com,Super,Roofer LLC,Super Roofer LLC,(832) 707-9085,http://www.mysuperroofer.com/,Houston,"340 N Sam Houston Pkwy E #A100, Houston, TX 77060",5,86,Roofing contractor,risky,catch_all,mv-verified-houston-risky-2026-04-20,ChIJNd6x2IKlQIYRUFgievdsYsk,1
info@twu.edu,Texas,Woman's University Fitness and Recreation Center,Texas Woman's University Fitness and Recreation Center,(940) 898-2900,http://www.twu.edu/fitandrec/,Denton,"1607 N Bell Ave, Denton, TX 76209",4.8,86,Gym,risky,catch_all,mv-verified-houston-risky-2026-04-20,ChIJpUXZf4TKTYYR2Om77pW08iU,1
138manager@tileshop.com,The,Tile Shop,The Tile Shop,(346) 308-8431,https://www.tileshop.com/store-locator/houston,Houston,"4323 Richmond Ave, Houston, TX 77027",4.7,86,Tile store,risky,catch_all,mv-verified-houston-risky-2026-04-20,ChIJW0VA-Q7BQIYRK9c3jpUfxQ4,1
info@wow1day.com,WOW,1 DAY PAINTING Austin,WOW 1 DAY PAINTING Austin,(855) 398-8590,https://www.wow1day.com/locations/house-painting-austin/?utm_source=googleplus&utm_medium=maps&utm_campaign=gmb,,,4.8,86,Painter,risky,catch_all,mv-verified-houston-risky-2026-04-20,ChIJ9c8Rd75KW4YRWOvAKJixVGY,1
info@flyhvac.com,Fly,HVAC,Fly HVAC,(832) 605-6239,http://www.flyhvac.com/,Houston,"7395 Ashcroft Dr, Houston, TX 77081",5,85,Contractor,risky,catch_all,mv-verified-houston-risky-2026-04-20,ChIJ3zU5D63DQIYRG2mlx5nOj4s,1
info@lawnsofdallas.com,Lawns,of Dallas,Lawns of Dallas,(214) 357-6522,https://lawnsofdallas.com/?utm_campaign=gmb,,,4.5,85,Landscaper,risky,catch_all,mv-verified-houston-risky-2026-04-20,ChIJhaf4-x-cToYRKFDEWe0kO2k,1
info@navaswelding.com,Nava's,"Welding - Mobile Steel & Metal Fabrication, Metal Welding Service, Metal Welder","Nava's Welding - Mobile Steel & Metal Fabrication, Metal Welding Service, Metal Welder",(972) 815-6917,https://navaswelding.com/,,,4.9,85,Welder,risky,catch_all,mv-verified-houston-risky-2026-04-20,ChIJSeFZs14fTIYRR-Lu8VZHx6w,1
kylecosby@plumbsy.co,Plumbsy,,Plumbsy,(512) 887-4472,https://plumbsy.co/,,,5,85,Plumber,risky,catch_all,mv-verified-houston-risky-2026-04-20,ChIJiRa1Sdo5O4gRo71s6lPItFQ,1
info@rubensplumbingservices.com,Ruben's,Plumbing Services,Ruben's Plumbing Services,(512) 504-9502,https://rubensplumbingservices.com/?utm_source=gbp&utm_medium=organic,,,4.8,85,Plumber,risky,unknown,mv-verified-houston-risky-2026-04-20,ChIJa3ZN8lSyRIYRwZyDZkTDiLs,1
joe1@joegarcialawfirm.com,The,"Joe Garcia Law Firm, PLLC","The Joe Garcia Law Firm, PLLC",(713) 703-6260,https://www.joegarcialawfirm.com/,Houston,"627 W 19th St Suite 208, Floor 2, Houston, TX 77008",4.9,85,Legal services,risky,catch_all,mv-verified-houston-risky-2026-04-20,ChIJAQDJG6K4QIYRWlIvxB6K65E,1
houstontxglass@yahoo.com,AM-PM,Glass & Mirror,AM-PM Glass & Mirror,(832) 704-4758,https://www.glasscompanyhouston.com/,Houston,"8206 W Tidwell Rd, Houston, TX 77040",4.5,84,Glass & mirror shop,risky,unknown,mv-verified-houston-risky-2026-04-20,ChIJPdArcorGQIYRH0QPv8zI-zc,1
bluefishcypress@bluefishmd.com,Blue,Fish Pediatrics Greater Heights,Blue Fish Pediatrics Greater Heights,(713) 461-8070,http://www.bluefishmd.com/,Houston,"1900 N Loop W #100, Houston, TX 77018",4.1,84,Pediatrician,risky,catch_all,mv-verified-houston-risky-2026-04-20,ChIJ____IP7GQIYR9SVe00iw6zc,1
aterry@decathlonconstruction.com,Decathlon,Construction,Decathlon Construction,(972) 530-3884,https://decathlonconstruction.com/?utm_source=google&utm_medium=organic&utm_campaign=graysonsky,Sachse,"4900 Getha Ln, Sachse, TX 75048",4.8,84,Construction company,risky,catch_all,mv-verified-houston-risky-2026-04-20,ChIJg2afPcscTIYR1duTDn3AbZQ,1
info@glassusa.com,Glass,America - Mobile Auto Glass & Windshield Replacement,Glass America - Mobile Auto Glass & Windshield Replacement,(817) 548-1993,https://glassusa.com/locations/tx/,Dallas,"650 S Griffin St, Dallas, TX 75202",4.8,84,Auto glass shop,risky,catch_all,mv-verified-houston-risky-2026-04-20,ChIJOZKFPcKZToYRSQF99ck622c,2
info@hoyerslandscaping.com,Hoyer's,Home Lawn and Garden,Hoyer's Home Lawn and Garden,(682) 380-5754,https://www.hoyerslandscaping.com/,Fort Worth,"5800 Hen House Rd, Fort Worth, TX 76244",4.7,84,Landscaper,risky,catch_all,mv-verified-houston-risky-2026-04-20,ChIJy83A_T_XTYYRt6rk3nOQ0Nw,1
info@iesresidential.com,IES,Residential,IES Residential,+1 210-651-8294,https://www.iesresidential.com/,Converse,"8718 Business Ct, Converse, TX 78109, United States",4.6,84,Electrician,risky,catch_all,mv-verified-houston-risky-2026-04-20,ChIJKWQ4EcZYXIYRdyL8Nw5yDW4,1
crcchittum@yahoo.com,Max's,Automotive,Max's Automotive,(325) 677-1575,http://maxsautomotive.com/,Abilene,"126 Green St, Abilene, TX 79603",4.8,84,Auto repair shop,risky,unknown,mv-verified-houston-risky-2026-04-20,ChIJTwNvI2iOVoYRN6WENkJlowg,1
jason.waller@orangemortgage.com,Orange,Mortgage,Orange Mortgage,(210) 640-9515,http://www.orangemortgage.com/,San Antonio,"10010 San Pedro Ave STE 825, San Antonio, TX 78216",4.8,84,Mortgage lender,risky,catch_all,mv-verified-houston-risky-2026-04-20,ChIJFxprACthXIYRJ1sb5QSg1Sw,1
smile@theprimedental.com,Prime,"Dental - Tyler, TX","Prime Dental - Tyler, TX",(903) 710-1779,http://www.theprimedental.com/?utm_source=google&utm_medium=organic&utm_campaign=gbp-listing,Tyler,"5868 Old Jacksonville Hwy Suite 400, Tyler, TX 75703",4.9,84,Cosmetic dentist,risky,catch_all,mv-verified-houston-risky-2026-04-20,ChIJixfxSOfLSYYRKVFqpDA4KoM,1
service@smithallen.com,Smith,Allen Insurance,Smith Allen Insurance,(214) 691-7655,http://www.smithallen.com/,Dallas,"12750 Merit Dr #540, Dallas, TX 75251",4.8,84,Home insurance agency,risky,catch_all,mv-verified-houston-risky-2026-04-20,ChIJYdCX_zggTIYR3Pt_t98Uw0I,1
info@smbc.org,South,Main Baptist Church,South Main Baptist Church,(713) 529-4167,http://www.smbc.org/,Houston,"4100 Main St, Houston, TX 77002",4.6,84,Baptist church,risky,catch_all,mv-verified-houston-risky-2026-04-20,ChIJVZoNa3C_QIYRa63NjW5TycM,1
kyle@abileneradiator.com,Abilene,Radiator & Air Conditioning,Abilene Radiator & Air Conditioning,(325) 691-1305,https://www.abileneradiator.com/,Abilene,"2010 Industrial Blvd, Abilene, TX 79602",4.3,83,Radiator repair service,risky,catch_all,mv-verified-houston-risky-2026-04-20,ChIJVRk62b2NVoYR94mOuyhby34,1
info@adamseventplanning.com,Adam's,Event Planning,Adam's Event Planning,(210) 571-1195,https://www.adamseventplanning.com/,San Antonio,"1826 N Loop 1604 W #100, San Antonio, TX 78248",4.8,83,Event planner,risky,catch_all,mv-verified-houston-risky-2026-04-20,ChIJh3EUzXFhXIYR360dhyz4uz4,1
nickaais@yahoo.com,Affordable,Air Conditioning Installation Services LLC,Affordable Air Conditioning Installation Services LLC,(409) 242-8002,http://aais-air.com/,Woodville,"6702 US-69, Woodville, TX 75979",5,83,Air conditioning contractor,risky,unknown,mv-verified-houston-risky-2026-04-20,ChIJi7fTuTXjOIYR-Tg8nPFvfuk,1
admin@archetypeelectric.com,Archetype,Electric,Archetype Electric,(972) 503-9357,https://www.archetypeelectric.com/,,,4.9,83,Electrician,risky,catch_all,mv-verified-houston-risky-2026-04-20,ChIJA57X-UD2IGgRCfJJkcSBWr0,1
info@connor-plumbing.com,Connor,Plumbing & Drains,Connor Plumbing & Drains,(409) 254-3395,http://connor-plumbing.com/?utm_campaign=gmb&utm_medium=organic&utm_source=gbp,Beaumont,"1109 Liberty Ave, Beaumont, TX 77701",4.1,83,Plumber,risky,catch_all,mv-verified-houston-risky-2026-04-20,ChIJTXjfWdfKPoYRrUGDPB9zkTM,1
dealersoultionautomotive@yahoo.com,Dealer,Solutions Automotive,Dealer Solutions Automotive,(936) 438-4060,http://www.dealersolutionsautomotive.com/,Huntsville,"1248 TX-75, Huntsville, TX 77320",4.6,83,Auto repair shop,risky,unknown,mv-verified-houston-risky-2026-04-20,ChIJZW7uVT4HR4YRIMIpoTw56uI,1
info@hardtimesplumbing.com,Hard,Times Plumbing,Hard Times Plumbing,(817) 386-2490,https://www.hardtimesplumbing.com/,Haltom City,"5126 Broadway Ave Suit J, Haltom City, TX 76117",4.9,83,Plumber,risky,unknown,mv-verified-houston-risky-2026-04-20,ChIJm_CrPV53ToYRMeAqgwRVtow,1
info@houstondiamondoutlet.com,Houston,Diamond Outlet,Houston Diamond Outlet,(713) 784-7464,http://www.houstondiamondoutlet.com/,Houston,"5444 Westheimer Rd Suite 1000, Houston, TX 77057",4.6,83,Diamond dealer,risky,unknown,mv-verified-houston-risky-2026-04-20,ChIJN8qy8eLCQIYR3p-SX7zwmP0,1
magnoliahunting@yahoo.com,Magnolia,Hunting Supply,Magnolia Hunting Supply,(281) 249-9877,https://www.gunshopmagnolia.com/,Magnolia,"25434 Hardin Store Rd, Magnolia, TX 77354",4.5,83,Hunting store,risky,unknown,mv-verified-houston-risky-2026-04-20,ChIJt-5DfrIuR4YRYs77GMGozrQ,1
contact@nextgencollision.com,NextGen,Automotive,NextGen Automotive,(281) 609-9300,http://www.nextgencollision.com/,Katy,"18045 W Little York Rd STE 9, Katy, TX 77449",4.7,83,Auto body shop,risky,catch_all,mv-verified-houston-risky-2026-04-20,ChIJC8N1KJ4nQYYRibQo2NoyajM,1
info@rivercitylock.com,River,City Lock & Key LLC,River City Lock & Key LLC,(210) 899-4628,https://www.rivercitylock.com/,San Antonio,"12151 Jones Maltsberger Rd, San Antonio, TX 78247",4.7,83,Locksmith,risky,unknown,mv-verified-houston-risky-2026-04-20,ChIJYcl45ZGKXIYRtCsIZPBL69w,1
addie.mcintire@austinstone.org,The,Austin Stone Downtown,The Austin Stone Downtown,(512) 708-8860,https://austinstone.org/downtown,Austin,"1715 W Cesar Chavez St, Austin, TX 78703",4.7,83,Church,risky,catch_all,mv-verified-houston-risky-2026-04-20,ChIJPe52yT-1RIYRxgFhM4vBdJs,1
bkr29@yahoo.com,Transcendent,Roofing Of Austin,Transcendent Roofing Of Austin,(512) 387-8448,https://transcendentroofing.com/,Austin,"1401 Lavaca St, Austin, TX 78701",4.8,83,Roofing contractor,risky,unknown,mv-verified-houston-risky-2026-04-20,ChIJUyRDWnW1RIYRd5IrF0h-GQU,1
info@topbossroofing.com,#1Top,Boss Roofing,#1Top Boss Roofing,(432) 307-9201,http://www.topbossroofing.com/,Odessa,"2408 W 2nd St, Odessa, TX 79763",4.8,82,Roofing contractor,risky,unknown,mv-verified-houston-risky-2026-04-20,ChIJy-WSqObL-4YRTcADXLPJi_w,1
contact@antiochfortworth.com,Antioch,Fort Worth,Antioch Fort Worth,(817) 922-8333,https://antiochfortworth.com/,Fort Worth,"5023 Trail Lake Dr, Fort Worth, TX 76133",4.9,82,Christian church,risky,catch_all,mv-verified-houston-risky-2026-04-20,ChIJzaTgcI1tToYRhDLLHAGwCdg,1
info@balancedancestudios.com,Balance,Dance Studios,Balance Dance Studios,(512) 215-8727,http://www.balancedancestudios.com/,Austin,"4544 S Lamar Blvd #200/#300, Austin, TX 78745",4.8,82,Dance school,risky,catch_all,mv-verified-houston-risky-2026-04-20,ChIJ3ZbZezxLW4YRy2jm0PrHp9w,1
info@bloodyroseboutique.com,Bloody,Rose Boutique,Bloody Rose Boutique,(512) 222-7777,http://bloodyroseboutique.com/,Austin,"3700 Guadalupe St, Austin, TX 78705",4.9,82,Women's clothing store,risky,catch_all,mv-verified-houston-risky-2026-04-20,ChIJt_LW6XfLRIYRAPGNOScsVlk,1
info@calvarychapelelpaso.com,Calvary,Chapel of El Paso,Calvary Chapel of El Paso,(915) 855-4565,http://www.calvaryep.com/,El Paso,"1771 N Zaragoza Rd, El Paso, TX 79938",4.9,82,Calvary Chapel church,risky,catch_all,mv-verified-houston-risky-2026-04-20,ChIJl76qVHRE54YR9gfo4yQXpN0,1
info@coastalroofingspecialists.com,Coastal,"Roofing Specialists, Inc.","Coastal Roofing Specialists, Inc.",(409) 751-5454,https://www.coastalroofingspecialists.com/,Lumberton,"1318 US-96, Lumberton, TX 77657",4.5,82,Roofing contractor,risky,catch_all,mv-verified-houston-risky-2026-04-20,ChIJP1_BbFcwOYYRrBn4Y5_z828,1
scott@ganskeplumbing.com,Ganske,and Sons Plumbing LLC,Ganske and Sons Plumbing LLC,(817) 514-0899,http://www.ganskeplumbing.com/,,,5,82,Plumber,risky,catch_all,mv-verified-houston-risky-2026-04-20,ChIJjZw6D8PXTYYRsUj80M04GOo,1
info@orvis.com,Orvis,The Woodlands,Orvis The Woodlands,(281) 203-6150,http://www.orvis.com/thewoodlands,The Woodlands,"9595 Six Pines Dr, The Woodlands, TX 77380",4.3,82,Sporting goods store,risky,catch_all,mv-verified-houston-risky-2026-04-20,ChIJRWd0J8E2R4YRrZm_nNHcpC0,1
estimates@ramonroofing.com,Ramon,Roofing,Ramon Roofing,(817) 402-2493,http://www.ramonroofing.com/?utm_campaign=gmb,Fort Worth,"3027 Ramona Dr #110, Fort Worth, TX 76116",4.9,82,Roofing contractor,risky,catch_all,mv-verified-houston-risky-2026-04-20,ChIJ6_Hw5ZJxToYRhgkxg1Dns0c,1
info@superdaveslawns.com,SuperDave'S,Lawns and More,SuperDave'S Lawns and More,(806) 243-1514,https://superdaveslawns.com/,,,5,82,Landscaper,risky,catch_all,mv-verified-houston-risky-2026-04-20,ChIJr2VIrqkHsYIR7t3ow_OY0ds,1
paul@torreslawpc.com,Torres,Law Firm,Torres Law Firm,(210) 737-2672,http://www.paultorreslaw.com/contact.html,San Antonio,"Historic Teagarden House, 408 Dwyer Ave, San Antonio, TX 78204",4.8,82,Attorney,risky,unknown,mv-verified-houston-risky-2026-04-20,ChIJJ9uOw1RfXIYR5MW1H_6T1Zg,1
support@codelifter.com,Town,Center Automotive,Town Center Automotive,(281) 367-5959,http://tcautomotive.net/,Spring,"26607 Interstate Hwy 45, Spring, TX 77380",4.7,82,Auto repair shop,risky,unknown,mv-verified-houston-risky-2026-04-20,ChIJIRNs7Zo2R4YRBLUT0H_oxe8,1
info@westoaksnursingrehab.com,West,Oaks Nursing Home,West Oaks Nursing Home,(281) 558-1166,http://www.westoaksnursingrehab.com/,Houston,"3625 Green Crest Dr, Houston, TX 77082",3.8,82,Nursing home,risky,unknown,mv-verified-houston-risky-2026-04-20,ChIJDxksegDfQIYRqFVxX-TIfSY,1
info@airsmhvac.com,Air,"Source Mechanical LLC,","Air Source Mechanical LLC,",(972) 897-8332,https://airsmhvac.com/,Richardson,"500 E Arapaho Rd Suite 311, Richardson, TX 75081",5,81,HVAC contractor,risky,catch_all,mv-verified-houston-risky-2026-04-20,ChIJgRh1-JuvToYRyYRUNhXFl9I,1
hello@hillcountryplumber.com,Complete,Care Plumbing Electric & AC,Complete Care Plumbing Electric & AC,(325) 240-6446,https://hillcountryplumber.com/,Marble Falls,"2205 Warehouse Cir ste 101, Marble Falls, TX 78654",4.9,81,Plumber,risky,catch_all,mv-verified-houston-risky-2026-04-20,ChIJ-TRMjpr_WoYRwnmBEOoy3Qk,1
info@houstonfence.com,Houston,Fence Company,Houston Fence Company,(281) 957-4260,https://www.houstonfence.com/,Houston,"6776 McHard Rd, Houston, TX 77053",4.5,81,Fence contractor,risky,catch_all,mv-verified-houston-risky-2026-04-20,ChIJ0RGVYdTnQIYRrd4Lj5nMdGg,1
info@insideandoutroofing.com,Inside,"& Out Roofing, Painting & Gutters LLC","Inside & Out Roofing, Painting & Gutters LLC",(214) 449-4306,https://insideandoutroofing.com/?utm_source=google&utm_medium=local&utm_campaign=gbp,Denton,"2308 Hollyhill Ln, Denton, TX 76205",5,81,Roofing contractor,risky,catch_all,mv-verified-houston-risky-2026-04-20,ChIJ14isj1gWTIYRkVB-0jfx19E,1
electrician@eskewelectric.com,Eskew,"Electric - Austin, Texas Electrician","Eskew Electric - Austin, Texas Electrician",(512) 428-4344,https://www.eskewelectric.com/,Austin,"10421 Old Manchaca Rd #400, Austin, TX 78748",5,80,Electrician,risky,catch_all,mv-verified-houston-risky-2026-04-20,ChIJPTqSkrZNW4YR26o4N8kvDIY,1
info@craftculturex.com,For,The Culture Brewing,For The Culture Brewing,,http://www.craftculturex.com/,Houston,"7201 Wynnpark Dr, Houston, TX 77008",4.8,80,Brewpub,risky,unknown,mv-verified-houston-risky-2026-04-20,ChIJTWvNTojHQIYRrHGVjDAvhpI,1
info@garciaroofing.best,Garcia,Brothers Roofing,Garcia Brothers Roofing,(469) 290-7377,https://garciaroofing.best/fort-worth,Fort Worth,"4340 Western Center Blvd, Fort Worth, TX 76137",4.9,80,Roofing contractor,risky,catch_all,mv-verified-houston-risky-2026-04-20,ChIJi8EOfyd3ToYRyawg6hLOcO8,1
langfordhyatt@yahoo.com,Home,Comfort Solutions,Home Comfort Solutions,(832) 705-6925,https://www.homecomfortsolutions.info/,Magnolia,"26873 Steinbeck Dr, Magnolia, TX 77355",5,80,HVAC contractor,risky,unknown,mv-verified-houston-risky-2026-04-20,ChIJR-48gmb9eQIRBW9OwtESa20,1
info@mandcelectric.net,M&C,Electric,M&C Electric,(806) 803-9445,http://mandcelectric.net/,Amarillo,"1263 W Sundown Ln, Amarillo, TX 79118",4.9,80,Electrician,risky,catch_all,mv-verified-houston-risky-2026-04-20,ChIJD2b_b0dFAYcRwd5EFtaJRQs,1
mrsombreromail@yahoo.com,Mr,Sombrero Mexican Restaurant #4,Mr Sombrero Mexican Restaurant #4,(936) 641-9011,https://mrsombrero.net/mrsombrero4?utm_source=google,Liberty,"906 Main St, Liberty, TX 77575",4.8,80,Mexican restaurant,risky,unknown,mv-verified-houston-risky-2026-04-20,ChIJSWvmcapLP4YRpC4CfvS3mt8,1
info@oakforestacademy.com,Oak,Forest Academy,Oak Forest Academy,(832) 384-5896,https://oakforestacademy.com/locations/houston/?y_source=1_MjAwNzM5MjI2Ni03MTUtbG9jYXRpb24ud2Vic2l0ZQ%3D%3D,Houston,"1901 W 34th St, Houston, TX 77018",4.8,80,Day care center,risky,catch_all,mv-verified-houston-risky-2026-04-20,ChIJOz3RhKrHQIYRoyimnY9mhTE,1
sales@presidioflooring.com,PRESIDIO,FLOORING,PRESIDIO FLOORING,(210) 688-2482,http://www.presidioflooring.com/,San Antonio,"25374 W Interstate 10 Frontage Rd, San Antonio, TX 78257",4.9,80,Flooring store,risky,catch_all,mv-verified-houston-risky-2026-04-20,ChIJfY6KzKJDXIYRvWLYgMirNxg,1
info@ratkingpestcontrol.com,Rat,King Pest Control,Rat King Pest Control,(210) 876-9603,https://ratkingpestcontrol.com/,San Antonio,"310 Laurelwood Dr, San Antonio, TX 78213",5,80,Pest control service,risky,catch_all,mv-verified-houston-risky-2026-04-20,ChIJX_1DgBdTXIYR5opq8R6J2xo,1
info@theleonlawfirm.com,The,"León Law Firm, P.C.","The León Law Firm, P.C.",(281) 980-4529,https://www.theleonlawfirm.com/,Sugar Land,"1 Sugar Creek Center Blvd Suite 980, Sugar Land, TX 77478",4.8,80,Personal injury attorney,risky,catch_all,mv-verified-houston-risky-2026-04-20,ChIJ6TQDcVXmQIYRU0TEmW-JXyY,1
themusclefactory@ymail.com,The,"Muscle Factory, LLC","The Muscle Factory, LLC",(210) 314-8826,https://www.themusclefactorysatx.com/,San Antonio,"2250 Thousand Oaks Dr #114, San Antonio, TX 78232",4.8,80,Fitness center,risky,unknown,mv-verified-houston-risky-2026-04-20,ChIJq2xMvkeKXIYRJieUxfyB6Oo,1
info@travelspectrumonline.com,Travel,Spectrum,Travel Spectrum,+1 281-491-0903,http://www.travelspectrumonline.com/,Stafford,"4800 Sugar Grove Blvd Suite 142, Stafford, TX 77477, United States",4.8,80,Travel agency,risky,catch_all,mv-verified-houston-risky-2026-04-20,ChIJb78cqcDnQIYR1amm1-lgqhM,1
info@1960pharmacy.com,1960,Pharmacy,1960 Pharmacy,(281) 893-6000,http://1960pharmacy.com/,Bellaire,"5202 Bissonnet St Ste B, Bellaire, TX 77401",4.7,79,Pharmacy,risky,catch_all,mv-verified-houston-risky-2026-04-20,ChIJ33yVQxnLQIYRaX_uMNjZpEg,1
info@applianceteks.com,Appliance,Teks,Appliance Teks,(605) 777-0533,http://www.applianceteks.com/,Houston,"4889 E Ridge Creek Dr, Houston, TX 77053",4.9,79,Appliance repair service,risky,catch_all,mv-verified-houston-risky-2026-04-20,ChIJfxn3ZY44IYsRGdUQKxx3KEo,1
info@windshieldrepair-tx.com,Auto,Brothers,Auto Brothers,(210) 399-8583,https://windshieldrepair-tx.com/,San Antonio,"113 Coyol St, San Antonio, TX 78237",5,79,Auto glass shop,risky,catch_all,mv-verified-houston-risky-2026-04-20,ChIJqU-2hI9fXIYRERkepBnN5w0,1
cole@coastlinemarine.net,Coastline,Marine,Coastline Marine,(281) 291-0101,http://coastlinemarinetx.com/,Seabrook,"2321 NASA Road 1 #1, Seabrook, TX 77586",4.5,79,Boat dealer,risky,unknown,mv-verified-houston-risky-2026-04-20,ChIJg-6nIFpiP4YRfBxUFqJeJdE,1
cornettgrass@yahoo.com,Cornett,Grass Sales & Installation,Cornett Grass Sales & Installation,(281) 890-0733,http://www.cornettgrasssales.com/,Houston,"9035 Cypress Creek Pkwy, Houston, TX 77070",4.3,79,Sod supplier,risky,unknown,mv-verified-houston-risky-2026-04-20,ChIJjbJ8O_7NQIYRvccUDIfb9is,1
info@hmoftexas.com,Home,Maintenance of Texas,Home Maintenance of Texas,(713) 729-1700,http://www.hmoftexas.com/,Houston,"3720 Dacoma St, Houston, TX 77092",4.8,79,Handyman/Handywoman/Handyperson,risky,unknown,mv-verified-houston-risky-2026-04-20,ChIJDbzNWoWFjKARfsIYbiQuj8E,1
info@kingwayhardware.com,Kingway,Hardware,Kingway Hardware,(281) 458-2984,https://www.kingwayhardware.com/,Houston,"8006 C E King Pkwy, Houston, TX 77044",4.3,79,Hardware store,risky,catch_all,mv-verified-houston-risky-2026-04-20,ChIJeWfT_TqlQIYRgKeojwk667A,1
info@resetcleaning.com,RESET,Cleaning®,RESET Cleaning®,(469) 277-7674,https://resetcleaning.com/,Dallas,"405 N Ervay St, Dallas, TX 75201",5,79,House cleaning service,risky,unknown,mv-verified-houston-risky-2026-04-20,ChIJK2tMM45An04R6YnWu7QWCno,1
info@rubiostireshop4.com,Rubio's,Tire Shop 4 -Tire Shop in Pasadena TX,Rubio's Tire Shop 4 -Tire Shop in Pasadena TX,(346) 702-8444,https://rubiostireshop4.com/,Pasadena,"820 Richey St, Pasadena, TX 77506",4.7,79,Used tire shop,risky,catch_all,mv-verified-houston-risky-2026-04-20,ChIJ2QPJoXKjQIYRDxdyv8znPZk,1
ccalk@firstunitedbank.com,Sarah,Lyons with Century 21 Judge Fite,Sarah Lyons with Century 21 Judge Fite,(817) 675-6006,http://www.sarahlyonsrealestate.com/,Fort Worth,"6238 Camp Bowie Blvd, Fort Worth, TX 76116",5,79,Real estate agency,risky,unknown,mv-verified-houston-risky-2026-04-20,ChIJlVsJ-ldzToYRGY1l8uaqLYY,1
info@soileaustirepros.com,Soileau's,Tire Pros,Soileau's Tire Pros,(979) 849-6282,https://soileaustirepros.com/,Angleton,"1006 E Mulberry St, Angleton, TX 77515",4.6,79,Auto repair shop,risky,unknown,mv-verified-houston-risky-2026-04-20,ChIJy2CcPgpdQIYRcUJLwEdCZPw,1
info@ordertaqueriamizacazonapan.com,Taqueria,Mi Zacazonapan,Taqueria Mi Zacazonapan,(512) 909-8530,http://ordertaqueriamizacazonapan.com/,Austin,"2601 W Braker Ln, Austin, TX 78758",4.9,79,Mexican restaurant,risky,catch_all,mv-verified-houston-risky-2026-04-20,ChIJnR5kwaHLRIYRP5Ot7b1VQ_c,1
admin@rockfaithcenter.com,The,Rock Faith Center,The Rock Faith Center,(915) 592-7625,https://www.rockfaithcenter.com/,El Paso,"11201 Armour Dr, El Paso, TX 79935",4.8,79,Christian church,risky,catch_all,mv-verified-houston-risky-2026-04-20,ChIJkWA9hJhE54YRMlbGu-DqVSs,1
tidelandsantafe@aol.com,Tideland,Grease Trap & Septic Service,Tideland Grease Trap & Septic Service,(409) 925-4324,https://tidelandgreaseandseptic.com/,Santa Fe,"13219 FM1764, Santa Fe, TX 77510",4.9,79,Septic system service,risky,unknown,mv-verified-houston-risky-2026-04-20,ChIJG7Z4MXWBQIYR9nRct5FXmU0,1
info@wotautodetailing.com,WOT,Auto Spa & Ceramic Coating,WOT Auto Spa & Ceramic Coating,(210) 900-3404,https://wotautodetailing.net/,Leon Valley,"4700 Timco W #102, Leon Valley, TX 78238",4.9,79,Car detailing service,risky,catch_all,mv-verified-houston-risky-2026-04-20,ChIJkVhsclZoXIYR6tZLMA5-G3M,1
northdallas@zplumberz.com,Z,Plumberz of North Dallas,Z Plumberz of North Dallas,(972) 573-8778,https://www.zplumberz.com/north-dallas/?utm_campaign=gmb,Dallas,"2403 Martin Luther King Jr Blvd, Dallas, TX 75215",4.8,79,Plumber,risky,catch_all,mv-verified-houston-risky-2026-04-20,ChIJkXyQ8MwfTIYRwuWRWsRvX44,1
info@99pestsolutions.com,99,"Pest Solutions, LLC","99 Pest Solutions, LLC",(832) 559-8241,http://99pestsolutions.com/,Spring,"19507 Wied Rd Suite A, Spring, TX 77388",5,78,Pest control service,risky,catch_all,mv-verified-houston-risky-2026-04-20,ChIJq6qqqrozR4YREYHfKQRwLjM,1
info@amazingpestexterminator.com,Bed,Bug Exterminator Houston,Bed Bug Exterminator Houston,(713) 597-3410,https://amazingpestexterminator.com/,,,4.7,78,Pest control service,risky,catch_all,mv-verified-houston-risky-2026-04-20,ChIJq_gSUDi_QIYRg9_WTp57gyA,1
areli@betterpricetreeservice.com,Better,Price Tree Service,Better Price Tree Service,(512) 300-3197,https://www.betterpricetreeservice.com/,Pflugerville,"600 Busleigh Castle Way, Pflugerville, TX 78660",4.8,78,Tree service,risky,catch_all,mv-verified-houston-risky-2026-04-20,ChIJPa8cyZ7ORIYRnntfNfLfbtE,1
casanovadrywall@aol.com,Casanova,Drywall,Casanova Drywall,(713) 576-6388,http://www.casanovadrywall.com/,Channelview,"16023 E Freeway Service Rd #13, Channelview, TX 77530",5,78,Dry wall contractor,risky,unknown,mv-verified-houston-risky-2026-04-20,ChIJTTmX9jmkQIYRpi1Cd9vLLNU,1
info@goldenserviceelectrictx.com,Golden,Service Electric,Golden Service Electric,(832) 346-4083,https://goldenserviceelectrictx.com/,Houston,"11311 Bayou Pl Dr, Houston, TX 77099",5,78,Electrician,risky,catch_all,mv-verified-houston-risky-2026-04-20,ChIJq6oai-3nQIYRySCekWNvcWc,1
contactus@missioncitychurch.life,Mission,City Church,Mission City Church,(817) 232-2010,https://www.missioncitychurch.life/,Fort Worth,"6700 N Riverside Dr, Fort Worth, TX 76137",4.9,78,Church,risky,catch_all,mv-verified-houston-risky-2026-04-20,ChIJY_Yr3NV3ToYR3xSXY2vAwqY,1
nomadmechanical19@yahoo.com,NOMAD,Mechanical,NOMAD Mechanical,(806) 681-8009,https://nomadmech.com/,Amarillo,"4423 Canyon Dr B, Amarillo, TX 79110",4.9,78,Plumber,risky,unknown,mv-verified-houston-risky-2026-04-20,ChIJkVYOsMxPAYcR_GUC4gMPwfc,1
saflooringperfections@yahoo.com,SA,Flooring Perfections Inc,SA Flooring Perfections Inc,(210) 866-5498,https://www.saflooringperfections.com/,San Antonio,"16654 San Pedro Ave, San Antonio, TX 78232",4.7,78,Flooring store,risky,unknown,mv-verified-houston-risky-2026-04-20,ChIJ5a0BnnqIXIYRcybdE2FV59U,1
info@aculeuspestcontrol.com,Aculeus,Pest Control,Aculeus Pest Control,(432) 444-5004,https://aculeuspestcontrol.com/,,,5,77,Pest control service,risky,unknown,mv-verified-houston-risky-2026-04-20,ChIJX5rW8nfP-4YRdw-xpTqJ3R0,1
info@allproelectricalcontractorsinc.com,All,"Pro Electrical Contractors, Inc","All Pro Electrical Contractors, Inc",(409) 385-6492,http://allproelectricalcontractorsinc.com/,Silsbee,"1911 Hwy 96 S, Silsbee, TX 77656",4.8,77,Electrician,risky,catch_all,mv-verified-houston-risky-2026-04-20,ChIJf-xlN8g7OYYRKNGNjPAl4YU,1
info@dallasprinting.com,DALLAS,PRINTING,DALLAS PRINTING,(214) 691-8325,https://www.dallasprinting.com/,Dallas,"7038 Greenville Ave, Dallas, TX 75231",4.9,77,Commercial printer,risky,catch_all,mv-verified-houston-risky-2026-04-20,ChIJj_WsEESeToYRL0dZ7L8l5wM,1
daniel@danspests.com,Daniel's,Termite and Pest Solutions LLC,Daniel's Termite and Pest Solutions LLC,(430) 201-8807,http://danspests.com/,Longview,"1121 E Hawkins Pkwy Apt 6201, Longview, TX 75605",5,77,Pest control service,risky,unknown,mv-verified-houston-risky-2026-04-20,ChIJCfnMo305NoYR7__9c1pxl4U,1
info@homeprospaintsa.com,Home,Pros Painting and Home Repairs of San Antonio,Home Pros Painting and Home Repairs of San Antonio,(210) 910-6662,https://www.homeprospaintsa.com/?utm_source=google+&utm_medium=organic&utm_campaign=gbp-website-link,San Antonio,"7600 Blanco Rd, San Antonio, TX 78216",5,77,Painter,risky,catch_all,mv-verified-houston-risky-2026-04-20,ChIJeS4-i4NhXIYRAGxUVs4pReg,1
info@penncomp.com,PennComp,LLC - Houston IT Support Services,PennComp LLC - Houston IT Support Services,(713) 669-0965,https://penncomp.com/,Houston,"2050 N Loop W #200, Houston, TX 77018",5,77,Computer support and services,risky,catch_all,mv-verified-houston-risky-2026-04-20,ChIJd2j-tP7GQIYRECG-vNbr3Ns,1
info@perryroofers.site,Perry,Family Roofers LLC,Perry Family Roofers LLC,(830) 988-9300,https://perryroofers.site/new-braunfels,New Braunfels,"251 Creekside Crossing, New Braunfels, TX 78130",4.8,77,Roofing contractor,risky,catch_all,mv-verified-houston-risky-2026-04-20,ChIJbeaceTm9XIYR0ifZEHIFbik,1
info@riveraroofing.site,Rivera,Brothers Roofing LLC,Rivera Brothers Roofing LLC,(254) 330-2300,https://riveraroofing.site/missouri-city,Missouri City,"5684 Hwy 6, Missouri City, TX 77459",4.7,77,Roofing contractor,risky,catch_all,mv-verified-houston-risky-2026-04-20,ChIJByWUyqLlQIYRzPPicWdC-Zg,1
info@salongermainspa.com,Salon,Germains & Spa,Salon Germains & Spa,(713) 467-0927,https://salongermainspa.com/,Houston,"12526 Memorial Dr Suite A, Houston, TX 77024",4.9,77,Hair salon,risky,unknown,mv-verified-houston-risky-2026-04-20,ChIJJdwdT7fEQIYRSb-IS6HQ84k,1
info@frogblinds.com,The,Frog Blinds Shutters Drapes,The Frog Blinds Shutters Drapes,(713) 840-0844,https://www.frogblinds.com/,Houston,"1345 Campbell Rd #110, Houston, TX 77055",5,77,Window treatment store,risky,catch_all,mv-verified-houston-risky-2026-04-20,ChIJKYMCfOvAQIYRwKUn5Aq9t4Q,1
info@adamsautoonline.com,Adams,Automotive,Adams Automotive,(870) 773-7411,http://www.adamsautoonline.com/,,"1001 E Broad St, Texarkana, AR 71854",4.5,76,Auto repair shop,risky,catch_all,mv-verified-houston-risky-2026-04-20,ChIJk0nPALNrNIYRbYgWU2NL2JQ,1
info@cornerstoneacandheatllc.com,Cornerstone,AC & Heat LLC,Cornerstone AC & Heat LLC,(346) 425-9001,http://www.cornerstoneacandheatllc.com/,Katy,"22720 Morton Ranch Rd #160, Katy, TX 77449",5,76,HVAC contractor,risky,catch_all,mv-verified-houston-risky-2026-04-20,ChIJBRMb_kc_cUYRx-VudqEtF7I,1
office@epdermatology.com,El,Paso Dermatology,El Paso Dermatology,(915) 544-3254,http://elpasodermatology.com/,El Paso,"1700 Murchison Dr # 215, El Paso, TX 79902",3.4,76,Skin care clinic,risky,unknown,mv-verified-houston-risky-2026-04-20,ChIJFU3LMrBZ54YR12iH9onzZZg,3
haydenlaw@verizon.net,Law,Offices of Steven Hayden,Law Offices of Steven Hayden,(214) 678-9663,http://stevenhayden.com/,Dallas,"2351 W Northwest Hwy #1303, Dallas, TX 75220",4.8,76,Legal services,risky,catch_all,mv-verified-houston-risky-2026-04-20,ChIJkZwSgQ6dToYRS3uJNzJmH2c,1
info@meyerlandmartialarts.com,Meyerland,Martial Arts & Fitness,Meyerland Martial Arts & Fitness,(713) 777-5425,http://meyerlandmartialarts.com/,Houston,"8600 Hillcroft Ave, Houston, TX 77096",4.7,76,Martial arts school,risky,catch_all,mv-verified-houston-risky-2026-04-20,ChIJregrDg7CQIYRkIWoXoDjyRM,1
info@monarchlm.com,Monarch,Landscape Management,Monarch Landscape Management,(713) 849-6600,http://www.monarchlm.com/,Houston,"1850 Hollister St, Houston, TX 77080",4.3,76,Landscape architect,risky,catch_all,mv-verified-houston-risky-2026-04-20,ChIJp963907EQIYRZ9dz6KcmmPU,1
info@myangelscare.com,Angels,Care & Learning Center,Angels Care & Learning Center,(512) 916-8868,http://myangelscare.com/,Austin,"7806 S 1st St, Austin, TX 78745",4.6,75,Day care center,risky,catch_all,mv-verified-houston-risky-2026-04-20,ChIJi5Uk7rZMW4YRft52lV6slfg,1
info@claritymortgagetx.com,Clarity,Mortgage,Clarity Mortgage,(210) 362-1244,http://www.claritymortgagetx.com/,San Antonio,"2929 Mossrock #118, San Antonio, TX 78230",4.9,75,Mortgage lender,risky,catch_all,mv-verified-houston-risky-2026-04-20,ChIJPVVRRyZeXIYRqpLnQKy_cz0,1
info@coveclothing.com,Cove,Boutique,Cove Boutique,(737) 484-0267,http://coveclothing.com/pages/location,Austin,"1318 S Congress Ave, Austin, TX 78704",3.2,75,Clothing store,risky,catch_all,mv-verified-houston-risky-2026-04-20,ChIJ9bz5qP20RIYRUBdUTx7QBgQ,1
info@lumbertonchiropractic.com,Lumberton,Chiropractic Health Center,Lumberton Chiropractic Health Center,(409) 755-7246,http://www.lumbertonchiropractic.com/,Lumberton,"837 N Main St, Lumberton, TX 77657",4.9,75,Chiropractor,risky,unknown,mv-verified-houston-risky-2026-04-20,ChIJ_ysPA3swOYYRK5UFhgxvT1Y,1
millerfuneraltexas@sbcglobal.net,Miller,Funeral Services & Cremation Society of Texas,Miller Funeral Services & Cremation Society of Texas,(713) 981-1184,http://www.millerfuneral.com/,Houston,"7723 Beechnut St, Houston, TX 77074",4.8,75,Funeral home,risky,catch_all,mv-verified-houston-risky-2026-04-20,ChIJjRapZInCQIYRQYESLjiHObA,2
jasonkahle@buyasmallhouse.com,Small,House Solutions,Small House Solutions,(512) 546-6192,https://buyasmallhouse.com/,Austin,"4005 W Parmer Ln, Austin, TX 78727",4.7,75,Custom home builder,risky,catch_all,mv-verified-houston-risky-2026-04-20,ChIJZWuwyKu1RIYRGBof74EkrFk,1
info@yourfitness365sa.com,Your,Fitness 365 A 24 Hour Gym,Your Fitness 365 A 24 Hour Gym,(210) 236-7219,http://yourfitness365sa.com/,San Antonio,"9703 Bandera Rd Suite 101, San Antonio, TX 78250",4.3,75,Gym,risky,catch_all,mv-verified-houston-risky-2026-04-20,ChIJkYdWD8NnXIYRtuJurBecXIM,1
austinauto9324@att.net,Austin,Auto Repair,Austin Auto Repair,(512) 865-6217,https://www.autorepairsaustin.net/,Austin,"9324 US-290 B, Austin, TX 78736",4.7,74,Auto repair shop,risky,catch_all,mv-verified-houston-risky-2026-04-20,ChIJaYtS8_FIW4YRnZGID372Vhs,1
info@clarkenergies.com,Clark,Energies,Clark Energies,(915) 219-5300,https://clarkenergies.com/,El Paso,"500 W Overland Ave Ste 250, El Paso, TX 79901",4.8,74,Solar energy company,risky,catch_all,mv-verified-houston-risky-2026-04-20,ChIJPfY5PY5Z54YR2BZqxIsXF-I,1
info@electrxllc.com,Electrx,LLC,Electrx LLC,(512) 661-4373,https://electrxllc.com/,Round Rock,"402 N Georgetown St, Round Rock, TX 78664",4.9,74,Electrician,risky,catch_all,mv-verified-houston-risky-2026-04-20,ChIJebrYvMnRRIYRUCh23dMcfdg,1
info@hayesroofers.site,Hayes,Brothers Roofers LLC,Hayes Brothers Roofers LLC,(737) 337-5800,https://hayesroofers.site/round-rock,Round Rock,"2120 S I-35 Frontage Rd, Round Rock, TX 78681",4.8,74,Roofing contractor,risky,catch_all,mv-verified-houston-risky-2026-04-20,ChIJi0kNzSLRRIYR3sOGcvIw5js,1
info@moneyforthefuture.com,J,"Macpherson Insurance & Financial Services, LLC","J Macpherson Insurance & Financial Services, LLC",(281) 335-4429,https://www.moneyforthefuture.com/,League City,"624 Main St Suite 101, League City, TX 77573",4.9,74,Health insurance agency,risky,catch_all,mv-verified-houston-risky-2026-04-20,ChIJa5Zbt2KdQIYRNq766EGEim0,1
alyssa@jakeslawncare.com,Jake's,Lawn Care,Jake's Lawn Care,(817) 292-2711,http://www.jakeslawncare.com/,Fort Worth,"7228 Kingswood Dr, Fort Worth, TX 76133",4.1,74,Lawn care service,risky,catch_all,mv-verified-houston-risky-2026-04-20,ChIJ0ZKXF6ptToYRkTRXzeVaqog,1
info@legacymonograms.com,Legacy,Monograms & Embroidery,Legacy Monograms & Embroidery,(972) 763-1717,https://www.legacymonograms.com/,Dallas,"7989 Belt Line Rd #190, Dallas, TX 75248",4.9,74,Screen printer,risky,catch_all,mv-verified-houston-risky-2026-04-20,ChIJqXEyDMghTIYRIPGuL05b3ww,1
info@pods.com,PODS,Moving & Storage,PODS Moving & Storage,(877) 770-7637,https://www.pods.com/locations/united-states/texas/beaumont?utm_medium=organic&utm_source=gbp_listing&utm_campaign=beaumont-gbp,Beaumont,"3250 I-10, Beaumont, TX 77705",3.5,74,Moving and storage service,risky,catch_all,mv-verified-houston-risky-2026-04-20,ChIJQcw6bkHLPoYRcRXZZAjfcJw,1
info@sunspotservices.com,Sunspot,Services LLC,Sunspot Services LLC,(832) 444-6744,https://www.sunspotservices.com/,Houston,"8206 Glencliffe Ln, Houston, TX 77070",5,74,Window cleaning service,risky,catch_all,mv-verified-houston-risky-2026-04-20,ChIJuc1CDVjRQIYRGnQQa-ZrYRo,1
delisa@wcuservices.com,WCU,Services,WCU Services,(512) 321-0800,http://www.wcuservices.com/?utm_source=NEXT%2520Ad&utm_medium=GMB%2520Page,Bastrop,"299 Industrial Blvd, Bastrop, TX 78602",4.6,74,Air conditioning contractor,risky,catch_all,mv-verified-houston-risky-2026-04-20,ChIJMXIGzueaRIYR0ENsx3i2QNg,1
info@210it.com,210,IT,210 IT,(210) 499-0681,http://www.210it.com/,San Antonio,"4706 Shavano Oak #102, San Antonio, TX 78249",5,73,Computer support and services,risky,catch_all,mv-verified-houston-risky-2026-04-20,ChIJOZlxSNxdXIYRQygWrYroJV0,1
info@pediconcierge.com,Concierge,Pediatrics of Houston,Concierge Pediatrics of Houston,(832) 940-2262,http://pediconcierge.com/,Houston,"550 Westcott St # 370, Houston, TX 77007",4.8,73,Pediatrician,risky,catch_all,mv-verified-houston-risky-2026-04-20,ChIJXY3_aczAQIYRilhTHsG7mQM,1
info@discoveryworldsa.com,Discovery,World Learning Center,Discovery World Learning Center,(210) 225-7464,http://www.discoveryworldsa.com/,San Antonio,"406 W César E Chávez Blvd, San Antonio, TX 78204",4.4,73,Day care center,risky,catch_all,mv-verified-houston-risky-2026-04-20,ChIJPTheeLNYXIYRwgKiIjfsm4s,1
info@dunmanelectric.com,Dunman,Electric,Dunman Electric,(512) 280-8847,https://dunmanelectric.com/?utm_source=gmb&utm_medium=organic&utm_campaign=gmb&utm_content=website,Austin,"3327 W Slaughter Ln, Austin, TX 78748",4,73,Electrician,risky,unknown,mv-verified-houston-risky-2026-04-20,ChIJZ6xXnaa0RIYRh0n0zopSfhk,1
info@legithandyman.com,Legit,Handyman,Legit Handyman,(972) 880-7840,http://legithandyman.com/,Garland,"5001 Burlingame Dr, Garland, TX 75043",5,73,Handyman/Handywoman/Handyperson,risky,catch_all,mv-verified-houston-risky-2026-04-20,ChIJqTMIzplV_y0R6hWA39s84HQ,1
info@lostlotusyoga.com,Lost,Lotus Yoga,Lost Lotus Yoga,(239) 292-2060,https://www.lostlotusyoga.com/,Houston,"114 E 5th St Suite 3, Houston, TX 77007",4.9,73,Yoga studio,risky,catch_all,mv-verified-houston-risky-2026-04-20,ChIJyWU2kdTHQIYRJ8ecc2G8c38,1
joel@murphybaker.com,Murphy,& Baker Law Firm,Murphy & Baker Law Firm,(903) 533-9000,https://www.murphybaker.com/,Tyler,"215 N College Ave, Tyler, TX 75702",4.4,73,Criminal justice attorney,risky,catch_all,mv-verified-houston-risky-2026-04-20,ChIJWzG0bbrOSYYRjt--uAoNVNY,1
info@ramelectricandair.com,RAM,Electric & Air,RAM Electric & Air,(956) 305-0103,https://ramelectricandair.com/?utm_source=gbp,Laredo,"201 S Dakota St, Laredo, TX 78041",4.9,73,Electrician,risky,catch_all,mv-verified-houston-risky-2026-04-20,ChIJ879HfekhYYYRH5p3cTh_p5s,1
info@rockler.com,Rockler,Woodworking and Hardware - San Antonio,Rockler Woodworking and Hardware - San Antonio,(726) 226-0720,https://www.rockler.com/retail/stores/tx-san-antonio-store?utm_source=local&utm_medium=organic&utm_campaign=san-antonio-store,San Antonio,"309 Northwest Loop 410, San Antonio, TX 78216",4.9,73,Hardware store,risky,catch_all,mv-verified-houston-risky-2026-04-20,ChIJj45dCxZhXIYRVyDkqa6f4sc,1
info@drsimek.com,Simek,Dentistry,Simek Dentistry,(806) 300-8000,https://www.drsimek.com/,Lubbock,"10901 Quaker Ave, Lubbock, TX 79424",4.8,73,Dentist,risky,catch_all,mv-verified-houston-risky-2026-04-20,ChIJ04Twvw9z_oYRCRHQfq-nxhg,1
info@tdapc.com,The,Deck and Patio Company,The Deck and Patio Company,(832) 286-1261,https://tdapc.com/,Porter,"17750 Southridge Dr, Porter, TX 77365",4.8,73,General contractor,risky,catch_all,mv-verified-houston-risky-2026-04-20,ChIJ71uYVoo2R4YRzO5Lm7hsVcY,1
info@allstarsgamingpartyhall.com,ALL,STARS Party & Gaming Hall,ALL STARS Party & Gaming Hall,(915) 801-5738,https://www.allstarsgamingpartyhall.com/,El Paso,"9109 Dyer St Suite J, El Paso, TX 79924",4.7,72,Event venue,risky,unknown,mv-verified-houston-risky-2026-04-20,ChIJSQY8YblR54YRZb1t7DjN80A,1
info@realestateinspector.com,Advanced,Inspection Service,Advanced Inspection Service,(972) 342-9183,https://www.realestateinspector.com/dallas-home-inspections,Dallas,"7730 Querida Ln, Dallas, TX 75248",4.8,72,Home inspector,risky,catch_all,mv-verified-houston-risky-2026-04-20,ChIJ9d84kJMhTIYRXw0i2DaBngg,1
info@apachepestcontrol.tech,Apache,Pest Control,Apache Pest Control,+1 713-633-6639,http://apachepestcontrol.tech/,Kingwood,"1441 Palomino Ln, Kingwood, TX 77339, United States",4.9,72,Pest control service,risky,catch_all,mv-verified-houston-risky-2026-04-20,ChIJI8bcieu6QIYRMCX275NIdHc,1
houston@asgoodasnewfence.com,As,"Good As New, LLC","As Good As New, LLC",(281) 353-2088,https://asgoodasnewfence.com/houston/,Spring,"25528 Aldine Westfield Rd #142, Spring, TX 77373",4.8,72,Fence contractor,risky,catch_all,mv-verified-houston-risky-2026-04-20,ChIJF9aU62k1R4YRpPMDFiazyGo,1
info@clarkroofing.homes,Clark,Brothers Roofing & Construction,Clark Brothers Roofing & Construction,(409) 377-6760,https://clarkroofing.homes/friendswood,Friendswood,"102 W Edgewood Dr, Friendswood, TX 77546",4.8,72,Roofing contractor,risky,catch_all,mv-verified-houston-risky-2026-04-20,ChIJ_-WdZWCbQIYRR-oclqicXio,1
info@hardyfence.com,Hardy,Fence - Fort Worth,Hardy Fence - Fort Worth,(817) 468-8859,http://www.hardyfence.com/,Fort Worth,"3165 Sabine St, Fort Worth, TX 76119",4.9,72,Fence contractor,risky,catch_all,mv-verified-houston-risky-2026-04-20,ChIJgbc3AuRvToYReGhWmElf7Io,1
info@hartlandchirowellness.com,Hartland,Chiropractic & Wellness,Hartland Chiropractic & Wellness,(832) 913-6530,https://www.hartlandchirowellness.com/?UTM_source=GBL,Katy,"5811 2nd St, Katy, TX 77493",5,72,Chiropractor,risky,unknown,mv-verified-houston-risky-2026-04-20,ChIJF-oMhcklQYYRObB-lY0Zua8,1
info@hernandezroofing.online,Hernandez,& Sons Roofing & Construction,Hernandez & Sons Roofing & Construction,(469) 460-9747,https://hernandezroofing.online/dallas,Dallas,"11825 Preston Rd, Dallas, TX 75230",4.8,72,Roofing contractor,risky,catch_all,mv-verified-houston-risky-2026-04-20,ChIJmeGX2hshTIYR_zfhOxBIn4g,1
info@marinermontessori.com,Mariner,Montessori School,Mariner Montessori School,(713) 783-7490,http://www.marinermontessori.com/,Houston,"6018 Fairdale Ln, Houston, TX 77057",4.8,72,Preschool,risky,catch_all,mv-verified-houston-risky-2026-04-20,ChIJrdPE5S7DQIYRP6FU8KMCmbo,2
admin@mocoplumbing.com,MoCo,Plumbing Services,MoCo Plumbing Services,(936) 697-5688,http://www.mocoplumbing.com/,Conroe,"9138 Whitetail Dr, Conroe, TX 77303",5,72,Plumber,risky,catch_all,mv-verified-houston-risky-2026-04-20,ChIJU0JWnQXiiwkR59ATFptGmBw,1
info@reviveandthrive.com,Revive,& Thrive,Revive & Thrive,(512) 431-3240,https://www.reviveandthrive.com/,Austin,"9907 Mountain Quail Rd, Austin, TX 78758",4.6,72,Lawn sprinkler system contractor,risky,catch_all,mv-verified-houston-risky-2026-04-20,ChIJISl0gebLRIYR-Wi0uvUL0Bk,1
rplumbing_82@yahoo.com,Roland's,Plumbing Service Inc,Roland's Plumbing Service Inc,(210) 433-0016,http://www.rolandsplumbingservice.com/,San Antonio,"330 W Broadview Dr, San Antonio, TX 78228",4.8,72,Plumber,risky,unknown,mv-verified-houston-risky-2026-04-20,ChIJxwAdXCtcXIYR2y2BTNDb79A,1
info@acuraroofing.com,Acura,Roofing Inc,Acura Roofing Inc,(512) 280-6875,https://www.acuraroofing.com/,Austin,"3122 Festus Dr, Austin, TX 78748",5,71,Roofing contractor,risky,catch_all,mv-verified-houston-risky-2026-04-20,ChIJD-T2bzdMW4YRyH1q87RwZFo,1
c2ckids@yahoo.com,Cradles,2 Crayons Early Learning Academy,Cradles 2 Crayons Early Learning Academy,(713) 520-6633,https://c2cpreschool.org/,Houston,"4930 Travis St, Houston, TX 77002",4.6,71,Day care center,risky,unknown,mv-verified-houston-risky-2026-04-20,ChIJHaXlFHm_QIYResLuvKXzDa4,1
luisg@essential-waste.com,Essential,Waste Solutions LLC,Essential Waste Solutions LLC,(713) 702-1860,https://www.essential-waste.com/,Houston,"3518 De Soto St, Houston, TX 77091",4.7,71,Dumpster rental service,risky,catch_all,mv-verified-houston-risky-2026-04-20,ChIJTwlL1qDHQIYRxbc-TpTrQVg,1
mr.wilsonsplumbing@yahoo.com,Mr.,Wilson's Plumbing and Drain Solutions,Mr. Wilson's Plumbing and Drain Solutions,(806) 798-8679,http://www.mrwilsonsplumbing.com/,Wolfforth,"607 US-62, Wolfforth, TX 79382",4.6,71,Plumber,risky,unknown,mv-verified-houston-risky-2026-04-20,ChIJc8V65_Vy_oYR9oMFhUF9C40,1
info@night-eyes.com,Night,"Eyes Protective Services, Inc.","Night Eyes Protective Services, Inc.",(915) 351-0831,https://night-eyes.com/?utm_source=gmb&utm_medium=organic&utm_campaign=elpaso,El Paso,"3401 Hueco Ave, El Paso, TX 79903",3.4,71,Security guard service,risky,catch_all,mv-verified-houston-risky-2026-04-20,ChIJu00P4qJZ54YRPGes-TuqQY8,1
info@vargasroofers.pro,Vargas,Brothers Roofers LLC,Vargas Brothers Roofers LLC,(936) 241-9610,https://vargasroofers.pro/tomball,Tomball,"14443 Parr Ct, Tomball, TX 77377",4.9,71,Roofing contractor,risky,catch_all,mv-verified-houston-risky-2026-04-20,ChIJT4xOAzgtR4YRKsu5dS-D8yQ,1
info@atyoursidehomecare.com,At,Your Side Home Care - Northwest Metro Houston,At Your Side Home Care - Northwest Metro Houston,(281) 520-3746,https://www.atyoursidehomecare.com/texas/northwest-houston.html?utm_source=gbp&utm_medium=organic,Houston,"8203 Willow Pl Dr S, Houston, TX 77070",4.9,70,Home health care service,risky,catch_all,mv-verified-houston-risky-2026-04-20,ChIJiSUW3frNQIYRBUM7xcGCEEo,1
info@autotrimmermaster.com,Auto,Trimmer Master,Auto Trimmer Master,(915) 772-6185,https://autotrimmermaster.com/index.html,El Paso,"3700 Buckner St, El Paso, TX 79925",4.6,70,Upholstery shop,risky,catch_all,mv-verified-houston-risky-2026-04-20,ChIJu7DwW09a54YRqrClMFgL3rQ,1
info@callegarihorses.com,Callegari,Equestrian Center,Callegari Equestrian Center,(281) 304-7332,http://www.callegarihorses.com/,Cypress,"12751 N Eldridge Pkwy, Cypress, TX 77429",4.7,70,Horse boarding stable,risky,catch_all,mv-verified-houston-risky-2026-04-20,ChIJhzx5iczTQIYRTixeMYjL9FQ,1
aaron@guyspha.com,Guy's,Plumbing Heating & Air,Guy's Plumbing Heating & Air,(806) 352-8957,https://www.guyspha.com/,Amarillo,"6326 Canyon Dr, Amarillo, TX 79109",4.6,70,Plumber,risky,catch_all,mv-verified-houston-risky-2026-04-20,ChIJuxyEXrJaAYcRhOCIzDeLy8I,1
info@trussellnoelaw.com,Law,Offices of T. Russell Noe,Law Offices of T. Russell Noe,(979) 836-2070,https://trussellnoelaw.com/,Brenham,"206 W Main St, Brenham, TX 77833",4.2,70,Attorney,risky,catch_all,mv-verified-houston-risky-2026-04-20,ChIJqQsZ_xioRoYRTzXFC1qPW3s,1
sales@pfcatx.com,Perimeter,Fence - TX,Perimeter Fence - TX,(512) 914-9016,https://www.perimeterfencetx.com/,Austin,"12591 Research Blvd STE 103, Austin, TX 78759",4.8,70,Fence contractor,risky,catch_all,mv-verified-houston-risky-2026-04-20,ChIJ_yCyMrYyW4YRT-bnteMCCIc,1
info@riteawaypharmacy.com,Rite,Away Pharmacy & Med Supplies,Rite Away Pharmacy & Med Supplies,(210) 490-2733,https://riteawaypharmacy.com/,San Antonio,"2235 Thousand Oaks Dr #102, San Antonio, TX 78232",3.7,70,Pharmacy,risky,catch_all,mv-verified-houston-risky-2026-04-20,ChIJJYIs10eKXIYR-c1N915BYPg,1
info@trimbuilt.com,Trimbuilt,Construction Inc,Trimbuilt Construction Inc,(512) 832-1979,https://www.trimbuilt.com/,Austin,"12800 N Lamar Blvd, Austin, TX 78753",4.9,70,General contractor,risky,catch_all,mv-verified-houston-risky-2026-04-20,ChIJ_4hrFL_ORIYR4EQJN5nXYVI,1
altituderoofers@yahoo.com,Altitude,Roofers,Altitude Roofers,(832) 466-2233,http://www.altituderoofers.com/,Friendswood,"304 Eagle Lakes Dr, Friendswood, TX 77546",5,69,Roofing contractor,risky,unknown,mv-verified-houston-risky-2026-04-20,ChIJu6-dvNWbQIYRyqbAJfysR3E,1
info@kingspointinsurance.com,Kingspoint,Insurance Agency,Kingspoint Insurance Agency,(713) 850-1660,https://kingspointinsurance.com/,Houston,"11200 Richmond Ave #350, Houston, TX 77082",4.8,69,Insurance agency,risky,catch_all,mv-verified-houston-risky-2026-04-20,ChIJ0XFeQ8bcQIYRN-ux5ozpbzg,1
service@lasiter.com,Lasiter,and Lasiter Plumbing,Lasiter and Lasiter Plumbing,(817) 589-1678,https://lasiter.com/,Haltom City,"6307 Midway Rd, Haltom City, TX 76117",4.2,69,Plumber,risky,catch_all,mv-verified-houston-risky-2026-04-20,ChIJ1_wRM-l5ToYR_0vK1kt_qdQ,1
hello@livewellkaty.com,Livewell,Animal Hospital of Katy,Livewell Animal Hospital of Katy,(346) 275-3201,https://livewellanimalkaty.com/?utm_source=gmb&utm_medium=organic,Katy,"24818 Morton Ranch Rd Suite 100, Katy, TX 77493",4.9,69,Animal hospital,risky,unknown,mv-verified-houston-risky-2026-04-20,ChIJoe-LcVMnQYYRqL0G2VFTByc,1
info@northsidepoolmanagement.com,Northside,Pool Management,Northside Pool Management,(210) 990-6588,https://www.northsidepoolmanagement.com/,San Antonio,"2310 N Loop 1604 W, San Antonio, TX 78248",5,69,Pool cleaning service,risky,catch_all,mv-verified-houston-risky-2026-04-20,ChIJe59s0kewuGQRPJaEw5WHqWk,1
info@premierfoundationrepair.com,Premier,Foundation Repair Inc.,Premier Foundation Repair Inc.,(972) 417-0823,https://www.premierfoundationrepair.com/,,,4.6,69,Foundation,risky,unknown,mv-verified-houston-risky-2026-04-20,ChIJ88iJJEEnTIYRmRM2JX1CQ2s,1
info@pyebarkerfs.com,Pye-Barker,"Fire & Safety, formerly Koetter Fire Protection of Austin","Pye-Barker Fire & Safety, formerly Koetter Fire Protection of Austin",(512) 251-7888,https://pyebarkerfs.com/locations/austin-tx-2/,Pflugerville,"16069 Central Commerce Dr, Pflugerville, TX 78660",4.8,69,Fire protection service,risky,catch_all,mv-verified-houston-risky-2026-04-20,ChIJoxy3NErORIYRsOOAHf3CjpQ,6
info@rubricplumbing.com,Rubric,Plumbing,Rubric Plumbing,(214) 307-9160,http://www.rubricplumbing.com/,,,5,69,Plumber,risky,catch_all,mv-verified-houston-risky-2026-04-20,ChIJMYHaH1_k168RQ2WzQ3xs5b0,1
eddie@yourhavendesign.com,Your,Haven,Your Haven,(737) 259-7868,https://yourhavendesign.com/,,,5,69,Landscape designer,risky,catch_all,mv-verified-houston-risky-2026-04-20,ChIJb2GNA8jibSkRkdKX-P-LOKM,1
cemetria@sagemassagestudio.com,sage,massage studio,sage massage studio,,http://www.sagemassagestudio.com/,Dallas,"3525 Cedar Springs Rd, Dallas, TX 75219, United States",4.9,69,Massage therapist,risky,catch_all,mv-verified-houston-risky-2026-04-20,ChIJyXvvXcyeToYRve12ePymcpc,1
info@dgroofsystems.com,D&G,Roof Systems,D&G Roof Systems,(817) 696-8800,http://www.dgroofsystems.com/,Fort Worth,"7505 Chapel Ave, Fort Worth, TX 76116",5,68,Roofing contractor,risky,catch_all,mv-verified-houston-risky-2026-04-20,ChIJ1a1XnPEMToYR16CvvPBoJb0,1
info@dearplumber.com,Dear,Plumber Llc,Dear Plumber Llc,(512) 661-9783,https://dearplumber.com/,,,5,68,Plumber,risky,catch_all,mv-verified-houston-risky-2026-04-20,ChIJ1yEgpD-7RIYRsixeD1Y6XZQ,1
info@fullarmorlandscapes.com,Full,Armor Landscapes,Full Armor Landscapes,(832) 441-8640,https://fullarmorlandscapes.com/,League City,"2417 Santiago Ln, League City, TX 77573",4.9,68,Landscaper,risky,unknown,mv-verified-houston-risky-2026-04-20,ChIJNWAq0yxjP4YRM8W_sE3tgTc,1
nww@grandecom.net,Japanese,Auto Repair,Japanese Auto Repair,(512) 392-0696,https://www.japaneseautorepairsanmarcos.com/,San Marcos,"1720 I 35 N Frontage Rd, San Marcos, TX 78666",4.9,68,Auto repair shop,risky,catch_all,mv-verified-houston-risky-2026-04-20,ChIJwx_AzrepXIYR0UqZWlriDwk,1
mello_plumbing@yahoo.com,Mello,Plumbing,Mello Plumbing,(409) 886-1383,http://www.melloplumbing.com/,Orange,"410 Broad St, Orange, TX 77630",4.6,68,Plumber,risky,unknown,mv-verified-houston-risky-2026-04-20,ChIJu10lTKWqPoYRaaNWChl-u6Y,1
info@northhoustonspine.com,North,Houston Spine & Sports Medicine,North Houston Spine & Sports Medicine,(281) 443-1287,https://northhoustonspine.com/,Spring,"5643 Treaschwig Rd, Spring, TX 77373",4.8,68,Chiropractor,risky,catch_all,mv-verified-houston-risky-2026-04-20,ChIJGwqpmNa0QIYRIkVf1utSx8Q,1
matthew@pbhs.com,Oral,& Facial Surgery Group of East Texas,Oral & Facial Surgery Group of East Texas,(936) 632-4444,https://www.eastexoralfacial.com/,Lufkin,"704 Largent St, Lufkin, TX 75904",4.9,68,Oral surgeon,risky,catch_all,mv-verified-houston-risky-2026-04-20,ChIJo64m07wXOIYRJj5BhmTQv_A,1
info@reliancemechanical.com,Reliance,Mechanical,Reliance Mechanical,(903) 223-0946,http://www.reliancemechanical.com/,Nash,"1001 Alumax Rd, Nash, TX 75569",4.8,68,Plumber,risky,catch_all,mv-verified-houston-risky-2026-04-20,ChIJn6OyYUNqNIYRrOhYpFvRZpg,1
caleb@rocketfence.com,Rocket,Fence,Rocket Fence,(281) 803-9880,https://rocketfence.com/?utm_source=google-my-business,Spring,"18102 Shadow Valley Dr, Spring, TX 77379",5,68,Fence contractor,risky,catch_all,mv-verified-houston-risky-2026-04-20,ChIJy7HbZEYzR4YRWPTkcpw817Y,1
info@sanantoniotexashomeinspector.com,Rockway,Home Inspection Inc.,Rockway Home Inspection Inc.,(210) 343-0633,http://www.sanantoniotexashomeinspector.com/,San Antonio,"515 Sand Ash Trail, San Antonio, TX 78256",5,68,Home inspector,risky,catch_all,mv-verified-houston-risky-2026-04-20,ChIJS2S5fwxlXIYRyd3uVlCiySE,1
info@texaspridejunkremoval.com,Texas,Pride Junk Removal,Texas Pride Junk Removal,(210) 876-6484,https://texaspridejunkremoval.com/,San Antonio,"6190 Valley Clf, San Antonio, TX 78250",5,68,Junk removal service,risky,catch_all,mv-verified-houston-risky-2026-04-20,ChIJw20_TKpDXIYRC3CSA-4A7PQ,1
info@4dsignworx.com,4D,SignWorx,4D SignWorx,(713) 984-2010,https://www.4dsignworx.com/?utm_source=Google&utm_medium=GKP&utm_campaign=GKPSiteButton,Houston,"2022 Pech Rd, Houston, TX 77055",4.5,67,Sign shop,risky,catch_all,mv-verified-houston-risky-2026-04-20,ChIJu4RmTTTEQIYR5fktLQxalxw,1
info@acfellowship.org,Austin,Christian Fellowship,Austin Christian Fellowship,(512) 381-5700,http://www.acfellowship.org/,Austin,"6401 River Pl Blvd, Austin, TX 78730",4.8,67,Church,risky,unknown,mv-verified-houston-risky-2026-04-20,ChIJlU4tY4kzW4YR9jHC0EFCwEQ,1
cedescar@yahoo.com,Cedes,Car Repair,Cedes Car Repair,(281) 332-1489,http://cedesrepair.com/,League City,"308 State Hwy 3, League City, TX 77573",4.8,67,Auto repair shop,risky,unknown,mv-verified-houston-risky-2026-04-20,ChIJ6R70fyydQIYRqX3VLNWAymA,1
info@callkingsplumbing.com,KINGS,PLUMBING LLC,KINGS PLUMBING LLC,(210) 774-4444,https://www.callkingsplumbing.com/?utm_source=gmb&utm_campaign=gbp,Boerne,"32990 I-10 D, Boerne, TX 78006",5,67,Plumber,risky,catch_all,mv-verified-houston-risky-2026-04-20,ChIJW861qjtxXIYR3XzUFjFf1gQ,1
info@sprinklerandoutdoorservices.com,New,Era Sprinkler & Outdoor Services,New Era Sprinkler & Outdoor Services,(214) 406-5443,http://www.sprinklerandoutdoorservices.com/,Duncanville,"710 W Ridge Dr, Duncanville, TX 75116",4.9,67,Lawn sprinkler system contractor,risky,catch_all,mv-verified-houston-risky-2026-04-20,ChIJFxKmX-uPToYRzm-HALLLaTU,1
nmhal@teslaae.com,Tesla,Alarm and Electrical LLC,Tesla Alarm and Electrical LLC,(469) 502-3777,http://www.teslaae.com/,Plano,"6010 W Spring Creek Pkwy #507, Plano, TX 75024",5,67,Electrician,risky,catch_all,mv-verified-houston-risky-2026-04-20,ChIJx_pqXI0jTIYRisbtsgJKXIg,1
info@williamsroofing.site,Williams,Family Roofing & Remodeling,Williams Family Roofing & Remodeling,(254) 605-6300,https://williamsroofing.site/,Pearland,"2805 Business Center Dr, Pearland, TX 77584",4.8,67,Roofing contractor,risky,catch_all,mv-verified-houston-risky-2026-04-20,ChIJj5H9in6TQIYRxl8zfqQCCCU,1
info@live300main.com,300,Main,300 Main,(210) 944-8967,https://live300main.com/?utm_source=google+local&utm_medium=organic&utm_campaign=website+link+beacon,San Antonio,"300 N Main Ave, San Antonio, TX 78205",4.7,66,Apartment complex,risky,catch_all,mv-verified-houston-risky-2026-04-20,ChIJsVxixIhfXIYRkGUN-lTvH0I,1
info@buildoutdoors.com,Build,Outdoors,Build Outdoors,(972) 277-1658,https://buildoutdoors.com/,,,4.9,66,Fence contractor,risky,catch_all,mv-verified-houston-risky-2026-04-20,ChIJ__8PunchTIYRsuw8tYqgugc,1
customerservice@butcherpools.com,Butcher's,"Swimming Pool Supply & Service, Inc.","Butcher's Swimming Pool Supply & Service, Inc.",(713) 622-9766,http://www.butcherpools.com/,Houston,"4324 Richmond Ave, Houston, TX 77027",3.9,66,Swimming pool contractor,risky,catch_all,mv-verified-houston-risky-2026-04-20,ChIJWZA1Ug7BQIYRiOSuEZQpwyo,1
escopest@aol.com,ESCO,Pest Control,ESCO Pest Control,(409) 737-3200,http://www.escopestcontrol.com/,Galveston,"6615 Stewart Rd Ste 117, Galveston, TX 77551",4.1,66,Pest control service,risky,unknown,mv-verified-houston-risky-2026-04-20,ChIJP3EoxtWFP4YRXjSfkmoyTJY,1
askthemasterplumber@gtxplumbing.com,GTX,Plumbing,GTX Plumbing,(512) 688-7442,http://gtxplumbing.com/,Georgetown,"107 Halmar Cove #141, Georgetown, TX 78628",4.8,66,Plumber,risky,catch_all,mv-verified-houston-risky-2026-04-20,ChIJ-U_sT4vXRIYREviauLQg7cw,1
info@goldenrulegc.com,Golden,"Rule General Contracting | Fort Worth, Texas","Golden Rule General Contracting | Fort Worth, Texas",(817) 516-5153,https://goldenrulegc.com/,Fort Worth,"5405 Wilson Rd, Fort Worth, TX 76140",4.7,66,General contractor,risky,catch_all,mv-verified-houston-risky-2026-04-20,ChIJE1xri-plToYRSeXmTBUjFxY,1
klockola@aol.com,Klock's,Electric,Klock's Electric,(512) 837-4704,https://klockelectric.com/,Austin,"1813 Richcreek Rd, Austin, TX 78757",4.8,66,Electrician,risky,unknown,mv-verified-houston-risky-2026-04-20,ChIJB9zvP9XLRIYRFoR6WlSaiFw,1
contact@prestonroadpharmacy.com,Preston,Road Pharmacy,Preston Road Pharmacy,(214) 521-9991,http://www.prestonroadpharmacy.com/,Dallas,"6901 Preston Rd, Dallas, TX 75205",3.8,66,Pharmacy,risky,catch_all,mv-verified-houston-risky-2026-04-20,ChIJ-2crC1ieToYRAMtGX0Ishx8,1
info@solidconstructionllc.com,Solid,Construction,Solid Construction,(713) 261-3292,http://www.solidconstructionllc.com/,Houston,"5904 Jessamine St A3, Houston, TX 77081",4.9,66,Stucco contractor,risky,catch_all,mv-verified-houston-risky-2026-04-20,ChIJd5xnML3ZQIYR3EIYvs4-el4,1
info@springbodyshop.com,Spring,"Body Shop, Inc","Spring Body Shop, Inc",(281) 353-2405,http://www.springbodyshop.com/,Spring,"21707 I-45, Spring, TX 77388",4.8,66,Auto body shop,risky,catch_all,mv-verified-houston-risky-2026-04-20,ChIJ6yw82-I0R4YRr9HVbjm0ZsI,1
info@texasplumbers1llc.com,Texas,Plumbers 1 LLC,Texas Plumbers 1 LLC,(512) 298-3424,http://texasplumbers1llc.com/,Kyle,"260 Onyx Lake Dr, Kyle, TX 78640",4.9,66,Plumber,risky,catch_all,mv-verified-houston-risky-2026-04-20,ChIJBQ4Wy11VW4YRpZxDKQuIaE4,1
concierge@themovementloft.com,The,Movement Loft,The Movement Loft,,http://www.movementloftstudios.com/,Dallas,"3122 Swiss Ave, Dallas, TX 75206",4.8,66,Dance school,risky,catch_all,mv-verified-houston-risky-2026-04-20,ChIJ0dFMLq2ZToYRSvvSdd3hPh8,1
tripleeagle2010@yahoo.com,Triple,Eagle Electric,Triple Eagle Electric,(817) 715-6557,https://www.tripleeagleelectric.org/,Arlington,"719 W Harris Rd, Arlington, TX 76001",5,66,Electrician,risky,unknown,mv-verified-houston-risky-2026-04-20,ChIJUQlzM-hzToYRTA34a56PL5E,1
a2zatomic@yahoo.com,A2Z,Atomic Plumbing Inc.,A2Z Atomic Plumbing Inc.,(214) 727-4040,http://a2zatomicplumbinginc.com/,Rockwall,"1175 Skylar Dr, Rockwall, TX 75032",4.8,65,Plumber,risky,unknown,mv-verified-houston-risky-2026-04-20,ChIJkz4Vdi2rToYRmxj3N84agQQ,1
info@amskaty.com,AMS,A/C & Heating,AMS A/C & Heating,(281) 786-0770,https://www.amskaty.com/,Katy,"3130 N Fry Rd, Katy, TX 77449",4.9,65,Air conditioning repair service,risky,catch_all,mv-verified-houston-risky-2026-04-20,ChIJDypxq7DZQIYRBpcaxSZW-To,1
alansappliance@yahoo.com,Alan's,Appliance Repair,Alan's Appliance Repair,(713) 632-5252,https://www.alansappliancerepair.com/,Houston,"2026 Pech Rd, Houston, TX 77055",4.4,65,Appliance store,risky,unknown,mv-verified-houston-risky-2026-04-20,ChIJOdGi2gPFQIYRf_X6i6U_U9o,1
info@cdrvservicecenter.com,C,& D RV Service Center,C & D RV Service Center,(713) 534-6304,http://www.cdrvservicecenter.com/,Pasadena,"2311 Preston Ave, Pasadena, TX 77503",4.5,65,RV repair shop,risky,catch_all,mv-verified-houston-risky-2026-04-20,ChIJ_4v9XJqYQIYRkHRa8jTYrfE,1
info@cappsautorepair.com,Capps,Auto Repair,Capps Auto Repair,+1 254-778-4371,https://www.cappsautorepair.com/,Temple,"1723 W Avenue D, Temple, TX 76504, United States",4.5,65,Auto repair shop,risky,catch_all,mv-verified-houston-risky-2026-04-20,ChIJFQVxEnhrRYYRLhdl_jC7wyU,1
greg@completeautorepair.net,Complete,Auto,Complete Auto,(806) 792-9795,http://www.completeautorepair.net/,Lubbock,"3606 50th St A, Lubbock, TX 79413",3.3,65,Auto repair shop,risky,catch_all,mv-verified-houston-risky-2026-04-20,ChIJ25AROJxy_oYREZMevZ8a1A4,1
michaelpatters1452@sbcglobal.net,Excalibur,Plumbing Pearland,Excalibur Plumbing Pearland,(832) 280-8452,https://www.excaliburplumbingpearland.com/,,,4.9,65,Plumber,risky,catch_all,mv-verified-houston-risky-2026-04-20,ChIJbQ-FNgyJCGMRTY_3mi6eIBU,1
firstqualityfire@verizon.net,First,"Quality Fire Equipment Inc: Fire Extinguisher Services, Fire Equipment Services Company, Commercial Fire Protection","First Quality Fire Equipment Inc: Fire Extinguisher Services, Fire Equipment Services Company, Commercial Fire Protection",(972) 278-4118,http://www.firstqualityfire.net/,Rowlett,"3106 Main St #103, Rowlett, TX 75088",5,65,Fire protection service,risky,catch_all,mv-verified-houston-risky-2026-04-20,ChIJLdju3QOoToYRNorzkmaB1_4,1
gato.bodyshop@yahoo.com,Gato,Body Shop,Gato Body Shop,(512) 954-3367,https://www.gatobodyshop.com/,Austin,"11200 Middle Fiskville Rd, Austin, TX 78753",4.9,65,Auto body shop,risky,unknown,mv-verified-houston-risky-2026-04-20,ChIJEbCgfgnLRIYRDmbYD4DLwy0,1
chefjoyce@jccooks.com,JC,Cooks Catering and Chef Service,JC Cooks Catering and Chef Service,(210) 858-7293,https://www.jccooks.com/,,,4.9,65,Caterer,risky,catch_all,mv-verified-houston-risky-2026-04-20,ChIJn9v4gqBDXIYRSNLKEAmIUbs,1
info@kylekinglaw.com,Law,Office of Kyle C. King,Law Office of Kyle C. King,+1 254-332-1414,https://www.kylekinglaw.com/,Waco,"600 Austin Ave #12, Waco, TX 76701, United States",4.8,65,Criminal defence lawyer,risky,catch_all,mv-verified-houston-risky-2026-04-20,ChIJ_XkeYVKCT4YROimsCv3rnrs,1
info@shalomplumbingtx.com,Shalom,Plumbing Services,Shalom Plumbing Services,(848) 245-4050,http://www.shalomplumbingtx.com/,Hutto,"302 Mossy Rock Dr, Hutto, TX 78634",5,65,Plumber,risky,unknown,mv-verified-houston-risky-2026-04-20,ChIJBfgTzAxCFI4RC1pVDGmIqf0,1
ajsgutters@aol.com,A.J.'s,Seamless Gutters,A.J.'s Seamless Gutters,(713) 691-9991,https://ajsgutters.com/,Houston,"3809 Melbourne St, Houston, TX 77026",4.2,64,Gutter cleaning service,risky,unknown,mv-verified-houston-risky-2026-04-20,ChIJTWRyqQu5QIYR8RfbZyZsFYc,1
outreach@guidedogsoftexas.org,Guide,Dogs of Texas Inc,Guide Dogs of Texas Inc,(210) 366-4081,http://www.guidedogsoftexas.org/,San Antonio,"1503 Allena Dr, San Antonio, TX 78213",4.8,64,Non-profit organization,risky,catch_all,mv-verified-houston-risky-2026-04-20,ChIJlUqMssVfXIYRCqPu2VOKaaQ,1
info@lacasitausedcars.com,La,Casita Used Cars - East,La Casita Used Cars - East,(915) 221-9771,https://www.lacasitausedcars.com/?utm_source=google&utm_medium=organic&utm_campaign=gmb&utm_term=lacasitaeast,El Paso,"1374 George Dieter Dr, El Paso, TX 79936",4.4,64,Used car dealer,risky,catch_all,mv-verified-houston-risky-2026-04-20,ChIJk0WGkKVD54YRekG6HnSu5e4,1
info@pineywoodselectric.com,Piney,Woods Electric,Piney Woods Electric,(936) 365-4323,https://pineywoodselectric.com/,Goodrich,"149 Briarwood Dr, Goodrich, TX 77335",4.9,64,Electrician,risky,catch_all,mv-verified-houston-risky-2026-04-20,ChIJT3qMEh6bOIYRsU5gP7VcIHo,1
deborah@ryantxair.com,Ryan's,AC & Heating,Ryan's AC & Heating,(832) 334-8892,https://ryanshvaccompany.com/?utm_source=GBP&utm_medium=organic,,,5,64,HVAC contractor,risky,catch_all,mv-verified-houston-risky-2026-04-20,ChIJCSc6H48rR4YRVQz3SLvEDd4,1
info@smartplumbinginc.com,Smart,Plumbing,Smart Plumbing,(361) 993-5039,http://www.smartplumbinginc.com/,Corpus Christi,"7042 Nela Rd, Corpus Christi, TX 78414",3.7,64,Plumber,risky,catch_all,mv-verified-houston-risky-2026-04-20,ChIJNx4afxP0aIYRFXB17u0cWJ4,1
brandon@txplumbingpros.com,Texas,Plumbing Pros,Texas Plumbing Pros,(903) 570-0038,http://txplumbingpros.com/,Tyler,"11959 County Rd 219 #13, Tyler, TX 75707",4.9,64,Plumber,risky,catch_all,mv-verified-houston-risky-2026-04-20,ChIJ87fy-5TTSYYRCcChfemijHU,1
info@bioscapers.com,Bioscapes,LLC,Bioscapes LLC,(512) 201-4033,https://www.bioscapers.com/,,,4.8,63,Landscaper,risky,catch_all,mv-verified-houston-risky-2026-04-20,ChIJQ2yKOQi1RIYRnmqeMwG0Vs0,1
info@blackstarroofingtx.com,BlackStar,Roofing,BlackStar Roofing,(832) 770-7663,https://www.blackstarroofingtx.com/,Willis,"115 W Stewart St, Willis, TX 77378",4.7,63,Roofing contractor,risky,unknown,mv-verified-houston-risky-2026-04-20,ChIJG0qxV-8XR4YRGu2d6Cg7ChA,1
zavafran66@yahoo.com,Frank's,irrigation repair & Backflow tester,Frank's irrigation repair & Backflow tester,(832) 420-2267,http://franksirrigationrepair.com/,Houston,"8431 Old Meadow Ln, Houston, TX 77064",5,63,Lawn sprinkler system contractor,risky,unknown,mv-verified-houston-risky-2026-04-20,ChIJA1gGD3rPQIYRuG4OzgIVqDE,1
info@gerbercollision.com,Gerber,Collision & Glass,Gerber Collision & Glass,(281) 651-0966,https://www.gerbercollision.com/locations/spring-tx?utm_source=SEO_Local&utm_medium=SEO_Local_Snack_Pack&utm_campaign=TX&utm_content=Spring,Spring,"23018 Aldine Westfield Rd, Spring, TX 77373",4.6,63,Auto body shop,risky,catch_all,mv-verified-houston-risky-2026-04-20,ChIJ03v4Me21QIYRYMpO38jSnlw,1
goffinc@aol.com,Goff,Heating/Air Conditioning & Plumbing,Goff Heating/Air Conditioning & Plumbing,(903) 838-6923,http://www.gofftx.com/,Texarkana,"5940 W 7th St, Texarkana, TX 75501",4.8,63,Plumber,risky,unknown,mv-verified-houston-risky-2026-04-20,ChIJZSGYcRdBNIYRfUkQ0pF9-to,1
info@hcponline.org,Houston,Center For Photography,Houston Center For Photography,(713) 529-4755,http://www.hcponline.org/,Houston,"1441 W Alabama St, Houston, TX 77006",4.4,63,Museum,risky,catch_all,mv-verified-houston-risky-2026-04-20,ChIJvxLF55zAQIYRoGsMSphF8I0,1
privacy@har.com,Kay,Harris Real Estate,Kay Harris Real Estate,(713) 598-6655,http://www.har.com/kayharris,Sugar Land,"3616 Hwy 6, Sugar Land, TX 77478",4.9,63,Real estate agent,risky,catch_all,mv-verified-houston-risky-2026-04-20,ChIJ6fFcB0bfQIYRVS_82ZN8K1E,3
kyle.salter@yahoo.com,Kyle's,Scooter Shop,Kyle's Scooter Shop,(469) 438-4016,http://www.kylesscootershop.com/,Dallas,"2201 Tucker St #105, Dallas, TX 75214",4.4,63,Motorcycle repair shop,risky,unknown,mv-verified-houston-risky-2026-04-20,ChIJwdm5RfShToYRurgO0PJXFlA,1
accubluehome@lesliespool.com,Leslie's,Pool Supplies,Leslie's Pool Supplies,(713) 455-2275,https://lesliespool.com/location/houston-texas-i-10-easttx-405.html?utm_source=gmb&utm_medium=organic&utm_campaign=store_405,Houston,"13439 East Fwy, Houston, TX 77015",4.3,63,Swimming pool supply store,risky,catch_all,mv-verified-houston-risky-2026-04-20,ChIJZRPZmoKjQIYRe-If_9NUjiY,8
mulchmatters@mulchmatters.com,Mulch,Matters,Mulch Matters,(281) 459-1800,https://mulchmatters.com/,Houston,"9911 C E King Pkwy, Houston, TX 77044",4.7,63,Mulch supplier,risky,catch_all,mv-verified-houston-risky-2026-04-20,ChIJkzaljl6lQIYR1KASl01Ypsg,1
mark@salonintheheights.com,Salon,In The Heights,Salon In The Heights,(713) 868-8087,https://www.salonintheheights.com/,Houston,"1438 Yale St, Houston, TX 77008",4.7,63,Hair salon,risky,catch_all,mv-verified-houston-risky-2026-04-20,ChIJ4wVo1mDHQIYRheALeaGymbU,1
letsbuild@skellybuild.com,Skelly,Build,Skelly Build,(512) 520-5523,https://skellybuild.com/,Austin,"4361 S Congress Ave #104, Austin, TX 78745",4.9,63,General contractor,risky,catch_all,mv-verified-houston-risky-2026-04-20,ChIJq6oa0Ly0RIYRPMvuuBUykio,1
sales@stallionsigns.com,Stallion,Signs,Stallion Signs,(210) 361-6700,https://www.stallionsignssanantonio.com/,San Antonio,"3432 Copeland Dr, San Antonio, TX 78219",4.8,63,Sign shop,risky,catch_all,mv-verified-houston-risky-2026-04-20,ChIJY05-psWNXIYRnkk5BoGnnJE,1
booking@curryleaves.com,Thanjai,Mess – Indian Restaurant Houston,Thanjai Mess – Indian Restaurant Houston,(832) 770-9223,https://thanjaimesshouston.com/,Houston,"1801 S Dairy Ashford Rd suite 104, Houston, TX 77077",4.3,63,Indian restaurant,risky,unknown,mv-verified-houston-risky-2026-04-20,ChIJ3wID8s7dQIYRdI70Syd7hAQ,1
info@a-plumbingllc.com,Allen,Family Plumbing LLC,Allen Family Plumbing LLC,(346) 540-4800,https://a-plumbingllc.com/,Deer Park,"302 Irene St, Deer Park, TX 77536",4.8,62,Plumber,risky,catch_all,mv-verified-houston-risky-2026-04-20,ChIJ5Xy5EeyhQIYRmNS9_Bv2XAw,1
info@calvico.com,Calvico,Air Conditioning & Heating,Calvico Air Conditioning & Heating,(281) 835-9111,http://www.calvico.com/,,,4.9,62,HVAC contractor,risky,catch_all,mv-verified-houston-risky-2026-04-20,ChIJAa2hmizsQIYR5gj-fuJkTxk,1
info@fredastaire.com,Fred,Astaire Dance Studios - Champions,Fred Astaire Dance Studios - Champions,(281) 655-0069,https://www.fredastaire.com/champions/,Houston,"134 Vintage Park Blvd F, Houston, TX 77070",4.7,62,Dance school,risky,catch_all,mv-verified-houston-risky-2026-04-20,ChIJwYOVhWLSQIYR1a_gwvQ-VfE,3
info@caringhealthcare.net,Highland,Park Rehabilitation & Nursing Center,Highland Park Rehabilitation & Nursing Center,(713) 862-1616,http://www.caringhealthcare.net/highland-park,Houston,"8861 Fulton St, Houston, TX 77022",3.6,62,Nursing home,risky,catch_all,mv-verified-houston-risky-2026-04-20,ChIJC0-v5re4QIYR23q-_m2w-HI,1
info@houcity.com,Houston,City,Houston City,(713) 784-0656,http://www.houcity.com/,Houston,"2401 Fountain View Dr Suite 505, Houston, TX 77057",4.2,62,Employment agency,risky,catch_all,mv-verified-houston-risky-2026-04-20,ChIJW6X9UNzDQIYRwgVzP_Jh1Fs,1
connect@jwflooringusa.com,JW,Flooring,JW Flooring,(469) 260-9790,http://jwflooringusa.com/,Dallas,"10711 Plano Rd #100, Dallas, TX 75238",4.9,62,Flooring store,risky,catch_all,mv-verified-houston-risky-2026-04-20,ChIJHV70FiYfTIYRc1n_k98xsds,1
hello@mantrayogacollective.com,Retreat,Yoga + Soulful Fitness,Retreat Yoga + Soulful Fitness,(512) 222-8859,https://www.mantrayogacollective.com/,Austin,"3300 W Anderson Ln. Suite 300, Austin, TX 78757",5,62,Yoga studio,risky,catch_all,mv-verified-houston-risky-2026-04-20,ChIJVVXlNnvLRIYRBt_n7cRWtOQ,1
info@insuredwithserena.com,S,Galloway Agency,S Galloway Agency,(281) 886-7125,http://insuredwithserena.com/,Missouri City,"9402 Hwy 6 Suite 200, Missouri City, TX 77459",4.7,62,Insurance agency,risky,catch_all,mv-verified-houston-risky-2026-04-20,ChIJa1he-xTvQIYRDsksFEQKy10,1
info@spacecityprinting.com,Space,City Printing,Space City Printing,(346) 802-2464,http://www.spacecityprinting.com/,Houston,"5716 Bingle Rd Suite A, Houston, TX 77092",4.9,62,Screen printing shop,risky,catch_all,mv-verified-houston-risky-2026-04-20,ChIJz3PXMGvPQIYRK4Q2Bsh3gp0,1
info@texasbuildersinc.com,Texas,Builders Inc.,Texas Builders Inc.,(817) 241-4862,https://texasbuildersinc.com/?utm_source=gmb&utm_medium=organic&utm_campaign=localseo,,,4.8,62,General contractor,risky,catch_all,mv-verified-houston-risky-2026-04-20,ChIJjae_cwhtToYRj96gogSAN0s,1
info@flowers-law.com,The,"Flowers Law Firm, P.C.","The Flowers Law Firm, P.C.",(903) 965-2000,http://www.flowers-law.com/,Tyler,"310 S Vine Ave, Tyler, TX 75702",4.9,62,Mediation service,risky,catch_all,mv-verified-houston-risky-2026-04-20,ChIJFe4z9V7BQIYR9rQIEYxvLJI,1
info@munozpaltzlaw.com,The,"Law Office Of Muñoz & Paltz, PLLC","The Law Office Of Muñoz & Paltz, PLLC",(210) 587-5170,http://www.munozpaltzlaw.com/,San Antonio,"454 Soledad St Suite 203B, San Antonio, TX 78205",4.9,62,Attorney,risky,catch_all,mv-verified-houston-risky-2026-04-20,ChIJUSTMyEmNXIYRJIuFmIHng1k,1
info@truficient.com,Truficient,"Energy Solutions, LLC","Truficient Energy Solutions, LLC",(214) 238-4350,http://www.truficient.com/,Richardson,"808 Business Pkwy, Richardson, TX 75081",4.9,62,HVAC contractor,risky,catch_all,mv-verified-houston-risky-2026-04-20,ChIJkYLkh8KYToYRmnhMWBLH_zI,1
info@velazity.com,Velazity,"Automotive Repair, LLC","Velazity Automotive Repair, LLC",(956) 285-7922,https://www.velazity.com/,Laredo,"209 Market St, Laredo, TX 78040",4.1,62,Auto repair shop,risky,catch_all,mv-verified-houston-risky-2026-04-20,ChIJ7xkYoAwhYYYRtmNXbO1m1u4,1
info@zionlandscapeco.com,Zion,Landscape Co.,Zion Landscape Co.,(210) 279-1312,https://www.zionlandscapeco.com/,San Antonio,"911 N Frio St Ste. 200, San Antonio, TX 78207",5,62,Landscaper,risky,catch_all,mv-verified-houston-risky-2026-04-20,ChIJ5RWZnGJnXIYRRuoNtPq_36Y,1
info@adelinestores.com,Adeline,,Adeline,(469) 868-6200,https://www.adelinestores.com/,Dallas,"4424 Lovers Ln, Dallas, TX 75225",4.3,61,Boutique,risky,catch_all,mv-verified-houston-risky-2026-04-20,ChIJB6E0AV-eToYRYoUp60EYaro,1
kward@belmontvillage.com,Belmont,Village Senior Living West University,Belmont Village Senior Living West University,(713) 728-7946,https://www.belmontvillage.com/locations/west-university-houston-texas/?utm_source=gmb&utm_medium=organic&utm_content=gmb-website,Houston,"2929 W Holcombe Blvd, Houston, TX 77025",4.5,61,Assisted living facility,risky,catch_all,mv-verified-houston-risky-2026-04-20,ChIJHShUaEbAQIYRIKbDciX4Wtw,2
info@bsuhtx.com,Business,Services Unlimited,Business Services Unlimited,(832) 410-3110,http://www.bsuhtx.com/,Cypress,"16806 Telge Rd Building B, Cypress, TX 77429",4.9,61,Bookkeeping service,risky,unknown,mv-verified-houston-risky-2026-04-20,ChIJY_5BIKLVQIYRUmu-oGqRXGQ,1
info@cedrapharmacy.com,Cedra,Pharmacy,Cedra Pharmacy,(214) 983-1000,http://cedrapharmacy.com/,Dallas,"9669 N Central Expy #190, Dallas, TX 75231",4.7,61,Pharmacy,risky,catch_all,mv-verified-houston-risky-2026-04-20,ChIJlyUPBcKfToYRjMBxRmlPdw4,1
info@clineelectriclubbock.com,Cline,"Electric, LLC","Cline Electric, LLC",(806) 370-9011,http://clineelectriclubbock.com/,Lubbock,"3009 34th St suite b, Lubbock, TX 79410",5,61,Electrician,risky,catch_all,mv-verified-houston-risky-2026-04-20,ChIJM6fYS6MzDIER1Z7CB0fzTfE,1
support@cottonelectric.biz,Cotton,"Electric Service, Inc.","Cotton Electric Service, Inc.",(972) 296-4020,https://cottonelectricdfw.com/,Duncanville,"1130 S Cedar Ridge Dr, Duncanville, TX 75137",4.9,61,Electrician,risky,catch_all,mv-verified-houston-risky-2026-04-20,ChIJ4yiVYh-OToYR86L4uQMjbpI,1
info@hprohandyman.com,H-Pro,Handyman Services LLC,H-Pro Handyman Services LLC,(469) 856-3154,https://hprohandyman.com/,Dallas,"5665 Arapaho Rd, Dallas, TX 75248",5,61,Handyman/Handywoman/Handyperson,risky,catch_all,mv-verified-houston-risky-2026-04-20,ChIJLxNiajAhTIYRQnjqPqqxiyY,1
info@jtlawnservice.com,JT,Lawn Service - Lawn Care and Lawn Mowing Service,JT Lawn Service - Lawn Care and Lawn Mowing Service,(972) 994-6863,https://jtlawnservice.com/,Duncanville,"631 Power Dr, Duncanville, TX 75116",4.8,61,Lawn care service,risky,catch_all,mv-verified-houston-risky-2026-04-20,ChIJC6RqpeeRToYRxtobhIyPY2k,1
brien@meyerspride.com,Meyer's,Pride Roofing LLC,Meyer's Pride Roofing LLC,(469) 933-1291,https://meyerspride.com/?UTM_source=GMB_listing&UTM_medium=organic,Dallas,"6119 Greenville Ave #217, Dallas, TX 75206",5,61,Roofing contractor,risky,catch_all,mv-verified-houston-risky-2026-04-20,ChIJFVoVTJifToYRgKKm-C-ibj8,1
info@meztizo.net,Meztizo,General Contractors,Meztizo General Contractors,(915) 234-2280,http://www.meztizo.net/,El Paso,"12301 Rojas Dr suite A-7, El Paso, TX 79928",4.3,61,Contractor,risky,catch_all,mv-verified-houston-risky-2026-04-20,ChIJ6aGipo9D54YRp4obYVIVWuM,1
info@mimbela.com,Mimbela,"Contractors, Inc.","Mimbela Contractors, Inc.",(915) 751-2761,http://www.mimbelacontractorsinc.com/,El Paso,"4421 Apollo Ave, El Paso, TX 79904",4.3,61,Concrete contractor,risky,catch_all,mv-verified-houston-risky-2026-04-20,ChIJLSg1F81Q54YRaFaom1333DU,1
company@modernerasolar.com,Modern,Era Solar,Modern Era Solar,(915) 504-4752,https://modernerasolar.com/,El Paso,"1370 Pullman Dr suite e, El Paso, TX 79936",4.6,61,Solar energy system service,risky,catch_all,mv-verified-houston-risky-2026-04-20,ChIJv6t6YTJD54YRnP-zbFwUU2Y,1
info@liveat6g.com,Residences,at 6G,Residences at 6G,(512) 553-1657,https://liveat6g.com/?utm_source=googlelisting&utm_medium=organic,Austin,"600 Guadalupe St, Austin, TX 78701",4.6,61,Apartment complex,risky,catch_all,mv-verified-houston-risky-2026-04-20,ChIJI6cYEty1RIYRa-16l39iLHI,1
alamocitybailbonds@yahoo.com,Alamo,City Bail Bonds,Alamo City Bail Bonds,(210) 229-1988,http://www.alamocitybailbonds.com/,San Antonio,"323 S Frio St #102, San Antonio, TX 78207",4.5,60,Bail bonds service,risky,unknown,mv-verified-houston-risky-2026-04-20,ChIJt5wBPrVYXIYRligeBbN1e-w,1
info@allfaithsonline.com,All,Faiths Funeral & Cremation Services,All Faiths Funeral & Cremation Services,(512) 339-8878,https://www.allfaithsonline.com/,Austin,"8507 N Interstate 35 Frontage Rd, Austin, TX 78753",4.4,60,Funeral home,risky,catch_all,mv-verified-houston-risky-2026-04-20,ChIJj4U-UH_JRIYRuWsHaH2Tnnw,2
myhelpdesk@awards-engraving.com,Awards,& Engraving,Awards & Engraving,(281) 420-1299,https://www.awards-engraving.com/,Baytown,"1214 Massey Tompkins Rd, Baytown, TX 77521",5,60,Trophy shop,risky,catch_all,mv-verified-houston-risky-2026-04-20,ChIJH2H2gkFcP4YRHJ7QnAw5sMk,1
a.esho@basindentalsuite.com,Basin,Dental Suite,Basin Dental Suite,(432) 260-9636,https://basindentalsuite.com/,Odessa,"631 E 42nd St, Odessa, TX 79762",4.8,60,Dentist,risky,catch_all,mv-verified-houston-risky-2026-04-20,ChIJn-q4GWnJ-4YRxaUiHdexpGs,1
xavieraleman88@yahoo.com,C.I.R,Tree Service,C.I.R Tree Service,(713) 240-2130,http://www.cirtreeservices.com/,Houston,"15414 W Ritter Cir, Houston, TX 77071",4.9,60,Tree service,risky,unknown,mv-verified-houston-risky-2026-04-20,ChIJITxxesXpQIYRtIADRZK1Ad4,1
info@continentstravel.com,Continents,Travel Center,Continents Travel Center,+1 713-334-8888,http://www.continentstravel.com/,Houston,"5711 Hillcroft St suite b3-b, Houston, TX 77036, United States",4.1,60,Travel agency,risky,unknown,mv-verified-houston-risky-2026-04-20,ChIJQ6uIHjTDQIYR3XSws0Y-SG8,1
hello@creationstationprinting.com,Creation,Station,Creation Station,(512) 430-1223,http://www.creationstationprinting.com/,Austin,"3800 N Lamar Blvd #200, Austin, TX 78756",4.8,60,Print shop,risky,catch_all,mv-verified-houston-risky-2026-04-20,ChIJ4zm1TUG0RIYR0Tt-1fTQjMc,1
dustin@frostroof.com,Frost,Roofing & Renovations,Frost Roofing & Renovations,(281) 709-8424,http://www.frostroof.com/,League City,"238 S Egret Bay Blvd Ste. 154, League City, TX 77573",5,60,Roofing contractor,risky,catch_all,mv-verified-houston-risky-2026-04-20,ChIJJeaoJOGdQIYR4z3UiUvDS18,1
honeybunchbakeshop@yahoo.com,Honey,"Bunch Bake Shop, LLC","Honey Bunch Bake Shop, LLC",(817) 751-8814,http://www.honeybunchbakeshop.com/,Fort Worth,"6257 Granbury Rd, Fort Worth, TX 76133",4.7,60,Bakery,risky,unknown,mv-verified-houston-risky-2026-04-20,ChIJoQVXNyxtToYRMZF-Fv_W3DM,1
info@hspinalcare.com,Houston,Spinal Care,Houston Spinal Care,(713) 690-4150,https://www.hspinalcare.com/?UTM_source=GBL,Houston,"5715 NW Central Dr f111, Houston, TX 77092",5,60,Chiropractor,risky,unknown,mv-verified-houston-risky-2026-04-20,ChIJJXSvQPLFQIYRsSbOCj-TaBE,1
info@raygonzalezlaw.com,Law,"Office of Ray A. Gonzalez, P.C.","Law Office of Ray A. Gonzalez, P.C.",(361) 877-5577,http://raygonzalezlaw.com/,Corpus Christi,"6262 Weber Rd Suite 104, Corpus Christi, TX 78413",4.4,60,Attorney,risky,catch_all,mv-verified-houston-risky-2026-04-20,ChIJOa8DuF9eaIYRhfE4zIP-Vuo,1
info@leagueagencyre.com,League,Agency Formerly Brock and Foster Real Estate,League Agency Formerly Brock and Foster Real Estate,(713) 272-2000,http://leagueagencyre.com/,Houston,"1707 Post Oak Blvd UNIT 152, Houston, TX 77056",4.9,60,Real estate agency,risky,catch_all,mv-verified-houston-risky-2026-04-20,ChIJM6ocsKzBQIYRLsmypGciSJg,1
info@soldbyphelps.com,Megan,"Phelps, Phelps Realty Group","Megan Phelps, Phelps Realty Group",(817) 999-2211,http://www.soldbyphelps.com/,Fort Worth,"9800 Hillwood Pkwy Suit 140, Fort Worth, TX 76177",5,60,Real estate agency,risky,unknown,mv-verified-houston-risky-2026-04-20,ChIJKR26nKjZTYYRtj1u1M63dl8,1
info@mexologynyc.com,Mexology,,Mexology,(929) 510-7040,http://www.mexologynyc.com/,Houston,"411 Smith St, Houston, TX 77002",4.6,60,Mexican restaurant,risky,unknown,mv-verified-houston-risky-2026-04-20,ChIJM434gey_QIYRB6lwe7ecNXU,1
northstarac@yahoo.com,North,Star Heating Air Conditioning and Refrigeration,North Star Heating Air Conditioning and Refrigeration,(214) 276-6177,https://northstarhvacservice.com/,Grand Prairie,"2739 Waterfront Dr, Grand Prairie, TX 75054",4.9,60,HVAC contractor,risky,unknown,mv-verified-houston-risky-2026-04-20,ChIJPaiXhH2JToYRT-1cKA3WxyY,1
info@prolificescapes.com,Prolific,Escapes Travel Agency,Prolific Escapes Travel Agency,(213) 602-8035,https://www.prolificescapes.com/,Dallas,"539 W Commerce St #2292, Dallas, TX 75208",4.8,60,Travel agency,risky,catch_all,mv-verified-houston-risky-2026-04-20,ChIJ9YtgVeGZToYRE811q0-tEMU,1
info@reliablefinancialsvcs.com,Reliable,Financial Services,Reliable Financial Services,(915) 777-4442,http://www.rfsvcselp.com/,El Paso,"2211 E Missouri Ave Ste 231, El Paso, TX 79903",4.8,60,Bookkeeping service,risky,catch_all,mv-verified-houston-risky-2026-04-20,ChIJI7TQAp9Z54YRfARVRj7zM18,1
info@stxmetalroofing.net,South,"Texas Metal Roofing, Inc.","South Texas Metal Roofing, Inc.",(361) 937-4600,http://www.stxmetalroofing.net/,Corpus Christi,"2217 Flour Bluff Dr, Corpus Christi, TX 78418",4.8,60,Roofing contractor,risky,catch_all,mv-verified-houston-risky-2026-04-20,ChIJBXxMVyr3aIYRSUHFne34WyE,1
coach@austinbarbell.com,Austin,Barbell Club (North),Austin Barbell Club (North),(512) 890-1196,https://www.austinbarbell.com/,Austin,"500 Victor St Suite 600, Austin, TX 78753",5,59,Gym,risky,catch_all,mv-verified-houston-risky-2026-04-20,ChIJf6v7LBfJRIYRIrVAEEWr4i8,1
bonillafoundation@sbcglobal.net,Bonilla,Foundation Repair,Bonilla Foundation Repair,(713) 434-8432,http://www.bonillafoundationrepair.com/,Houston,"5326 Trafalgar Dr, Houston, TX 77045",4.9,59,Foundation,risky,catch_all,mv-verified-houston-risky-2026-04-20,ChIJJ7xXEMbrQIYRl3UUtaQhekI,1
daroof1803@yahoo.com,D.A.Roofing,Cons,D.A.Roofing Cons,(832) 526-5181,http://daroofingcons.com/,Richmond,"17515 Brackenbrae Ln, Richmond, TX 77407",4.7,59,Roofing contractor,risky,unknown,mv-verified-houston-risky-2026-04-20,ChIJnZE7sUHnQIYRkaToN6Ux1dk,1
info@rootermantx.com,Edmond’s,Rooter-Man Plumbers,Edmond’s Rooter-Man Plumbers,(281) 351-4422,https://www.rootermantx.com/?utm_source=google&utm_medium=organic,Tomball,"411 E Main St, Tomball, TX 77375",4.6,59,Plumber,risky,catch_all,mv-verified-houston-risky-2026-04-20,ChIJdVJLLUwsR4YR1uS9HuTcGqk,1
info@hhpros.com,Home,Health Professionals,Home Health Professionals,(713) 942-0100,http://www.hhpros.com/,Houston,"2000 W Loop S # 1800, Houston, TX 77027",4.9,59,Home health care service,risky,unknown,mv-verified-houston-risky-2026-04-20,ChIJPQiZdwzBQIYR4FPUXsQu1-M,1
ahuggins@hugginselectric.com,Huggins,Electric,Huggins Electric,(817) 626-3336,http://hugginselectric.com/,Fort Worth,"5900 Huddleston St, Fort Worth, TX 76137",4.4,59,Electrician,risky,catch_all,mv-verified-houston-risky-2026-04-20,ChIJER1NrhDYTYYRNn0ovNEc-pU,1
info@hurleysservices.com,Hurley's,"Electrical Services, Inc.","Hurley's Electrical Services, Inc.",(512) 501-0548,https://hurleysservices.com/,,,4.9,59,Electrician,risky,catch_all,mv-verified-houston-risky-2026-04-20,ChIJ1enZ7w61RIYRmmubIWzDdgs,1
info@missouricityairduct.com,Level,Up Air Duct Cleaners,Level Up Air Duct Cleaners,(346) 420-5552,https://missouricityairduct.com/,Missouri City,"5819 Hwy 6 #198, Missouri City, TX 77459",4.8,59,Air duct cleaning service,risky,catch_all,mv-verified-houston-risky-2026-04-20,ChIJZbjovM7lQIYRple_qV8k7nI,1
synchronistic9@yahoo.com,Lock,Smart Mobile Locksmith,Lock Smart Mobile Locksmith,(737) 704-5517,https://locksmartaustin.com/?utm_source=GMB&utm_medium=organic,Austin,"12101 N Lamar Blvd, Austin, TX 78753",4.7,59,Locksmith,risky,unknown,mv-verified-houston-risky-2026-04-20,ChIJsxZtiF7ORIYR48UieNBDwrA,1
service@merrittplumbing.com,Merritt,Plumbing,Merritt Plumbing,(210) 850-3050,http://www.merrittplumbing.com/,Boerne,"10204 Dos Cerros Dr, Boerne, TX 78006",4.6,59,Plumber,risky,catch_all,mv-verified-houston-risky-2026-04-20,ChIJo7CYfLdxXIYRUhWwmiIAG3c,1
paintitaustin@yahoo.com,Paint,It Austin,Paint It Austin,(512) 552-7519,http://www.paintitaustin.com/,Austin,"10610 Mcmillian Dr, Austin, TX 78753",5,59,Painter,risky,unknown,mv-verified-houston-risky-2026-04-20,ChIJ3cNd_PTJRIYR8p3F2qnFDjI,1
info@stratumfoundationrepair.com,Stratum,Foundation Repair,Stratum Foundation Repair,(469) 340-3270,https://www.stratumfoundationrepair.com/,Dallas,"14875 Preston Rd suite 550, Dallas, TX 75254",4.9,59,Concrete contractor,risky,catch_all,mv-verified-houston-risky-2026-04-20,ChIJ7QtyCBAhTIYRDPMSKi2KQf0,1
thehiddengardens@comcast.net,The,Hidden Gardens Bonsai,The Hidden Gardens Bonsai,(630) 655-8283,http://www.thehiddengardens.net/,,"16W658 S Frontage Rd, Willowbrook, IL 60527",4.9,59,Bonsai plant supplier,risky,unknown,mv-verified-houston-risky-2026-04-20,ChIJWyTYp_RFDogRceddiYiiPvU,1
mike@turfscapestx.com,Turfscapes,,Turfscapes,(903) 231-2223,http://turfscapes.com/,Gilmer,"120 Blackbird Rd, Gilmer, TX 75645",4.8,59,Landscaper,risky,catch_all,mv-verified-houston-risky-2026-04-20,ChIJYZLZGfEXNoYRnn9A2ulwCEc,1
info@austinalpine.com,Alpine,Heating & Air Conditioning,Alpine Heating & Air Conditioning,(512) 881-7202,https://www.austinalpine.com/,Austin,"1205 Sheldon Cove Bldg 2, Ste J, Austin, TX 78753",4.9,58,HVAC contractor,risky,catch_all,mv-verified-houston-risky-2026-04-20,ChIJQ8--IpbLRIYRdyDqV5f5dds,1
info@americaoneelectric.com,America,One Electric LLC,America One Electric LLC,+1 214-501-3869,https://americaoneelectric.com/,Garland,"222 Garvon St, Garland, TX 75040, United States",5,58,Electrician,risky,catch_all,mv-verified-houston-risky-2026-04-20,ChIJsxZSIpIdTIYR58feEPPKnxU,1
info@texasdwisite.com,Deandra,Grant Law – Criminal & DWI Defense,Deandra Grant Law – Criminal & DWI Defense,+1 254-735-3588,https://www.texasdwisite.com/waco-dwi-and-criminal-defense-lawyers/,Waco,"605 Austin Ave Suite 5, Waco, TX 76701, United States",5,58,Criminal defence lawyer,risky,catch_all,mv-verified-houston-risky-2026-04-20,ChIJfU83fNSDT4YRCozj8_8lmwA,1
info@ckallenlaw.com,Law,"Office of Carrie Kemper Allen, PLLC","Law Office of Carrie Kemper Allen, PLLC",(713) 804-5889,https://www.ckallenlaw.com/?npcmp=dir:local:5161003:77581,Pearland,"7924 W Broadway St Suite 106, Pearland, TX 77581",4.7,58,Estate planning attorney,risky,catch_all,mv-verified-houston-risky-2026-04-20,ChIJLRuV0KCTQIYRIgeNzuuYhBs,1
info@keepingaustininsured.com,Stanley,Insurance Agency,Stanley Insurance Agency,(512) 445-5555,https://www.keepingaustininsured.com/?utm_source=gmb&utm_medium=organic&utm_campaign=gmb-&utm_content=website,Austin,"512 W Stassney Ln #113, Austin, TX 78745",4.5,58,Auto insurance agency,risky,catch_all,mv-verified-houston-risky-2026-04-20,ChIJkerPKqq0RIYRYAJFt2UacGE,1
info@timelesssunsets.com,Timeless,Sunsets Decks and Patios,Timeless Sunsets Decks and Patios,(210) 945-8463,https://www.timelesssunsets.com/,,,4.5,58,Deck builder,risky,unknown,mv-verified-houston-risky-2026-04-20,ChIJVREnU2CSXIYRlG30deablDI,1
info@torotaxes-elpaso.com,Toro,Taxes,Toro Taxes,(915) 745-8285,https://www.torotaxes-elpaso.com/flyer/,El Paso,"105 E Father Rahm Ave, El Paso, TX 79901",4.8,58,Tax preparation service,risky,catch_all,mv-verified-houston-risky-2026-04-20,ChIJCdIATiNZ54YRiRcbT9rQmQU,1
info@veterlawn.com,VeterLawn,,VeterLawn,(361) 400-8827,http://www.veterlawn.com/,Corpus Christi,"1749 Dawn Breeze Dr, Corpus Christi, TX 78412",4.9,58,Lawn care service,risky,catch_all,mv-verified-houston-risky-2026-04-20,ChIJc9KERb73aIYRekWAp3X-e9E,1
info@brodielanepharmacy.com,Brodie,Lane Pharmacy,Brodie Lane Pharmacy,(512) 362-8083,http://www.brodielanepharmacy.com/,Austin,"8916 Brodie Ln #300, Austin, TX 78748",4.9,57,Pharmacy,risky,catch_all,mv-verified-houston-risky-2026-04-20,ChIJR5giMHFMW4YRX3jljyeTgdc,1
capelo721@sbcglobal.net,Capelo,Spa & Salon,Capelo Spa & Salon,(956) 687-4464,https://www.capelospa.com/,McAllen,"721 Pecan Blvd, McAllen, TX 78501",4.6,57,Beauty salon,risky,catch_all,mv-verified-houston-risky-2026-04-20,ChIJBy86QTKnZYYRSG0nxTnI6hE,1
info@crossfitstrengthhaven.com,CrossFit,Strength Haven,CrossFit Strength Haven,(747) 777-2402,http://crossfitstrengthhaven.com/,Austin,"10604 Bluff Bend Dr ste a, Austin, TX 78753",5,57,Gym,risky,catch_all,mv-verified-houston-risky-2026-04-20,ChIJJd8O12rJRIYR5cIi7Ix9_Uk,1
freedomair1@yahoo.com,Freedom,Air & Refrigeration,Freedom Air & Refrigeration,(956) 371-1544,http://freedom-ac.com/,McAllen,"2243 Datepalm Ave, McAllen, TX 78501",4.7,57,HVAC contractor,risky,unknown,mv-verified-houston-risky-2026-04-20,ChIJBaeKCxWnZYYRxSJXw3lRl6k,1
info@cleancarpetsdallas.com,Gold,Star Carpet Service,Gold Star Carpet Service,(469) 945-6660,https://cleancarpetsdallas.com/,Dallas,"1807 Ross Ave #465, Dallas, TX 75201",4.9,57,Carpet cleaning service,risky,catch_all,mv-verified-houston-risky-2026-04-20,ChIJmaotYx6ZToYRseNRAjG6oH8,1
info@gradoni.com,Gradoni,& Associates,Gradoni & Associates,(281) 440-0800,https://www.gradoni.com/,Houston,"13810 Champion Forest Dr # 210, Houston, TX 77069",4.8,57,Private investigator,risky,catch_all,mv-verified-houston-risky-2026-04-20,ChIJqasYImTMQIYRIGrYLt4q2jI,1
info@icodfw.com,ICO,Construction & Remodeling Dallas TX,ICO Construction & Remodeling Dallas TX,(214) 856-0898,https://icodallas.com/areas-served/dallas-tx/,Dallas,"2525 Elm St, Dallas, TX 75226",5,57,Kitchen remodeler,risky,catch_all,mv-verified-houston-risky-2026-04-20,ChIJmfVUGe0_KCQRBGNtNP8VvZQ,1
info@luxuryeventtrailers.com,Luxury,Event Trailers,Luxury Event Trailers,(713) 861-4986,https://www.luxuryeventtrailers.com/contact/,Houston,"950 McCarty St Building B, Houston, TX 77029",4.9,57,Portable toilet supplier,risky,unknown,mv-verified-houston-risky-2026-04-20,ChIJQ5gpP7q9QIYRs-1l43JKvHs,1
info@mitchell-pestcontrol.com,Mitchell,Pest Control,Mitchell Pest Control,(832) 539-6686,http://www.mitchell-pestcontrol.com/,,,5,57,Pest control service,risky,catch_all,mv-verified-houston-risky-2026-04-20,ChIJkQe1Xl_pQIYRiIg0yWb_mZY,1
info@yocale.com,Parker,Automotive,Parker Automotive,(956) 535-3589,https://www.yocale.com/widget/parker-automotive,Harlingen,"27061 Perk Ln, Harlingen, TX 78552",5,57,Auto repair shop,risky,catch_all,mv-verified-houston-risky-2026-04-20,ChIJlchiFTyCb4YRZ9YieeMGJcw,1
info@rmqlawfirm.com,"Reaud,",Morgan & Quinn L.L.P.,"Reaud, Morgan & Quinn L.L.P.",(409) 838-1000,https://www.rmqlawfirm.com/?npcmp=dir:local:2571503:77701,Beaumont,"801 Laurel Ave, Beaumont, TX 77701",4.6,57,Personal injury attorney,risky,catch_all,mv-verified-houston-risky-2026-04-20,ChIJwdlql9rKPoYRaOdQ7F1ydxg,1
contact@richshtx.com,Rich's,Houston,Rich's Houston,(346) 571-4314,https://richshtx.com/,Houston,"2401 San Jacinto St, Houston, TX 77002",4.4,57,Night club,risky,unknown,mv-verified-houston-risky-2026-04-20,ChIJQXgZFQC_QIYR1_8_z6Qh7Uo,1
contact@arscpa.com,Shikha,"Gupta, CPA LLC","Shikha Gupta, CPA LLC",(281) 856-8816,https://www.arscpa.com/,Katy,"410 W Grand Pkwy S Suite 210, Katy, TX 77494",4.9,57,Certified public accountant,risky,catch_all,mv-verified-houston-risky-2026-04-20,ChIJRTsnF20kQYYRH97T2Zj9_Bs,1
sunshinejoe3300@yahoo.com,Sunshine,Heating & Air Conditioning,Sunshine Heating & Air Conditioning,(915) 760-5511,https://sunshineheatingandairconditioning.com/,El Paso,"329 E Borderland Rd, El Paso, TX 79932",4.3,57,HVAC contractor,risky,unknown,mv-verified-houston-risky-2026-04-20,ChIJUdJUUiv53YYRZ9kbUX93R-Q,1
info@washavfp.com,Washington,Avenue Family Practice,Washington Avenue Family Practice,(713) 861-5505,https://washavfp.com/,Houston,"4602 Washington Ave, Houston, TX 77007",4.6,57,Medical clinic,risky,catch_all,mv-verified-houston-risky-2026-04-20,ChIJUVqtL7PAQIYRCjZrz-mO6vQ,1
info@waterviewrvparktx.com,Water,"View RV Park-San Antonio, Texas","Water View RV Park-San Antonio, Texas",(210) 330-4921,https://waterviewrvparktx.com/,San Antonio,"12621 Stuart Rd, San Antonio, TX 78263",4.5,57,RV park,risky,catch_all,mv-verified-houston-risky-2026-04-20,ChIJr58kBb3lXIYRvdQ4IWtNnNM,1
info@1431ac.com,1431,A/C & Heating,1431 A/C & Heating,(512) 336-1431,https://1431ac.com/,Round Rock,"3406 Nocona Cove, Round Rock, TX 78665",4.9,56,Air conditioning contractor,risky,catch_all,mv-verified-houston-risky-2026-04-20,ChIJ7_fkfCLRRIYRvBc8MwX2QXI,1
info@aircaresoutheast.com,Air-Care,"Southeast, Inc.","Air-Care Southeast, Inc.",(713) 946-4302,https://www.aircaresoutheast.com/,South Houston,"701 Louisiana St, South Houston, TX 77587",4.9,56,HVAC contractor,risky,catch_all,mv-verified-houston-risky-2026-04-20,ChIJ7xNP3uuXQIYRTsTmR85Q-jQ,1
info@applespice.com,Apple,"Spice Box Lunch Delivery & Catering Austin, TX","Apple Spice Box Lunch Delivery & Catering Austin, TX",(512) 580-1550,https://www.applespice.com/locations/texas/austin-tx/?utm_source=gmb&utm_medium=organic&utm_campaign=business_listing,Austin,"8900 Shoal Creek Blvd suite 101, Austin, TX 78757",4.8,56,Caterer,risky,catch_all,mv-verified-houston-risky-2026-04-20,ChIJn7IvpJvLRIYR8mdNHpd8anU,1
contactinfo@crestpainting.net,Crest,Painting,Crest Painting,(214) 354-9933,http://www.crestpainting.net/,Dallas,"3419 Westminster Ave Ste 374G, Dallas, TX 75205",4.9,56,Painter,risky,catch_all,mv-verified-houston-risky-2026-04-20,ChIJcYV91QCfToYRAX4r3NvBQVU,1
info@fire-safe.net,Fire,Safe Protection Services LP,Fire Safe Protection Services LP,(713) 722-7800,http://www.fire-safe.net/,Houston,"1815 Sherwood Forest St, Houston, TX 77043",4.3,56,Fire protection service,risky,catch_all,mv-verified-houston-risky-2026-04-20,ChIJMy2jESPbQIYR9y0XIwm4WSQ,1
info@galvestonislandservices.com,Galveston,Island Services,Galveston Island Services,(409) 996-6400,https://galvestonislandservices.com/,Galveston,"2112 Avenue K, Galveston, TX 77550",4.4,56,Cleaners,risky,catch_all,mv-verified-houston-risky-2026-04-20,ChIJWyKCNUmeP4YRVMd2WUwI-4I,1
info@thumbtack.com,Houston,Movers,Houston Movers,(409) 665-2425,http://thumbtack.com/tx/houston/movers/houston-movers/service/352236827933220887,Houston,"9900 Richmond Ave APT 1704, Houston, TX 77042",4.1,56,Moving and storage service,risky,catch_all,mv-verified-houston-risky-2026-04-20,ChIJdS5y58PDQIYR1FNtguMWInc,1
chrisserna@yahoo.com,Landscape,& Concrete Impressions,Landscape & Concrete Impressions,(915) 861-3562,http://www.landscapeandconcrete.com/,El Paso,"13721 Arango Dr Suite 106 & 107, El Paso, TX 79928",4.6,56,Concrete contractor,risky,unknown,mv-verified-houston-risky-2026-04-20,ChIJ44uJN69B54YR6JmvUauo-IA,1
larrypepperac@yahoo.com,Larry,Pepper A/C & Heating Inc,Larry Pepper A/C & Heating Inc,(432) 580-8888,http://www.larrypepperac.com/,Odessa,"1810 Andrews Hwy, Odessa, TX 79761",3.9,56,HVAC contractor,risky,unknown,mv-verified-houston-risky-2026-04-20,ChIJ5Ufu3WzJ-4YR-TM8cLqw7eU,1
info@celesterobertson.com,Law,"Offices of Celeste Robertson, LLC","Law Offices of Celeste Robertson, LLC",(361) 765-0600,http://www.celesterobertson.com/,Corpus Christi,"500 N Shoreline Blvd Suite 1020, Corpus Christi, TX 78401",4.5,56,Family law attorney,risky,catch_all,mv-verified-houston-risky-2026-04-20,ChIJ66JB4eBfaIYRBFMq0p2VaT4,1
info@pencoaccesscontrol.com,Penco,Gate and Fence,Penco Gate and Fence,(281) 888-1056,https://pencoaccesscontrol.com/,Houston,"13621 Ann Louise Rd, Houston, TX 77086",4.3,56,Fence contractor,risky,unknown,mv-verified-houston-risky-2026-04-20,ChIJRUDtQLjFQIYRBVN8B2-gFS0,1
info@hollwarthlaw.com,The,"Hollwarth Law Firm, PLLC","The Hollwarth Law Firm, PLLC",(903) 225-6824,https://www.hollwarthlaw.com/,Longview,"606 E Methvin St, Longview, TX 75601",4.8,56,Family law attorney,risky,catch_all,mv-verified-houston-risky-2026-04-20,ChIJFXU-lYc4NoYRtlvISWa9tf0,1
info@apmhelp.com,APM,Help,APM Help,(281) 949-8755,https://www.apmhelp.com/,Houston,"4201 Main St Suite 200-188, Houston, TX 77002",4.8,55,Bookkeeping service,risky,catch_all,mv-verified-houston-risky-2026-04-20,ChIJ8-aqnxG_QIYRrxtL4gtnPF8,1
info@barzagainc.com,Barzaga,Inc Electrical Contractor,Barzaga Inc Electrical Contractor,(214) 875-3090,http://barzagainc.com/,Frisco,"8811 Teel Pkwy suite, Frisco, TX 75036",5,55,Electrician,risky,catch_all,mv-verified-houston-risky-2026-04-20,ChIJ5Xygu9o7TIYRCZ3LnJv5iyc,1
bigtexwelding@sbcglobal.net,Big,Tex Welding Supplies Inc,Big Tex Welding Supplies Inc,(713) 644-1203,https://www.bigtexweldingsupplies.com/,Houston,"6836 Long Dr, Houston, TX 77087",4.2,55,Welding supply store,risky,catch_all,mv-verified-houston-risky-2026-04-20,ChIJZ512O_-9QIYR-inugO3IEeY,1
memberservices@bluebonnet.coop,Bluebonnet,Electric Cooperative Bastrop Member Services,Bluebonnet Electric Cooperative Bastrop Member Services,(800) 842-7708,http://bluebonnet.coop/,Bastrop,"690 State Hwy 71, Bastrop, TX 78602",2.6,55,Electric utility company,risky,catch_all,mv-verified-houston-risky-2026-04-20,ChIJqc2TgpSZRIYR3Ga0hx1aQaU,1
cls_midland@yahoo.com,Clements,Lawn Service,Clements Lawn Service,(432) 967-1690,http://clsmidland.wixsite.com/landscape,Midland,"1913 Jadewood Dr, Midland, TX 79707",4.9,55,Landscaper,risky,unknown,mv-verified-houston-risky-2026-04-20,ChIJrdsb_NTb-4YRPCez3sfmM1w,1
info@airductdeerpark.com,Farrell,Family Air Ducts,Farrell Family Air Ducts,(346) 810-6100,https://airductdeerpark.com/,Deer Park,"290 Beltway Green Blvd #187, Deer Park, TX 77536",4.8,55,Air duct cleaning service,risky,catch_all,mv-verified-houston-risky-2026-04-20,ChIJV4D16wqjQIYRa3hIVSFCfh4,1
fixitrightplumbing2020@yahoo.com,Fix,it Right Plumbing,Fix it Right Plumbing,(817) 501-2041,https://www.fixitrightplumbingtx.com/,,,4.9,55,Plumber,risky,unknown,mv-verified-houston-risky-2026-04-20,ChIJpzb-CUdDToYRDvILf06f7X0,1
info@flakospainting.com,Flakos,Paint Company LLC,Flakos Paint Company LLC,(972) 469-3240,https://flakospainting.com/,Dallas,"4748 St Francis Ave, Dallas, TX 75227",4.9,55,Remodeler,risky,catch_all,mv-verified-houston-risky-2026-04-20,ChIJAQDQsL-jToYRQr1mGKFuSQE,1
info@gracebiblechurch.org,Grace,Bible Church,Grace Bible Church,(214) 368-0779,http://gracebiblechurch.org/,Dallas,"11306 Inwood Rd, Dallas, TX 75229",4.8,55,Church,risky,catch_all,mv-verified-houston-risky-2026-04-20,ChIJHSJAkKIgTIYRc0e7lDvfmUQ,1
info@gurianco.com,Gurian,CPA Firm,Gurian CPA Firm,(469) 374-3150,https://gurianco.com/,Addison,"16633 Dallas Pkwy Suite 400, Addison, TX 75001",4.6,55,Certified public accountant,risky,catch_all,mv-verified-houston-risky-2026-04-20,ChIJJZMyFS8hTIYR9IpKHsGj8R0,1
dillon@levelup-plumbing.com,Level,"Up Plumbing, LLC","Level Up Plumbing, LLC",(254) 479-2184,https://www.levelup-plumbing.com/?utm_source=google&utm_medium=business_profile&utm_campaign=website,Garland,"3960 Broadway Blvd STE 220G, Garland, TX 75043",5,55,Plumber,risky,catch_all,mv-verified-houston-risky-2026-04-20,ChIJK9krIfb62y0RPK-D6iyJPmo,1
info@mindfultrainingatx.com,Mindful,Training,Mindful Training,(512) 850-5661,https://www.mindfultrainingatx.com/,Austin,"4025 Duval Rd apt 2732, Austin, TX 78759",5,55,Dog trainer,risky,catch_all,mv-verified-houston-risky-2026-04-20,ChIJmUIt173NRIYRZmP6r2iqx-s,1
info@premiertaxservice.com,Premier,"Tax Service, Inc.","Premier Tax Service, Inc.",(512) 241-0300,https://premiertaxservice.com/,Austin,"9111 Jollyville Rd #106, Austin, TX 78759",4.4,55,Tax preparation service,risky,catch_all,mv-verified-houston-risky-2026-04-20,ChIJkag3j9jKRIYR12gyDcKQmik,1
info@shepboyswaste.com,SHEP,BOYS WASTE MGMT,SHEP BOYS WASTE MGMT,(281) 758-5990,http://www.shepboyswaste.com/,Cypress,"17719 South Dr, Cypress, TX 77433",4.9,55,Portable toilet supplier,risky,catch_all,mv-verified-houston-risky-2026-04-20,ChIJKaMOKkLVQIYRx1oAH0hBc0Q,1
sign-stop1@sbcglobal.net,Sign,Stop,Sign Stop,(210) 212-4471,http://signstopsa.com/,San Antonio,"2436 SW 36th St, San Antonio, TX 78237",5,55,Sign shop,risky,catch_all,mv-verified-houston-risky-2026-04-20,ChIJZz5LGR9ZXIYRF5WYj8jYgno,1
info@texas-homes.com,Texas,Homes,Texas Homes,+1 210-490-1798,https://www.texas-homes.com/,San Antonio,"21232 Gathering Oak #103, San Antonio, TX 78260, United States",3.9,55,Home builder,risky,catch_all,mv-verified-houston-risky-2026-04-20,ChIJ7-m5Q79hXIYRmNgLUvdRBII,1
info@abovebeyondpools.com,Above,& Beyond Pools,Above & Beyond Pools,(512) 415-0266,http://abovebeyondpools.com/,,,4.9,54,Pool cleaning service,risky,catch_all,mv-verified-houston-risky-2026-04-20,ChIJBcIj7Q-ghC4RUeMPiCeHMEg,1
info@actionconcretecontractorstx.com,Action,Concrete Contractors of Fort Worth,Action Concrete Contractors of Fort Worth,(682) 267-3255,https://actionconcretecontractorstx.com/,Fort Worth,"508 NE 38th St, Fort Worth, TX 76106",5,54,Concrete contractor,risky,unknown,mv-verified-houston-risky-2026-04-20,ChIJ_____4N2ToYRaxLKHUunwgs,1
info@aldodrywallcontractor.com,Aldo’s,Drywall Contracting Services,Aldo’s Drywall Contracting Services,(214) 225-2844,https://www.aldodrywallcontractor.com/dallas-tx,Dallas,"4514 Cole Ave Suit 633, Dallas, TX 75205",5,54,Dry wall contractor,risky,catch_all,mv-verified-houston-risky-2026-04-20,ChIJzc4SfzOx2YgRU37LHFRPI34,2
blancaflordesign@yahoo.com,Blanca,Flor Flower Shop,Blanca Flor Flower Shop,(713) 923-1990,https://blancaflorflowershop.com/,Houston,"3102 Telephone Rd, Houston, TX 77023",4.7,54,Florist,risky,unknown,mv-verified-houston-risky-2026-04-20,ChIJYzOIAXG-QIYR4WaKFDllhzs,1
info@crowlandcrowl.com,Crowl,and Crowl PLLC,Crowl and Crowl PLLC,(936) 647-2631,https://www.crowlandcrowl.com/,Conroe,"220 N Thompson St # 101, Conroe, TX 77301",4.8,54,Criminal justice attorney,risky,catch_all,mv-verified-houston-risky-2026-04-20,ChIJAQDQEE05R4YRc7ZF5sRANUw,1
info@discountfloors2u.com,Discount,Floors 2U,Discount Floors 2U,(210) 871-8911,https://discountfloors2u.com/?utm_campaign=gmb,San Antonio,"16120 College Oak #102, San Antonio, TX 78249",4.9,54,Flooring store,risky,catch_all,mv-verified-houston-risky-2026-04-20,ChIJvxn3fgdnXIYR3jLacaWbuFg,1
info@fireflyhvac.com,Firefly,Comfort Systems,Firefly Comfort Systems,(512) 994-5545,https://fireflyhvac.com/,,,4.9,54,HVAC contractor,risky,catch_all,mv-verified-houston-risky-2026-04-20,ChIJL333nHyzRIYRFB1NkMZoknE,1
info@fiveelectricresidential.com,Five,Electric,Five Electric,(346) 278-8130,https://www.fiveelectricresidential.com/,Santa Fe,"5500 S Tower Rd, Santa Fe, TX 77517",4.9,54,Electrician,risky,catch_all,mv-verified-houston-risky-2026-04-20,ChIJRbFLXJTXzqwRyyk52KpQE-U,1
germanautoinfo@yahoo.com,German,Auto Center Specialists,German Auto Center Specialists,(281) 362-8066,http://germanautocenterspecialists.com/,Spring,"24635 I-45 ste. F, Spring, TX 77380",4.6,54,Auto repair shop,risky,unknown,mv-verified-houston-risky-2026-04-20,ChIJ9e7-0zY0R4YRuKvgxQ9g5TQ,1
info@baptisthealthsystem.com,Healthlink,Physical Therapy - Overlook,Healthlink Physical Therapy - Overlook,(210) 423-3021,https://www.baptisthealthsystem.com/location/detail/healthlink-overlook/?utm_campaign=gmb_listings_mgmt&utm_source=gmb-healthlink-overlook&utm_medium=google-local,San Antonio,"25615 US-281, San Antonio, TX 78258",5,54,Physical therapy clinic,risky,catch_all,mv-verified-houston-risky-2026-04-20,ChIJa--N2GmIXIYRoNLgGGeYF64,1
info@hemphillinsurance.com,Hemphill,Insurance Agency,Hemphill Insurance Agency,(817) 923-2001,http://www.hemphillinsurance.com/,Fort Worth,"3121 Hemphill St, Fort Worth, TX 76110",4.3,54,Insurance agency,risky,catch_all,mv-verified-houston-risky-2026-04-20,ChIJrxrY7OpxToYRpV7WbL36F6s,1
mb.metro@sbcglobal.net,Metro,Wholesale Flooring & Design Center,Metro Wholesale Flooring & Design Center,(210) 655-7050,http://www.metrofloors-sa.com/,San Antonio,"8102 Interchange Pkwy, San Antonio, TX 78218",4.7,54,Flooring store,risky,catch_all,mv-verified-houston-risky-2026-04-20,ChIJVfhXQqj0XIYRpIqSkW8KjAk,1
info@plumbrightsolutions.com,Plumb,Right Solutions,Plumb Right Solutions,(682) 286-5436,https://plumbrightsolutions.com/,,,5,54,Plumber,risky,catch_all,mv-verified-houston-risky-2026-04-20,ChIJyUSJTekNz44RYWQTZsfBA0E,1
info@reynoldssecurity.com,Reynolds,Security,Reynolds Security,(214) 614-8472,http://reynoldssecurity.com/,Dallas,"1920 McKinney Ave, Dallas, TX 75201",4.7,54,Security guard service,risky,catch_all,mv-verified-houston-risky-2026-04-20,ChIJ5cSEV8yjToYRpmrjyJofDpY,1
info@subzero-wolf.com,"Sub-Zero,","Wolf, and Cove Showroom","Sub-Zero, Wolf, and Cove Showroom",(972) 699-5202,https://www.subzero-wolf.com/showroom/dallas-tx,Dallas,"3707 Lemmon Ave, Dallas, TX 75219",4.6,54,Appliance store,risky,catch_all,mv-verified-houston-risky-2026-04-20,ChIJq6OWsO0mTIYRqXMBZk5aKaM,1
info@fxwell.com,Texas,Health Fitness Center Fort Worth,Texas Health Fitness Center Fort Worth,+1 817-250-5050,https://www.texashealth.org/Health-and-Wellness/Fitness/Fort-Worth,Fort Worth,"1301 Pennsylvania Ave, Fort Worth, TX 76104, United States",4.9,54,Physical fitness program,risky,catch_all,mv-verified-houston-risky-2026-04-20,ChIJU02BWXBxToYRoQFNRJvtuvY,1
info@truevalue.com,True,Value,True Value,(214) 343-1971,http://www.truevalue.com/,Dallas,"10233 Northwest Hwy, Dallas, TX 75238",4.3,54,Hardware store,risky,catch_all,mv-verified-houston-risky-2026-04-20,ChIJxQhDLFigToYR5bvYJFUJstY,1
services@kleanit-ep.com,klean-it,Janitorial Services,klean-it Janitorial Services,+1 915-820-4343,https://www.kleanit-ep.com/,El Paso,"6425 Boeing Dr suite D3, El Paso, TX 79925, United States",4.5,54,Cleaning service,risky,catch_all,mv-verified-houston-risky-2026-04-20,ChIJc5-kOCP53YYRHvzI1MG3bSw,1
info@anmlawoffice.com,ANM,Law Office,ANM Law Office,(281) 906-1028,https://www.anmlawoffice.com/,Pearland,"11200 Broadway St Suite 2743, Pearland, TX 77584",4.9,53,Law firm,risky,catch_all,mv-verified-houston-risky-2026-04-20,ChIJiak9ssPtQIYR7elLv3ASBjM,1
info@alfataxservice.com,Alfa,Tax Service,Alfa Tax Service,(210) 523-1040,http://www.alfataxservice.com/,San Antonio,"9355 Bandera Rd #108, San Antonio, TX 78250",4.8,53,Tax preparation service,risky,catch_all,mv-verified-houston-risky-2026-04-20,ChIJIwZf9OlnXIYRxjCfZC5J5Ic,1
dyessirrigation@yahoo.com,"Dyess,",PLLC,"Dyess, PLLC",(325) 660-9416,https://dyessirrigation.com/,Haslet,"1357 Zanna Grace Way, Haslet, TX 76052",4.9,53,Lawn sprinkler system contractor,risky,unknown,mv-verified-houston-risky-2026-04-20,ChIJk9r_4IrdTYYRuiwsOxod3RA,1
info@mairathon.com,Mairathon,Cooling and Heating,Mairathon Cooling and Heating,(713) 808-5408,https://www.mairathon.com/,Magnolia,"20111 Timber Ridge Dr, Magnolia, TX 77355",5,53,Air conditioning contractor,risky,catch_all,mv-verified-houston-risky-2026-04-20,ChIJtSogHBbZQIYRfnZq6yeVa00,1
info@newdimensionspt.com,New,Dimensions,New Dimensions,(512) 328-8950,http://www.newdimensionspt.com/,Austin,"4411 Medical Pkwy, Austin, TX 78756",5,53,Physical therapy clinic,risky,catch_all,mv-verified-houston-risky-2026-04-20,ChIJ-ahM4InKRIYRpXKIJB5HdI0,1
info@rainesplumbingllc.com,Raines,Plumbing LLC,Raines Plumbing LLC,(817) 361-3092,https://www.rainesplumbingllc.com/?utm_source=google&utm_medium=wix_google_business_profile&utm_campaign=15441745060458019685,Fort Worth,"3905 Delaware Trail, Fort Worth, TX 76135",5,53,Plumber,risky,catch_all,mv-verified-houston-risky-2026-04-20,ChIJPdOl9GIpyA4RYpxEfgn9zSw,1
info@stealthk9dogtraining.com,Stealth,K9 Dog Training,Stealth K9 Dog Training,(832) 469-1693,https://www.stealthk9dogtraining.com/?utm_source=organic&utm_medium=google&utm_campaign=gbp,Houston,"3710 Colgate St, Houston, TX 77087",5,53,Dog trainer,risky,unknown,mv-verified-houston-risky-2026-04-20,ChIJdVImtGK9QIYRWL-qzCx3iXA,1
info@streatcornerkitchen.com,Streat,Corner Kitchen,Streat Corner Kitchen,(361) 500-4100,https://www.streatcornerkitchen.com/,Corpus Christi,"601 N Water St, Corpus Christi, TX 78401",4.8,53,Restaurant,risky,catch_all,mv-verified-houston-risky-2026-04-20,ChIJ85nujnJfaIYR5s5kauXWJVM,1
info@wareelectricllc.com,Ware,"Electric, LLC","Ware Electric, LLC",+1 210-303-0233,http://www.wareelectricllc.com/,,,4.9,53,Electrician,risky,unknown,mv-verified-houston-risky-2026-04-20,ChIJWyjat76tQ2URAwt_pWydkUI,1
info@whcchome.org,West,Houston Christian Church,West Houston Christian Church,(713) 935-9422,http://www.whcchome.org/,Houston,"10638 Hammerly Blvd, Houston, TX 77043",4.6,53,Church,risky,catch_all,mv-verified-houston-risky-2026-04-20,ChIJvwA-PSrFQIYRavA3jZb-gIM,1
info@rvparkdfw.com,Dallas,Rockwall RV PARK & Tiny Home Community,Dallas Rockwall RV PARK & Tiny Home Community,(214) 296-9096,http://www.rvparkdfw.com/,Wylie,"2220 Troy Rd, Wylie, TX 75098",4.2,52,RV park,risky,catch_all,mv-verified-houston-risky-2026-04-20,ChIJI0_gTBUDTIYRlKF2yxgnizY,1
info@eventcateringhouston.com,EventCateringHouston.com,,EventCateringHouston.com,(713) 680-2022,http://www.eventcateringhouston.com/,Houston,"1217 W Loop N Fwy #170, Houston, TX 77055",4.8,52,Caterer,risky,catch_all,mv-verified-houston-risky-2026-04-20,ChIJA9BOSIfPQIYRa7B23nT_zUM,1
mimiskitchenn@mimiskitchen.com,MiMi's,Kitchen,MiMi's Kitchen,(936) 252-9096,https://mimis-kitchen-100351.square.site/,Livingston,"9353 US-59 ste.100, Livingston, TX 77351",4.6,52,Restaurant,risky,catch_all,mv-verified-houston-risky-2026-04-20,ChIJU0zzqIljOIYRuTG7_o4GtLo,1
ricky.morales@comcast.net,One,Call Air & Heat,One Call Air & Heat,(409) 939-3691,https://onecallairandheat.com/,Galveston,"2414 Beluche Dr, Galveston, TX 77551",5,52,HVAC contractor,risky,unknown,mv-verified-houston-risky-2026-04-20,ChIJt86IEiKdP4YRayNJs6vDkSY,1
info@rmcpa.us,Rimple,Mashruwala CPA LLC.,Rimple Mashruwala CPA LLC.,(832) 533-2100,https://www.rmcpa.us/,Sugar Land,"800 Bonaventure Wy #152, Sugar Land, TX 77479",5,52,Certified public accountant,risky,catch_all,mv-verified-houston-risky-2026-04-20,ChIJBXIWdZnlQIYRpZbd20hOZ60,1
info@fresha.com,Shabana,Hair Salon,Shabana Hair Salon,(832) 475-5356,https://www.fresha.com/a/shabana-hair-salon-missouri-city-6238-highway-6-zhse99dm?preview=c29062c9-8f8a-48d7-9fce-e35dbbba5c2b&share&pId=2507079&_gl=1*1se3xvu*_gcl_au*OTA5NzA3MzkyLjE3MzkxNjEwODYuMjAwNjIxNTg3Ni4xNzQyODg5ODMzLjE3NDI4ODk4MzI.*_ga*MTc2MzU0NzAyOS4xNjc2MDA1NzEz*_ga_SMQNG7NE8C*MTc0MzcxNzA5MC44NS4xLjE3NDM3MTc0NTQuNDkuMC4w#gallery-section,Missouri City,"6238 Hwy 6 suite 5, Missouri City, TX 77459",5,52,Hair salon,risky,catch_all,mv-verified-houston-risky-2026-04-20,ChIJF0moDJ3lQIYRMte1rsJ64Es,2
info@theellislawfirm.com,The,"Ellis Law Firm, PLLC","The Ellis Law Firm, PLLC",(903) 596-7600,https://www.theellislawfirm.com/,Tyler,"1397 Dominion Plaza #140, Tyler, TX 75703",4.8,52,Estate planning attorney,risky,unknown,mv-verified-houston-risky-2026-04-20,ChIJKetX1a3OSYYRXVZr4DOmAco,1
info@wolfstallings.com,"WOLF,",STALLINGS & MAYO,"WOLF, STALLINGS & MAYO",(432) 237-3530,http://www.wolfstallings.com/,Midland,"310 W Wall St suite 900, Midland, TX 79701",4.9,52,Criminal justice attorney,risky,unknown,mv-verified-houston-risky-2026-04-20,ChIJUfn-uMXZ-4YRooxHmTcLU1w,1
info@wellconnectedlife.com,Well,Connected Life Apple Mac Repair,Well Connected Life Apple Mac Repair,(214) 232-1013,https://www.wellconnectedlife.com/,Dallas,"5225 Maple Ave Appointment Required, 5225 Maple Ave, Dallas, TX 75235",4.9,52,Computer repair service,risky,catch_all,mv-verified-houston-risky-2026-04-20,ChIJRWLa4qaeToYRyd-BbY6IJnA,1
allseasons.codie@yahoo.com,All,"Season Service, Inc","All Season Service, Inc",(512) 556-4000,http://www.allseasonserviceinc.com/,Lampasas,"1301 McLean St, Lampasas, TX 76550",4.5,51,HVAC contractor,risky,unknown,mv-verified-houston-risky-2026-04-20,ChIJoWzPCM2VWoYRz8xrq8Sf_1c,1
info@alliedservicesaustin.com,Allied,Services Company,Allied Services Company,+1 512-593-1272,http://www.alliedservicesaustin.com/,Austin,"4408 Spicewood Springs Rd, Austin, TX 78759, United States",4.9,51,Pressure washing service,risky,catch_all,mv-verified-houston-risky-2026-04-20,ChIJyQFaaQDNRIYRwANxZKqrJ2s,1
diego@confiaagency.com,Confia,Agency,Confia Agency,(832) 443-5839,https://www.confiaagency.com/,Spring,"24624 Interstate 45 N Suite 200, Spring, TX 77386",5,51,Insurance agency,risky,catch_all,mv-verified-houston-risky-2026-04-20,ChIJtRlOQb01R4YRH7l4KhIENeM,1
info@ephealthantiaging.com,Cyrus,Advanced Institute,Cyrus Advanced Institute,(915) 504-6900,https://ephealthantiaging.com/?utm_source=gbp&utm_medium=organic,El Paso,"3570 Rich Beem Blvd, El Paso, TX 79938",3.4,51,Dermatologist,risky,catch_all,mv-verified-houston-risky-2026-04-20,ChIJ9eJHfTFE54YREmfoLso8rBQ,1
info@hypehealth.com,HYPE,HEALTH,HYPE HEALTH,(855) 888-4973,http://www.hypehealth.com/,Houston,"701 N Post Oak Rd #300, Houston, TX 77024",4.9,51,Chiropractor,risky,catch_all,mv-verified-houston-risky-2026-04-20,ChIJzehL5bfGQIYRBzjvtCJUFBY,1
cad@lsrsa.com,LONE,"STAR REPROGRAPHICS, INC","LONE STAR REPROGRAPHICS, INC",(210) 366-4808,http://www.lsrsa.com/,San Antonio,"227 W Nakoma St, San Antonio, TX 78216",4.8,51,Print shop,risky,catch_all,mv-verified-houston-risky-2026-04-20,ChIJff7SQTBgXIYRM8SJMAEngfo,1
info@lakewoodautodetail.com,Lakewood,Auto Detail Shop,Lakewood Auto Detail Shop,(214) 865-9274,http://lakewoodautodetail.com/,Dallas,"6365 Belmont Ave, Dallas, TX 75214",4.3,51,Car detailing service,risky,catch_all,mv-verified-houston-risky-2026-04-20,ChIJoT_UblefToYRhJ_CW0hj2f0,1
info@laneflorist.com,Lane,Florist,Lane Florist,(214) 363-1637,http://www.laneflorist.com/,Dallas,"4655 N Central Expy, Dallas, TX 75205",4.7,51,Florist,risky,unknown,mv-verified-houston-risky-2026-04-20,ChIJR7CJJwGfToYRXZFDpDF27II,1
hello@lifechurchsa.net,Life,Church of San Antonio,Life Church of San Antonio,(210) 923-7759,http://www.lcsa.us/,San Antonio,"2483 W Southcross Blvd, San Antonio, TX 78211",4.8,51,Church,risky,unknown,mv-verified-houston-risky-2026-04-20,ChIJ1-zuNJ9ZXIYRJxPqVGDnyUU,1
info@littlehandskaty.com,Little,Hands Learning Center,Little Hands Learning Center,(281) 394-3443,http://www.littlehandskaty.com/,Katy,"1602 Avenue D Ste 800, Katy, TX 77493",4.6,51,Day care center,risky,catch_all,mv-verified-houston-risky-2026-04-20,ChIJ6ejFjColQYYRkO1161haX-s,1
mannysautoservicellc@yahoo.com,Manny's,Auto Service LLC - Houston Mobile Mechanic,Manny's Auto Service LLC - Houston Mobile Mechanic,(832) 716-8933,https://mannysautoservicellc.square.site/,,,4.9,51,Car repair and maintenance service,risky,unknown,mv-verified-houston-risky-2026-04-20,ChIJxVj9w-fHQIYRAitvgeMm3Ws,1
info@mcdowellfamilyfuneralhome.com,McDowell,Family Funeral Home,McDowell Family Funeral Home,(214) 946-9065,http://mcdowellfamilyfuneralhome.com/,Dallas,"1810 S Denley Dr, Dallas, TX 75216",4.7,51,Funeral home,risky,unknown,mv-verified-houston-risky-2026-04-20,ChIJK9Jn09qZToYRRfRdaV_Bsx4,1
mikeaskew@panthercityelectric.com,Panther,City Electric,Panther City Electric,(682) 333-8704,https://panthercityelectric.com/,Benbrook,"3904 Van Deman Dr, Benbrook, TX 76116",5,51,Electrician,risky,catch_all,mv-verified-houston-risky-2026-04-20,ChIJ3W2cxHUNToYR0zgWU2Mv-QA,1
hello@tractiondtc.com,Traction,Dog Training Club,Traction Dog Training Club,(720) 897-0623,https://www.tractiondogtraining.com/?utm_source=gbp&utm_medium=organic&utm_campaign=austin,Austin,"91 Red River St #2816, Austin, TX 78701",5,51,Dog trainer,risky,catch_all,mv-verified-houston-risky-2026-04-20,ChIJ6_xo-ja1RIYRSZwBFnRyYKo,1
info@trashdaddydumpsters.com,Trash,Daddy Dumpster Rentals,Trash Daddy Dumpster Rentals,(281) 402-8553,https://trashdaddydumpsters.com/dumpster-rentals-texas/houston/,,,4.7,51,Dumpster rental service,risky,catch_all,mv-verified-houston-risky-2026-04-20,ChIJnYv05TjBQIYRCPHhFhZ3VpU,1
info@vippediatrics.com,VIP,Pediatrics,VIP Pediatrics,(713) 665-4567,https://www.vippediatrics.com/,Houston,"2727 Gramercy St # 225, Houston, TX 77025",4.4,51,Pediatric clinic,risky,catch_all,mv-verified-houston-risky-2026-04-20,ChIJZ387IkfAQIYRdRr7GILNPRQ,1
office@vaqueroplumbing.com,Vaquero,Plumbing-Leander Plumber,Vaquero Plumbing-Leander Plumber,(512) 893-8705,https://vaqueroplumbing.com/plumber-leander/,Leander,"1115 Pine Portage Loop, Leander, TX 78641",5,51,Plumber,risky,catch_all,mv-verified-houston-risky-2026-04-20,ChIJ8cxyLBAtW4YRoWhpll1Z_f4,1
craigairheat@aol.com,Craig,Air Conditioning,Craig Air Conditioning,(409) 720-9413,http://craigairconditioning.com/,Nederland,"3205 US-69 Suite 101, Nederland, TX 77627",4.9,50,HVAC contractor,risky,unknown,mv-verified-houston-risky-2026-04-20,ChIJH6U2vVXLPoYRw4gW40WMlcY,1
jmesa@longlakeltd.com,Grand,"Oaks - New Homes by Long Lake, LTD","Grand Oaks - New Homes by Long Lake, LTD",(281) 550-4997,https://www.longlakeltd.com/new-homes/communities/grand-oaks-village/,Houston,"3910 Rosita Mint Ct, Houston, TX 77084",4.8,50,Home builder,risky,catch_all,mv-verified-houston-risky-2026-04-20,ChIJW6VgONPZQIYRnNF2iwLa5s8,1
scott@scottyoungblood.com,Income,Tax by Scott Youngblood CPA Attorney,Income Tax by Scott Youngblood CPA Attorney,(281) 485-1209,https://www.scottyoungblood.com/,Pearland,"2004 N Main St, Pearland, TX 77581",4.2,50,Certified public accountant,risky,catch_all,mv-verified-houston-risky-2026-04-20,ChIJb2AWnGuRQIYRHNwpw1X6qFA,1
info@jtxelectrical.com,Jtx,Electrical llc,Jtx Electrical llc,(512) 663-7134,https://www.jtxelectrical.com/,,,5,50,Electrician,risky,catch_all,mv-verified-houston-risky-2026-04-20,ChIJH7-NMZiZHS4RNFxmvEwyNSw,1
info@littlesunshine.com,Little,Sunshine's Playhouse of San Antonio at Dominion,Little Sunshine's Playhouse of San Antonio at Dominion,(210) 759-9357,https://littlesunshine.com/school/san-antonio-texas-dominion/?utm_source=google&utm_medium=dominion-gbp&utm_campaign=dominion-gbp,San Antonio,"21822 Stonewall Pkwy, San Antonio, TX 78256",4.8,50,Preschool,risky,catch_all,mv-verified-houston-risky-2026-04-20,ChIJW4EEgwdlXIYRyv1_ELvsHxI,2
info@lsc-texas.com,Lone,Star Contracting,Lone Star Contracting,(325) 617-4521,https://www.lsc-texas.com/locations/san-angelo-tx/?utm_source=google&utm_medium=organic&utm_campaign=gbp,San Angelo,"1725 Cox Ln, San Angelo, TX 76903",4.2,50,Plumber,risky,catch_all,mv-verified-houston-risky-2026-04-20,ChIJRwZim3zlV4YR9rWD69a79_c,1
dallas@sunbeltpools.com,Sunbelt,Pools inc.,Sunbelt Pools inc.,(214) 343-1133,http://www.sunbeltpools.com/,Dallas,"10555 Plano Rd, Dallas, TX 75238",4.8,50,Swimming pool contractor,risky,unknown,mv-verified-houston-risky-2026-04-20,ChIJ-bKEJISgToYRXZSQ-fSKhRY,1
admin@txassetpro.com,TAP,Security,TAP Security,(210) 399-1116,http://www.txassetpro.com/,San Antonio,"11503 Jones Maltsberger Rd #1158, San Antonio, TX 78216",4.7,50,Security guard service,risky,catch_all,mv-verified-houston-risky-2026-04-20,ChIJgWkug61YXIYRavJfVjdJpMs,1
info@gabrielandkristina.com,The,Zachary Team San Antonio REALTORS®,The Zachary Team San Antonio REALTORS®,(210) 504-5301,http://www.gabrielandkristina.com/,San Antonio,"1717 N Loop 1604 E, San Antonio, TX 78232",5,50,Real estate agent,risky,catch_all,mv-verified-houston-risky-2026-04-20,ChIJQ6e3X3POX2oRKVrnCaL_v-U,1
office@tropicairheat.com,Tropic,Air & Heat,Tropic Air & Heat,(817) 467-9465,http://tropicairheat.com/,Arlington,"1214 California Ln b1, Arlington, TX 76015",4.8,50,HVAC contractor,risky,catch_all,mv-verified-houston-risky-2026-04-20,ChIJCekV5GljToYR9XeqCyshYlc,1
abileneautodoctor@yahoo.com,Abilene,Auto Doctor,Abilene Auto Doctor,(325) 677-2886,http://www.abileneautodoctor.com/,Abilene,"2466 Buffalo Gap Rd, Abilene, TX 79605",4.8,49,Auto repair shop,risky,unknown,mv-verified-houston-risky-2026-04-20,ChIJCxLKxNyNVoYRhgr5_eungk8,1
info@austinfloorpros.com,Austin,Floor Pros,Austin Floor Pros,(512) 883-9271,http://austinfloorpros.com/,Austin,"12112 Roxie Dr C, Austin, TX 78729",4.6,49,Flooring contractor,risky,catch_all,mv-verified-houston-risky-2026-04-20,ChIJlVJFqhfNRIYReuZ_33lW_Tg,1
covenantrophies@verizon.net,Covenant,Trophies & Awards,Covenant Trophies & Awards,(972) 254-3018,http://www.covenantrophies.com/,Irving,"150 N MacArthur Blvd, Irving, TX 75061",4.9,49,Trophy shop,risky,catch_all,mv-verified-houston-risky-2026-04-20,ChIJeWtPjHSDToYRCJE0NvDjLe4,1
info@fortworthtreecare.com,Five,Star Tree Service,Five Star Tree Service,(817) 727-7839,http://www.fortworthtreecare.com/,Fort Worth,"4301 Deering Dr, Fort Worth, TX 76114",4.8,49,Tree service,risky,catch_all,mv-verified-houston-risky-2026-04-20,ChIJ59wSolpzToYRO8Hodj_tRYQ,1
info@florentinoroofingconstruction.online,Florentino,Brothers Roofing & Construction,Florentino Brothers Roofing & Construction,(432) 220-2300,https://florentinoroofingconstruction.online/,Midland,"5698 Desta Dr, Midland, TX 79705",4.8,49,Construction company,risky,catch_all,mv-verified-houston-risky-2026-04-20,ChIJj0Q0adHZ-4YRJ3vaNz90RUg,1
dr.fults@yahoo.com,Fults,Chiropractic Beaumont,Fults Chiropractic Beaumont,(409) 892-2770,http://fultschiropractic.com/,Beaumont,"3939 Dowlen Rd, Beaumont, TX 77706",4.9,49,Chiropractor,risky,unknown,mv-verified-houston-risky-2026-04-20,ChIJw2WpGEAzOYYRSf2xwxrHYF8,1
info@harmonyelectric.com,Harmony,"Electric Co., Inc.","Harmony Electric Co., Inc.",(713) 863-8428,http://www.harmonyelectric.com/,Houston,"811 Yale St, Houston, TX 77007",4.1,49,Electrician,risky,unknown,mv-verified-houston-risky-2026-04-20,ChIJ-e9Vh1nHQIYRNd0R3V_3cVo,1
info@houstonscourier.com,Houston's,Courier,Houston's Courier,(713) 592-0000,https://houstonscourier.com/,Houston,"2102 Alabama St, Houston, TX 77004",4.4,49,Courier service,risky,catch_all,mv-verified-houston-risky-2026-04-20,ChIJX-nYeAu_QIYRDs3chhBZHEs,1
ranjit@makh-accounting.com,MAKH,"Accounting - Makhija, CPA","MAKH Accounting - Makhija, CPA",(713) 258-0196,http://www.makh-accounting.com/,Sugar Land,"77 Sugar Creek Center Blvd Ste. 600, Sugar Land, TX 77478",5,49,Accountant,risky,catch_all,mv-verified-houston-risky-2026-04-20,ChIJmQbfyc7nQIYRwlw3E3h3geo,1
info@mrelectricaustin.com,Mr.,"Electric of Austin, TX","Mr. Electric of Austin, TX",(512) 301-9824,https://www.mrelectricaustin.com/,,,5,49,Electrician,risky,catch_all,mv-verified-houston-risky-2026-04-20,ChIJi3XUMeSuqE0RLMxDqpn6n2I,1
freeservices@nationalsecurityusa.org,National,Security and Protective Services Inc,National Security and Protective Services Inc,(214) 299-8772,https://www.nationalsecurityus.org/,Fort Worth,"5601 Bridge St Suite 324, Fort Worth, TX 76112",3.8,49,Security guard service,risky,unknown,mv-verified-houston-risky-2026-04-20,ChIJx7GZ7GpxToYR94f81qorXck,1
info@onemedical.com,One,Medical Primary Care Clinic - Houston Heights,One Medical Primary Care Clinic - Houston Heights,(888) 663-6331,https://onemedical.com/locations/hou/houstonheights?y_source=1_MTA1Mzk0OTQzNi03MTUtbG9jYXRpb24ud2Vic2l0ZQ%3D%3D,Houston,"449 W 19th St Suite A, Houston, TX 77008",4.8,49,Medical clinic,risky,catch_all,mv-verified-houston-risky-2026-04-20,ChIJe-9Yp_PHQIYR558AQrs27zU,1
info@smartdogtrainingcenter.com,Smart,Dog Training Center,Smart Dog Training Center,(713) 263-7339,http://www.smartdogtrainingcenter.com/,Houston,"910 Curtin St, Houston, TX 77018",4.7,49,Dog trainer,risky,catch_all,mv-verified-houston-risky-2026-04-20,ChIJbwgRf73HQIYRt4ZDVs2LiQ4,1
info@southeastfire.com,Southeast,"Fire Protection, L.P.","Southeast Fire Protection, L.P.",(713) 910-3242,http://www.southeastfire.com/,Houston,"5600 Berry Brook Dr, Houston, TX 77017",4.6,49,Fire protection service,risky,catch_all,mv-verified-houston-risky-2026-04-20,ChIJJeNZJN2XQIYRmAWNfCIp_OY,1
qualitycomfortac@yahoo.com,Tom's,Quality Comfort Air & Heat,Tom's Quality Comfort Air & Heat,(281) 612-1016,https://www.tomsqualitycomfort.com/,Tomball,"22806 Industry Ln, Tomball, TX 77375",4.9,49,HVAC contractor,risky,unknown,mv-verified-houston-risky-2026-04-20,ChIJA1_BUpwtR4YRG36Bxzh3hQA,1
office@wbroofing.com,Wortham,Brothers Roofing Dallas,Wortham Brothers Roofing Dallas,(214) 971-8838,https://wbroofing.com/,Dallas,"325 North St. Paul Street Suite 3100, Dallas, TX 75201",5,49,Roofing contractor,risky,catch_all,mv-verified-houston-risky-2026-04-20,ChIJNa8ky1yZToYRBZD4Q3VQ-ZI,1
support@excellentpestservices.com,A1,Bed Bug Exterminator,A1 Bed Bug Exterminator,(832) 271-4061,https://excellentpestservices.com/,Houston,"1100 Louisiana St, Houston, TX 77002",5,48,Pest control service,risky,catch_all,mv-verified-houston-risky-2026-04-20,ChIJAdx4bTm_QIYRnsHWNcebI6Q,1
info@byrdsplumbing.com,Byrd's,Maintenance And Plumbing Services Inc,Byrd's Maintenance And Plumbing Services Inc,(713) 734-8400,https://byrdsplumbing.com/,Houston,"13734 Edgeboro St, Houston, TX 77049",4.4,48,Plumber,risky,catch_all,mv-verified-houston-risky-2026-04-20,ChIJbRPIZAilQIYRnc31aiEMqN8,1
endless.styles@yahoo.com,Endless,Styles Salon & Boutique,Endless Styles Salon & Boutique,(361) 992-3635,http://www.endlessstylescc.com/,Corpus Christi,"6314 Yorktown Blvd Suite 103, Corpus Christi, TX 78414",4.8,48,Beauty salon,risky,unknown,mv-verified-houston-risky-2026-04-20,ChIJYfn9KV30aIYRxLbcOyh2AMQ,1
esparzapestcontrol@yahoo.com,Esparza,Pest Control Inc.,Esparza Pest Control Inc.,(361) 851-1773,https://esparzapest.com/,Corpus Christi,"3620 S Padre Island Dr, Corpus Christi, TX 78415",4.6,48,Pest control service,risky,unknown,mv-verified-houston-risky-2026-04-20,ChIJ077zPX31aIYR-rtLv_Jo01Q,1
info@dickinsonairduct.com,Finest,Dickinson Air Duct Cleaning,Finest Dickinson Air Duct Cleaning,(346) 449-5300,https://dickinsonairduct.com/,Dickinson,"100 FM 646 Rd #303, Dickinson, TX 77539",4.8,48,Air duct cleaning service,risky,catch_all,mv-verified-houston-risky-2026-04-20,ChIJzXgaEcCDQIYRzbpnxwfUJCA,1
customerservice@funnyfur.com,Funny,Fur,Funny Fur,(713) 239-0133,http://www.funnyfur.com/,Houston,"3636 Greenbriar Dr A-103, Houston, TX 77098",4.3,48,Pet supply store,risky,unknown,mv-verified-houston-risky-2026-04-20,ChIJ6d9izZjFQIYR-LZZ7acHMQY,1
info@goodsensepharmacy.com,GOODSENSE,PHARMACY,GOODSENSE PHARMACY,(210) 802-4380,http://www.goodsensepharmacy.com/,San Antonio,"3320 Oakwell Ct SUITE 103, San Antonio, TX 78218",4.7,48,Pharmacy,risky,unknown,mv-verified-houston-risky-2026-04-20,ChIJo5wKO8H1XIYR6iOCt73T5Mg,1
info@groundscape.com,GroundScape,Solutions,GroundScape Solutions,(817) 759-0102,http://www.groundscape.com/,Fort Worth,"4210 Broadway Ave, Fort Worth, TX 76117",4.2,48,Landscaper,risky,catch_all,mv-verified-houston-risky-2026-04-20,ChIJgylQPm13ToYR54o5OZ_CWG8,1
info@handymanwesthouston.com,Handyman,West Houston,Handyman West Houston,(832) 454-1283,https://www.handymanwesthouston.com/,,,4.9,48,Handyman/Handywoman/Handyperson,risky,catch_all,mv-verified-houston-risky-2026-04-20,ChIJ57cdAk3RQIYRSfpiiMn_Xm4,1
aubreyhunter@aol.com,Hunter,Sprinkler Services,Hunter Sprinkler Services,(512) 690-3113,http://www.hunterirrigationservices.com/,Cedar Park,"106 S Mustang Ave, Cedar Park, TX 78613",4.4,48,Lawn sprinkler system contractor,risky,unknown,mv-verified-houston-risky-2026-04-20,ChIJXcBhCxAtW4YRmrFlUB_x1vE,1
jesus@ijmremodeling.com,IJM,Construction,IJM Construction,(210) 772-8324,https://www.ijmremodeling.com/,San Antonio,"15007 Endsley Wy, San Antonio, TX 78245",5,48,Kitchen remodeler,risky,unknown,mv-verified-houston-risky-2026-04-20,ChIJ90eAuJVTnUARuhQXxMQ34hI,1
info@k9clarity.com,K9,Clarity,K9 Clarity,(210) 942-4988,http://k9clarity.com/,,,4.8,48,Dog trainer,risky,catch_all,mv-verified-houston-risky-2026-04-20,ChIJVXZHsrym_ysRxZUF4fzDpfc,1
info@kitchenpluscloset.com,Kitchen,Plus Closet,Kitchen Plus Closet,(469) 560-4547,https://kitchenpluscloset.com/,Dallas,"10944 Grissom Ln Suite 724, Dallas, TX 75229",4.9,48,Cabinet maker,risky,catch_all,mv-verified-houston-risky-2026-04-20,ChIJmSdQXWGdToYRVPL003infLw,1
info@kgallenlaw.com,Law,"Offices of Keith G. Allen, PLLC","Law Offices of Keith G. Allen, PLLC",(832) 230-0075,https://kgallenlaw.com/,Pearland,"7924 W Broadway St Suite 108, Pearland, TX 77581",5,48,Law firm,risky,catch_all,mv-verified-houston-risky-2026-04-20,ChIJFwe0VTuTQIYRsh7WNAwitJQ,1
prf751@hajoca.com,Moore,Supply Co.,Moore Supply Co.,(214) 379-1562,http://mooresupplyduncanville.com/,Duncanville,"626 Crestside Dr, Duncanville, TX 75137",4.5,48,Plumbing supply store,risky,catch_all,mv-verified-houston-risky-2026-04-20,ChIJvUIiXpSRToYRJgqCX0yR28w,1
info@newgreenlandscaping.org,New,Green Landscaping,New Green Landscaping,(346) 812-6124,https://www.newgreenlandscaping.org/,Houston,"209 Wellington St, Houston, TX 77076",4.9,48,Lawn care service,risky,catch_all,mv-verified-houston-risky-2026-04-20,ChIJnV2uqx23QIYRoGG52f99fmo,1
info@bestkatygaragedoors.com,Prime,Plus Overhead Repair,Prime Plus Overhead Repair,(281) 816-4540,https://bestkatygaragedoors.com/,Katy,"3115 N Fry Rd Suite 101, Katy, TX 77449",4.6,48,Garage door supplier,risky,catch_all,mv-verified-houston-risky-2026-04-20,ChIJoWSWKgvZQIYR7yR-KdQrZSE,1
support@rangerguard.net,Ranger,Guard,Ranger Guard,(832) 501-3331,https://rangerguard.net/?utm_source=google&utm_medium=organic&utm_campaign=gmb&utm_content=houston,Houston,"4660 Beechnut St # 200, Houston, TX 77096",4.4,48,Security guard service,risky,catch_all,mv-verified-houston-risky-2026-04-20,ChIJ_TiI52PqQIYRz3DTryfRPPA,5
info@weisblattlaw.com,The,"Weisblatt Law Firm, PLLC","The Weisblatt Law Firm, PLLC",(713) 666-1981,https://weisblattlaw.com/katy-business-attorney/?utm_source=local&utm_medium=organic&utm_campaign=GMB,Katy,"2312 Katy Fort Bend Rd, Katy, TX 77493",4.6,48,Business attorney,risky,catch_all,mv-verified-houston-risky-2026-04-20,ChIJfRaDQl7BQIYRpUW17X8UFMw,1
tmcdental02@yahoo.com,houston,medical center dental,houston medical center dental,(713) 795-0608,http://www.houstonmedicalcenterdental.com/,Houston,"6400 Fannin St #2040, Houston, TX 77030",4.8,48,Dentist,risky,unknown,mv-verified-houston-risky-2026-04-20,ChIJtXjbxXnAQIYRe0OVm8qnG44,1
%20laura@alchouston.com,A,La Carte Events & Catering,A La Carte Events & Catering,(281) 408-4112,https://alacartecateringhouston.com/,Houston,"10887 S Wilcrest Dr Suite D, Houston, TX 77099",4.8,47,Caterer,risky,catch_all,mv-verified-houston-risky-2026-04-20,ChIJuZJFdYXHQIYRndnAG0JNXUM,1
info@agonzalezlawfirm.com,A.,Gonzalez Law Firm P.L.L.C,A. Gonzalez Law Firm P.L.L.C,(361) 882-6600,https://www.agonzalezlawfirm.com/?npcmp=dir:local:2421958:78401,Corpus Christi,"924 Leopard St, Corpus Christi, TX 78401",4.3,47,Attorney,risky,catch_all,mv-verified-houston-risky-2026-04-20,ChIJF5nlIPVeaIYR5pn9LGSxCvA,1
info@alphamechanical.us,Alpha,"Mechanical, LLC","Alpha Mechanical, LLC",(979) 319-2268,https://alphamechanical.us/,Alvin,"10 Kenny Ct, Alvin, TX 77511",5,47,HVAC contractor,risky,catch_all,mv-verified-houston-risky-2026-04-20,ChIJLYnu6_2JQIYRl1IoPVKZKHg,1
brad_barron@sbcglobal.net,Autocheck,Plus,Autocheck Plus,(325) 692-6900,https://abileneautocheckplus.com/,Abilene,"4133 Sayles Blvd, Abilene, TX 79605",4.6,47,Auto repair shop,risky,catch_all,mv-verified-houston-risky-2026-04-20,ChIJ88Evsr6NVoYR2Dvxmg7HvkA,1
info@roofinghorizon.com,Horizon,Roofing Specialists,Horizon Roofing Specialists,(830) 515-3434,http://horizonroofingspecialists.com/,New Braunfels,"242 S Business IH 35 Suite E, New Braunfels, TX 78130",5,47,Roofing contractor,risky,catch_all,mv-verified-houston-risky-2026-04-20,ChIJ-R48TciXXIYRkWd5vv5OF4c,1
o.martinez07@yahoo.com,Hot,Steam Powerwash,Hot Steam Powerwash,(210) 274-2279,https://hotsteampowerwash.com/,,,5,47,Pressure washing service,risky,unknown,mv-verified-houston-risky-2026-04-20,ChIJnxVnMhxbXIYR1jhwuQaveAc,1
1krmaguire@comcast.net,Houston,Computer Tech Services,Houston Computer Tech Services,(713) 870-3689,http://www.hcts.us/,Houston,"10331 Glenfield Park Ln, Houston, TX 77070",4.9,47,Computer repair service,risky,unknown,mv-verified-houston-risky-2026-04-20,ChIJn-fyJg7SQIYRElnrMJw5-v4,1
admin@lonestarlandscape.com,Lonestar,"Landscape DFW, LLC","Lonestar Landscape DFW, LLC",(817) 863-5609,https://www.lonestarlandscape.com/,Forest Hill,"6807 Anglin Dr, Forest Hill, TX 76140",4.5,47,Landscape designer,risky,catch_all,mv-verified-houston-risky-2026-04-20,ChIJHYyjDJ_fTYYRJnm01yxth0k,1
appointment@m-handyman.com,M's,Handyman Service LLC,M's Handyman Service LLC,(210) 682-9595,http://www.m-handyman.com/,,,4.9,47,Handyman/Handywoman/Handyperson,risky,catch_all,mv-verified-houston-risky-2026-04-20,ChIJ_cKP58KJXIYR4i6AS9jFeDE,1
info@petri-electric.com,Petri,Electric,Petri Electric,(972) 644-5407,https://petri-electric.com/,Richardson,"907 N Bowser Rd, Richardson, TX 75081",4.3,47,Electrician,risky,catch_all,mv-verified-houston-risky-2026-04-20,ChIJCc3v-xofTIYRKb0W3zjq-oQ,1
info@prowiredelectric.com,ProWired,Electric,ProWired Electric,(512) 636-2323,http://www.prowiredelectric.com/,Liberty Hill,"15725 TX-29 UNIT 2001, Liberty Hill, TX 78642",4.9,47,Electrician,risky,catch_all,mv-verified-houston-risky-2026-04-20,ChIJFZ4BKZA32EoRfswCCtIfr88,1
info@raisingstarstutoring.com,Raising,Stars Tutoring and Learning Center LLC,Raising Stars Tutoring and Learning Center LLC,(832) 219-5970,http://raisingstarstutoring.com/,Houston,"507 N Sam Houston Pkwy E, Houston, TX 77060",4.9,47,Tutoring service,risky,catch_all,mv-verified-houston-risky-2026-04-20,ChIJXWqDKkS3QIYR1Wmu6Y9HEyQ,1
info@southerlyhomes.com,Southerly,Homes,Southerly Homes,(512) 831-3645,https://southerlyhomes.com/?utm_source=local&utm_medium=organic&utm_campaign=GMB,Austin,"3000 S I-35 Frontage Rd Suite 225, Austin, TX 78704",4.9,47,Custom home builder,risky,catch_all,mv-verified-houston-risky-2026-04-20,ChIJH2U0ayBhH6gRYlDjFBJQmnw,1
support@tidyhome.cleaning,Tidy,"Home Cleaning Services, Inc.","Tidy Home Cleaning Services, Inc.",(281) 829-8001,https://tidyhome.cleaning/,Houston,"5900 Chimney Rock Rd Suite V, Houston, TX 77081",4.9,47,House cleaning service,risky,catch_all,mv-verified-houston-risky-2026-04-20,ChIJ457EBI8-b0wRR_W0QHnDulM,1
info@utvac.org,Visual,Arts Center,Visual Arts Center,(512) 471-3713,http://utvac.org/,Austin,"2301 San Jacinto Blvd, Austin, TX 78712",4.8,47,Art museum,risky,catch_all,mv-verified-houston-risky-2026-04-20,ChIJCXJA5Zq1RIYR6kHYZF00oK4,1
info@aaaguards.com,AAA,"Security Guard Service Bedford, Texas","AAA Security Guard Service Bedford, Texas",(817) 409-4913,http://www.aaaguards.com/?utm_campaign=gmb,Bedford,"1901 Central Dr # 400, Bedford, TX 76021",5,46,Security guard service,risky,catch_all,mv-verified-houston-risky-2026-04-20,ChIJhcl3qed_ToYRIAfFnF3TXuE,3
sales@atawards.com,Action,Trophies & Awards,Action Trophies & Awards,(972) 245-0105,http://www.atawards.com/,Carrollton,"1701 S Interstate 35E, Carrollton, TX 75006",5,46,Trophy shop,risky,catch_all,mv-verified-houston-risky-2026-04-20,ChIJFwHFCDcmTIYR1pgw4RJB_IE,1
eric@alpha1roofing.com,Alpha,1 Roofing LLC,Alpha 1 Roofing LLC,(832) 580-7122,https://www.alpha1roofing.com/,Alvin,"10345 County Rd 200, Alvin, TX 77511",4.6,46,Roofing contractor,risky,catch_all,mv-verified-houston-risky-2026-04-20,ChIJUyd57BGdQIYRQF0vFMySM9w,1
monty.ward@sbcglobal.net,Campbell's,Towing & Recovery,Campbell's Towing & Recovery,(903) 595-5109,https://www.campbellstowing.com/,Tyler,"3053 Texas Spur 124, Tyler, TX 75707",4.1,46,Towing service,risky,catch_all,mv-verified-houston-risky-2026-04-20,ChIJtSJA-J7PSYYRcMP6EcRiSrc,1
help@cyberstreams.com,CyberStreams,| Managed IT Services and IT Support Company Austin,CyberStreams | Managed IT Services and IT Support Company Austin,(512) 580-8126,https://cyberstreams.com/austin-it-support?utm_source=gbp&utm_medium=gbp&utm_campaign=gbp_organic&utm_location=austin,Austin,"500 E St Johns Ave Suite 2.620, Austin, TX 78752",4.9,46,Computer service,risky,catch_all,mv-verified-houston-risky-2026-04-20,ChIJgXCrryvLRIYRWYAV832a_50,1
info@encorerooftop.com,Encore,Restaurant & Rooftop Bar,Encore Restaurant & Rooftop Bar,(254) 294-8044,https://www.encorerooftop.com/,Waco,"724 Austin Ave, Waco, TX 76701",4.8,46,Bar & grill,risky,unknown,mv-verified-houston-risky-2026-04-20,ChIJ-SL0faGDT4YR8BmFxqsPhqc,1
info@inman-roofing.com,Inman,"Roofing & Contracting Services, LLC","Inman Roofing & Contracting Services, LLC",(936) 463-5200,http://inman-roofing.com/,Willis,"10043 E Shore Dr, Willis, TX 77318",5,46,Roofing contractor,risky,catch_all,mv-verified-houston-risky-2026-04-20,ChIJh_xyaZU9R4YRtaJEFCfTZC8,1
eastexsew@sbcglobal.net,KELLS/Eastex,Sewing Machine Co,KELLS/Eastex Sewing Machine Co,(281) 970-5552,http://eastexsewingmachine.net/,Houston,"13342 Jones Rd, Houston, TX 77070",4.4,46,Sewing machine repair service,risky,catch_all,mv-verified-houston-risky-2026-04-20,ChIJH-uzJ5PRQIYRra24UWF6IC4,1
onconsignment@sbcglobal.net,On,Consignment,On Consignment,(214) 720-1818,http://www.onconsignmentdallas.com/,Dallas,"2719 Fairmount St, Dallas, TX 75201",4.6,46,Furniture store,risky,catch_all,mv-verified-houston-risky-2026-04-20,ChIJE4z1vjGZToYRVTPuUQNrxMQ,1
info@signarama-austinsouth.com,Signarama,Austin,Signarama Austin,(512) 373-8303,http://www.signarama-austinsouth.com/,Austin,"4315 S 1st St Suite E, Austin, TX 78745",4.9,46,Sign shop,risky,unknown,mv-verified-houston-risky-2026-04-20,ChIJg6zUeDGzRIYR421yxv3Khe4,1
info@stormguardrc.com,Storm,Guard Roofing of Lubbock,Storm Guard Roofing of Lubbock,(806) 482-1445,https://www.stormguardrc.com/tx/lubbock/?utm_source=gbp&utm_medium=organic,Lubbock,"7302 82nd St, Lubbock, TX 79424",4.9,46,Roofing contractor,risky,catch_all,mv-verified-houston-risky-2026-04-20,ChIJUbJ5RqFz_oYRWtPUnFYt0QA,1
info@parkcentral.org,The,Eatery at Park Central,The Eatery at Park Central,(806) 337-4156,https://parkcentral.org/the-eatery/,Amarillo,"400 SW 14th Ave, Amarillo, TX 79101",4.8,46,Restaurant,risky,catch_all,mv-verified-houston-risky-2026-04-20,ChIJbWU5bgBPAYcRFjBSUUx-co0,1
info@dancewithmeusa.com,Dance,With Me Fort Worth,Dance With Me Fort Worth,(817) 813-8300,https://dancewithmeusa.com/studio/fort-worth-tx-dance-studio/?utm_source=google&utm_medium=organic&utm_campaign=gbp-listing,Fort Worth,"5259 Marathon Ave, Fort Worth, TX 76107",4.8,45,Dance school,risky,catch_all,mv-verified-houston-risky-2026-04-20,ChIJuyr4VvFyToYR9CEXL7yIu0E,1
info@makemeconstruction.com,Make,Me Construction,Make Me Construction,(682) 222-6511,https://www.makemeconstruction.com/,Fort Worth,"2644 Gravel Dr, Fort Worth, TX 76118",4.6,45,General contractor,risky,catch_all,mv-verified-houston-risky-2026-04-20,ChIJVyLlD7h8ToYRL9NDkkSDS80,1
info@rushplumbingrooter95.com,Rush,Plumbing,Rush Plumbing,(469) 966-8400,https://www.rushplumbingrooter95.com/,Duncanville,"1003 S Main St, Duncanville, TX 75137",4.4,45,Plumber,risky,catch_all,mv-verified-houston-risky-2026-04-20,ChIJKbmLtEp4FQURERlonjqUCxg,1
hello@seremoniedit.com,The,Seremoni Venue – Brick House (formerly Soiree Event Venue),The Seremoni Venue – Brick House (formerly Soiree Event Venue),(346) 348-4226,http://seremoniedit.com/,Houston,"1125 Providence St, Houston, TX 77002",4.9,45,Event venue,risky,unknown,mv-verified-houston-risky-2026-04-20,ChIJcRAFHta_QIYRZ-5wsiwRLU0,1
richmond@wingbay.com,Wingbay,,Wingbay,(832) 346-3422,https://wingbay.com/wingbaymidtown?utm_source=google,Houston,"2505 Bagby St, Houston, TX 77006",4.5,45,Chicken wings restaurant,risky,unknown,mv-verified-houston-risky-2026-04-20,ChIJL5rnOt-_QIYRnTZTzbkBcSw,1
help@wamtowing.com,WreckAmended,Houston 24/7 Towing,WreckAmended Houston 24/7 Towing,(713) 922-1092,https://www.wamtowing.com/,Houston,"9318 Meadow Vista Blvd, Houston, TX 77064",4.6,45,Towing service,risky,catch_all,mv-verified-houston-risky-2026-04-20,ChIJI5CSNnPPQIYRF392YaKadT8,1
info@advanced-lock.com,ADVANCED,LOCK SOLUTIONS INC,ADVANCED LOCK SOLUTIONS INC,(512) 933-0300,http://www.advanced-lock.com/,Austin,"8711 Burnet Rd Ste C21, Austin, TX 78757",4.8,44,Locksmith,risky,catch_all,mv-verified-houston-risky-2026-04-20,ChIJ22EDMJLLRIYR35Rp_nF7EJw,1
info@abaoneplumbing.com,Aba,"One Plumbing , Heating & Air","Aba One Plumbing , Heating & Air",(346) 538-0620,https://www.abaoneplumbing.com/,Katy,"21815 Katy Fwy C103, Katy, TX 77450",4.9,44,Plumber,risky,catch_all,mv-verified-houston-risky-2026-04-20,ChIJPeoNjvQjQYYRbw3qVJ3z90E,1
info@absoluteparadisetx.com,Absolute,Paradise Cooling & Heating LLC,Absolute Paradise Cooling & Heating LLC,(325) 656-4822,http://absoluteparadisetx.com/,San Angelo,"1194 Templin Rd, San Angelo, TX 76904",4.7,44,HVAC contractor,risky,catch_all,mv-verified-houston-risky-2026-04-20,ChIJV_jw4fjlV4YR60hsdYDnK9g,1
info@gutter.day,All-Pro,Gutter Installation,All-Pro Gutter Installation,(713) 250-8863,https://gutter.day/,Houston,"1923 Washington Ave Suite #3050, Houston, TX 77007",5,44,Gutter cleaning service,risky,catch_all,mv-verified-houston-risky-2026-04-20,ChIJNVKOm4m_QIYRNhAMlPXlx-o,1
info@alliedfenceftw.com,Allied,Fence,Allied Fence,(817) 332-7576,https://alliedfenceftw.com/,Fort Worth,"3530 E Belknap St, Fort Worth, TX 76111",4.3,44,Fence contractor,risky,unknown,mv-verified-houston-risky-2026-04-20,ChIJCXHhP1pxToYR9wJrI9x3iNg,1
info@bdlandscaping.com,Black,Diamond Landscaping,Black Diamond Landscaping,(972) 214-6400,http://www.bdlandscaping.com/,Mesquite,"1525 Mariposa Dr #900, Mesquite, TX 75150",4.9,44,Landscaper,risky,catch_all,mv-verified-houston-risky-2026-04-20,ChIJ-SeLrPV9ToYR5H0Ny7p9hlA,1
service@centraltexas.solar,Central,Texas Solar,Central Texas Solar,(210) 635-0007,https://centraltexas.solar/,San Antonio,"1844 Lockhill Selma Rd Suite 102A, San Antonio, TX 78213",4.9,44,Solar energy system service,risky,catch_all,mv-verified-houston-risky-2026-04-20,ChIJW1h-TdJhXIYRNNvYidSPtFI,1
houstondesignstudio.ssc378@daltile.com,"Daltile,",Marazzi Showroom & Design Studio,"Daltile, Marazzi Showroom & Design Studio",(713) 533-9305,https://locations.daltile.com/tx/houston/378/,Houston,"2808 Richmond Ave Ste A, Houston, TX 77098",3.3,44,Tile store,risky,unknown,mv-verified-houston-risky-2026-04-20,ChIJb4CDufHAQIYRrwvhCdNirdY,1
info@mark-the-plumber.com,Mark,The Plumber,Mark The Plumber,(830) 613-1089,https://mark-the-plumber.com/,,,4.9,44,Plumber,risky,unknown,mv-verified-houston-risky-2026-04-20,ChIJGR_XAI4s3IQRuSgMSA9xen4,1
info@brownsville-roofing.com,McAllen,Valley Roofing Co.,McAllen Valley Roofing Co.,(956) 431-0251,https://www.brownsville-roofing.com/,Brownsville,"2114 El Cauce St, Brownsville, TX 78520",5,44,Roofing contractor,risky,catch_all,mv-verified-houston-risky-2026-04-20,ChIJc7HPapJK8kURWT1FLRBSmos,1
estimating@splclandscapecontractors.com,SP,& LC Sprinklers and Landscape Contractors,SP & LC Sprinklers and Landscape Contractors,(915) 792-6169,https://splclandscapecontractors.com/,El Paso,"840 Redd Rd #1C, El Paso, TX 79912",4.9,44,Landscaper,risky,catch_all,mv-verified-houston-risky-2026-04-20,ChIJO-1QaCxX54YRgZF75rFEwLA,1
thetoddlersden@yahoo.com,The,Toddler's Den Early Learning Center,The Toddler's Den Early Learning Center,(817) 851-1499,http://thetoddlersden.com/,Fort Worth,"7509 John T White Rd, Fort Worth, TX 76120",4,44,Day care center,risky,unknown,mv-verified-houston-risky-2026-04-20,ChIJSca1rO57ToYRBS7KcLRzJuk,1
rayzamora1995@yahoo.com,Zamora,"Plumbing, LLC","Zamora Plumbing, LLC",(210) 643-4939,https://zamora-plumbing-llc.ueniweb.com/?utm_campaign=gmb,,,5,44,Plumber,risky,unknown,mv-verified-houston-risky-2026-04-20,ChIJjx1K4zOuF0oR45UnZ47r-Vk,1
alamoconcretecontractors@yahoo.com,Alamo,Concrete Contractors,Alamo Concrete Contractors,(210) 557-1652,https://alamoconcrete.net/,San Antonio,"7326 Arbeth Pl, San Antonio, TX 78250",3.1,43,Concrete contractor,risky,unknown,mv-verified-houston-risky-2026-04-20,ChIJAQBECCJoXIYRTluSVxzmSks,1
office@alanteptw.com,Alante,Physical Therapy & Wellness,Alante Physical Therapy & Wellness,(210) 598-1268,http://www.alanteptw.com/,San Antonio,"5123 N Loop 1604 W #100, San Antonio, TX 78249",5,43,Physical therapy clinic,risky,unknown,mv-verified-houston-risky-2026-04-20,ChIJIeVuUgVnXIYRnOBhyREroyc,1
arcaneauto1@yahoo.com,Arcane,Auto Salon- Detailing & Wraps,Arcane Auto Salon- Detailing & Wraps,(210) 548-5371,http://arcaneautosalonsa.com/,San Antonio,"Located Storage Warehouse, 6923 W Loop 1604 N, San Antonio, TX 78254",5,43,Car detailing service,risky,unknown,mv-verified-houston-risky-2026-04-20,ChIJTSVwT2ZpXIYRIqWAYvzNCiA,1
catherine@austinnewchurch.com,Austin,New Church,Austin New Church,,http://www.austinnewchurch.com/,Austin,"2701 S Lamar Blvd, Austin, TX 78704",4.5,43,United Methodist church,risky,catch_all,mv-verified-houston-risky-2026-04-20,ChIJpa-lh6tNW4YRe5Uq-N1ScDY,1
keith@decksteriors.com,"Decksteriors,",LLC,"Decksteriors, LLC",(210) 264-6341,https://www.decksteriors.com/,,,4.8,43,Deck builder,risky,catch_all,mv-verified-houston-risky-2026-04-20,ChIJ5cHVEoiUXIYRkzGZgc_5Rfg,1
info@everythingcleanservices.com,ECS,- Everything Clean Services,ECS - Everything Clean Services,(214) 586-3056,https://www.everythingcleanservices.com/,,,4.9,43,House cleaning service,risky,catch_all,mv-verified-houston-risky-2026-04-20,ChIJDZIzDA9sOAURiO3Cw_LzXxg,1
info@entandallergy.com,ENT,& Allergy Associates of Texas - Town & Country,ENT & Allergy Associates of Texas - Town & Country,(281) 649-7500,https://www.entandallergy.com/town-and-country/,Houston,"915 Gessner Rd Suite 235, Houston, TX 77024",4.8,43,Hearing aid store,risky,catch_all,mv-verified-houston-risky-2026-04-20,ChIJxzB_f1bZQIYRQTADRlyBBEM,1
inquiries@eqdepot.com,Equipment,Depot - Houston,Equipment Depot - Houston,(713) 869-6801,https://eqdepot.com/our-locations/texas/branch/houston/,Houston,"16330 Air Center Blvd, Houston, TX 77032",3.8,43,Forklift dealer,risky,catch_all,mv-verified-houston-risky-2026-04-20,ChIJvYoiCJG4QIYRq8PCqWXSQ60,1
info@jmpaintingtx.com,J&M,Painting Services,J&M Painting Services,(214) 779-2930,https://www.jmpaintingtx.com/,,,5,43,Painter,risky,catch_all,mv-verified-houston-risky-2026-04-20,ChIJOerXC-WnToYR0XJf4artczU,1
jreyna1959@aol.com,J.R.'s,Custom Decks,J.R.'s Custom Decks,(210) 566-5677,https://www.customdecksbyjr.com/,,,4.9,43,Deck builder,risky,unknown,mv-verified-houston-risky-2026-04-20,ChIJXfHeG6qTXIYR4Z_sX-xn0Rc,1
info@luckysconcreteaustin.com,Lucky's,Concrete Austin,Lucky's Concrete Austin,(737) 530-9902,https://luckysconcreteaustin.com/?utm_source=google&utm_medium=local&utm_campaign=gbp,Austin,"166 E Stassney Ln, Austin, TX 78744",4.8,43,Concrete contractor,risky,catch_all,mv-verified-houston-risky-2026-04-20,ChIJ1wn3uY2zRIYRo2f7EEpDMv8,1
info@merchant-security.com,Mike,Garcia Merchant Security,Mike Garcia Merchant Security,(915) 772-7047,http://www.merchant-security.com/,El Paso,"1200 Golden Key Cir # 129, El Paso, TX 79925",2.9,43,Security guard service,risky,catch_all,mv-verified-houston-risky-2026-04-20,ChIJF-EV7bVb54YR76WB1tOvItc,1
servisplumbing@yahoo.com,Servis,Plumbing,Servis Plumbing,(956) 378-9201,https://servisplumbingrgv.com/,,,4.7,43,Plumber,risky,unknown,mv-verified-houston-risky-2026-04-20,ChIJ-c2JGaShZYYRiftu08HyjUE,1
info@swrea.com,Southwest,Arkansas Electric,Southwest Arkansas Electric,(870) 772-2743,http://www.swrea.com/,,"2904 E 9th St, Texarkana, AR 71854",2.5,43,Electric utility company,risky,catch_all,mv-verified-houston-risky-2026-04-20,ChIJ1RUhubxrNIYR99xFy0g5m8Q,1
info@totallytidymaids.com,Totally,Tidy Maid & Janitorial Services,Totally Tidy Maid & Janitorial Services,(713) 781-3353,http://www.totallytidymaids.com/,Houston,"2626 S Loop W Suite 176, Houston, TX 77054",4.7,43,House cleaning service,risky,catch_all,mv-verified-houston-risky-2026-04-20,ChIJo0oHT9rDQIYRCMSd9BdaKfM,1
900621.lead.lag.100661315@leads.leadrouter.com,Geyden,"Sage, Dallas Sage Real Estate | East Dallas Realty","Geyden Sage, Dallas Sage Real Estate | East Dallas Realty",(214) 563-1608,https://www.eastdallasrealty.com/,Dallas,"6301 Gaston Ave #440, Dallas, TX 75214",5,42,Real estate agency,risky,catch_all,mv-verified-houston-risky-2026-04-20,ChIJ8-FTnnGfToYRJwqsLUJadGo,1
office@iimaalamoheights.com,Immersion,Montessori Academy,Immersion Montessori Academy,(210) 272-0658,https://iimaeducation.com/,San Antonio,"11102 West Ave, San Antonio, TX 78213",5,42,Day care center,risky,unknown,mv-verified-houston-risky-2026-04-20,ChIJ0RGTPPxhXIYRvsmdcMCMWZ4,1
info@intrepidelec.com,Intrepid,Electric Inc,Intrepid Electric Inc,(325) 651-1972,https://www.intrepidelec.com/,San Angelo,"511 Glenna St, San Angelo, TX 76901",4.7,42,Electrician,risky,catch_all,mv-verified-houston-risky-2026-04-20,ChIJQQu-aqunV4YR3CXG1l9juEo,1
johnnystreeservice@yahoo.com,Johnny's,Tree Service,Johnny's Tree Service,(214) 929-0836,https://johnnystreeservice.net/,Dallas,"2522 Childs St, Dallas, TX 75203",4.8,42,Tree service,risky,unknown,mv-verified-houston-risky-2026-04-20,ChIJWUReiEuYToYRiOG1gj_DsL0,1
contact@luckysconcretefortworth.com,Lucky’s,Concrete Fort Worth,Lucky’s Concrete Fort Worth,(817) 826-9798,https://luckysconcretefortworth.com/?utm_source=google&utm_medium=local&utm_campaign=gbp,Fort Worth,"2242 Forest Park Blvd, Fort Worth, TX 76110",4.8,42,Concrete contractor,risky,catch_all,mv-verified-houston-risky-2026-04-20,ChIJ2bkQxylyToYRFDqBddN3JfA,1
gary@olson-electric.com,Olson,"Electric Service, Inc.","Olson Electric Service, Inc.",(972) 709-4999,http://olsonelectricservice.com/,Duncanville,"802 Gemini Ave Suite E, Duncanville, TX 75137",4.7,42,Electrician,risky,catch_all,mv-verified-houston-risky-2026-04-20,ChIJ3_pz3yCOToYRWxlqmXpEcsU,1
youngbrostkd@yahoo.com,Young,Brothers Taekwondo,Young Brothers Taekwondo,(713) 666-6655,http://www.youngbrotherstaekwondo.com/,Houston,"4233 Bellaire Blvd, Houston, TX 77025",4.8,42,Martial arts school,risky,unknown,mv-verified-houston-risky-2026-04-20,ChIJqdgr_bnBQIYROWN6uIJB8TM,1
steve@zhcustomhomes.com,Zbranek,& Holt Custom Homes,Zbranek & Holt Custom Homes,(512) 261-0444,https://www.zhcustomhomes.com/,Austin,"2220 Lakeway Blvd #100, Austin, TX 78734",4.9,42,Custom home builder,risky,catch_all,mv-verified-houston-risky-2026-04-20,ChIJo4ptwYg5W4YRRGrRLdNwTK4,1
info@amishoftexas.com,Amish,Cabinets of Texas,Amish Cabinets of Texas,(281) 587-2663,https://amishcabinetsoftexas.com/,Houston,"14929 Stuebner Airline Rd #253, Houston, TX 77069",4.9,41,Cabinet maker,risky,catch_all,mv-verified-houston-risky-2026-04-20,ChIJV87LDePKQIYRo4GvnLe4Ju0,1
info@bellfence.com,Bell,Fence Beaumont,Bell Fence Beaumont,(409) 835-2597,http://www.bellfence.com/,Beaumont,"2725 S 11th St, Beaumont, TX 77701",4.4,41,Fence supply store,risky,catch_all,mv-verified-houston-risky-2026-04-20,ChIJ1W0HhQ3LPoYRejw9PaMq6GU,2
info@saintroccos.com,Devil's,Back Porch,Devil's Back Porch,(469) 320-9707,https://www.saintroccos.com/devils-back-porch/,Dallas,"3011 Gulden Ln, Dallas, TX 75212",4.8,41,Bar,risky,unknown,mv-verified-houston-risky-2026-04-20,ChIJhYhMySGZToYRmtbOooTRvTI,1
akosco@dreeshomes.com,Drees,Custom Homes at Enchanted Bluff,Drees Custom Homes at Enchanted Bluff,+1 210-346-9598,https://www.dreeshomes.com/new-homes-san-antonio/san-antonio/enchanted-bluff/enchanted-bluff/,San Antonio,"8287 Blue Oak Wy, San Antonio, TX 78266, United States",5,41,Custom home builder,risky,catch_all,mv-verified-houston-risky-2026-04-20,ChIJ85slfnePXIYRR6e9RxhQh28,1
catherinesmith43@umail.com,Fresh,Era Roofing Beaumont,Fresh Era Roofing Beaumont,(346) 443-5413,https://fresheraroofing.com/,Beaumont,"4879 Concord Rd, Beaumont, TX 77703",5,41,Roofing contractor,risky,catch_all,mv-verified-houston-risky-2026-04-20,ChIJyR6qBWI1OYYRJV7VPRVnzYw,1
info@inoutpestcontrol.com,IN,& OUT PEST CONTROL,IN & OUT PEST CONTROL,+1 832-434-8356,http://www.inoutpestcontrol.com/,Kingwood,"1015 Fairway Farms Ln, Kingwood, TX 77339, United States",5,41,Pest control service,risky,unknown,mv-verified-houston-risky-2026-04-20,ChIJBenLTWn7T0MROmr5rkOpcR8,1
info@littlehandsaustin.com,Little,Hands Int‘ Preschool 小小手国际幼儿园,Little Hands Int‘ Preschool 小小手国际幼儿园,(512) 919-0019,https://littlehandsaustin.com/,Austin,"8830 Cainwood Ln, Austin, TX 78729",4.7,41,Preschool,risky,catch_all,mv-verified-houston-risky-2026-04-20,ChIJMWF1PjjNRIYR3P-UoCvKYkY,1
info@loweac.com,Lowe,A/C & Heating,Lowe A/C & Heating,(936) 894-0256,http://loweac.com/,,,5,41,HVAC contractor,risky,catch_all,mv-verified-houston-risky-2026-04-20,ChIJ1bowRcfDRoYR3Gnt3cNiLjw,1
info@marcoflores.cpa,MFCPA,P.C.,MFCPA P.C.,(210) 245-5678,http://www.marcoflores.cpa/,San Antonio,"734 Sprucewood Ln, San Antonio, TX 78216",4.9,41,Certified public accountant,risky,catch_all,mv-verified-houston-risky-2026-04-20,ChIJ1YpW9p9gXIYRLUxUZXD2-R4,1
msjevent@yahoo.com,MSJ,Event- Indian wedding planner and decorator,MSJ Event- Indian wedding planner and decorator,(732) 513-7279,http://msjevent.com/,Austin,"9101 Bayshore Bend, Austin, TX 78726",5,41,Event planner,risky,unknown,mv-verified-houston-risky-2026-04-20,ChIJF-30psQzW4YRqjbK3yGRQkc,1
info@mitrowskiwelding.com,Mitrowski,"Welding Equipment, Ltd","Mitrowski Welding Equipment, Ltd",(713) 943-8032,https://www.mitrowskiwelding.com/,South Houston,"1315 College Ave, South Houston, TX 77587",4.3,41,Welding supply store,risky,catch_all,mv-verified-houston-risky-2026-04-20,ChIJWVfKf5aXQIYRmW1G1NZPXk8,1
houmqspa@marriott.com,Pure,Spa Houston,Pure Spa Houston,(346) 229-2581,https://www.purespahouston.com/?scid=feed67b0-9a2f-4de1-8df6-114544116108,Houston,"1777 Walker St, Houston, TX 77010",3.5,41,Spa,risky,catch_all,mv-verified-houston-risky-2026-04-20,ChIJkRqfwSO_QIYRPfaAcfDQ5gY,1
reyesroofingandrepair@yahoo.com,Reyes,Roofing LLC,Reyes Roofing LLC,(817) 343-3836,http://reyesroofingdfw.com/,Fort Worth,"1806 NE 33rd St, Fort Worth, TX 76106",4.6,41,Roofing contractor,risky,unknown,mv-verified-houston-risky-2026-04-20,ChIJY8CSCmN2ToYRp_qA7mNd6Ds,1
csr@stoneedge-countertops.com,Stone,Edge Countertops,Stone Edge Countertops,(281) 807-3008,http://www.stoneedge-countertops.com/,Houston,"10251 Woodedge Dr, Houston, TX 77070",4.5,41,Granite supplier,risky,catch_all,mv-verified-houston-risky-2026-04-20,ChIJp7jPl_nRQIYRf_OBatySwRQ,1
info@texasnotarygirl.com,Texas,Notary Agency,Texas Notary Agency,(512) 991-2991,http://texasnotarygirl.com/,,,5,41,Notary public,risky,catch_all,mv-verified-houston-risky-2026-04-20,ChIJo9sSVeBmK04Ro2tfS-N_4LY,1
info@texasrootsli.com,Texas,Roots LLC,Texas Roots LLC,(210) 403-3898,https://www.texasrootsli.com/,San Antonio,"9010 Aero St, San Antonio, TX 78217",4.4,41,Lawn sprinkler system contractor,risky,catch_all,mv-verified-houston-risky-2026-04-20,ChIJLRcvcbWKXIYRVuaXtyomrUc,1
info@thehaneylawfirm.com,The,Haney Law Firm,The Haney Law Firm,(512) 476-2212,http://www.thehaneylawfirm.com/,Austin,"808 W 10th St, Austin, TX 78701",5,41,Attorney,risky,catch_all,mv-verified-houston-risky-2026-04-20,ChIJOSsgIQ21RIYRW19mUefnFzw,1
hello@wanderlustbridalboutique.com,Wanderlust,Bridal Boutique,Wanderlust Bridal Boutique,(832) 307-7478,https://wanderlustbridalboutique.com/,Houston,"1902 Washington Ave J, Houston, TX 77007",4.7,41,Bridal shop,risky,unknown,mv-verified-houston-risky-2026-04-20,ChIJlTNoPcW_QIYRgDysJzSCFmI,1
garden@westendflorist.com,West,End Florist & Garden Center,West End Florist & Garden Center,(847) 251-1943,https://westendflorist.com/,,"3800 Old Glenview Rd, Evanston, IL 60201",4.6,41,Garden center,risky,unknown,mv-verified-houston-risky-2026-04-20,ChIJj-caM3HFD4gRGt9yc5TOqz4,1
aj@ajslawncaredallas.com,Aj's,Lawncare and Property Services LLC,Aj's Lawncare and Property Services LLC,(972) 885-9480,http://www.ajslawncaredallas.com/,,,4.6,40,Landscaper,risky,catch_all,mv-verified-houston-risky-2026-04-20,ChIJQ6wgrGL25AcREX6gxsVpDpY,1
beaumontchiro@sbcglobal.net,Beaumont,Chiropractic Clinic,Beaumont Chiropractic Clinic,(409) 833-3080,https://www.doctorleblanc.com/,Beaumont,"1595 Cornerstone Ct suite a, Beaumont, TX 77706",4.9,40,Chiropractor,risky,catch_all,mv-verified-houston-risky-2026-04-20,ChIJhcWgRNXMPoYRCLl57PE8Fwc,1
carrillo@carrillofuneral.com,Carrillo,Funeral Home - Dallas,Carrillo Funeral Home - Dallas,(214) 388-3300,https://www.carrillofuneralhomes.com/about/dallas-funeral-home/?utm_source=gbp,Dallas,"2615 S Buckner Blvd, Dallas, TX 75227",4.2,40,Funeral home,risky,catch_all,mv-verified-houston-risky-2026-04-20,ChIJeZZ65XKjToYRKig2ZrnN1X0,1
info@classicmediasigns.com,Classic,Media Signs,Classic Media Signs,(915) 243-7111,http://classicmediasigns.com/,Canutillo,"6844 1st St Bld. B, Canutillo, TX 79835",5,40,Sign shop,risky,catch_all,mv-verified-houston-risky-2026-04-20,ChIJeeMq8On-3YYR6numlJ5R2TQ,1
info@credentialslawnmaintenance.com,Credentials,Lawn Maintenance,Credentials Lawn Maintenance,(409) 363-9145,https://credentialslawnmaintenance.com/,Beaumont,"2260 Pecos St Apt D, Beaumont, TX 77701",4.6,40,Landscaper,risky,catch_all,mv-verified-houston-risky-2026-04-20,ChIJK7l1CU3NPoYRsHfBF-R9vCM,1
epwpressurewashers@yahoo.com,Extreme,Pressure Washers,Extreme Pressure Washers,+1 512-785-4537,http://epwpressurewashers.com/,Austin,"2215 Frate Barker Rd, Austin, TX 78748, United States",4.8,40,Pressure washing service,risky,unknown,mv-verified-houston-risky-2026-04-20,ChIJ9ZhFZLFNW4YRZRlanVdkTAQ,1
info@groundandgarden.com,Ground,& Garden,Ground & Garden,(737) 284-1576,https://www.groundandgarden.com/,,,4.9,40,Landscape designer,risky,unknown,mv-verified-houston-risky-2026-04-20,ChIJuwFuvKdLW4YR8zcDV3SGLok,1
h1cs@sbcglobal.net,Houston's,#1 Cleaning Specialist,Houston's #1 Cleaning Specialist,(713) 785-8600,http://www.h1cs.com/,Houston,"10333 Harwin Dr. #170, Houston, TX 77036",4.8,40,House cleaning service,risky,catch_all,mv-verified-houston-risky-2026-04-20,ChIJjWlakOHCQIYR0RXa20GjxlY,1
support@ightysupport.com,Ighty,IT Support LLC - Managed IT Services Dallas,Ighty IT Support LLC - Managed IT Services Dallas,(972) 200-3219,https://www.ightysupport.com/,Dallas,"2001 N Lamar St #270, Dallas, TX 75202",4.9,40,Computer support and services,risky,catch_all,mv-verified-houston-risky-2026-04-20,ChIJlVDiU0EgTIYR5CU-utu1Wt8,1
info@jhwalkertrucking.com,J,H Walker Trucking Inc,J H Walker Trucking Inc,(713) 688-8400,http://www.jhwalkertrucking.com/,Houston,"11404 Hempstead Rd, Houston, TX 77092",4.4,40,Trucking company,risky,unknown,mv-verified-houston-risky-2026-04-20,ChIJ_5JGd4DGQIYRtQDENayCO2Q,1
reception@jacksonsmc.com,Jacksons,Mosquito & Pest Control,Jacksons Mosquito & Pest Control,(214) 350-1101,https://www.jacksonsmc.com/,,,4.9,40,Pest control service,risky,catch_all,mv-verified-houston-risky-2026-04-20,ChIJuf6Voj6cToYRmLmbAXtSH-k,1
info@lddancecompany.com,LD,Dance Company,LD Dance Company,(713) 679-3726,http://www.lddancecompany.com/,Houston,"12288 Westheimer Rd #330, Houston, TX 77077",4.9,40,Dance company,risky,catch_all,mv-verified-houston-risky-2026-04-20,ChIJabgMoYHBQIYRw2pB_u2Tc9E,1
info@legacyantiques.com,Legacy,Antiques,Legacy Antiques,+1 214-748-4606,http://www.legacyantiques.com/,Dallas,"1406 Slocum St #3803, Dallas, TX 75207, United States",4.5,40,Antique furniture store,risky,catch_all,mv-verified-houston-risky-2026-04-20,ChIJqb9jH0aZToYRW2qVuJxIwN4,1
princeofthe32@sbcglobal.net,Texas,Enforcer LLC,Texas Enforcer LLC,(915) 772-4951,http://www.texasenforcerllc.com/,El Paso,"3407 Douglas Ave, El Paso, TX 79903",4.2,40,Security guard service,risky,catch_all,mv-verified-houston-risky-2026-04-20,ChIJV24cjpFZ54YRK2lfmgu1z-U,1
info@thesageoak.com,The,Sage Oak,The Sage Oak,(972) 908-9094,https://thesageoak.com/preston-hollow-south/,Dallas,"7129 Aberdeen Ave, Dallas, TX 75230",5,40,Assisted living facility,risky,catch_all,mv-verified-houston-risky-2026-04-20,ChIJ_R3sjnefToYRFfKvyacAbVU,1
info@houstontriplejsseamlessgutters.com,Triple,J's Roofing and Seamless Gutters,Triple J's Roofing and Seamless Gutters,(832) 754-7041,https://www.houstontriplejsseamlessgutters.com/,,,5,40,Gutter cleaning service,risky,unknown,mv-verified-houston-risky-2026-04-20,ChIJMyhaO3u6QIYRSo4b-HEySzk,1
info@ashelectricalservices.com,A.S.H.,"Electrical Services, LLC","A.S.H. Electrical Services, LLC",(325) 716-6696,http://www.ashelectricalservices.com/,San Angelo,"3214 Sunset Dr, San Angelo, TX 76904",4.6,39,Electrician,risky,unknown,mv-verified-houston-risky-2026-04-20,ChIJk89wvnvlV4YRFTkXL0UHta0,1
service@absolutevalueair.com,Absolute,Value AC LLC,Absolute Value AC LLC,(281) 670-8232,https://www.absolutevalueacllctx.com/,Pasadena,"5041 Spencer Hwy suite #305, Pasadena, TX 77505",4.8,39,HVAC contractor,risky,catch_all,mv-verified-houston-risky-2026-04-20,ChIJ__-r7eKhQIYRtZXyZXcSj8w,1
contact@alwayscarehh.com,Always,Care Home Health LLC,Always Care Home Health LLC,(832) 286-4161,https://alwayscarehh.com/,Houston,"16676 Northchase Dr Suite 420, Houston, TX 77060",4.9,39,Home health care service,risky,catch_all,mv-verified-houston-risky-2026-04-20,ChIJU_rCUTLJQIYReSpA3CBkE04,1
info@ptatx.com,Austin,Physical Therapy,Austin Physical Therapy,(512) 609-0771,https://www.ptatx.com/,Austin,"4201 Bee Caves Rd B106, Austin, TX 78746",4.9,39,Physical therapist,risky,catch_all,mv-verified-houston-risky-2026-04-20,ChIJrdflaMdKW4YR7P4wO0B6Gp4,1
rick@bnfpro.com,BNF,Roofing,BNF Roofing,(281) 729-0386,https://bnfroofing.com/humble-tx,Humble,"2135 S Houston Ave, Humble, TX 77396",4.9,39,Roofing contractor,risky,catch_all,mv-verified-houston-risky-2026-04-20,ChIJ8znOeZgzjoARb83ZrzRvLLg,1
divinelectric@comcast.net,Divin,"Electrical Services, Inc.","Divin Electrical Services, Inc.",(713) 468-6187,https://divinelectric.com/,Houston,"1800 Sherwood Forest St # C4, Houston, TX 77043",4.6,39,Electrician,risky,unknown,mv-verified-houston-risky-2026-04-20,ChIJXzPZRSPbQIYRR7xOdkn0wKg,1
info@donerightconstructionllc.com,Done,Right Concrete,Done Right Concrete,(210) 787-0675,https://donerightconstructionllc.com/contact/,San Antonio,"9607 Marsh Straw, San Antonio, TX 78254",4.9,39,Concrete contractor,risky,catch_all,mv-verified-houston-risky-2026-04-20,ChIJc-4733RrXIYRFdXCo9cpm94,1
info@dynamicdieseltx.com,Dynamic,"Diesel & Auto Repair, LLC.","Dynamic Diesel & Auto Repair, LLC.",(936) 228-4681,http://www.dynamicdieseltx.com/,Nacogdoches,"901 Industrial Dr, Nacogdoches, TX 75964",4.4,39,Diesel engine repair service,risky,unknown,mv-verified-houston-risky-2026-04-20,ChIJczOVJ8WLN4YReUdVothGW14,1
karnowskico@sbcglobal.net,Karnowski,Electric Co,Karnowski Electric Co,(361) 575-1872,http://karnowskielectric.com/,Victoria,"902 E North St, Victoria, TX 77901",4.9,39,Electrician,risky,catch_all,mv-verified-houston-risky-2026-04-20,ChIJR_pE8cVmQoYRc1J37KHsWyE,1
layton_insurance@yahoo.com,Layton,Insurance Agency,Layton Insurance Agency,(409) 892-9511,http://laytoninsagency.com/,Beaumont,"2620 N 11th St, Beaumont, TX 77703",4.5,39,Insurance agency,risky,unknown,mv-verified-houston-risky-2026-04-20,ChIJ-VPNKsg0OYYR8pH1StNUm9A,1
info@one4movers.com,One4,Movers Houston,One4 Movers Houston,(305) 979-1766,http://www.one4movers.com/,Katy,"29438 Cayman Cyn Wy, Katy, TX 77494",5,39,Mover,risky,catch_all,mv-verified-houston-risky-2026-04-20,ChIJtUs7_OOxb6ERklaOTg5u82Q,1
sales@pasins.com,Pasadena,"Insurance Agency, Inc.","Pasadena Insurance Agency, Inc.",(713) 869-6991,http://www.pasins.com/,Houston,"99 Detering St #280, Houston, TX 77007",4.7,39,Insurance agency,risky,catch_all,mv-verified-houston-risky-2026-04-20,ChIJd0dMsMnAQIYROlPYUpbfURU,1
info@perrysplumbing.net,Perry’s,Plumbing,Perry’s Plumbing,(979) 826-2683,http://perrysplumbing.net/,Hempstead,"45501 Old Houston Hwy, Hempstead, TX 77445",4.7,39,Plumber,risky,catch_all,mv-verified-houston-risky-2026-04-20,ChIJ-byYsKPLRoYROSKY-WiRDwo,1
riddelllandon@yahoo.com,Plumb,Tex,Plumb Tex,(469) 688-2101,https://www.plumbtex.org/,,,4.7,39,Plumber,risky,unknown,mv-verified-houston-risky-2026-04-20,ChIJszlLCG2tToYRxM_sbsjoSaI,1
info@proledge.com,ProLedge,"Bookkeeping Services, Austin","ProLedge Bookkeeping Services, Austin",(512) 761-5051,http://www.proledge.com/austin,Austin,"1250 S Capital of Texas Hwy Bldg III, Suite 400, Austin, TX 78746",4.7,39,Bookkeeping service,risky,catch_all,mv-verified-houston-risky-2026-04-20,ChIJJ3YAzIhKW4YRtP6HBQ0lSuM,4
info@roofingondemand.com,Roofing,On Demand,Roofing On Demand,(409) 965-5555,http://roofingondemand.com/,Beaumont,"2050 N 11th St, Beaumont, TX 77703",4.9,39,Roofing contractor,risky,catch_all,mv-verified-houston-risky-2026-04-20,ChIJGQ33xcQ1OYYRBuiJwa1_ReA,1
info@southernstandardhouston.com,Southern,Standard,Southern Standard,(713) 570-6713,http://southernstandardhouston.com/,Houston,"14775 Memorial Dr, Houston, TX 77079",5,39,Caterer,risky,catch_all,mv-verified-houston-risky-2026-04-20,ChIJu1H1HGLFQIYR9GetLtwxovM,1
info@texasouthouse.com,Texas,Outhouse,Texas Outhouse,(713) 785-8050,https://www.texasouthouse.com/,Houston,"950 McCarty St Building A, Houston, TX 77029",4.1,39,Portable toilet supplier,risky,unknown,mv-verified-houston-risky-2026-04-20,ChIJMVRFfnS8QIYRQqtoQo7FHig,1
info@thetexasoasis.com,The,Texas Oasis RV Park and Campground,The Texas Oasis RV Park and Campground,(512) 791-0677,https://thetexasoasis.com/,Fannin,"29 FM 2987, Fannin, TX 77960",4.5,39,Campground,risky,catch_all,mv-verified-houston-risky-2026-04-20,ChIJQxMgubuPQoYRqlAuJlZcAHU,1
aaagutterco@att.net,AAA,Gutter Company,AAA Gutter Company,(713) 468-4351,http://aaagutterco.com/,Houston,"9402-A, 9402 Hammerly Blvd, Houston, TX 77080",4.8,38,Gutter cleaning service,risky,catch_all,mv-verified-houston-risky-2026-04-20,ChIJIWlJfG3FQIYR0ymizwtxo6Y,1
actaire@sbcglobal.net,Action,Aire Air Conditioning & Heating,Action Aire Air Conditioning & Heating,(800) 924-4544,http://www.actionaireac.com/,Brownsville,"6460 Butler Rd, Brownsville, TX 78520",4,38,Air conditioning contractor,risky,catch_all,mv-verified-houston-risky-2026-04-20,ChIJl-MI2c6Qb4YRIvP_PJPo5UI,1
info@dallaslandscapeandirrigation.com,Dallas,Landscape Inc.,Dallas Landscape Inc.,(214) 755-8398,http://www.dallaslandscapeandirrigation.com/,Dallas,"6162 E Mockingbird Ln #122, Dallas, TX 75214",4.4,38,Lawn sprinkler system contractor,risky,catch_all,mv-verified-houston-risky-2026-04-20,ChIJRbeejkEdTIYR1qtqOWUSNbc,1
elite.eventplanning@yahoo.com,Elite,Event Planning,Elite Event Planning,(210) 426-1998,http://www.elite-eventplanning.com/,San Antonio,"1868 Grandstand Dr, San Antonio, TX 78238",4.9,38,Event planner,risky,unknown,mv-verified-houston-risky-2026-04-20,ChIJqSjhgZ5dXIYRqyFDctJAr9w,1
info@firstclassplumbing.org,First,Class Plumbing,First Class Plumbing,(409) 227-0423,https://www.firstclassplumbing.org/,Lumberton,"55 W Chance Cutoff Suite 600, Lumberton, TX 77657",4.9,38,Plumber,risky,catch_all,mv-verified-houston-risky-2026-04-20,ChIJQX76m_kxOYYR9US94c7BBrs,1
info@inbloominc.com,In,Bloom,In Bloom,(713) 523-3553,http://www.inbloominc.com/,Houston,"814 Fairview St, Houston, TX 77006",4.6,38,Florist,risky,catch_all,mv-verified-houston-risky-2026-04-20,ChIJ9QyemWC_QIYRpQjKnU4xrkA,1
info@nextgenmtg.com,NextGen,Mortgage Innovation,NextGen Mortgage Innovation,(210) 960-0727,http://nextgenmtg.com/,San Antonio,"5152 Fredericksburg Rd Suite 200B, San Antonio, TX 78229",4.9,38,Mortgage broker,risky,catch_all,mv-verified-houston-risky-2026-04-20,ChIJcxgvgRpgXIYRLlJbpwPDVEY,1
info@porcelanosa.com,PORCELANOSA,Houston,PORCELANOSA Houston,(281) 605-2770,https://www.porcelanosa.com/us/,Houston,"4006 Richmond Ave, Houston, TX 77027",4.1,38,Tile store,risky,catch_all,mv-verified-houston-risky-2026-04-20,ChIJCYZjjATBQIYRa3Nw0rExKqg,1
info@ricartinsurance.com,Ricart,Insurance Agency Inc.,Ricart Insurance Agency Inc.,(469) 759-9802,http://www.ricartinsurance.com/,Dallas,"2911 Turtle Creek Blvd # 300, Dallas, TX 75219",5,38,Insurance agency,risky,catch_all,mv-verified-houston-risky-2026-04-20,ChIJFQGv1s2eToYRlozy0XX9Wmk,1
rosesaccounting@yahoo.com,Rose's,Tax and Business Service,Rose's Tax and Business Service,(915) 821-4569,http://www.rosestaxelpaso.com/,El Paso,"10710 Gateway N Blvd Ste B9, El Paso, TX 79924",4.4,38,Tax preparation service,risky,unknown,mv-verified-houston-risky-2026-04-20,ChIJe3e2ePZT54YRtuZXQDhu0lQ,1
info@summitfiresecurity.com,Summit,Fire & Security,Summit Fire & Security,(817) 842-1220,https://summitfiresecurity.com/locations/dallas-ft-worth/,Mansfield,"1203 S 2nd Ave, Mansfield, TX 76063",3.5,38,Fire protection service,risky,catch_all,mv-verified-houston-risky-2026-04-20,ChIJNfl_W_dgToYRxlrtChZQy3k,2
info@woodfloorsofdallas.com,Wood,Floors of Dallas,Wood Floors of Dallas,(972) 525-0026,http://woodfloordallas.com/,Lewisville,"1550 N Kealy Ave Building 2, Suite A, Lewisville, TX 75057",4.9,38,Flooring store,risky,catch_all,mv-verified-houston-risky-2026-04-20,ChIJlwI49zEvTIYRns9FT_j4gF4,1
hello@36thstreetevents.com,36th,Street Events,36th Street Events,(512) 993-6282,http://www.36thstreetevents.com/,,,5,37,Event planner,risky,catch_all,mv-verified-houston-risky-2026-04-20,ChIJDXGyOYtMW4YRSr4HhwsSViQ,1
info@aaa-pest.com,AAA,Pest Control Inc,AAA Pest Control Inc,(915) 233-3520,https://www.aaa-pest.com/,El Paso,"4008 Tierra Santa Pl, El Paso, TX 79922",4.5,37,Pest control service,risky,unknown,mv-verified-houston-risky-2026-04-20,ChIJW5GCqzr43YYRqW8MyCt7bTI,1
info@carpetvilla.com,CARPET,VILLA FLOORS & AREA RUGS,CARPET VILLA FLOORS & AREA RUGS,(281) 587-9949,https://carpetvilla.com/,Houston,"6486 Cypress Creek Pkwy, Houston, TX 77069",4.9,37,Flooring store,risky,unknown,mv-verified-houston-risky-2026-04-20,ChIJ2-JyOEPMQIYRbjgOW92bsDQ,1
ksplumbingcontractors@yahoo.com,Capital,Plumbing TX,Capital Plumbing TX,(409) 745-1387,http://capitalplumbingtx.com/,Orange,"9399 TX-12, Orange, TX 77632",4.5,37,Plumber,risky,unknown,mv-verified-houston-risky-2026-04-20,ChIJLRPfLPRROYYRLceOzzYsYDI,1
info@copperfieldplumbingservices.com,Copperfield,Plumbing Services,Copperfield Plumbing Services,(512) 667-6776,http://copperfieldplumbingservices.com/,San Marcos,"1101 Thorpe Ln Suite 105-118, San Marcos, TX 78666",4.8,37,Plumber,risky,catch_all,mv-verified-houston-risky-2026-04-20,ChIJf5a65JGpXIYR3eLk7k8ah3o,1
mccollumsupholstery@yahoo.com,McCollum's,Upholstery,McCollum's Upholstery,(281) 444-7707,http://mccollumsupholstery.com/,Houston,"6705 Cypress Creek Pkwy suite b, Houston, TX 77069",4.7,37,Upholstery shop,risky,unknown,mv-verified-houston-risky-2026-04-20,ChIJHZH1rTTMQIYRTz6ACJ0DgJ0,1
info@milesit.com,Miles,IT,Miles IT,(856) 439-0999,https://www.milesit.com/?utm_source=gmb&utm_medium=organic&utm_campaign=fort-worth-tx,Fort Worth,"841 Woodridge Dr, Fort Worth, TX 76120",5,37,Computer support and services,risky,catch_all,mv-verified-houston-risky-2026-04-20,ChIJ__8TfBZ8ToYRJlK2GUS-gAc,1
info@nationalspecialforce.com,National,Special Force LLC,National Special Force LLC,(817) 719-1300,http://nationalspecialforce.com/,Fort Worth,"4500 Mercantile Plaza Suite 300, Fort Worth, TX 76137",4.9,37,Security guard service,risky,catch_all,mv-verified-houston-risky-2026-04-20,ChIJ-bbL-Vd3ToYRpmiL_kZ-30A,1
%20ccracingtx7@yahoo.com,Over,the Top Roofing,Over the Top Roofing,(940) 391-6773,https://ntxroofs.com/,Denton,"2025 Lake Crest Ln, Denton, TX 76208",4.6,37,Roofing contractor,risky,unknown,mv-verified-houston-risky-2026-04-20,ChIJnYWP2OU1TIYRK56COqA-PxA,1
info@reeldentistry.com,Reel,Family Dentistry,Reel Family Dentistry,(325) 653-1385,http://www.reeldentistry.com/,San Angelo,"1325 S Abe St, San Angelo, TX 76903",3.7,37,Dentist,risky,catch_all,mv-verified-houston-risky-2026-04-20,ChIJbwHRU4rlV4YRq55DQcKx-Sg,1
chad@riveroaksgym.com,River,Oaks Gym,River Oaks Gym,(713) 528-4600,https://riveroaksgym.com/,Houston,"1937 W Gray St UNIT 200, Houston, TX 77019",4.3,37,Gym,risky,catch_all,mv-verified-houston-risky-2026-04-20,ChIJHfgQv7zAQIYRb6QlE4brfmI,1
info@thearrangement.com,The,Arrangement,The Arrangement,(214) 748-4540,http://www.thearrangement.com/,Dallas,"13710 Dallas Pkwy C, Dallas, TX 75240",4.5,37,Furniture store,risky,catch_all,mv-verified-houston-risky-2026-04-20,ChIJ83zPGtkgTIYRfCpyL07N9G8,1
customerservice@5mplumbing.com,5M,Plumbing,5M Plumbing,(713) 254-1088,https://www.5mplumbingtx.com/,,,4.6,36,Plumber,risky,catch_all,mv-verified-houston-risky-2026-04-20,ChIJvwyv6aOIQIYRFsoK-L80eZ0,1
arif@aa-cpatax.com,AA,CPA Tax Strategies LLC,AA CPA Tax Strategies LLC,(512) 474-1778,http://www.aa-cpatax.com/,Austin,"3301 Northland Dr #330, Austin, TX 78731",4.7,36,Certified public accountant,risky,catch_all,mv-verified-houston-risky-2026-04-20,ChIJ61dz-ka1RIYR-vByZ7OsooI,1
akvplumbing@yahoo.com,AKV,PLUMBING CO,AKV PLUMBING CO,(903) 872-3171,https://www.akvplumbing.com/,,,3.2,36,Plumber,risky,unknown,mv-verified-houston-risky-2026-04-20,ChIJVcRyFPEuT4YR9B3AuNxzJdU,1
info@clouditaustin.com,CloudIT,Austin,CloudIT Austin,(716) 525-8272,https://www.clouditaustin.com/,Austin,"15310 Storm Dr unit 201, Austin, TX 78734",5,36,Computer service,risky,catch_all,mv-verified-houston-risky-2026-04-20,ChIJyziFw1Rd04kRcX6iKxIHqtw,1
info@geclawns.com,Green,Earth Conservation Lawns,Green Earth Conservation Lawns,(512) 430-1228,https://geclawns.com/,Austin,"11416 Naples Cove, Austin, TX 78739",4.9,36,Lawn care service,risky,catch_all,mv-verified-houston-risky-2026-04-20,ChIJZ_O3qM9OW4YRWu-JOLpLqN0,1
info@houstonmedicalclinic.com,Houston,Medical Clinic,Houston Medical Clinic,(713) 272-6688,http://www.houstonmedicalclinic.com/,Houston,"9889 Bellaire Blvd Ste E219A, Houston, TX 77036",4.2,36,Medical clinic,risky,catch_all,mv-verified-houston-risky-2026-04-20,ChIJkwHpHs_CQIYRaKcgaXFVTrk,1
info@koetterfire.com,Koetter,Fire Protection Services,Koetter Fire Protection Services,(214) 358-3593,http://www.koetterfire.com/,Dallas,"10351 Olympic Dr, Dallas, TX 75220",4.4,36,Fire protection service,risky,catch_all,mv-verified-houston-risky-2026-04-20,ChIJFdmp7AydToYRXw7eVx8NuGE,1
lanevlplumbing@yahoo.com,Lane,"VL Plumbing, LLC","Lane VL Plumbing, LLC",(940) 735-5434,https://lanevlplumbing.com/,,,5,36,Plumber,risky,unknown,mv-verified-houston-risky-2026-04-20,ChIJE5Co04K1TYYR-r7MuHpLRhE,1
mcgilberrymech@sbcglobal.net,McGilberry,"Mechanical Heating & Cooling, Inc.","McGilberry Mechanical Heating & Cooling, Inc.",(936) 291-2640,https://mcgilberrymechanical.com/?utm_source=google&utm_medium=organic&utm_campaign=gbp,Huntsville,"1618 SH 30, Huntsville, TX 77320",4.8,36,HVAC contractor,risky,catch_all,mv-verified-houston-risky-2026-04-20,ChIJrxvibtYJR4YRYpBC83FI2Y0,1
info@nealcomedy.com,Neal,Rosen | Corporate Comedian,Neal Rosen | Corporate Comedian,(832) 647-7311,https://www.nealcomedy.com/?utm_source=GBP&utm_medium=organic&utm_campaign=office,Houston,"10611 Atwell Dr, Houston, TX 77096",5,36,Comedy club,risky,catch_all,mv-verified-houston-risky-2026-04-20,ChIJaZNpFwng9w4RoqVzcGmjcJQ,1
info@nguyenandmaliklaw.com,Nguyen,"& Malik, PLLC","Nguyen & Malik, PLLC",(713) 485-0781,https://www.nguyenandmaliklaw.com/?npcmp=dir:local:5233521:77002,Houston,"801 Congress St Suite 280, Houston, TX 77002",4.9,36,Family law attorney,risky,catch_all,mv-verified-houston-risky-2026-04-20,ChIJfeOxujfdQIYRNXThqHA9Awo,1
tx185@postnet.com,PostNet,,PostNet,(713) 526-8890,https://locations.postnet.com/tx/houston/2726-bissonnet-st,Houston,"2726 Bissonnet St #240, Houston, TX 77005",4.6,36,Print shop,risky,catch_all,mv-verified-houston-risky-2026-04-20,ChIJuzkvOvbAQIYRmupjYLCbPvk,1
jakedavidson21@yahoo.com,Unclog,Plumber Dallas,Unclog Plumber Dallas,(469) 202-4539,http://unclogplumberdallastx.com/,Dallas,"418A N Tyler St, Dallas, TX 75208",5,36,Plumber,risky,unknown,mv-verified-houston-risky-2026-04-20,ChIJYfhjPpSbToYRFgdVAxOLf_E,1
rudy.bustamante@yahoo.com,1213,Plumbing,1213 Plumbing,(806) 782-7454,https://1213plumbing.com/,Lubbock,"1933 70th St, Lubbock, TX 79412",5,35,Plumber,risky,unknown,mv-verified-houston-risky-2026-04-20,ChIJjzaOSuvP2ogR7Kt_Nm-f84U,1
info@americandreamroofs.com,American,Dream Roofs Friendswood,American Dream Roofs Friendswood,(281) 801-9575,https://americandreamroofs.com/friendswood-tx,Friendswood,"1102 S Friendswood Dr #102, Friendswood, TX 77546",5,35,Roofing contractor,risky,catch_all,mv-verified-houston-risky-2026-04-20,ChIJEV-VjvoJEYgR472-tuLArEk,1
myrna.binion@yahoo.com,Binion,Plumbing,Binion Plumbing,(817) 613-7883,http://binionplumbing.com/,Weatherford,"2703 Suzanne Trail, Weatherford, TX 76087",3.9,35,Plumber,risky,unknown,mv-verified-houston-risky-2026-04-20,ChIJl9V9y0MBToYRW9XHkEGcFu4,1
churchwellplum3@aol.com,Churchwell,Plumbing,Churchwell Plumbing,(806) 744-4939,http://www.churchwellplumbing.com/,Lubbock,"8807 Urbana Ave, Lubbock, TX 79424",4.3,35,Plumber,risky,unknown,mv-verified-houston-risky-2026-04-20,ChIJaViA7Ihz_oYRPuc27SNs1Mo,1
info@cityelectricsupply.com,City,Electric Supply Marble Falls,City Electric Supply Marble Falls,(830) 693-4715,https://www.cityelectricsupply.com/branches/tx/marble-falls/marble-falls,Marble Falls,"708 Industrial Blvd, Marble Falls, TX 78654",4.8,35,Electrical supply store,risky,catch_all,mv-verified-houston-risky-2026-04-20,ChIJxZynrN8cW4YR54nRWK_80po,17
info@elpasotrenchlesssolutions.com,El,Paso Trenchless Solutions,El Paso Trenchless Solutions,(915) 269-7940,http://elpasotrenchlesssolutions.com/?utm_source=gmb&utm_medium=organic&utm_campaign=elpaso,El Paso,"11200 Montwood Dr, El Paso, TX 79936",4.9,35,Plumber,risky,catch_all,mv-verified-houston-risky-2026-04-20,ChIJ55tn04xE54YRyDnB4WXpApI,1
epfinestsec915@yahoo.com,El,"Paso's Finest Security Company, LLC","El Paso's Finest Security Company, LLC",(915) 355-8694,https://eptxfinestsecurity.com/,El Paso,"1790 Lee Trevino Dr #407, El Paso, TX 79936",2.1,35,Security service,risky,unknown,mv-verified-houston-risky-2026-04-20,ChIJYyOaiZRE54YRpjXZGURC8aY,1
info@harveyhvac.com,Harvey,Heating and Air Conditioning,Harvey Heating and Air Conditioning,(432) 274-2828,https://www.harveyhvac.com/?utm_source=gmb&utm_medium=organic&utm_campaign=gmb,Odessa,"7151 Faudree Rd Suite 3043, Odessa, TX 79762",5,35,HVAC contractor,risky,catch_all,mv-verified-houston-risky-2026-04-20,ChIJhTBc1LfP-4YRuMbStEJdhgM,1
ichibantrophy@sbcglobal.net,Ichi-Ban,Trophy & Engraving,Ichi-Ban Trophy & Engraving,(281) 487-5999,http://www.ichibantrophy.com/,Pasadena,"2737 Preston Ave, Pasadena, TX 77503",4.9,35,Trophy shop,risky,catch_all,mv-verified-houston-risky-2026-04-20,ChIJ33nL1uyYQIYRqrFT4TmK52M,1
info@paragonprep.com,Paragon,Prep Preschool - Austin,Paragon Prep Preschool - Austin,(513) 995-7684,https://www.paragonprep.com/preschools/tx/austin/houston-st/?utm_medium=directory&utm_source=gmb&utm_campaign=profile&utm_content=website,Austin,"831 Houston St, Austin, TX 78756",4.9,35,Preschool,risky,catch_all,mv-verified-houston-risky-2026-04-20,ChIJL9p3l0LKRIYRCoV6NVzyO0k,1
info@qtmsolar.com,Quantum,"Solar Power, LLC","Quantum Solar Power, LLC",(915) 201-3875,http://www.qtmsolar.com/,El Paso,"4312 Rosa Ave, El Paso, TX 79905",4.5,35,Solar energy system service,risky,catch_all,mv-verified-houston-risky-2026-04-20,ChIJp2UIWTNX54YR1mhuKs4vIwg,1
admin@usprotectiveservices.us,United,States Protective Services,United States Protective Services,(469) 372-2108,https://www.uspservices.org/,Dallas,"8701 John W. Carpenter Fwy Ste 130, Dallas, TX 75247",4.3,35,Security guard service,risky,catch_all,mv-verified-houston-risky-2026-04-20,ChIJ2-Z_hQOdToYRIoYcFPKzDM8,1
aaa-air-conditioning-1835@podium.email,AAA,"Air Conditioning, Inc.","AAA Air Conditioning, Inc.",(361) 578-3846,https://www.aaa-ac.net/,Victoria,"1835 Coletoville Rd, Victoria, TX 77905",4.8,34,Air conditioning contractor,risky,catch_all,mv-verified-houston-risky-2026-04-20,ChIJhSThJniJQoYR4pP1G-jOPNc,1
info@abccopyco.com,ABC,Copy Co,ABC Copy Co,(512) 250-1200,http://www.abccopyco.com/,Austin,"10321 Burnet Rd Suite A, Austin, TX 78757",4.9,34,Print shop,risky,catch_all,mv-verified-houston-risky-2026-04-20,ChIJqTomaCnNRIYR7u8Dl124l00,1
info@allinthedetails.events,All,In The Details Events,All In The Details Events,(210) 865-6150,http://allinthedetails.events/,San Antonio,"16845 Blanco Rd #205, San Antonio, TX 78232",4.6,34,Wedding planner,risky,catch_all,mv-verified-houston-risky-2026-04-20,ChIJ-UuyMAphXIYRfvu3zHXvIos,1
roncoleman25@yahoo.com,Austin,Financial Wallstreet Tax Service,Austin Financial Wallstreet Tax Service,(512) 387-7620,https://www.austinfinancialwallstreet.com/,Austin,"1005 N Congress Ave #925, Austin, TX 78701",5,34,Tax preparation service,risky,unknown,mv-verified-houston-risky-2026-04-20,ChIJPS3qfvO1RIYRabqreUO_iMw,1
info@aigtexas.com,Austin,Insurance Group / Authorized Progressive Agent,Austin Insurance Group / Authorized Progressive Agent,(512) 339-2900,http://www.aigtexas.com/,Austin,"2521 Rutland Dr # 150, Austin, TX 78758",4.6,34,Insurance agency,risky,catch_all,mv-verified-houston-risky-2026-04-20,ChIJ1XMQ8Y3LRIYRWbAJ1ayyFAQ,1
admin@austinpropertyinspections.com,Austin,Property Inspections,Austin Property Inspections,(512) 848-3523,http://www.austinpropertyinspections.com/,Austin,"2600 Lake Austin Blvd #7303, Austin, TX 78703",3.9,34,Home inspector,risky,catch_all,mv-verified-houston-risky-2026-04-20,ChIJTxFV4THURIYRii0ex1t3Tqk,1
mark@cfdiscountroofing.com,C,& F Discount Roofing,C & F Discount Roofing,(940) 808-0289,http://www.cfdiscountroofing.com/,Denton,"911 Smokerise Cir, Denton, TX 76205",5,34,Roofing contractor,risky,catch_all,mv-verified-houston-risky-2026-04-20,ChIJ2xxHVks1TIYRLv4TCuY5ShI,1
info@cramersairconditioning.com,Cramer’s,Air Conditioning,Cramer’s Air Conditioning,(817) 323-9052,http://cramersairconditioning.com/,Mansfield,"8700 County Rd 530, Mansfield, TX 76063",5,34,HVAC contractor,risky,catch_all,mv-verified-houston-risky-2026-04-20,ChIJD5-SiBFhToYRJiUkxFB0GQ4,1
info@diamondpointcatering.com,Diamond,Point Catering Services,Diamond Point Catering Services,(361) 884-1399,http://www.diamondpointcatering.com/,Corpus Christi,"4434 S Padre Island Dr, Corpus Christi, TX 78411",3.9,34,Caterer,risky,catch_all,mv-verified-houston-risky-2026-04-20,ChIJoQTM4FZeaIYRroQFjSIZBlc,1
support@fairwinds.vet,Fair,Winds Senior Pet Care,Fair Winds Senior Pet Care,(832) 507-9007,https://fairwinds.vet/,,,5,34,Veterinarian,risky,catch_all,mv-verified-houston-risky-2026-04-20,ChIJ86EDG7idP4YReRNbY9d8ITY,1
info@insureitfast.com,Hall,"Insurance Agency, Inc.","Hall Insurance Agency, Inc.",(817) 281-0125,https://www.insureitfast.com/,Fort Worth,"5421 Basswood Blvd #780, Fort Worth, TX 76137",4.9,34,Insurance agency,risky,catch_all,mv-verified-houston-risky-2026-04-20,ChIJF-KtACcNToYRNGhNm4TFQKc,1
info@highpointtreecare.com,Highpoint,"Tree Care | Tree Service & Tree Removal The Woodlands, TX","Highpoint Tree Care | Tree Service & Tree Removal The Woodlands, TX",(832) 879-3373,https://highpointtreecare.com/tree-services-thewoodlands/,Conroe,"51 New Dawn Pl, Conroe, TX 77385",4.8,34,Tree service,risky,catch_all,mv-verified-houston-risky-2026-04-20,ChIJq6qqqhoxR4YRGQ-meGkxNMU,1
houstonhvacexpress@yahoo.com,Houston,HVAC Express,Houston HVAC Express,(832) 883-7474,http://www.houstonhvacexpress.com/,Houston,"8119 Golf Green Cir, Houston, TX 77036",4.9,34,HVAC contractor,risky,unknown,mv-verified-houston-risky-2026-04-20,ChIJpbVfw1HHQIYRXKrfbEQ1mKg,1
office@landvisions.com,Landvisions,,Landvisions,(903) 581-1733,http://www.landvisions.com/,Tyler,"13032 County Rd 192, Tyler, TX 75703",5,34,Landscaper,risky,catch_all,mv-verified-houston-risky-2026-04-20,ChIJB-gligfLSYYRMOS91uP1hRE,1
info@castilloattorney.com,Law,Office of Damian Castillo,Law Office of Damian Castillo,(432) 570-9939,http://www.castilloattorney.com/,Midland,"4305 N Garfield St # 222, Midland, TX 79705",4.5,34,Estate litigation attorney,risky,catch_all,mv-verified-houston-risky-2026-04-20,ChIJhyPIxX3Y-4YR5CME4obTvmI,1
info@thereinerlaw.com,Law,"Office of Scott D. Reiner, PLLC","Law Office of Scott D. Reiner, PLLC",(832) 380-8700,https://thereinerlaw.com/,Houston,"1004 Prairie St, Houston, TX 77002",4.4,34,Law firm,risky,catch_all,mv-verified-houston-risky-2026-04-20,ChIJL5OIRiW_QIYRCHNm9ZICD1c,1
info@linyecpa.com,Lin,Ye CPA LLC,Lin Ye CPA LLC,(832) 813-5095,http://www.linyecpa.com/,The Woodlands,"25211 Grogans Mill Rd #180, The Woodlands, TX 77380",4.9,34,Certified public accountant,risky,catch_all,mv-verified-houston-risky-2026-04-20,ChIJt4ttIsQ2R4YRnmgOE4hAaoY,1
ricardo.jauregui@lwcfortworth.com,Living,Water Church,Living Water Church,(817) 738-9917,http://www.lwcfortworth.com/,Fort Worth,"109 S Roberts Cut Off Rd, Fort Worth, TX 76114",4.6,34,Assemblies of God church,risky,catch_all,mv-verified-houston-risky-2026-04-20,ChIJP_mz-nlzToYRRGSt1v2N1XU,1
mthoustonmarine@sbcglobal.net,Mt,Houston Marine Inc,Mt Houston Marine Inc,(281) 447-7689,http://mhmboats.com/,Houston,"203 W Mt Houston Rd, Houston, TX 77037",4.3,34,Boat dealer,risky,catch_all,mv-verified-houston-risky-2026-04-20,ChIJPY7cGiXIQIYRIihHg_afGpU,1
info@northsideinstx.com,Northside,Insurance Agency,Northside Insurance Agency,(817) 626-3100,http://www.northsideinstx.com/,Fort Worth,"1237 Lincoln Ave, Fort Worth, TX 76164",4.2,34,Insurance agency,risky,catch_all,mv-verified-houston-risky-2026-04-20,ChIJM2TmT1VxToYR4O7FOPOjiUQ,1
info@tilesquarehouston.com,Tile,Square,Tile Square,(713) 773-9995,http://www.tilesquarehouston.com/,Houston,"9730 Southwest Fwy, Houston, TX 77074",4.9,34,Tile store,risky,unknown,mv-verified-houston-risky-2026-04-20,ChIJfYuApKDCQIYRVnBnENIKt6A,1
info@adamselectricalservices.net,Adams,Electrical Services,Adams Electrical Services,(281) 357-8078,https://www.adamselectricalservices.net/?utm_source=google&utm_medium=organic&utm_campaign=gmb-page,,,4.9,33,Electrician,risky,catch_all,mv-verified-houston-risky-2026-04-20,ChIJj3PDsosrR4YRfP8GrsHxjQY,1
info@austexlandscapetx.com,Austex,Landscape,Austex Landscape,(806) 470-1974,https://austexlandscapetx.com/,,,4.9,33,Landscape designer,risky,catch_all,mv-verified-houston-risky-2026-04-20,ChIJT2xJy_oM_oYRZRfWSNTXRyk,1
patrick@austinpcbuilders.com,Austin,PC Builders & IT Services,Austin PC Builders & IT Services,(737) 279-4465,https://www.austinpcbuilderstx.com/,Austin,"2624 W William Cannon Dr Suite B, Austin, TX 78745",4.9,33,Computer repair service,risky,catch_all,mv-verified-houston-risky-2026-04-20,ChIJoZ1wkXBLW4YRylXb9B3_mC0,1
info@bigsunsolar.com,Big,Sun Solar,Big Sun Solar,(210) 960-2303,https://www.bigsunsolar.com/,San Antonio,"200 E Grayson St Suite 126, San Antonio, TX 78215",4.7,33,Solar energy company,risky,catch_all,mv-verified-houston-risky-2026-04-20,ChIJFRPzowdfXIYRXKTkCfuF2zc,1
info@cribuild.com,Cornerstone,Roofing,Cornerstone Roofing,(832) 221-7693,http://www.cribuild.com/,Deer Park,"2502 Solitude Ln, Deer Park, TX 77536",5,33,Roofing contractor,risky,unknown,mv-verified-houston-risky-2026-04-20,ChIJmfdFp1SfQIYRidYQK4APxF4,1
service@familyfriendsplumbing.com,Family,Friends Plumbing Service,Family Friends Plumbing Service,(817) 819-1471,http://familyfriendsplumbingservices.com/,,,5,33,Plumber,risky,catch_all,mv-verified-houston-risky-2026-04-20,ChIJz693--Ia4UgRiWoNR_et7_4,1
info@gentzlerelectric.com,Gentzler,"Electrical Services, Inc.","Gentzler Electrical Services, Inc.",(214) 341-2890,http://gentzlerelectric.com/,Dallas,"11545 Pagemill Rd, Dallas, TX 75243",4.7,33,Electrician,risky,catch_all,mv-verified-houston-risky-2026-04-20,ChIJmWDIWtMfTIYROH_jXi2jOo4,1
sales@kimbroughls.com,Kimbrough,Life Safety,Kimbrough Life Safety,(682) 252-4998,https://kimbroughls.com/,Forest Hill,"3463 Horton Rd, Forest Hill, TX 76119",4.9,33,Fire protection service,risky,catch_all,mv-verified-houston-risky-2026-04-20,ChIJkYsjC4Z9ToYRrGwN8bvPIDI,1
info@latinotravelagency.com,Latino,Travel,Latino Travel,(214) 337-1700,https://www.latinotravelagency.com/,Dallas,"617 S Hampton Rd, Dallas, TX 75208",4.8,33,Travel agency,risky,catch_all,mv-verified-houston-risky-2026-04-20,ChIJL2ZEU0eaToYRJy1d7wtsA8c,1
linksplumbingcorp@yahoo.com,Links,Plumbing Corp,Links Plumbing Corp,(214) 406-1810,http://www.linksplumbingcorp.com/,,,4.8,33,Plumber,risky,unknown,mv-verified-houston-risky-2026-04-20,ChIJjaVxUPyFToYRwa0oq6Wbr4k,1
info@prewittelectric.com,Prewitt,Electric,Prewitt Electric,(817) 616-3168,https://www.prewittelectric.com/,Richland Hills,"7456 Dogwood Park Dr, Richland Hills, TX 76118",4.8,33,Electrician,risky,catch_all,mv-verified-houston-risky-2026-04-20,ChIJxxSM_rV5ToYR88Q-POYB5y0,1
ris196519@yahoo.com,Ron's,Irving Plumbing,Ron's Irving Plumbing,(972) 399-2022,https://www.ronsirvingservice.com/,Irving,"2126 Parkside Ave, Irving, TX 75061",4.2,33,Plumber,risky,unknown,mv-verified-houston-risky-2026-04-20,ChIJcdTwP5iDToYRUl2myJkfAsQ,1
warriorheatandair@yahoo.com,WARRIOR,"HEATING AND AIR CONDITIONING, LLC","WARRIOR HEATING AND AIR CONDITIONING, LLC",(432) 634-5703,https://warriorheatandair.com/,Odessa,"1107 E 49th St, Odessa, TX 79762",5,33,HVAC contractor,risky,unknown,mv-verified-houston-risky-2026-04-20,ChIJc9UZVugL9kURQfu2RuTd8ls,1
info@waveplumbingco.com,Wave,Plumbing,Wave Plumbing,(972) 220-9283,http://www.waveplumbingco.com/,Lewisville,"1278 FM 407 # 109, Lewisville, TX 75077",4.3,33,Plumber,risky,catch_all,mv-verified-houston-risky-2026-04-20,ChIJq6o67wkyTIYR4FjW672sQsA,1
info@westernroofco.com,Western,Roof Co,Western Roof Co,+1 254-224-6167,https://www.westernroofco.com/,Waco,"4415 W Waco Dr, Waco, TX 76710, United States",5,33,Roofing contractor,risky,catch_all,mv-verified-houston-risky-2026-04-20,ChIJsaJJwqODT4YRMtlX871MN34,1
info@3croofing.com,3C,Roofing Company LLC,3C Roofing Company LLC,(281) 836-6868,http://www.3croofing.com/,Kingwood,"1525 Lakeville Dr STE 200, Kingwood, TX 77339",4.5,32,Roofing contractor,risky,unknown,mv-verified-houston-risky-2026-04-20,ChIJp54GHgDLQIYR8YntpUMOma4,1
info@abescape.com,Abescape,"Landscaping, LLC","Abescape Landscaping, LLC",(915) 307-2648,http://abescape.com/,El Paso,"12300 Gtwy Blvd E, El Paso, TX 79927",2.9,32,Landscaper,risky,catch_all,mv-verified-houston-risky-2026-04-20,ChIJtVlnne9r54YRoRs3LeAHifs,1
info@billdelagarzapc.com,Bill,De La Garza & Associates,Bill De La Garza & Associates,(281) 486-7007,http://www.billdelagarzapc.com/,Houston,"17050 El Camino Real, Houston, TX 77058",4.7,32,Law firm,risky,catch_all,mv-verified-houston-risky-2026-04-20,ChIJr6rVqFicQIYR-H37anYGnjg,1
info@cabinetrefacingdallas.com,Cabinet,Refacing Dallas,Cabinet Refacing Dallas,(469) 281-7313,https://cabinetrefacingdallas.com/,,,5,32,Cabinet maker,risky,catch_all,mv-verified-houston-risky-2026-04-20,ChIJuakCfBadToYRYtYDkNdk8Dc,1
info@erskine-mcmahon.com,Erskine,"& McMahon, LLP","Erskine & McMahon, LLP",(903) 757-8435,https://www.erskine-mcmahon.com/,Longview,"521 N Second St, Longview, TX 75601",4.8,32,Personal injury attorney,risky,catch_all,mv-verified-houston-risky-2026-04-20,ChIJ-5NYooY4NoYR1mu6J5M5nyE,1
garett@floorcenterstx.com,Floor,Centers Of Texas,Floor Centers Of Texas,(512) 487-6535,https://www.floorcentersoftexastx.com/,Austin,"7120 Burnet Rd, Austin, TX 78757",4.8,32,Flooring store,risky,catch_all,mv-verified-houston-risky-2026-04-20,ChIJIwu_WVrORIYRIIqvDdrjc9A,1
info@gravityusa.com,Gravity,Systems - Austin Managed IT Company,Gravity Systems - Austin Managed IT Company,(512) 601-8005,https://www.gravityusa.com/austin-it-services/,Austin,"8127 Mesa Dr, Austin, TX 78759",5,32,Computer service,risky,catch_all,mv-verified-houston-risky-2026-04-20,ChIJo8eJgm7LRIYRGey4icjrn4Q,2
info@metroplexcpa.com,John,G Robinson PC,John G Robinson PC,(469) 663-0199,https://metroplexcpa.com/,Dallas,"4925 Greenville Ave Suite 453, Dallas, TX 75206",5,32,Certified public accountant,risky,unknown,mv-verified-houston-risky-2026-04-20,ChIJZZIwL3GfToYRdsqx4qL9ZxE,1
info@pumptruckhouston.com,Liquid,Waste Solutions,Liquid Waste Solutions,(713) 868-1171,http://www.pumptruckhouston.com/,,,3.9,32,Cleaning service,risky,catch_all,mv-verified-houston-risky-2026-04-20,ChIJf1tV1j7bQIYRH8rgmRI3od8,1
info@millerbeaumont.com,Miller,Insurance Agency,Miller Insurance Agency,(409) 899-9531,https://www.millerbeaumont.com/,Beaumont,"7225 Eastex Fwy, Beaumont, TX 77708",4.3,32,Insurance agency,risky,unknown,mv-verified-houston-risky-2026-04-20,ChIJQxnk_XQzOYYRQfSOHJeyVnc,1
info@orderedstepslearning.com,Ordered,Steps Learning Center,Ordered Steps Learning Center,(817) 349-8400,http://www.orderedstepslearning.com/,Fort Worth,"7451 Chapel Ave Suite 7455, Fort Worth, TX 76116",4.9,32,Child care agency,risky,catch_all,mv-verified-houston-risky-2026-04-20,ChIJX6Kt3LMNToYRy9I4LR3F4tY,1
info@perrinlawfirm.com,Perrin,Law Firm,Perrin Law Firm,(281) 769-8094,https://www.perrinlawfirm.com/?utm_source=google-local&utm_medium=organic&utm_campaign=3878,Houston,"17043 El Camino Real Ste 104, Houston, TX 77058",5,32,Estate planning attorney,risky,catch_all,mv-verified-houston-risky-2026-04-20,ChIJd3DnwpadQIYR4CBOi4bc3Vc,1
info@solarsme.com,Solar,"SME, INC.","Solar SME, INC.",(214) 227-9736,http://www.solarsme.com/,Houston,"6065 Hillcroft St Suite 601, Houston, TX 77081",4.2,32,Solar energy company,risky,catch_all,mv-verified-houston-risky-2026-04-20,ChIJSwktilHDQIYRVSWcRfRCFoc,1
info@southerngreenbuilders.com,Southern,Green Builders,Southern Green Builders,(713) 917-6836,http://southerngreenbuilders.com/,Houston,"1901 Houston Ave, Houston, TX 77007",4.5,32,Custom home builder,risky,catch_all,mv-verified-houston-risky-2026-04-20,ChIJQWwdmsq4QIYRJdsDX94la6Q,1
info@twoforkscatering.com,Two,Forks Catering Company,Two Forks Catering Company,(281) 777-7855,http://www.twoforkscatering.com/,Katy,"5614 1st St, Katy, TX 77493",5,32,Caterer,risky,catch_all,mv-verified-houston-risky-2026-04-20,ChIJBxlk2EEnQYYRo-IlJOMZrHE,1
jerry@weprintdallas.com,We,Print Dallas,We Print Dallas,(972) 259-0023,https://weprintdallas.com/,Dallas,"2201 Main St #400, Dallas, TX 75201",5,32,Print shop,risky,catch_all,mv-verified-houston-risky-2026-04-20,ChIJnQJY7gskTIYRecAFMlMIwOI,1
info@aggregatetechnologies.com,Aggregate,"Technologies, Inc.","Aggregate Technologies, Inc.",(713) 322-6900,https://aggregatetechnologies.com/?utm_source=gmb&utm_medium=organic&utm_campaign=houston,Houston,"10700 Tower Oaks Blvd, Houston, TX 77070",4.8,31,Demolition contractor,risky,catch_all,mv-verified-houston-risky-2026-04-20,ChIJxdpC4vLRQIYRPTGrzzp86GA,1
connie.kalina@yahoo.com,Arnold's,Plumbing & Reroute Service,Arnold's Plumbing & Reroute Service,(361) 575-8779,https://www.arnoldsplumbingvictoria.com/,Victoria,"1536 Glascow St, Victoria, TX 77904",4.7,31,Plumber,risky,unknown,mv-verified-houston-risky-2026-04-20,ChIJ23e6hHReQoYRQVoeiBAUQLM,1
info@bomarpestcontrol.com,Bomar,Pest Control,Bomar Pest Control,(713) 952-7577,https://bomarpestcontrol.com/,Houston,"7707 Skyline Dr, Houston, TX 77063",4.7,31,Pest control service,risky,catch_all,mv-verified-houston-risky-2026-04-20,ChIJP7B8WrHDQIYRx8okN2uQ7ck,1
info@ddclawpllc.com,DDC,Law,DDC Law,(432) 222-5910,http://www.ddclawpllc.com/,Midland,"1301 W Missouri Ave, Midland, TX 79701",4.9,31,Law firm,risky,unknown,mv-verified-houston-risky-2026-04-20,ChIJcS_B3jtUEk4R4cPqSsZdILc,1
information@dancecenterofsanantonio.org,Dance,Center of San Antonio - Dance Studio & Performing Arts Classes,Dance Center of San Antonio - Dance Studio & Performing Arts Classes,(210) 462-7660,http://www.dancecenterofsanantonio.org/,San Antonio,"126 W Rector Dr Suite 120, San Antonio, TX 78216",4.6,31,Dance school,risky,unknown,mv-verified-houston-risky-2026-04-20,ChIJW2PusuJfXIYRPDG5i-ggB6k,1
info@galvestoncleaningservice.com,GalvestonCleaningService,,GalvestonCleaningService,(832) 523-2588,http://galvestoncleaningservice.com/,Galveston,"5028 Bernardo De Galvez Ave, Galveston, TX 77551",4.9,31,House cleaning service,risky,catch_all,mv-verified-houston-risky-2026-04-20,ChIJAQAcpjKcP4YRGufJT4BeWog,1
info@landscapertyler-tx.com,J&R,Landscaping Services,J&R Landscaping Services,(903) 593-7527,https://www.landscapertyler-tx.com/,Tyler,"1523 E Gentry Pkwy, Tyler, TX 75702",4.9,31,Landscaper,risky,catch_all,mv-verified-houston-risky-2026-04-20,ChIJm9wDWNfPSYYR6TktxD7lfK0,1
info@mooresupply.com,Moore,Supply Co.,Moore Supply Co.,(956) 683-6564,http://www.mooresupply.com/,McAllen,"101 N Bicentennial Blvd, McAllen, TX 78501",4.9,31,Plumbing supply store,risky,catch_all,mv-verified-houston-risky-2026-04-20,ChIJ0WQ0lkCnZYYR8n-I4WHEAKA,1
david@rescuecom.com,Rescuecom,of Fort Worth Texas,Rescuecom of Fort Worth Texas,(817) 569-0000,https://www.rescuecom.com/computer-repair/tx-texas/fort-worth-computer-repair-tx.aspx,Fort Worth,"Mobile Techs, Fort Worth, TX 76116",4.9,31,Computer repair service,risky,catch_all,mv-verified-houston-risky-2026-04-20,ChIJq6qqqj5xToYRAGFLqFe4rkY,1
paul@tropicpoolshouston.com,Tropic,Pools Houston,Tropic Pools Houston,(713) 906-0477,https://tropicpoolshouston.com/,Houston,"14718 Sandalfoot St, Houston, TX 77095",4.9,31,Swimming pool contractor,risky,catch_all,mv-verified-houston-risky-2026-04-20,ChIJtRC4O2DRQIYRTjxg1wKcNEQ,1
customerservice@5starsolarpanelcleaningandpressurewash.com,5Star,Solar Panel Cleaning and Pressure Wash,5Star Solar Panel Cleaning and Pressure Wash,(915) 543-0207,https://www.5starsolarpanelcleaningandpressurewash.com/,El Paso,"2524 Aquatic Ln, El Paso, TX 79936",5,30,Pressure washing service,risky,catch_all,mv-verified-houston-risky-2026-04-20,ChIJEc442EhF54YRjcWdiV5Tg_0,1
info@absolutesecurityforcellc.com,Absolute,Security Force LLC,Absolute Security Force LLC,(972) 833-6087,https://absolutesecurityforcellc.com/,Dallas,"2351 W Northwest Hwy, Dallas, TX 75220",4.6,30,Security guard service,risky,catch_all,mv-verified-houston-risky-2026-04-20,ChIJLS4nyEebToYR8SlGwSZgaLY,1
info@alamorealestatebrokers.com,Alamo,Real Estate Brokers,Alamo Real Estate Brokers,(800) 634-4691,http://www.alamorealestatebrokers.com/,San Antonio,"7272 Wurzbach Rd Ste 1103, San Antonio, TX 78240",4.9,30,Real estate agency,risky,catch_all,mv-verified-houston-risky-2026-04-20,ChIJo76DqgteXIYRzQ3SARjQq-o,1
info@support.alltapz.com,All,Tapz Electric of Dallas,All Tapz Electric of Dallas,(945) 360-9472,https://support.alltapz.com/support/tickets/new,,,5,30,Electrician,risky,catch_all,mv-verified-houston-risky-2026-04-20,ChIJiUtByi9xnawRwS_nYNnG9is,1
info@almedatravel.com,Almeda,Travel,Almeda Travel,+1 713-592-8000,http://www.almedatravel.com/,Bellaire,"6575 W Loop S Suite 553, Bellaire, TX 77401, United States",4.1,30,Travel agency,risky,catch_all,mv-verified-houston-risky-2026-04-20,ChIJIexQE-bBQIYRh5noC5T-Cm8,1
compadrecookershtx@yahoo.com,Compadre,Cookers BBQ,Compadre Cookers BBQ,+1 832-361-0515,https://compadrecookers.com/?gad_source=1&gad_campaignid=22508847007&gclid=Cj0KCQjw0erBBhDTARIsAKO8iqTPnFhN3GqyH9-wdebBZEYxmFBsEuLiZhWAmzTdNZ1LGsyoAuyxLCAaAtSvEALw_wcB,Rosenberg,"909 4th St, Rosenberg, TX 77471, United States",5,30,Barbecue restaurant,risky,unknown,mv-verified-houston-risky-2026-04-20,ChIJB41_awAdQYYR0wVpb3B8YQc,1
info@daleshinecarwash.com,Dale,Shine Car Wash,Dale Shine Car Wash,(956) 763-7171,https://daleshinecarwash.com/,San Antonio,"6402 San Pedro Ave, San Antonio, TX 78216",4.1,30,Car wash,risky,catch_all,mv-verified-houston-risky-2026-04-20,ChIJCzKhF45fXIYROM-geV8N0Ik,1
info@deluxecheveux.com,Deluxe,Cheveux Salon,Deluxe Cheveux Salon,(409) 554-0491,http://deluxecheveux.com/,Beaumont,"7556 Calder Ave, Beaumont, TX 77706",4.7,30,Beauty salon,risky,unknown,mv-verified-houston-risky-2026-04-20,ChIJq1VmnsPMPoYR4TveCu0KUdw,1
help@ktxtax.com,KTX,TAX,KTX TAX,(346) 445-1787,http://ktxtax.com/,Katy,"5818 4th St, Katy, TX 77493",4.9,30,Tax preparation service,risky,catch_all,mv-verified-houston-risky-2026-04-20,ChIJpSVT1MclQYYR1KypjDodMHI,1
jefferey.graves@emypeople.net,LoneSprings,Plumbing,LoneSprings Plumbing,(512) 798-3755,http://lonespringsplumbing.com/,Bastrop,"1 Pine Point Dr #502, Bastrop, TX 78602",4.8,30,Plumber,risky,catch_all,mv-verified-houston-risky-2026-04-20,ChIJo9xtw7V7IokRsuec7y54QAQ,1
info@mcdougallaw.com,McDougal,Law,McDougal Law,(936) 756-1960,http://www.mcdougallaw.com/,Conroe,"903 N San Jacinto St, Conroe, TX 77301",4.9,30,Law firm,risky,catch_all,mv-verified-houston-risky-2026-04-20,ChIJq6qqqkk5R4YR-IqJ176SE2g,1
info@metro-patrol.com,Metro,Patrol & Investigations,Metro Patrol & Investigations,(877) 219-0911,http://www.metro-patrol.com/,San Antonio,"4211 Gardendale Rd Suite A207, San Antonio, TX 78229",4.1,30,Security guard service,risky,catch_all,mv-verified-houston-risky-2026-04-20,ChIJb3UB7sBbXIYRHmvocfM-bEo,1
joe@midasprowash.com,Midas,Prowash Pressure Washing,Midas Prowash Pressure Washing,(210) 740-7483,https://midasprowash.com/,San Antonio,"6505 Grissom Rd, San Antonio, TX 78238",5,30,Pressure washing service,risky,catch_all,mv-verified-houston-risky-2026-04-20,ChIJVTy2qq9dXIYRzhiarq4fgpk,1
needlehouse@theneedlehouse.com,Needle,House,Needle House,(713) 522-9704,https://www.theneedlehouse.com/,Houston,"2422 Tangley St, Houston, TX 77005",4.9,30,Needlework shop,risky,catch_all,mv-verified-houston-risky-2026-04-20,ChIJmRXjOe_AQIYRcAPoLmPGDF8,1
info@removethosebugs.com,Pest,Control Houston King,Pest Control Houston King,(281) 238-5509,https://removethosebugs.com/,,,4.9,30,Pest control service,risky,catch_all,mv-verified-houston-risky-2026-04-20,ChIJtwqvljq_QIYR2QbncgqRUII,1
info@sheanerinsurance.com,Sheaner,Insurance Agency,Sheaner Insurance Agency,(214) 823-3003,https://www.sheanerinsurance.com/,Dallas,"2501 Abrams Rd, Dallas, TX 75214",4.8,30,Insurance agency,risky,unknown,mv-verified-houston-risky-2026-04-20,ChIJsypRu1mfToYR5YBhT6U2DK8,1
info@signsandprintingsa.com,Signs,and Printing SA,Signs and Printing SA,(210) 245-6798,http://www.signsandprintingsa.com/,San Antonio,"4223 Centergate St, San Antonio, TX 78217",4.9,30,Print shop,risky,catch_all,mv-verified-houston-risky-2026-04-20,ChIJm_2087L0XIYRCyYIjaTNCcY,1
info@tommywhullpc.com,Tommy,"W. Hull, PC","Tommy W. Hull, PC",(432) 223-0044,https://www.tommywhullpc.com/,Midland,"200 N Loraine St Ste. 1205, Midland, TX 79701",5,30,Criminal justice attorney,risky,catch_all,mv-verified-houston-risky-2026-04-20,ChIJyTvJFpXZ-4YRDokAqek-Duw,1
dispatchtowingdallas@yahoo.com,Towing,Dallas Tx & Beyond,Towing Dallas Tx & Beyond,(972) 799-3430,https://towingdallastxandbeyond.com/,Dallas,"9550 Forest Ln #715g, Dallas, TX 75243",5,30,Towing service,risky,unknown,mv-verified-houston-risky-2026-04-20,ChIJV4Bh5qNsJYwRY1NKanC2Kd0,1
info@valentinetravelexpress.com,VALENTINE,TRAVEL EXPRESS,VALENTINE TRAVEL EXPRESS,(972) 201-5351,http://valentinetravelexpress.com/,Dallas,"Park District, 2121 N Pearl St SUITE 300, Dallas, TX 75201",4.8,30,Travel agency,risky,catch_all,mv-verified-houston-risky-2026-04-20,ChIJK0FU2m-ZToYRS56gspkP7DY,1
info@valeriewillislawfirm.com,Valerie,Willis Law Firm P.C.,Valerie Willis Law Firm P.C.,(832) 396-2427,https://www.valeriewillislawfirm.com/,,,5,30,Bankruptcy attorney,risky,unknown,mv-verified-houston-risky-2026-04-20,ChIJwdWcKQH6zywRs585IYlJcMw,1
info@amberelectrical.com,Amber,"Electrical Contractors, Inc","Amber Electrical Contractors, Inc",(972) 579-9333,http://www.amberelectrical.com/,Irving,"2251 Century Center Blvd, Irving, TX 75062",4.4,29,Electrician,risky,catch_all,mv-verified-houston-risky-2026-04-20,ChIJ8XP20-OcToYRG-udl-L6EqY,1
info@electricalland.com,Circle,Electrical Contracting,Circle Electrical Contracting,(682) 337-6753,http://electricalland.com/fort-worth,Fort Worth,"7810 South Fwy, Fort Worth, TX 76134",5,29,Electrician,risky,catch_all,mv-verified-houston-risky-2026-04-20,ChIJSWg_xbE0TIYR0GPY9kijZdM,1
info@cohost.events,Cohost,Events,Cohost Events,(214) 775-0822,http://www.cohost.events/,Dallas,"3150 Iron Ridge St, Dallas, TX 75247",4.9,29,Caterer,risky,catch_all,mv-verified-houston-risky-2026-04-20,ChIJS4Lhb-GZToYRQc7cpQBPukU,1
duranroofing@netscape.net,Duran's,Roofing Inc.,Duran's Roofing Inc.,(915) 778-1300,http://duransroofingep.com/,El Paso,"5616 Dailey Ave, El Paso, TX 79905",4.9,29,Roofing contractor,risky,catch_all,mv-verified-houston-risky-2026-04-20,ChIJl29lXstb54YRo5VD14sWuCs,1
info@emsr-ec.com,EMSR,Electrical Contractors,EMSR Electrical Contractors,(817) 401-7841,https://emsr-ec.com/dallas-texas-electrical-contractor/,Dallas,"2626 Cole Ave suit 300, Dallas, TX 75204",4.9,29,Electrician,risky,catch_all,mv-verified-houston-risky-2026-04-20,ChIJBdQfx4xnToYReEuw41RLKwg,3
hubersplumbing@aol.com,Huber's,Plumbing Co Inc,Huber's Plumbing Co Inc,(281) 474-3140,http://hubersplumbing.com/,Seabrook,"6100 Todville Rd, Seabrook, TX 77586",4.4,29,Plumbing supply store,risky,unknown,mv-verified-houston-risky-2026-04-20,ChIJZ6Wgu-BjP4YREo9vXgsXniY,1
info@imprintconcrete.com,Impressions,in Concrete Inc,Impressions in Concrete Inc,(713) 682-8337,https://www.imprintconcrete.com/,Houston,"6213 Peg St, Houston, TX 77092",4.8,29,Concrete contractor,risky,unknown,mv-verified-houston-risky-2026-04-20,ChIJ2WdNdNfFQIYR7ITNtUhVCNw,1
info@us-electrical.com,Lilley,Electric,Lilley Electric,(346) 486-4410,https://us-electrical.com/Kemah,Kemah,"921 Lawrence Rd, Kemah, TX 77565",4.9,29,Electrician,risky,catch_all,mv-verified-houston-risky-2026-04-20,ChIJK6ioX-xiP4YRHCWTT8_O054,1
contact@orcahvac.com,Orca,Heating and Cooling LLC,Orca Heating and Cooling LLC,(936) 701-6722,https://www.orcahvac.com/contact,Huntsville,"28 E Lake Rd, Huntsville, TX 77340",5,29,HVAC contractor,risky,catch_all,mv-verified-houston-risky-2026-04-20,ChIJ___Lc8x0R4YRQFRTsmRLq7Y,1
patriotroofingsjt@yahoo.com,Patriot,Roofing,Patriot Roofing,(325) 213-1923,https://texasroofcontractor.com/,Abilene,"3274 S 27th St suite 121, Abilene, TX 79605",5,29,Roofing contractor,risky,unknown,mv-verified-houston-risky-2026-04-20,ChIJ-b4-GGz3X4gRecXePVdmUWQ,1
sales@seauxcajun.net,Seaux,Cajun,Seaux Cajun,(361) 433-7780,https://www.seauxcajun.net/,Victoria,"207 N Navarro St, Victoria, TX 77901",5,29,Cajun restaurant,risky,catch_all,mv-verified-houston-risky-2026-04-20,ChIJqdQnfQBnQoYRd43kT83sa08,1
info@socostudioatx.com,SoCoStudioATX,,SoCoStudioATX,(737) 977-3590,http://www.socostudioatx.com/,Austin,"211 E Alpine Rd #600, Austin, TX 78704",4.8,29,Photography studio,risky,catch_all,mv-verified-houston-risky-2026-04-20,ChIJbbXJ7oXRLkYRZjoI6lGFOZA,1
info@southtexasplumbingcontractors.com,South,Texas Plumbing Contractors,South Texas Plumbing Contractors,(956) 333-6935,http://www.southtexasplumbingcontractors.com/,Laredo,"109 Flecha Ln Suite B, Laredo, TX 78045",4.7,29,Plumber,risky,unknown,mv-verified-houston-risky-2026-04-20,ChIJ8yZtXfEFDY4RUYOR76Brahc,1
info@totalcontrolk9.com,Total,Control K9 College,Total Control K9 College,(832) 567-7871,http://totalcontrolk9.com/,Houston,"1884 Barker Cypress Rd, Houston, TX 77084",4.8,29,Dog trainer,risky,unknown,mv-verified-houston-risky-2026-04-20,ChIJoQreE9kjDogRNfGTolQrPKI,1
adplumbingkaty@yahoo.com,A,"& D Plumbing, Inc","A & D Plumbing, Inc",(281) 686-6955,https://www.adplumbingkaty.com/,,,4.7,28,Plumber,risky,unknown,mv-verified-houston-risky-2026-04-20,ChIJ7f1ri1sicUsRlXjjBkotRh0,1
sales@aishouston.com,Atlas,"Industrial Supply, Inc.","Atlas Industrial Supply, Inc.",(281) 591-2211,http://www.aishouston.com/,Houston,"16511 Hedgecroft Dr Ste 218, Houston, TX 77060",4.7,28,Industrial equipment supplier,risky,unknown,mv-verified-houston-risky-2026-04-20,ChIJ5zztqR62QIYRUUa0H_xyS2s,1
info@checkos.com,Checko's,Printing,Checko's Printing,(210) 670-8303,http://www.checkos.com/,San Antonio,"7854 Fortune Dr, San Antonio, TX 78250",4.8,28,Print shop,risky,catch_all,mv-verified-houston-risky-2026-04-20,ChIJyznCk8tCXIYRNbMCNJcECoI,1
info@crane-works.com,CraneWorks,,CraneWorks,(866) 353-7736,https://www.crane-works.com/location-houston/?utm_campaign=gmb&utm_medium=local&utm_source=google,Houston,"7795 Little York Rd, Houston, TX 77016",4.8,28,Crane service,risky,catch_all,mv-verified-houston-risky-2026-04-20,ChIJF2UR_5ywQIYRqdJUCJZXNOI,1
service@emgair.com,EMG,Heating & Air,EMG Heating & Air,(817) 687-2063,https://emgair.com/,Mansfield,"7410 Rendon Bloodworth Rd, Mansfield, TX 76063",4.8,28,HVAC contractor,risky,catch_all,mv-verified-houston-risky-2026-04-20,ChIJeQi-iEWqtWwRlDiWpddBPOE,1
info@plumberhelotes.com,Elite,Plumbing Solutions,Elite Plumbing Solutions,(210) 942-2099,https://plumberhelotes.com/,,,4,28,Plumber,risky,catch_all,mv-verified-houston-risky-2026-04-20,ChIJl4fbcQppXIYRxp5r9tGHNQ0,1
info@highvoltage-electrical.com,Hoffman,Electric Company,Hoffman Electric Company,(737) 276-3769,http://highvoltage-electrical.com/austin,Austin,"1103 S 8th St, Austin, TX 78704",5,28,Electrician,risky,catch_all,mv-verified-houston-risky-2026-04-20,ChIJoyoLqh-1RIYRCYFu70kM8iI,1
ifsmasterplumber@yahoo.com,IFS,Master Plumber,IFS Master Plumber,(832) 310-0514,https://ifsmasterplumberhouston.com/,Humble,"21519 Briar Oak Dr, Humble, TX 77338",5,28,Plumber,risky,unknown,mv-verified-houston-risky-2026-04-20,ChIJ-3iuEnjXRoYRb2tQZ-AD71Q,1
info@jcac.net,Jacobs,Cathey Heating & Air Conditioning,Jacobs Cathey Heating & Air Conditioning,(254) 772-9572,https://www.jacobscathey.com/,Waco,"600 Jewell Dr, Waco, TX 76712",4.2,28,HVAC contractor,risky,catch_all,mv-verified-houston-risky-2026-04-20,ChIJzyZ5hLuGT4YR8UDyUKqqdzU,1
info@librafitnessclub.com,Libra,Fitness Club,Libra Fitness Club,(281) 300-1645,http://librafitnessclub.com/,Houston,"1209 Cleburne St, Houston, TX 77004",4.9,28,Fitness center,risky,catch_all,mv-verified-houston-risky-2026-04-20,ChIJ6X3_pAu_QIYRGGsc4kAMFLQ,1
stidham@txloanguy.com,Mortgage,of Texas & Financial LLC,Mortgage of Texas & Financial LLC,(210) 858-2425,http://www.txloanguy.com/,San Antonio,"6609 Blanco Rd #320, San Antonio, TX 78216",4.9,28,Mortgage broker,risky,catch_all,mv-verified-houston-risky-2026-04-20,ChIJc7FlfEX1XIYR1_MQULfrRtU,1
mullinsplumbing@sbcglobal.net,Mullins,Plumbing Co,Mullins Plumbing Co,(817) 297-2511,http://www.mullinsplumbing.com/,Crowley,"121 N Magnolia St, Crowley, TX 76036",4.7,28,Plumber,risky,catch_all,mv-verified-houston-risky-2026-04-20,ChIJfyoC_uRrToYRWI1NJDXlqWw,1
info@odonnellmetaldeck.com,O'Donnell,Metal Deck,O'Donnell Metal Deck,(469) 868-4900,https://odonnellmetaldeck.com/,Dallas,"1750 Alpine St, Dallas, TX 75223",5,28,Steel distributor,risky,unknown,mv-verified-houston-risky-2026-04-20,ChIJQ3PGMSOjToYReLTvapVa3Eg,1
info@landscaper-brownsville.com,Quick,Cuts Landscaping and More,Quick Cuts Landscaping and More,(956) 201-9236,http://landscaper-brownsville.com/,,,5,28,Landscaper,risky,catch_all,mv-verified-houston-risky-2026-04-20,ChIJFXKoAa0e9WwRiZJjPH5OJlY,1
info@sawingtsun.com,San,Antonio Wing Tsun Academy,San Antonio Wing Tsun Academy,(210) 822-0035,https://sawingtsun.com/,San Antonio,"1308 Austin Hwy Suite 300, San Antonio, TX 78209",5,28,Martial arts school,risky,catch_all,mv-verified-houston-risky-2026-04-20,ChIJM3uLvB31XIYRkxVSVShAm68,1
info@scionstaffingaustin.com,Scion,Staffing,Scion Staffing,(512) 291-3199,https://www.scionstaffingaustin.com/,Austin,"8120 Research Blvd Suite 105 #275, Austin, TX 78758",4.8,28,Temp agency,risky,unknown,mv-verified-houston-risky-2026-04-20,ChIJOZYFFUHLRIYRhHuPpA7_R8M,1
roberts_cliff@yahoo.com,Absolute,Plumbing Solutions,Absolute Plumbing Solutions,(870) 774-7400,https://www.absoluteplumbingsolution.com/,,"1323 County Ave, Texarkana, AR 71854",3.9,27,Plumber,risky,unknown,mv-verified-houston-risky-2026-04-20,ChIJT0TolTdqNIYRTm_KPH54-Ds,2
alliedsprinkler@sbcglobal.net,Allied,Sprinkler & Repair,Allied Sprinkler & Repair,(281) 463-6663,http://alliedsprinkler.com/,Houston,"Lawn Care, Houston, TX 77002",4.4,27,Lawn sprinkler system contractor,risky,catch_all,mv-verified-houston-risky-2026-04-20,ChIJicrszzm_QIYR-Usk8kNk5Uo,1
info@cccaustin.org,Central,Christian Church,Central Christian Church,(512) 476-6941,https://cccaustin.org/,Austin,"1110 Guadalupe St, Austin, TX 78701",4.4,27,Protestant church,risky,catch_all,mv-verified-houston-risky-2026-04-20,ChIJsV9_IAu1RIYRX2Cg5j0wDFI,1
info@deckhouseusa.com,DECKHOUSE,SHIP SUPPLY,DECKHOUSE SHIP SUPPLY,(713) 589-5460,http://www.deckhouseusa.com/,Houston,"108 Alliant Dr, Houston, TX 77032",4.4,27,Marine supply store,risky,catch_all,mv-verified-houston-risky-2026-04-20,ChIJT_0kJHG7QIYRSnOtCTFdork,1
info@dnaeletricalservice.com,DNA,Electrical Concept LLC,DNA Electrical Concept LLC,(915) 540-8328,http://dnaeletricalservice.com/,El Paso,"810 N Luna St, El Paso, TX 79903",5,27,Electrician,risky,catch_all,mv-verified-houston-risky-2026-04-20,ChIJ1-th5NdZ54YR_9U9LWIuf8A,1
goldstarspainting@yahoo.com,Gold,Stars Painting,Gold Stars Painting,(682) 552-7875,http://www.goldstarspainting.com/,,,5,27,Painter,risky,unknown,mv-verified-houston-risky-2026-04-20,ChIJbcDnhlF8ToYRhihcPyRys3Y,1
info@guadalupelawfirm.com,Hobson-Guadalupe,"Law, PLLC","Hobson-Guadalupe Law, PLLC",(832) 829-0972,https://www.guadalupelawfirm.com/,Katy,"5614 1st St Suite 14, Katy, TX 77493",5,27,Family law attorney,risky,unknown,mv-verified-houston-risky-2026-04-20,ChIJlWsABdUlQYYRXxTpN85czas,1
info@keklean4u.com,K,& E Klean 4 U LLC,K & E Klean 4 U LLC,(409) 255-3908,http://www.keklean4u.com/,Galveston,"2413 45th St, Galveston, TX 77550",5,27,House cleaning service,risky,catch_all,mv-verified-houston-risky-2026-04-20,ChIJQ1UHAzOcP4YRrcSto1rd3JM,1
info@kaizenins.com,Kaizen,Insurance Group LLC,Kaizen Insurance Group LLC,+1 281-239-8469,https://kaizenins.com/,Sugar Land,"19901 Southwest Fwy Ste 205, Sugar Land, TX 77479, United States",5,27,Insurance agency,risky,catch_all,mv-verified-houston-risky-2026-04-20,ChIJQX3wOAnjQIYRxXryBDg8PZI,1
info@lhcpafirm.com,L&H,CPAs and Advisors - Dallas CPA Firm,L&H CPAs and Advisors - Dallas CPA Firm,(972) 421-1099,https://www.lhcpafirm.com/,Dallas,"10000 N Central Expy Ste #710, Dallas, TX 75231",5,27,Certified public accountant,risky,catch_all,mv-verified-houston-risky-2026-04-20,ChIJSTVabuifToYRl_USwN9DumI,1
info@bkshowplace.com,Moore,Supply,Moore Supply,(830) 693-1023,http://www.bkshowplace.com/,Marble Falls,"2515 Commerce St, Marble Falls, TX 78654",4.9,27,Plumbing supply store,risky,catch_all,mv-verified-houston-risky-2026-04-20,ChIJIzvuVgYdW4YR-GeHU9osclg,1
sales@packageexpress.net,Package,Express,Package Express,(713) 880-9600,http://www.packageexpress.net/,Houston,"2800 Antoine Dr Ste 2872, Houston, TX 77092",4.4,27,Courier service,risky,catch_all,mv-verified-houston-risky-2026-04-20,ChIJ2UFVYs_GQIYR9wrWAIrgAyw,1
info@thebrandedcow.com,The,Branded Cow Food Truck,The Branded Cow Food Truck,,http://thebrandedcow.com/,,,4.6,27,Mobile caterer,risky,catch_all,mv-verified-houston-risky-2026-04-20,ChIJwT78kG9ZXIYRqwEFNvam2zg,1
info@brownspestcontrol.net,Brown's,Termite & Pest,Brown's Termite & Pest,(254) 715-8423,http://www.brownspestcontrol.net/,Waco,"3916 Charlton Ave, Waco, TX 76711",4.7,26,Pest control service,risky,catch_all,mv-verified-houston-risky-2026-04-20,ChIJPbxhOWKBT4YRVpqgnLRwj44,1
contact@cstoneig.com,Capstone,"Insurance Group, Inc.","Capstone Insurance Group, Inc.",+1 832-448-0150,https://www.cstoneig.com/,Sugar Land,"77 Sugar Creek Center Blvd Ste. 600, Sugar Land, TX 77478, United States",4.8,26,Insurance broker,risky,catch_all,mv-verified-houston-risky-2026-04-20,ChIJkXkkAODnQIYRgHiTcMLNjxs,1
ciscodck@sbcglobal.net,Champion,Industrial Sales,Champion Industrial Sales,(713) 921-7183,https://championweldingsupplies.com/,Houston,"6420 Navigation Blvd, Houston, TX 77011",4.5,26,Welding supply store,risky,catch_all,mv-verified-houston-risky-2026-04-20,ChIJrZMLySC8QIYR9wh0aSumL4Y,1
info@fusionpoolservice.com,Fusion,Pool Service,Fusion Pool Service,(210) 632-5990,https://fusionpoolservice.com/,San Antonio,"428 W Nakoma Dr, San Antonio, TX 78216",4.2,26,Pool cleaning service,risky,unknown,mv-verified-houston-risky-2026-04-20,ChIJfZvX4f-JXIYRjOjM0ukrbg4,1
hlupholstery@yahoo.com,Hien,Lam Upholstery,Hien Lam Upholstery,(713) 523-3416,http://hienlamupholstery.com/,Houston,"819 W Drew St, Houston, TX 77006",4.3,26,Upholstery shop,risky,unknown,mv-verified-houston-risky-2026-04-20,ChIJf-3cIV6_QIYR6Z7O8C3XXyM,1
info@startexlandscaping.com,Startex,"Landscaping LLC,","Startex Landscaping LLC,",(214) 929-6657,https://startexlandscaping.com/,Dallas,"2802 Gooch St, Dallas, TX 75241",4.8,26,Landscaper,risky,unknown,mv-verified-houston-risky-2026-04-20,ChIJz1kKdN2XToYRvJhGD1xU_y8,1
info@mrhvacrepairservice.com,Superior,Heating & Air Cooling,Superior Heating & Air Cooling,(682) 357-4773,http://mrhvacrepairservice.com/Mansfield,Mansfield,"2041 U.S. 287 Frontage Rd, Mansfield, TX 76063",5,26,HVAC contractor,risky,catch_all,mv-verified-houston-risky-2026-04-20,ChIJYesBhN8XMIYRON_Xp9cLUew,1
info@teventsus.com,Tevents,,Tevents,(832) 938-4222,https://www.teventsus.com/,Houston,"2800 Antoine Dr Suite 2864, Houston, TX 77092",5,26,Event planner,risky,catch_all,mv-verified-houston-risky-2026-04-20,ChIJyWL6f4bHQIYRncFSMi_M0gA,1
info@texasplumbingsupplyinc.com,Texas,Plumbing Supply,Texas Plumbing Supply,(210) 764-6644,http://www.texasplumbingsupplyinc.com/,Schertz,"17992 Red Iron, Schertz, TX 78154",4.4,26,Plumbing supply store,risky,catch_all,mv-verified-houston-risky-2026-04-20,ChIJt43ADS2TXIYR7k3WprAJCUg,3
service@tuttleplumbing.com,Tuttle,Plumbing and Piping,Tuttle Plumbing and Piping,(210) 654-4819,https://tuttleplumbing.com/,Universal City,"808 W Byrd Blvd, Universal City, TX 78148",4.2,26,Plumber,risky,unknown,mv-verified-houston-risky-2026-04-20,ChIJxRrWZaWSXIYRZbW_QaK7ScQ,1
info@vidanaelectric.com,Vidana,Electric,Vidana Electric,(254) 718-2215,https://vidanaelectric.com/,Troy,"807 N Central Ave, Troy, TX 76579",4.3,26,Electrician,risky,catch_all,mv-verified-houston-risky-2026-04-20,ChIJdw0WmyYjiAYRKrtCdWwPidI,1
sales@vintageits.com,Vintage,IT Services,Vintage IT Services,(512) 481-1117,https://vintageits.com/?utm_source=GMBlisting&utm_medium=organic,Austin,"13785 Research Blvd Suite 125, Austin, TX 78750",4.8,26,Computer support and services,risky,catch_all,mv-verified-houston-risky-2026-04-20,ChIJwffThxS1RIYRqQYIeAeM6-o,1
info@agaveoutdoordesigns.com,Agave,Outdoor Designs,Agave Outdoor Designs,(281) 644-9585,https://www.agaveoutdoordesigns.com/,,,5,25,Landscape designer,risky,catch_all,mv-verified-houston-risky-2026-04-20,ChIJ-0Ww2a3kBqERAyu386Bsoo4,1
americanplmbing@aol.com,American,Plumbing & Maintenance,American Plumbing & Maintenance,(281) 486-5575,http://americanplumbingandmaintenance.com/,La Porte,"10523 N P St, La Porte, TX 77571",4.4,25,Plumber,risky,unknown,mv-verified-houston-risky-2026-04-20,ChIJUaXI2PCfQIYR27g8EiDgT60,1
info@biskampelectric.com,Biskamp,Electric Inc.,Biskamp Electric Inc.,(409) 385-4445,http://biskampelectric.com/,Silsbee,"1490 Kirby Ave, Silsbee, TX 77656",4.7,25,Electrician,risky,unknown,mv-verified-houston-risky-2026-04-20,ChIJ89_0HPM7OYYRZLunkxnGS0M,1
sales@centralrockandmulch.com,Central,Rock and Mulch,Central Rock and Mulch,(713) 887-7624,http://www.centralrockandmulch.com/,Houston,"403 Yale St, Houston, TX 77007",4.8,25,Landscaping supply store,risky,catch_all,mv-verified-houston-risky-2026-04-20,ChIJr5MiRj_HQIYRO3N5R5nOKxQ,1
info@coastlineservicecompany.com,CoastLine,Air Conditioning & Heating,CoastLine Air Conditioning & Heating,(409) 632-7976,http://www.coastlineservicecompany.com/,Galveston,"3411 81st St, Galveston, TX 77551",4.5,25,HVAC contractor,risky,catch_all,mv-verified-houston-risky-2026-04-20,ChIJ0Uoo1kWcP4YRdzvu3TDG7pw,1
frelectinc@sbcglobal.net,Freemyer,Electric Inc,Freemyer Electric Inc,(972) 889-0868,http://www.freemyerelectric.com/,Richardson,"500 E Arapaho Rd #314, Richardson, TX 75081",5,25,Electrician,risky,catch_all,mv-verified-houston-risky-2026-04-20,ChIJWTWgeBAfTIYRZZPj81ZS64s,1
info@garage713studio.com,Garage,713 Studio,Garage 713 Studio,(713) 504-8266,https://www.garage713studio.com/,Houston,"5708 N Shepherd Dr Ste C-5, Houston, TX 77091",5,25,Dance school,risky,catch_all,mv-verified-houston-risky-2026-04-20,ChIJ14aLi0LHQIYRBAxgoIrudbc,1
hirby1@sbcglobal.net,Hirby,Pest Control,Hirby Pest Control,(915) 566-8673,https://hirbypestcontrol.com/,El Paso,"3023 Pershing Dr, El Paso, TX 79903",4.4,25,Pest control service,risky,catch_all,mv-verified-houston-risky-2026-04-20,ChIJZzwO0ZZZ54YRFGLpPDIpSlY,1
alfonso@houstonspreferredcontractors.com,Houston's,Preferred Contractors,Houston's Preferred Contractors,(346) 733-9969,http://houstonspreferredcontractors.com/,Houston,"2855 Mangum Rd #460, Houston, TX 77092",4.8,25,General contractor,risky,catch_all,mv-verified-houston-risky-2026-04-20,ChIJaeBsZl0qR6ARC4GiSnPVtmc,1
info@mycon.com,MYCON,"General Contractors, Inc.","MYCON General Contractors, Inc.",(972) 529-2444,http://www.mycon.com/,Dallas,"17311 Dallas Pkwy Suite 300, Dallas, TX 75248",4.3,25,General contractor,risky,catch_all,mv-verified-houston-risky-2026-04-20,ChIJDb3jlEkSTIYR69MvEzeZwdA,1
info@maxyroof.com,Maxy,Roof,Maxy Roof,(713) 837-8931,https://maxyroof.com/,Katy,"24285 Katy Fwy Suite 300 53, Katy, TX 77494",5,25,Roofing contractor,risky,catch_all,mv-verified-houston-risky-2026-04-20,ChIJj4T6_9a35UQRu_k5BlrPY8Q,1
tayloroneill92@yahoo.com,O'Neill,Plumbing Company,O'Neill Plumbing Company,(214) 773-0735,http://www.oneillplumbingcompany.com/,,,5,25,Plumber,risky,unknown,mv-verified-houston-risky-2026-04-20,ChIJ6XcJjHLs1yMRQf_1VJ0UuZQ,1
info@plumbingsourcellc.com,Plumbing,Source LLC,Plumbing Source LLC,(832) 376-4656,http://www.plumbingsourcellc.com/,,,4.8,25,Plumber,risky,catch_all,mv-verified-houston-risky-2026-04-20,ChIJPYMihCOkQIYR0uhkUSD0Gv8,1
rgvgotbugs@yahoo.com,RGV,Got Bugs Pest Control LLC,RGV Got Bugs Pest Control LLC,(956) 243-1744,http://www.rgvgotbugs.com/,Brownsville,"222 Frontage Rd Suite 121, Brownsville, TX 78521",4.4,25,Pest control service,risky,unknown,mv-verified-houston-risky-2026-04-20,ChIJC50kXQSXb4YRvAI8pBuDuaM,1
info@redmancommunicationsinc.com,Redman,Construction,Redman Construction,(281) 489-0201,http://www.redmancommunicationsinc.com/,Manvel,"7449 Large Ave, Manvel, TX 77578",3.7,25,General contractor,risky,catch_all,mv-verified-houston-risky-2026-04-20,ChIJPXI2r6CNQIYRrLnyuBJ5TpI,1
info@roofexperts.com,Roof,Experts,Roof Experts,(512) 900-1054,https://roofexperts.com/roofing-austin-tx/,Round Rock,"17005 Joe Barbee Dr STE 400, Round Rock, TX 78664",5,25,Roofing contractor,risky,catch_all,mv-verified-houston-risky-2026-04-20,ChIJwdU3BSUJ8i8RTcW68sAtKjQ,1
blga3180@aol.com,San,Juan Plumbing Co,San Juan Plumbing Co,(956) 631-3180,https://www.sanjuanplumbingrgv.com/,McAllen,"601 S Bentsen Rd, McAllen, TX 78501",3.7,25,Plumber,risky,unknown,mv-verified-houston-risky-2026-04-20,ChIJbVBT_KGnZYYRcQhyX1NwvZ4,1
jladner@strategices.com,Strategic,Electrical Solutions,Strategic Electrical Solutions,(713) 548-4071,https://www.strategicelectricalsolutions.com/,Angleton,"23111 Harris Dr, Angleton, TX 77515",4.8,25,Electrician,risky,catch_all,mv-verified-houston-risky-2026-04-20,ChIJ8-pZ9JpfQIYR5lAZfXBTh4I,1
info@studioofmovemint.com,Studio,of MoveMINT,Studio of MoveMINT,(682) 312-0442,http://www.studioofmovemint.com/,Fort Worth,"5512 Bellaire Dr S Suite 140, Fort Worth, TX 76109",4.8,25,Dance school,risky,catch_all,mv-verified-houston-risky-2026-04-20,ChIJW7BMk5ZyToYRZdd5rmRPuuI,1
swindollpaint@aol.com,Swindoll,Paint & Body Shop,Swindoll Paint & Body Shop,(713) 477-9414,https://www.swindoll.net/,Pasadena,"1603 Shaver St, Pasadena, TX 77502",3.5,25,Auto body shop,risky,unknown,mv-verified-houston-risky-2026-04-20,ChIJhc03kqCiQIYR66rKT2bTxBU,1
info@mclennan.edu,The,Highlands Gym,The Highlands Gym,(254) 299-8622,http://www.mclennan.edu/,Waco,"1400 College Dr, Waco, TX 76708",4.8,25,Gym,risky,catch_all,mv-verified-houston-risky-2026-04-20,ChIJI-VQAF6DT4YRjXMSKgT1EzU,1
becky@accenttravelsa.com,Accent,"Travel Agency, Inc.","Accent Travel Agency, Inc.",(210) 494-3553,https://www.accent.travel/,San Antonio,"15701 Henderson Pass, San Antonio, TX 78232",4.6,24,Travel agency,risky,catch_all,mv-verified-houston-risky-2026-04-20,ChIJDRsVOi2LXIYRVXNb_W3tFLc,1
info@cabinetinnovationstx.com,Cabinet,Innovations,Cabinet Innovations,(713) 461-6424,http://www.cabinetinnovationstx.com/,Houston,"5120 Woodway Dr Courtyard Suite 219, Houston, TX 77056",4.6,24,Cabinet maker,risky,catch_all,mv-verified-houston-risky-2026-04-20,ChIJOy3a4k3BQIYRuA4m-EYgoUU,1
info@dukeelec.com,Duke,Electric Co Inc,Duke Electric Co Inc,(806) 376-6248,http://www.dukeelec.com/,Amarillo,"6451 Farm to Market Rd 1541, Amarillo, TX 79118",4.4,24,Electrician,risky,unknown,mv-verified-houston-risky-2026-04-20,ChIJ2w-KM09OAYcRwmlxSevzIcQ,1
floresalex273@yahoo.com,Flores,painting,Flores painting,(214) 229-9221,https://www.florespaintingdfw.com/,Dallas,"2727 W Jefferson Blvd apt 214, Dallas, TX 75211",5,24,Painter,risky,unknown,mv-verified-houston-risky-2026-04-20,ChIJL3kiyqRnY2cR9vjzEWGmlTo,1
info@houstonwindowcoverings.com,Houston,Window Coverings,Houston Window Coverings,(832) 410-1238,https://houstonwindowcoverings.com/,Houston,"14525 FM 529 #100, Houston, TX 77095",5,24,Window treatment store,risky,unknown,mv-verified-houston-risky-2026-04-20,ChIJg6pp8cDQQIYRkvJxnMa80rY,1
customerservice@junkdisposers.com,Junk,Disposers LLC,Junk Disposers LLC,(469) 397-4516,https://junkdisposersllc.com/,,,5,24,Waste management service,risky,catch_all,mv-verified-houston-risky-2026-04-20,ChIJ5UmgdFYnTIYR0AXTaOS6mT0,1
info@mbacademy.net,MBAcademy,,MBAcademy,(713) 364-9213,https://www.mbacademy.net/,Houston,"4660 Beechnut St #218m, Houston, TX 77096",5,24,Tutoring service,risky,catch_all,mv-verified-houston-risky-2026-04-20,ChIJXf8aHujBQIYRfmCQ-xmmzUU,1
olguinbros@yahoo.com,Olguin,Bros. Landscape and Irrigation,Olguin Bros. Landscape and Irrigation,(409) 842-1665,http://olguinbros.com/,Beaumont,"6875 Fannett Rd, Beaumont, TX 77705",4.6,24,Landscaper,risky,unknown,mv-verified-houston-risky-2026-04-20,ChIJ77bhoyPMPoYRSI3RJPPAgGo,1
info@pantherelectric.net,Panther,Electric Inc.,Panther Electric Inc.,(281) 332-7561,http://www.pantherelectric.net/,League City,"1390 W League City Pkwy, League City, TX 77573",4.3,24,Electrician,risky,catch_all,mv-verified-houston-risky-2026-04-20,ChIJB6rP_SaDQIYRq9JJGdX9qX8,1
info@fortbendatty.com,Pursley,"McNamara & Flint, PLLC","Pursley McNamara & Flint, PLLC",(713) 766-4326,https://www.fortbendatty.com/?utm_source=gmb&utm_medium=organic&utm_campaign=website-missouri,Missouri City,"4501 Cartwright Rd STE 102, Missouri City, TX 77459",4,24,Estate planning attorney,risky,unknown,mv-verified-houston-risky-2026-04-20,ChIJ9WdpzmjmQIYRPhvucTdX8gM,1
info@richelieu.com,Richelieu,DALLAS,Richelieu DALLAS,(972) 484-8980,http://www.richelieu.com/,Dallas,"9249 King James Dr, Dallas, TX 75247",3.8,24,Hardware store,risky,catch_all,mv-verified-houston-risky-2026-04-20,ChIJhRUmVvicToYRrMc9s7sMlaM,1
skydreams.dancestudio@yahoo.com,Skydreams,Dance Studio,Skydreams Dance Studio,(832) 987-5247,https://skydreamsdancestudio-com.webnode.page/,Houston,"6203 Southwest Fwy, Houston, TX 77074",5,24,Dance school,risky,unknown,mv-verified-houston-risky-2026-04-20,ChIJWzTB71fCQIYRIEIXSLoRnyI,1
marilynmmcourchesne@yahoo.com,Spa,105 San Antonio,Spa 105 San Antonio,(210) 291-9912,https://www.spa105sa.com/,San Antonio,"4835 McCullough Ave, San Antonio, TX 78212",5,24,Massage spa,risky,unknown,mv-verified-houston-risky-2026-04-20,ChIJ13ks62dfXIYRo98EHmdUB78,1
info@stonecreekcustomhomes.com,Stone,Creek Custom Homes,Stone Creek Custom Homes,+1 210-494-5400,https://stonecreekcustomhomes.com/,San Antonio,"25120 Blanco Rd, San Antonio, TX 78260, United States",4.8,24,Custom home builder,risky,unknown,mv-verified-houston-risky-2026-04-20,ChIJWbPqzdBiXIYRgXTgO5SAKUY,1
info@4sightadvisors.com,4Sight,Advisors LLC,4Sight Advisors LLC,(281) 944-5756,https://4sightadvisors.com/,Spring,"7312 Louetta Rd Suite B-118-222, Spring, TX 77379",5,23,Certified public accountant,risky,catch_all,mv-verified-houston-risky-2026-04-20,ChIJxU8pd9HNQIYRHDohMtUFTME,1
info@affordableconcreteprojects.com,Affordable,Concrete Services,Affordable Concrete Services,(832) 956-7885,https://affordableconcreteprojects.com/,Houston,"5534 Apala Dr, Houston, TX 77032",4.6,23,Concrete contractor,risky,catch_all,mv-verified-houston-risky-2026-04-20,ChIJxwhcWOZzhYARKEVkRp2B0J8,1
art@ampelectric.net,Amp,Electric,Amp Electric,(806) 331-2677,http://www.ampelectric.net/,Amarillo,"8660 S Grand St Bldg 200, Amarillo, TX 79118",4.6,23,Electrician,risky,catch_all,mv-verified-houston-risky-2026-04-20,ChIJ1_bUKeFOAYcR-fZ_wHaKfXk,1
artandsignstudio@earthlink.net,Art,& Sign Studio,Art & Sign Studio,(817) 625-2947,http://www.artandsignstudio.com/,Fort Worth,"5138 Jacksboro Hwy, Fort Worth, TX 76114",5,23,Sign shop,risky,unknown,mv-verified-houston-risky-2026-04-20,ChIJB4ZpU_R0ToYRyqQyMufXgbY,1
info@bingoconstructionaustin.com,Bingo,Construction,Bingo Construction,(512) 812-8870,http://bingoconstructionaustin.com/,Austin,"3108 E 13th St, Austin, TX 78702",4.8,23,Dry wall contractor,risky,catch_all,mv-verified-houston-risky-2026-04-20,ChIJf9BO7rO1RIYRbL0w3rw9qfI,1
deesplbg@aol.com,Dee's,Plumbing,Dee's Plumbing,(281) 499-1628,http://www.deesplumbing.com/,Stafford,"10308 Cash Rd, Stafford, TX 77477",4.8,23,Plumber,risky,unknown,mv-verified-houston-risky-2026-04-20,ChIJEwYlwX_oQIYRP3q7VscYkes,1
concho.minick@elliman.com,Douglas,"Elliman Real Estate Office in Knox/Henderson Dallas, TX","Douglas Elliman Real Estate Office in Knox/Henderson Dallas, TX",(469) 273-1431,https://www.elliman.com/texas/office/611-b-792-792/dallas?utm_source=GMB&utm_medium=Organic_search&utm_campaign=GMB_Dallas_TX,Dallas,"4514 Travis St #200, Dallas, TX 75205",4.1,23,Real estate agency,risky,catch_all,mv-verified-houston-risky-2026-04-20,ChIJ-3Ib9v2fToYRfZrvkCkS3fY,1
velegba@eventsbynessa.com,Events,"by Nessa, LLC","Events by Nessa, LLC",(832) 563-4396,https://www.eventsbynessa.com/,Houston,"600 Kenrick Dr Ste B3, Houston, TX 77060",5,23,Event planner,risky,unknown,mv-verified-houston-risky-2026-04-20,ChIJVVWh8EgzR4YRsb-Rzg52BLU,1
rwsign@aol.com,Fort,Worth Sign,Fort Worth Sign,(817) 927-5521,https://www.ftworthsigns.net/,Fort Worth,"4512 Hemphill St, Fort Worth, TX 76115",5,23,Sign shop,risky,unknown,mv-verified-houston-risky-2026-04-20,ChIJE4cqEB9uToYRHct27Hbt7Gc,1
info@hayscountyplumbing.net,Hays,County Plumbing,Hays County Plumbing,(512) 954-5899,https://hayscountyplumbing.net/,,,4.1,23,Plumber,risky,unknown,mv-verified-houston-risky-2026-04-20,ChIJ101VBxZUW4YRHs2KGumoAzw,1
info@jimsnellmasterplumber.com,Jim,Snell Master Plumber Inc,Jim Snell Master Plumber Inc,(409) 226-2451,https://www.jimsnellmasterplumber.com/,Nederland,"3612 Nederland Ave, Nederland, TX 77627",4.2,23,Plumber,risky,unknown,mv-verified-houston-risky-2026-04-20,ChIJbYjL9yC3PoYRkvnJOYHT2rs,1
info@mach5couriers.com,Mach,5 Couriers,Mach 5 Couriers,(713) 655-0555,http://www.mach5couriers.com/,Houston,"2102 Alabama St, Houston, TX 77004",4.3,23,Delivery service,risky,catch_all,mv-verified-houston-risky-2026-04-20,ChIJncGsRDm_QIYRuen36kXUcj4,1
info@omegapowerep.com,Omega,Electrical & Mechanical Contractors,Omega Electrical & Mechanical Contractors,+1 915-855-6868,https://www.omegapowerep.com/?utm_source=gmb&utm_medium=organic&utm_campaign=elpaso,El Paso,"12285 Pellicano Dr Suite B-2, El Paso, TX 79936, United States",4.4,23,Electrician,risky,catch_all,mv-verified-houston-risky-2026-04-20,ChIJF_cwNPpH54YRdA_g0fCa-1M,1
info@owens-sonsplumbingtx.pro,Owens,& Sons Plumbing,Owens & Sons Plumbing,(469) 300-6595,https://owens-sonsplumbingtx.pro/,,,4.9,23,Plumber,risky,catch_all,mv-verified-houston-risky-2026-04-20,ChIJ_Wf29MjBdEERznkt6JAqnAY,1
info@paellafactory915.com,Paella,Factory 915,Paella Factory 915,(915) 305-1927,https://www.paellafactory915.com/,El Paso,"7361 Brays Landing Drive, El Paso, TX 79911",4.5,23,Caterer,risky,catch_all,mv-verified-houston-risky-2026-04-20,ChIJJ0g0vPf53YYRTBbaT4LZKWM,1
%20info@ptcpas.com,Patten,and Company LLC,Patten and Company LLC,(214) 696-1922,http://www.ptcpas.com/,Dallas,"10000 N Central Expy 1000 Suite 290, Dallas, TX 75231",4.6,23,Certified public accountant,risky,catch_all,mv-verified-houston-risky-2026-04-20,ChIJeUKlb-ifToYRCAil-wh1eFw,1
pcucc1@swbell.net,Pilgrim,Congregational United,Pilgrim Congregational United,(713) 528-5321,http://www.pilgrimchurchhouston.com/,Houston,"3115 Blodgett St, Houston, TX 77004",4.9,23,Church,risky,catch_all,mv-verified-houston-risky-2026-04-20,ChIJzzDuIKS_QIYR8bDwHCGL1vY,1
rangel.drywall@yahoo.com,Rangel,Drywall Inc.,Rangel Drywall Inc.,(214) 769-3476,https://www.rangeldrywall.com/,Garland,"1029 Northwest Hwy #133, Garland, TX 75041",5,23,Dry wall contractor,risky,unknown,mv-verified-houston-risky-2026-04-20,ChIJj7KHh82mToYRtKuudcfmr34,1
info@sanantoniotaxprep.com,San,Antonio Tax Prep LLC,San Antonio Tax Prep LLC,(210) 354-3590,https://sanantoniotaxprep.com/,San Antonio,"215 Center St Apt 1908, San Antonio, TX 78202",4.9,23,Tax preparation service,risky,catch_all,mv-verified-houston-risky-2026-04-20,ChIJvQN5CNv3XIYRwVFnxEeUDKI,1
info@sweetjonesup.com,Sweet,Jones Custom Upholstery,Sweet Jones Custom Upholstery,(972) 961-6431,http://www.sweetjonesup.com/,Mesquite,"15330 Lyndon B Johnson Fwy #421, Mesquite, TX 75150",4.8,23,Upholstery shop,risky,unknown,mv-verified-houston-risky-2026-04-20,ChIJ-9m24VSnToYRs1oGh1DGwLY,1
info@tcisinc.biz,Technology,Crossing IT Solution,Technology Crossing IT Solution,(972) 919-6196,https://tcisinc.biz/,Dallas,"3010 Lyndon B Johnson Fwy #1200, Dallas, TX 75234",5,23,Computer support and services,risky,catch_all,mv-verified-houston-risky-2026-04-20,ChIJBdCJHN8gTIYRuASRtI8K_6Q,1
info@towingless.com,Towing,Less,Towing Less,(281) 729-5124,https://towingless.com/local-towing/tx/houston/,Houston,"1201 Fannin St Suite 262, Houston, TX 77002",4.7,23,Towing service,risky,catch_all,mv-verified-houston-risky-2026-04-20,ChIJVdkxgsK_QIYRrmLy6XGl5eI,1
info@2rroofingllc.com,2R,Roofing LLC,2R Roofing LLC,(832) 613-3342,https://www.2rroofingllc.com/,Humble,"15323 Wyndham Hill Dr, Humble, TX 77396",4.8,22,Roofing contractor,risky,catch_all,mv-verified-houston-risky-2026-04-20,ChIJ37GOE5evQIYR90JTE19ulb4,1
animalmedicalandsurgicalhospital@yahoo.com,Animal,Medical & Surgical Hospital,Animal Medical & Surgical Hospital,(409) 892-3412,https://animalmedicalsurgicalhospital.com/?utm_source=google&utm_medium=google_business_profile&utm_campaign=website_click,Beaumont,"4270 E Lucas Dr, Beaumont, TX 77708",3.3,22,Veterinarian,risky,unknown,mv-verified-houston-risky-2026-04-20,ChIJGaoQ-5g0OYYRXE-I9q626cQ,1
info@aquiferplumbing.com,Aquifer,Plumbing,Aquifer Plumbing,,http://www.aquiferplumbing.com/,,,4.8,22,Plumber,risky,catch_all,mv-verified-houston-risky-2026-04-20,ChIJ6ZvLhsVeZqURDo8AZ6GMy7U,1
admin@austinpools.com,Austin,Pools,Austin Pools,(512) 992-0216,https://austinpools.com/,Austin,"14916 Copper Ridge Ln, Austin, TX 78734",4.8,22,Swimming pool contractor,risky,catch_all,mv-verified-houston-risky-2026-04-20,ChIJ-bzHwxYxW4YRRIvpn2Lf_us,1
sales@awardsofdistinction.com,Awards,of Distinction,Awards of Distinction,(281) 480-6900,http://www.awardsofdistinction.com/,Houston,"16623 Sea Lark Rd, Houston, TX 77062",4.7,22,Trophy shop,risky,unknown,mv-verified-houston-risky-2026-04-20,ChIJPyq0IV6cQIYReYgtBrlVSlw,1
klein.beginningsandbeyond@yahoo.com,Beginnings,and Beyond,Beginnings and Beyond,(281) 350-4012,http://www.beginningsandbeyondchildcare.com/,Spring,"26501 Border St, Spring, TX 77373",3.7,22,Day care center,risky,unknown,mv-verified-houston-risky-2026-04-20,ChIJyTJWsBE1R4YRzbOl5XdNn_I,1
info@caproofingconstruction.com,CAP,Roofing and Construction LLC,CAP Roofing and Construction LLC,(832) 802-0560,http://www.caproofingconstruction.com/,Pasadena,"3222 Burke Rd Suit 110 A, Pasadena, TX 77504",4.8,22,Roofing contractor,risky,catch_all,mv-verified-houston-risky-2026-04-20,ChIJxdad8ROZQIYRzw8hokxD2-I,1
spark@currenelectricalservices.com,Curren,Electrical Services Inc.,Curren Electrical Services Inc.,(972) 810-1450,https://currenelectricalservices.com/,,,5,22,Electrician,risky,catch_all,mv-verified-houston-risky-2026-04-20,ChIJNwGmqmEozEQRhsuFTT7vGg4,1
info@firemarkinsuranceagency.com,Firemark,Insurance Agency,Firemark Insurance Agency,(281) 293-0601,http://www.firemarkinsuranceagency.com/,Houston,"11111 Katy Fwy # 450, Houston, TX 77079",4.3,22,Insurance agency,risky,catch_all,mv-verified-houston-risky-2026-04-20,ChIJSSs6JUHbQIYR2YCXPoqyRxU,1
support@goatlawnsatx.com,Goat,Lawn Services,Goat Lawn Services,(512) 487-5055,http://goatlawnsatx.com/,Austin,"1250 S Capital of Texas Hwy #400, Austin, TX 78746",5,22,Lawn care service,risky,catch_all,mv-verified-houston-risky-2026-04-20,ChIJqxRIf3dNW4YR1U4PKHUxb_I,1
customercare@goodelectricsa.com,Good,Electric - Electricians San Antonio,Good Electric - Electricians San Antonio,(210) 820-0220,https://goodelectricsa.com/,San Antonio,"9018 Aero St, San Antonio, TX 78217",4.1,22,Electrical installation service,risky,unknown,mv-verified-houston-risky-2026-04-20,ChIJmW4yeLWKXIYRmROo-PkFBLY,1
info@mooresupplycleburne.com,Moore,Supply,Moore Supply,(817) 517-7301,https://mooresupplycleburne.com/,Cleburne,"1803 N Main St #5037, Cleburne, TX 76033",4.3,22,Plumbing supply store,risky,catch_all,mv-verified-houston-risky-2026-04-20,ChIJ50ui6wFHToYR7gTxiPC8Y5w,1
admin@neartownchurch.org,Neartown,Church,Neartown Church,(713) 487-9682,http://www.neartownchurch.org/,Houston,"4100 Main St, Houston, TX 77002",5,22,Church,risky,catch_all,mv-verified-houston-risky-2026-04-20,ChIJeX6RPVu_QIYRDMrEJXmeyR4,1
info@sneakhouston.com,Sneak,,Sneak,+1 314-566-7687,http://sneakhouston.com/,Houston,"1012 St Emanuel St, Houston, TX 77003, United States",5,22,Shoe store,risky,catch_all,mv-verified-houston-risky-2026-04-20,ChIJl7a7-mK_QIYRpYnb0B9fMCY,1
info@tenorioplumbingservices.com,Tenorio,Plumbing Services,Tenorio Plumbing Services,(281) 818-9842,https://tenorioplumbingservices.com/,,,4.8,22,Plumber,risky,unknown,mv-verified-houston-risky-2026-04-20,ChIJw0H6yKLh-EsRdjs09uEx304,1
info@urbanconcrete.com,Urban,"Concrete Contractors, Ltd","Urban Concrete Contractors, Ltd",(210) 490-0090,http://www.urbanconcrete.com/,Timberwood Park,"24114 Blanco Rd, Timberwood Park, TX 78260",4.5,22,Concrete contractor,risky,catch_all,mv-verified-houston-risky-2026-04-20,ChIJVVVVVSXNQIYRYFxpXbR1v7E,1
info@agruedabookkeeping.com,AG,"RUEDA BOOKKEEPING, LLC","AG RUEDA BOOKKEEPING, LLC",(512) 963-9387,http://www.agruedabookkeeping.com/,Austin,"2823 E Martin Luther King Jr Blvd SUITE 130, Austin, TX 78702",4.8,21,Bookkeeping service,risky,catch_all,mv-verified-houston-risky-2026-04-20,ChIJoeiDymW1RIYRHWth_pvA3os,1
apocalypsetacticalrange@yahoo.com,Apocalypse,Tactical Range LLC & ATR Academy,Apocalypse Tactical Range LLC & ATR Academy,(210) 421-9173,http://apocalypsetacticalrange.com/,Von Ormy,"16680 Somerset Rd, Von Ormy, TX 78073",5,21,Shooting range,risky,unknown,mv-verified-houston-risky-2026-04-20,ChIJGez3SHxRXIYRQmnjAInV17A,1
aew@aewcpa.com,Aurelia,E Weems CPA,Aurelia E Weems CPA,(936) 273-1188,http://woodlands-cpa.com/,Conroe,"1510 Interstate 45 N #150, Conroe, TX 77301",4.2,21,Certified public accountant,risky,catch_all,mv-verified-houston-risky-2026-04-20,ChIJFySaj703R4YRF_AJh4RLGzo,1
northwest@edquisitive.com,Edquisitive,Montessori of NW Military,Edquisitive Montessori of NW Military,(210) 446-1312,https://www.edquisitivemontessori.com/location/north-west-military-campus/,San Antonio,"2829 Hunters Grn Dr, San Antonio, TX 78231",4.8,21,Preschool,risky,catch_all,mv-verified-houston-risky-2026-04-20,ChIJkTgYuQBhXIYRBdFXkPW2f74,1
info@guzmansepticservices.com,Guzman,septic services,Guzman septic services,(281) 443-6757,https://www.guzmansepticservices.com/,Houston,"17914 E Hardy Rd, Houston, TX 77073",4.5,21,Septic system service,risky,catch_all,mv-verified-houston-risky-2026-04-20,ChIJ6xdeCou1QIYRY9cOhAavB90,1
orders@innovativeinkep.com,Innovative,Ink Commercial Wraps & Signs,Innovative Ink Commercial Wraps & Signs,(915) 304-0155,https://www.innovativeinkep.com/,El Paso,"1000 Diesel Dr Suite H, El Paso, TX 79907",5,21,Sign shop,risky,catch_all,mv-verified-houston-risky-2026-04-20,ChIJgfthxaFD54YRRWy1cwXQUC8,1
martinacelectrical@att.net,Martin,Electrical,Martin Electrical,(817) 370-2500,http://crowleytxlicensedelectrician.com/,Crowley,"1005 Horse Creek Rd Bldg 10 Ste1, Crowley, TX 76036",5,21,Electrician,risky,catch_all,mv-verified-houston-risky-2026-04-20,ChIJfQoErtBrToYRhYX9DRrAE0A,1
info@rangersecurityagency.com,Ranger,Security Agency,Ranger Security Agency,(512) 300-4126,https://www.rangersecurityagency.com/,Austin,"5555 N Lamar Blvd Suite L119, Austin, TX 78751",4.8,21,Security guard service,risky,catch_all,mv-verified-houston-risky-2026-04-20,ChIJIdPeKZvNRIYRqAgzUdj3tDc,1
info@robertsammoncpa.com,Robert,"Sammon, PC","Robert Sammon, PC",(713) 240-6465,http://www.robertsammoncpa.com/,Spring,"5319 Brownlee Ln, Spring, TX 77379",5,21,Accounting firm,risky,catch_all,mv-verified-houston-risky-2026-04-20,ChIJM92SpsfNQIYRg4K8E_Uw284,1
info@swinsurance.com,Southwest,Insurance Center,Southwest Insurance Center,(512) 280-6100,https://www.swinsurance.com/,Austin,"901 S MoPac Expy Bldg 1, Ste 300, Austin, TX 78746",4.8,21,Insurance agency,risky,catch_all,mv-verified-houston-risky-2026-04-20,ChIJDay2tWlMW4YR4cDxdAko7nc,1
law@notarypublics.com,Texas,State Notary Bureau,Texas State Notary Bureau,(512) 443-9202,https://www.notarypublics.com/,Austin,"4107 S 1st St, Austin, TX 78745",3.6,21,Notary public,risky,unknown,mv-verified-houston-risky-2026-04-20,ChIJIYFiIrm0RIYRibW5go8LPsk,1
totshavendaycare@sbcglobal.net,Tot's,Haven Christian Academy,Tot's Haven Christian Academy,(817) 731-2760,http://www.totshavendaycare.com/,Fort Worth,"5216 Helmick Ave, Fort Worth, TX 76107",5,21,Day care center,risky,catch_all,mv-verified-houston-risky-2026-04-20,ChIJn8Ywf_lyToYRjUgX4fgcUbE,1
intake@total-homecare.com,Total,"Home Care, Inc.","Total Home Care, Inc.",(713) 647-7036,http://www.total-homecare.com/,Houston,"1419 W 24th St, Houston, TX 77008",4.6,21,Home health care service,risky,unknown,mv-verified-houston-risky-2026-04-20,ChIJdXLOgQ_HQIYRRyWyw4imOuM,1
info@twelvetwentydallas.com,Twelve,Twenty,Twelve Twenty,(214) 748-1220,http://www.twelvetwentydallas.com/,Dallas,"1220 N Riverfront Blvd, Dallas, TX 75207",4.8,21,Antique furniture store,risky,catch_all,mv-verified-houston-risky-2026-04-20,ChIJTRxOaMGZToYR5feG3rAGX0A,1
info@winsupplyinc.com,Waco,Winnelson,Waco Winnelson,(254) 751-0150,https://www.winsupplyinc.com/Location/Woodway-TX/76712/Plumbing-Supplies,Woodway,"6801 Woodway Dr, Woodway, TX 76712",4.7,21,Plumbing supply store,risky,catch_all,mv-verified-houston-risky-2026-04-20,ChIJN3xgkaOGT4YRRFzhFNk148s,1
info@aaaconcreting.com,AAA,Concreting,AAA Concreting,(512) 271-4347,https://www.aaaconcreting.com/tx/concrete-contractors-austin/,Austin,"5212 Burleson Rd, Austin, TX 78744",4.8,20,Concrete contractor,risky,catch_all,mv-verified-houston-risky-2026-04-20,ChIJ_3nhOQa1RIYRCmomd3mo9mA,1
abcoroofingtx@yahoo.com,ABCO,Roofing & Construction,ABCO Roofing & Construction,(409) 835-2226,https://www.abcoroofingtx.com/,Beaumont,"1515 S M L King Jr Pkwy, Beaumont, TX 77701",4.2,20,Roofing contractor,risky,unknown,mv-verified-houston-risky-2026-04-20,ChIJLbUzt-nKPoYRDkSgJapHbv8,1
info@sunsetairconditioningandheating.com,Adams,& Cofer,Adams & Cofer,(346) 585-7917,http://sunsetairconditioningandheating.com/Pasadena,Pasadena,"4114 Citation Dr, Pasadena, TX 77503",5,20,HVAC contractor,risky,catch_all,mv-verified-houston-risky-2026-04-20,ChIJQeXJeamYQIYRoNf0bE9r3CE,1
info@advisorus.com,Advisor,Insurance Group,Advisor Insurance Group,(713) 688-1660,https://www.advisorus.com/,Houston,"5450 NW Central Dr #270, Houston, TX 77092",5,20,Insurance broker,risky,unknown,mv-verified-houston-risky-2026-04-20,ChIJ91MYywHPQIYRU58LWefUbzo,1
info@bailesbatescpas.com,Bailes,Bates & Associates LLP,Bailes Bates & Associates LLP,(281) 565-6400,https://bailesbatescpas.com/,Sugar Land,"1650 Hwy 6 Unit 470, Sugar Land, TX 77478",4.7,20,Accountant,risky,catch_all,mv-verified-houston-risky-2026-04-20,ChIJ8-TAaL_mQIYRgib8kgbgc2Y,1
info@boonlaw.com,Boon,Calk Echols Coleman & Goolsby PLLC,Boon Calk Echols Coleman & Goolsby PLLC,(903) 759-2200,https://boonlaw.com/?npcmp=dir:local:4423841:75604,Longview,"1800 TX-281 Loop Suite 303, Longview, TX 75604",4.8,20,Personal injury attorney,risky,catch_all,mv-verified-houston-risky-2026-04-20,ChIJaYHMUDo5NoYRQdRyXVQPmd0,1
buddelectric@grandecom.net,Budd,Electric,Budd Electric,(361) 855-2255,http://www.buddelectric.net/,Corpus Christi,"3910 Apollo Rd, Corpus Christi, TX 78413",4.3,20,Electrician,risky,catch_all,mv-verified-houston-risky-2026-04-20,ChIJSXLdhT31aIYRlMf7OnF8vb4,1
info@divinohomes.com,Divino,Homes,Divino Homes,(214) 360-7200,http://www.divinohomes.com/,,,4.4,20,Custom home builder,risky,catch_all,mv-verified-houston-risky-2026-04-20,ChIJMwTzDlycToYR6iIf1mvrISM,1
info@dylanwylde.com,Dylan,Wylde,Dylan Wylde,(512) 253-2015,https://www.dylanwylde.com/,Austin,"2324 S Lamar Blvd B, Austin, TX 78704",5,20,Women's clothing store,risky,catch_all,mv-verified-houston-risky-2026-04-20,ChIJkcIFDde0RIYRRMS2klUXCQg,1
info@familytiesplumbing.com,Family,Ties Plumbing and Construction,Family Ties Plumbing and Construction,(972) 824-8833,https://familytiesplumbingandconstruction.com/,Rowlett,"3906 Melcer Dr # 301, Rowlett, TX 75088",5,20,Construction company,risky,catch_all,mv-verified-houston-risky-2026-04-20,ChIJFRhNQE6pToYRPvIDZ-QPdu4,1
info@gatesinmotion.com,Gates,"in Motion, Inc.","Gates in Motion, Inc.",(281) 358-8662,https://gatesinmotion.com/,Kingwood,"1515 Lakeville Dr # E, Kingwood, TX 77339",4.7,20,Fence contractor,risky,unknown,mv-verified-houston-risky-2026-04-20,ChIJc-tbAlpNR4YR1Ns2P21R6x4,1
info@mr-handyelectric.com,Gear,Electrical Contractors,Gear Electrical Contractors,(817) 904-5397,https://mr-handyelectric.com/Fort-Worth,Fort Worth,"5709 Azle Ave, Fort Worth, TX 76114",5,20,Electrician,risky,catch_all,mv-verified-houston-risky-2026-04-20,ChIJE3M2CKB1ToYRo9GiIMWkz4w,1
info@george-mckenna.com,George-McKenna,"Electrical Contractors, Inc.","George-McKenna Electrical Contractors, Inc.",(972) 721-1950,http://george-mckenna.com/,Irving,"2319 E Grauwyler Rd, Irving, TX 75061",4.2,20,Electrician,risky,catch_all,mv-verified-houston-risky-2026-04-20,ChIJO1938M-cToYRpbWjS8U_y8E,1
info@hayniecpas.com,Haynie,& Company,Haynie & Company,(210) 979-0055,https://www.hayniecpas.com/san-antonio-texas/?utm_source=GBPlisting&utm_medium=organic,San Antonio,"2702 N Loop 1604 E #202, San Antonio, TX 78232",4.5,20,Certified public accountant,risky,catch_all,mv-verified-houston-risky-2026-04-20,ChIJb5kEai6KXIYRqJHx9u_dZSI,1
operations@honestyelectrical.com,Honesty,"Electrical, LLC","Honesty Electrical, LLC",(346) 298-3605,https://www.honestyelectrical.com/,,,5,20,Electrician,risky,catch_all,mv-verified-houston-risky-2026-04-20,ChIJFZ_1ltDhTocRoBbX0ErSidY,1
jayelectric@att.net,Jay,Electric,Jay Electric,(832) 875-0491,http://www.jayelectricservices.com/,,"Houston, TX 77045",4.1,20,Electrician,risky,catch_all,mv-verified-houston-risky-2026-04-20,ChIJT7gVNB7rQIYR3W_1ByktNzY,2
info@shopjulyandjune.com,July,& June Women’s Boutique,July & June Women’s Boutique,(210) 323-2036,http://shopjulyandjune.com/,San Antonio,"1846 N Loop 1604 W #105, San Antonio, TX 78248",4.9,20,Women's clothing store,risky,catch_all,mv-verified-houston-risky-2026-04-20,ChIJ7_cN8p-JXIYRWG12yP5H_nI,1
info@kozelkaelectric.com,KOZELKA,ELECTRIC,KOZELKA ELECTRIC,(210) 799-8821,https://www.kozelkaelectric.com/,Live Oak,"13703 Altamirano, Live Oak, TX 78233",5,20,Electrician,risky,catch_all,mv-verified-houston-risky-2026-04-20,ChIJhR3g3r8_jIURf6bl8QkqllA,1
info@louieselectric.com,Louie's,Electric,Louie's Electric,+1 956-420-2868,https://louieselectric.com/,Alamo,"1813 Cortez Dr, Alamo, TX 78516, United States",4.8,20,Electrician,risky,catch_all,mv-verified-houston-risky-2026-04-20,ChIJAyKvI4GfZYYRyIknfR8nnr8,2
info@luckysconcreteelpaso.com,Lucky's,Concrete El Paso,Lucky's Concrete El Paso,(915) 277-7286,http://luckysconcreteelpaso.com/?utm_source=google&utm_medium=local&utm_campaign=gbp,El Paso,"9812 Titan St, El Paso, TX 79924",4.6,20,Concrete contractor,risky,catch_all,mv-verified-houston-risky-2026-04-20,ChIJCymZ4n9R54YRzmHk2nelHEo,1
moebeth@moesplumbingrepair.com,Moe's,Plumbing,Moe's Plumbing,(870) 557-1755,https://www.moesplumbingrepair.com/,,"312 Meadowridge Cir, Texarkana, AR 71854",4.6,20,Plumber,risky,catch_all,mv-verified-houston-risky-2026-04-20,ChIJub2qNJBrNIYRE7NY4e7yktY,1
godoylou@yahoo.com,Money,Tax Services LLC.,Money Tax Services LLC.,(512) 478-1454,https://www.moneytaxsrvs.com/,Austin,"3118 E 12th St, Austin, TX 78702",4.4,20,Tax preparation service,risky,unknown,mv-verified-houston-risky-2026-04-20,ChIJ8QLMg6W1RIYR1hFUfg7vSHY,1
info@parkisac.com,Parkis,Air Care,Parkis Air Care,(432) 570-0790,https://www.parkisac.com/,Midland,"401 S Terrell St, Midland, TX 79701",4.8,20,HVAC contractor,risky,catch_all,mv-verified-houston-risky-2026-04-20,ChIJu9pePoNi-YYRRlLpoSyjCLg,1
info@high-level-electric-works.com,Richeson,Electric Co Inc,Richeson Electric Co Inc,(682) 686-2670,https://high-level-electric-works.com/Rowlett,Rowlett,"5211 Boyd Blvd, Rowlett, TX 75088",4.8,20,Electrician,risky,catch_all,mv-verified-houston-risky-2026-04-20,ChIJh4F-XFUdTIYR9HYgeHy1khQ,1
info@rightslicepizzas.com,Right,Slice Pizza,Right Slice Pizza,(214) 272-3702,https://www.rightslicepizzas.com/,Dallas,"1302 Main St, Dallas, TX 75202",5,20,Pizza restaurant,risky,unknown,mv-verified-houston-risky-2026-04-20,ChIJU7Y52HCZToYRDwiddqryytc,1
connielarrys@aol.com,Sawyer,Plumbing Services,Sawyer Plumbing Services,(940) 382-7464,http://www.sawyerplumbingservices.com/,Denton,"301 Dallas Dr # 113, Denton, TX 76205",4.4,20,Plumber,risky,unknown,mv-verified-houston-risky-2026-04-20,ChIJudnhIvHKTYYRuD3n-wWk1m0,1
info@greentreeheatingandcooling.com,plumbermissouricity,,plumbermissouricity,(346) 275-2365,http://greentreeheatingandcooling.com/Missouri-City,Missouri City,"2240 FM 1092 Rd, Missouri City, TX 77459",5,20,HVAC contractor,risky,catch_all,mv-verified-houston-risky-2026-04-20,ChIJHxk0S4edxYgRl74FCr5fCIs,1
info@arcosa.com,Arcosa,Stabilized & Recycling,Arcosa Stabilized & Recycling,(713) 987-0000,http://arcosa.com/,Houston,"6131 Selinsky Rd, Houston, TX 77048",3.6,19,Demolition contractor,risky,catch_all,mv-verified-houston-risky-2026-04-20,ChIJfYRdls2VQIYRS4-WDfDLuMc,1
info@austinhardwoodflooring.com,Austin,Hardwood Flooring,Austin Hardwood Flooring,(512) 554-1693,https://www.austinhardwoodflooring.com/,Austin,"404 W Powell Ln Ste. 602, Austin, TX 78753",4.8,19,Flooring store,risky,catch_all,mv-verified-houston-risky-2026-04-20,ChIJlQ10DInLRIYRzeUwePUkZgM,1
beaumontfence@sbcglobal.net,BEAUMONT,FENCE CO.,BEAUMONT FENCE CO.,(409) 466-5744,https://www.beaumontfenceco.com/,Beaumont,"8105 TX-105, Beaumont, TX 77713",5,19,Fence contractor,risky,catch_all,mv-verified-houston-risky-2026-04-20,ChIJB1NZMq4zOYYRPzFPSUVHgEE,1
info@blackstarlandscaping.com,Blackstar,Landscaping Houston,Blackstar Landscaping Houston,(832) 464-6669,https://www.blackstarlandscaping.com/,Houston,"2429 Bissonnet St #222, Houston, TX 77005",5,19,Landscaper,risky,catch_all,mv-verified-houston-risky-2026-04-20,ChIJze1vhc3BQIYRS3w97nESyHs,1
info@broadwayrx.com,Broadway,Pharmacy,Broadway Pharmacy,(210) 824-3322,http://www.broadwayrx.com/,San Antonio,"6100 Broadway, San Antonio, TX 78209",4.4,19,Pharmacy,risky,catch_all,mv-verified-houston-risky-2026-04-20,ChIJQa5kbnL1XIYRxYqJoiZw27Y,1
mail@dandselectricinc.com,D&S,"Electric Services, Inc.","D&S Electric Services, Inc.",(903) 593-3779,http://www.dandselectricinc.com/,Tyler,"726 W Elm St, Tyler, TX 75702",3.6,19,Electrician,risky,catch_all,mv-verified-houston-risky-2026-04-20,ChIJ7XI44rLOSYYRlAZBNBtuGM4,1
info@deckthehousetx.com,Deck,the House,Deck the House,(210) 269-1133,http://deckthehousetx.com/,San Antonio,"5955 Summer Fest Dr, San Antonio, TX 78244",4.6,19,Deck builder,risky,catch_all,mv-verified-houston-risky-2026-04-20,ChIJLwKe2KTzXIYR2grwEdvhXvk,1
mikedela79@yahoo.com,Dependable,Electric,Dependable Electric,+1 915-920-5882,https://weredependableelectric.com/,El Paso,"8701 Gateway S Blvd, El Paso, TX 79904, United States",4.7,19,Electrician,risky,unknown,mv-verified-houston-risky-2026-04-20,ChIJcdjlpDJX54YRo_F77uA0e58,1
info@hvac-repair-guys.com,Diamond,Heating & Cooling Service Repair,Diamond Heating & Cooling Service Repair,(346) 336-5303,http://hvac-repair-guys.com/Dickinson,Dickinson,"1455 FM 646 Rd suite 211, Dickinson, TX 77539",5,19,HVAC contractor,risky,catch_all,mv-verified-houston-risky-2026-04-20,ChIJpZCaDBaDQIYRDT3VUEdRlhs,1
service@diveinpooltx.com,Dive,In Pool Services,Dive In Pool Services,(210) 556-1486,http://www.diveinpooltx.com/,San Antonio,"9906 San Pedro Ave, San Antonio, TX 78216",4.8,19,Swimming pool contractor,risky,unknown,mv-verified-houston-risky-2026-04-20,ChIJiVKo7lBgXIYRupDEw7WrJn0,1
info@griffing.com,Griffing,"& Company, P.C.","Griffing & Company, P.C.",(281) 491-8866,https://www.griffing.com/,Sugar Land,"1 Sugar Creek Center Blvd Suite 650, Sugar Land, TX 77478",4.7,19,Certified public accountant,risky,catch_all,mv-verified-houston-risky-2026-04-20,ChIJ6TQDcVXmQIYRkXrVc9QwD7s,1
info@guardadolandscaping.com,Guardado,Landscaping,Guardado Landscaping,(817) 732-3434,http://www.guardadolandscaping.com/,Fort Worth,"3228 Alta Mere Dr, Fort Worth, TX 76116",4.3,19,Landscaper,risky,unknown,mv-verified-houston-risky-2026-04-20,ChIJK150r9UMToYRxXCTitiH0e8,1
info@houstonpalletlogistic.com,HOUSTON,PALLET LOGISTIC,HOUSTON PALLET LOGISTIC,(713) 671-0009,http://houstonpalletlogistic.com/,Houston,"8840 Market St, Houston, TX 77029",3.9,19,Pallet supplier,risky,unknown,mv-verified-houston-risky-2026-04-20,ChIJheB3QYe8QIYRFSsT0UWXIeY,1
hesterelectric@yahoo.com,Hester,Electric,Hester Electric,(832) 689-8389,http://hesterelectric.com/,Rosenberg,"611 Honeysuckle Vine Dr, Rosenberg, TX 77469",4.5,19,Electrician,risky,unknown,mv-verified-houston-risky-2026-04-20,ChIJXcOel2jiQIYRlGbTw18ipfk,1
info@airconditioningandheatingofhoustonco.com,Houston,Air Conditioning AC & Heating Repair Co.,Houston Air Conditioning AC & Heating Repair Co.,(346) 460-6556,https://airconditioningandheatingofhoustonco.com/?utm_source=google&utm_medium=organic,Houston,"7033 Avenue N, Houston, TX 77011",4.8,19,HVAC contractor,risky,catch_all,mv-verified-houston-risky-2026-04-20,ChIJA-ATmGlDwokRLhHaTrgr9CQ,1
info@jlfloyd.com,JL,Floyd Electrical Services,JL Floyd Electrical Services,(832) 932-5570,http://jlfloyd.com/,League City,"400 Hobbs Rd #211, League City, TX 77573",4.4,19,Electrician,risky,catch_all,mv-verified-houston-risky-2026-04-20,ChIJAQ5NClabQIYRBGnvDig_-Rk,1
info@kvatx.com,KVA,Electric,KVA Electric,(979) 479-2447,https://www.kvatx.com/,,,5,19,Electrician,risky,catch_all,mv-verified-houston-risky-2026-04-20,ChIJAVjLAWpXW4YRTPIMvYj02Ds,1
info@blodgettstreetfoodhall.com,Lulua’s,Kitchen,Lulua’s Kitchen,(346) 565-6979,https://blodgettstreetfoodhall.com/s/lulua's-kitchen/2616-blodgett-st-houston/bfc27bb1-f79d-4a27-998a-b90c5770d391,Houston,"2616 Blodgett St K7, Houston, TX 77004",4.6,19,Mediterranean restaurant,risky,catch_all,mv-verified-houston-risky-2026-04-20,ChIJWYcUIH2_QIYRmr5ynOJvM_4,1
info@maggieshomecleaningservices.com,Maggie's,Home Cleaning Company,Maggie's Home Cleaning Company,+1 915-422-0636,http://maggieshomecleaningservices.com/,El Paso,"5320 Fairbanks Dr, El Paso, TX 79924, United States",4.4,19,House cleaning service,risky,catch_all,mv-verified-houston-risky-2026-04-20,ChIJAQBc9l1R54YRyNHo3gla9tM,1
info@metroelectric-rgv.com,Metro,"Electric, Inc.","Metro Electric, Inc.",(956) 686-2323,http://www.metroelectric-rgv.com/,McAllen,"1901 Industrial Dr, McAllen, TX 78504",4.3,19,Electrician,risky,catch_all,mv-verified-houston-risky-2026-04-20,ChIJly_Dy8emZYYRIzCDsA1AIEw,2
info@primaveralandscapinginc.com,PRIMAVERA,LANDSCAPING,PRIMAVERA LANDSCAPING,(281) 858-6962,https://primaveralandscapinginc.com/,Houston,"4105 Clarblak Ln, Houston, TX 77080",5,19,Landscape designer,risky,catch_all,mv-verified-houston-risky-2026-04-20,ChIJ12S6vw3FQIYRXzpAJVHjj94,1
service@palomatx.com,Paloma,Plumbing TX,Paloma Plumbing TX,(682) 895-5325,https://palomaplumbing.com/,Fort Worth,"2120 Ridgmar Blvd, Fort Worth, TX 76116",5,19,Plumber,risky,catch_all,mv-verified-houston-risky-2026-04-20,ChIJQY7QBcEhdQgR6zhKE-8VYC8,1
info@pritchardelectric.net,Pritchard,Electric,Pritchard Electric,(512) 252-4699,https://pritchardelectric.net/,Austin,"12609 Dessau Rd #155, Austin, TX 78754",4.9,19,Electrician,risky,catch_all,mv-verified-houston-risky-2026-04-20,ChIJHZZuO87IRIYRezePbgcTfT4,1
info@rjwilliamsco.com,RJ,Williams & Company Real Estate LLC.,RJ Williams & Company Real Estate LLC.,(682) 214-7592,http://www.rjwilliamsco.com/,Fort Worth,"650 May St, Fort Worth, TX 76104",4.9,19,Real estate agency,risky,catch_all,mv-verified-houston-risky-2026-04-20,ChIJSVLj2QxxToYRgrEC4GjCHVo,1
info@remingtoncustompools.com,Remington,Luxury Pools,Remington Luxury Pools,(682) 549-0006,https://www.remingtoncustompools.com/,Cresson,"17611 US-377, Cresson, TX 76035",4.8,19,Swimming pool contractor,risky,unknown,mv-verified-houston-risky-2026-04-20,ChIJ6c_Q7uBUomIR6Spu5-5E51I,1
info@tj.cpa,Suman,"Thomas,CPA. PC","Suman Thomas,CPA. PC",(281) 940-8857,http://www.tj.cpa/,Missouri City,"2411 FM 1092 Rd, Missouri City, TX 77459",4.7,19,Accountant,risky,unknown,mv-verified-houston-risky-2026-04-20,ChIJDTFMwgPmQIYRAC6YI32REso,1
info@thedentaldock.com,The,Dental Dock,The Dental Dock,+1 409-724-6387,http://www.thedentaldock.com/,Port Arthur,"7860 9th Ave, Port Arthur, TX 77642, United States",3.4,19,Dentist,risky,catch_all,mv-verified-houston-risky-2026-04-20,ChIJeYG4Q8WwPoYRRu_LapJQl-0,1
info@toughlawfirm.net,Tough,Law Firm,Tough Law Firm,(281) 681-0808,https://toughlawfirm.net/,Spring,"819 Crossbridge Dr, Spring, TX 77373",4.8,19,Legal services,risky,catch_all,mv-verified-houston-risky-2026-04-20,ChIJ__8P5a41R4YRmIslRfcgLSg,1
alba@velectrictx.com,Velectric,,Velectric,(512) 659-6438,https://www.velectrictx.com/,Austin,"16400 Rocky Ridge Rd, Austin, TX 78734",5,19,Electrician,risky,catch_all,mv-verified-houston-risky-2026-04-20,ChIJae-kYRaM1KYR4YcmfTHEpSk,1
chad.baumgardner32@yahoo.com,183HEX,,183HEX,(800) 392-1741,http://www.183hex.com/,Beaumont,"6200 Muela Creek Dr, Beaumont, TX 77708",5,18,Gym,risky,unknown,mv-verified-houston-risky-2026-04-20,ChIJe0UWH_YzOYYRrcVJ0p0Lp98,1
u003einfo@abejasboutique.com,Abejas,Boutique,Abejas Boutique,(713) 522-3025,http://abejasboutique.com/,Houston,"2517 South Blvd, Houston, TX 77098",4.5,18,Boutique,risky,catch_all,mv-verified-houston-risky-2026-04-20,ChIJ9bgn6F7AQIYRM78Zm2R_W44,1
codylpollard@yahoo.com,All,Pro Technicians Auto Repair,All Pro Technicians Auto Repair,(972) 938-8161,https://allprotechniciansautorepair.com/,Waxahachie,"1551 US-287 BYP B, Waxahachie, TX 75165",4.8,18,Auto repair shop,risky,unknown,mv-verified-houston-risky-2026-04-20,ChIJV45Be6LvToYR4UYiStje6AQ,1
armstrongac22@yahoo.com,Armstrong's,"AC & Heat, LLC","Armstrong's AC & Heat, LLC",(936) 635-7907,https://www.armstrongsac.com/,Diboll,"103 Weber, Diboll, TX 75941",5,18,HVAC contractor,risky,unknown,mv-verified-houston-risky-2026-04-20,ChIJ1dwOcHYVOIYR7GHLjpF16Ww,1
steven@aztechac.com,Aztech,Air Conditioning & Heating,Aztech Air Conditioning & Heating,(432) 561-5154,https://www.aztechac.com/,Midland,"5023 Princeton Ave #12, Midland, TX 79703",4.7,18,HVAC contractor,risky,catch_all,mv-verified-houston-risky-2026-04-20,ChIJ2ywqsKTZ-4YRxOs7LqaPcN4,1
info@beardedmoney.com,BeardedMoney,Tattoos and Piercings,BeardedMoney Tattoos and Piercings,(346) 556-5084,https://www.beardedmoney.com/,Spring,"18464 Kuykendahl Rd, Spring, TX 77379",4.8,18,Tattoo and piercing shop,risky,catch_all,mv-verified-houston-risky-2026-04-20,ChIJhStBG0nNQIYRDvK8W5h0nS0,1
info@blalocklandscaping.com,Blalock,"Landscaping & Drainage, Inc","Blalock Landscaping & Drainage, Inc",(713) 977-1964,http://www.blalockdrainage.com/,Houston,"5120 Milwee St, Houston, TX 77092",4.6,18,Drainage service,risky,catch_all,mv-verified-houston-risky-2026-04-20,ChIJ8Qnh6GTGQIYR96cFUy-8L-k,1
sales@bluecustompools.com,Blue,Custom Pools,Blue Custom Pools,(832) 391-6895,http://bluecustompools.com/,Houston,"12262 Queenston Blvd Ste G, Houston, TX 77095",4.6,18,Swimming pool contractor,risky,unknown,mv-verified-houston-risky-2026-04-20,ChIJMw2yEIPVQIYRUZPGPB3wFPU,1
office@childsday.com,Child's,Day,Child's Day,(512) 327-3274,http://childsday.com/,Austin,"2525 Wallingwood Dr Building 1, Suite 100, Austin, TX 78746",4.4,18,Day care center,risky,catch_all,mv-verified-houston-risky-2026-04-20,ChIJ3RZ1AjO1RIYRATvhbZ0fgoI,1
anthony@valentidesign.net,East,Dallas Welding & Machining,East Dallas Welding & Machining,(636) 346-5876,https://valentidesign.net/welding-fab,Dallas,"1451 John West Rd, Dallas, TX 75228",5,18,Welder,risky,catch_all,mv-verified-houston-risky-2026-04-20,ChIJrcpZINSjToYRLT4r0e2tTY8,1
%20info@guardsoncall.us,Guards,On Call of Houston,Guards On Call of Houston,(281) 402-8000,https://guardsoncall.us/security-guard-houston-tx/,Houston,"1000 Main St Suite 2300B, Houston, TX 77002",4.9,18,Security guard service,risky,catch_all,mv-verified-houston-risky-2026-04-20,ChIJq1WsFBy_QIYRMdNk8n21oAY,1
info@signsaustin.com,Hightech,Signs,Hightech Signs,(512) 832-0000,http://www.signsaustin.com/,Austin,"1707 Hydro Dr, Austin, TX 78728",4.8,18,Sign shop,risky,unknown,mv-verified-houston-risky-2026-04-20,ChIJd1TrZo3ORIYR4orGWDjyE_0,1
info@brenhamestateplans.com,Marlyn,"Schulz, Attorney at Law","Marlyn Schulz, Attorney at Law",(281) 529-5176,http://www.brenhamestateplans.com/,Brenham,"800 Farm to Market Rd 390 W, Brenham, TX 77833",4.8,18,Legal services,risky,catch_all,mv-verified-houston-risky-2026-04-20,ChIJdbZUaaAdRIYRKIq8tFLw39o,1
info@mcdugaldsteele.com,McDugald,Steele Landscape Architects & Contractors,McDugald Steele Landscape Architects & Contractors,(713) 868-8060,http://www.mcdugaldsteele.com/,Houston,"811 E Crosstimbers St, Houston, TX 77022",3.6,18,Landscape architect,risky,catch_all,mv-verified-houston-risky-2026-04-20,ChIJNz6KTHPHQIYRcgpeCqZ5nhc,1
info@northstarfire.com,Northstar,Fire Protection-Tx,Northstar Fire Protection-Tx,(512) 833-0800,http://www.northstarfire.com/,Austin,"4616 W Howard Ln #400, Austin, TX 78728",3.1,18,Fire protection service,risky,catch_all,mv-verified-houston-risky-2026-04-20,ChIJ4U8vKM7NRIYRveq4dWo5T5w,2
info@randwelectric.com,R&W,Electric,R&W Electric,(870) 773-0033,http://randwelectric.com/,,"3100 E 19th St, Texarkana, AR 71854",4.6,18,Electrician,risky,catch_all,mv-verified-houston-risky-2026-04-20,ChIJITk4xoFpNIYR1HpQFv5UP0U,1
info@rangerplumbingco.com,Ranger,Plumbing Company,Ranger Plumbing Company,(832) 868-8065,https://www.rangerplumbingco.com/needville-plumbing/,,,4.8,18,Plumber,risky,catch_all,mv-verified-houston-risky-2026-04-20,ChIJT1pvZDBUQ6kRwvRwO-HDa9g,1
info@solarsupply.us,Solar,Supply LLC,Solar Supply LLC,(409) 985-5561,http://solarsupply.us/,Port Arthur,"2724 Bluebonnet Ave, Port Arthur, TX 77640",4.5,18,Air conditioning contractor,risky,unknown,mv-verified-houston-risky-2026-04-20,ChIJHS9STZG6PoYRHdijyXnkC18,2
info@stibbsco.com,Stibbs,"& Co., P.C.","Stibbs & Co., P.C.",(281) 367-2222,http://www.stibbsco.com/,Spring,"831 Crossbridge Dr, Spring, TX 77373",4.8,18,Law firm,risky,catch_all,mv-verified-houston-risky-2026-04-20,ChIJt-uF5a41R4YRcF--Pbmz58Y,1
intake@transitionhhc.com,Transition,Home Healthcare,Transition Home Healthcare,(713) 665-5471,https://www.ml-healthcare.net/home-health,Houston,"4888 Loop Central Dr Ste 300, Houston, TX 77081",4.6,18,Home health care service,risky,catch_all,mv-verified-houston-risky-2026-04-20,ChIJk1DNFg_BQIYRS-FT56zQPM0,1
info@vaughnconstruction.com,Vaughn,Construction,Vaughn Construction,(713) 243-8300,http://www.vaughnconstruction.com/,Houston,"10355 Westpark Dr, Houston, TX 77042",4.9,18,Construction company,risky,catch_all,mv-verified-houston-risky-2026-04-20,ChIJvzR00yfDQIYR9haGg2V5ql8,1
info@wonderwell.com,WonderWell,,WonderWell,(512) 982-4310,http://wonderwell.com/,Austin,"7717 Southwest Pkwy Building 2, Austin, TX 78735",5,18,Preschool,risky,unknown,mv-verified-houston-risky-2026-04-20,ChIJT3rkBohJW4YRBvBeKOiV_vc,1
info@yarrowlandscaping.com,Yarrow,Landscaping Design + Build,Yarrow Landscaping Design + Build,(512) 694-7392,https://www.yarrowlandscaping.com/,Austin,"1801 E 51st St Suite 365 #369, Austin, TX 78723",4.7,18,Landscaper,risky,catch_all,mv-verified-houston-risky-2026-04-20,ChIJM3X4d-y1RIYRSoh9GNcJbjw,1
mike@bladerunneratx.com,Blade,Runner Landscapes,Blade Runner Landscapes,(512) 222-2200,https://www.bladerunneratx.com/?utm_source=google&utm_medium=wix_google_business_profile&utm_campaign=1349185315177809134,Austin,"1912 W 37th St, Austin, TX 78731",5,17,Landscaper,risky,catch_all,mv-verified-houston-risky-2026-04-20,ChIJj8_lsaOn9KQRaxsqqu5wdwk,1
info@bossfireprotection.com,Boss,Fire Protection,Boss Fire Protection,(972) 704-1928,https://bossfireprotection.com/home/,Dallas,"2511 Merrell Rd Ste #110, Dallas, TX 75229",4.8,17,Fire protection equipment supplier,risky,unknown,mv-verified-houston-risky-2026-04-20,ChIJTe-PzosXTIYRPnEKZSpgjoE,1
coylespestcontrol@yahoo.com,Coyle's,Pest control,Coyle's Pest control,(713) 434-7666,https://coylespestcontrol.com/,Fresno,"514 Pecan St, Fresno, TX 77545",5,17,Pest control service,risky,unknown,mv-verified-houston-risky-2026-04-20,ChIJadySdjLtQIYRuggLiK1DIv0,1
info@deerparkroofingcompany.com,Deer,Park Roofing Company,Deer Park Roofing Company,(346) 236-0749,https://www.deerparkroofingcompany.com/,Deer Park,"1009 Center St, Deer Park, TX 77536",5,17,Roofing contractor,risky,catch_all,mv-verified-houston-risky-2026-04-20,ChIJQ3exzOKhQIYRnukYL5ii9wk,1
info@city-electricians.com,East,Arlington Electrical Repair,East Arlington Electrical Repair,(682) 356-6759,https://city-electricians.com/Arlington-tx,Arlington,"2505 Airport Cir, Arlington, TX 76010",4.8,17,Electrician,risky,catch_all,mv-verified-houston-risky-2026-04-20,ChIJIwOGXzmHToYRxpsjtf1fIfE,1
info@elevatepilateshtx.com,Elevate,Pilates HTX,Elevate Pilates HTX,(832) 409-7643,http://www.elevatepilateshtx.com/,Houston,"3100 Timmons Ln, Houston, TX 77027",5,17,Pilates studio,risky,unknown,mv-verified-houston-risky-2026-04-20,ChIJyYVBe1DBQIYR37SY-s2i_c8,1
info@elitebugkillers.com,Elite,"Exterminating, Inc.","Elite Exterminating, Inc.",(361) 853-8370,https://elitebugkillers.com/,Corpus Christi,"2101 Saratoga Blvd, Corpus Christi, TX 78417",4.5,17,Pest control service,risky,catch_all,mv-verified-houston-risky-2026-04-20,ChIJH73xVa6KaIYRRJDzCSaZYP4,1
info@htxforklifts.com,HTX,Material Handling,HTX Material Handling,(888) 970-5438,https://htxforklifts.com/?utm_source=google&utm_medium=organic&utm_campaign=gmb-listing&y_source=1_MjM2MDI3MDAtNzE1LWxvY2F0aW9uLndlYnNpdGU%3D,Houston,"7618 Bluff Point Dr, Houston, TX 77086",5,17,Material handling equipment supplier,risky,catch_all,mv-verified-houston-risky-2026-04-20,ChIJ3bCePaDPQIYRDjoVpC0UC80,1
info@haleyolson.com,Haley,"& Olson, P.C.","Haley & Olson, P.C.",+1 254-776-3336,http://haleyolson.com/,Waco,"100 Ritchie Rd #200, Waco, TX 76712, United States",4.9,17,Law firm,risky,unknown,mv-verified-houston-risky-2026-04-20,ChIJcek8EvqDT4YRpwxoyzUuwhA,1
chicas@ladaladies.com,Lada,Ladies Food Truck & Catering Company,Lada Ladies Food Truck & Catering Company,(512) 937-2902,http://www.ladaladies.com/,San Antonio,"1604 N Loop 1604 E, San Antonio, TX 78232",4.6,17,Mobile caterer,risky,catch_all,mv-verified-houston-risky-2026-04-20,ChIJQZC6mvCLXIYR6ePsEIgEuhU,1
info@laxtonelectrictx.com,Laxton,Electric LLC,Laxton Electric LLC,(903) 720-7238,http://laxtonelectrictx.com/,Longview,"6412 McCann Rd, Longview, TX 75605",4.5,17,Electrician,risky,catch_all,mv-verified-houston-risky-2026-04-20,ChIJW5ON0II_NoYRy19jWaKIty4,1
balletinfo@att.net,Margo,Dean School of Ballet,Margo Dean School of Ballet,(817) 738-7915,https://www.margodeanballet.com/,Fort Worth,"3803 Camp Bowie Blvd, Fort Worth, TX 76107",4.4,17,Dance school,risky,catch_all,mv-verified-houston-risky-2026-04-20,ChIJnQFhfL9zToYR4DRVQ8Ohg0M,1
info@paragonpool.com,Paragon,Pools,Paragon Pools,(832) 400-4675,http://www.paragonpool.com/?utm_campaign=gmb,Houston,"20220 Hempstead Rd #42, Houston, TX 77065",4.9,17,Swimming pool contractor,risky,catch_all,mv-verified-houston-risky-2026-04-20,ChIJSb5BVPfEXhQR8I2Hf8r5azw,1
info@proplumbersflowermound.com,Pro,Plumbers Flower Mound,Pro Plumbers Flower Mound,(972) 373-3602,http://proplumbersflowermound.com/,Flower Mound,"3700 River Walk Dr, Flower Mound, TX 75028",4.9,17,Plumber,risky,catch_all,mv-verified-houston-risky-2026-04-20,ChIJ8xrU5e8tTIYRfpwc8Gn5SPc,1
bob@callraiderplumbing.com,Raider,Plumbing,Raider Plumbing,(806) 544-7808,http://www.callraiderplumbing.com/,,,5,17,Plumber,risky,catch_all,mv-verified-houston-risky-2026-04-20,ChIJpbGWLzwL_oYR9TA1jIoImXw,1
estimates@roofmastersdenton.com,Roof,Masters,Roof Masters,(940) 566-3407,http://www.roofmastersofdenton.com/,Denton,"2500 Mingo Rd, Denton, TX 76209",4.4,17,Roofing contractor,risky,catch_all,mv-verified-houston-risky-2026-04-20,ChIJX-LG5qjKTYYRKsxDlpBCoAY,1
info@sixacesplumbing.com,Six,Aces Plumbing,Six Aces Plumbing,(713) 449-5661,http://sixacesplumbing.com/,,,5,17,Plumber,risky,catch_all,mv-verified-houston-risky-2026-04-20,ChIJeyqEJ_vlrKgRcLhwWOEmCbM,1
info@txdelectric.com,Texas,Dynamic Electric,Texas Dynamic Electric,(713) 300-0676,https://txdelectric.com/,Katy,"24726 Royal Pike Dr, Katy, TX 77493",4.8,17,Electrician,risky,catch_all,mv-verified-houston-risky-2026-04-20,ChIJG1oHeNQpQYYRgz6D9XA1Ie4,1
info@alchemyattorneys.com,The,"Alchemy Attorneys, PLLC","The Alchemy Attorneys, PLLC",(346) 476-6939,https://alchemyattorneys.com/,Katy,"24285 Katy Fwy Suite 400, Katy, TX 77494",4.8,17,Family law attorney,risky,unknown,mv-verified-houston-risky-2026-04-20,ChIJJ12awqonQYYR2QdJThTtrRs,1
info@thesaltyblondegtx.com,The,Salty Blonde GTX,The Salty Blonde GTX,(409) 209-1142,http://thesaltyblondegtx.com/,Galveston,"6511 Stewart Rd Suite 7A-4, Galveston, TX 77551",5,17,Hair salon,risky,unknown,mv-verified-houston-risky-2026-04-20,ChIJi1rd03CdP4YRuHNGBohCPj0,1
latonya.crawley@avalonacademy.org,Avalon,Academy,Avalon Academy,(713) 524-1174,https://avalonacademy.org/,Houston,"1616 Indiana St, Houston, TX 77006",4.7,16,Day care center,risky,catch_all,mv-verified-houston-risky-2026-04-20,ChIJMXaNqJjAQIYRUHyvihHJ-6s,1
cutlinelandscaping@yahoo.com,CUTLINE,LANDSCAPING,CUTLINE LANDSCAPING,(337) 396-2707,http://acutlinelandscaping.com/,Deer Park,"3201 Brookwood Ln, Deer Park, TX 77536",5,16,Landscaper,risky,unknown,mv-verified-houston-risky-2026-04-20,ChIJ_34AI1GfQIYR9iJxw7qiW4o,1
info@davidsonelectric.com,Davidson,Electric Co,Davidson Electric Co,(281) 993-9300,http://davidsonelectric.com/,Alvin,"4051 FM 528 Rd, Alvin, TX 77511",4.5,16,Electrician,risky,catch_all,mv-verified-houston-risky-2026-04-20,ChIJT8wo4gyQQIYR895JCFoYSyY,1
malcolm@dishonghlaw.com,Dishongh,"Law, PLLC","Dishongh Law, PLLC",(281) 973-8454,https://dishonghlaw.com/,Humble,"902 E Main St, Humble, TX 77338",4.3,16,Attorney,risky,catch_all,mv-verified-houston-risky-2026-04-20,ChIJA_HkXlSzQIYRQwpdfCG6RBU,1
gtl432@yahoo.com,Garden,Tenders Landscaping,Garden Tenders Landscaping,(432) 214-9533,https://www.gardentenderslandscaping.com/,,,5,16,Landscaper,risky,unknown,mv-verified-houston-risky-2026-04-20,ChIJtxD-UIVlL2ERDWDSxUjs30I,1
chuy_elruffer7931@yahoo.com,H&R,General construction,H&R General construction,(469) 250-4546,http://hrgeneralconstruction.com/,Dallas,"4931 Olson Dr, Dallas, TX 75227",4.8,16,Contractor,risky,unknown,mv-verified-houston-risky-2026-04-20,ChIJg-NmhYCjToYRYv6jWj4QoXg,1
info@jms-cpas.com,JMS,"CPA, PLLC","JMS CPA, PLLC",(210) 526-9747,https://jms-cpas.com/,San Antonio,"282 W Wildwood Dr, San Antonio, TX 78212",4.8,16,Certified public accountant,risky,unknown,mv-verified-houston-risky-2026-04-20,ChIJlWyvo7phXIYRxXnNl8aOGlE,1
sales@konigaluminum.com,Konig,Aluminum - Pergola and Sunroom,Konig Aluminum - Pergola and Sunroom,(808) 818-8008,http://www.konigaluminum.com/,Houston,"1784 W Sam Houston Pkwy N, Houston, TX 77043",4.8,16,Awning supplier,risky,catch_all,mv-verified-houston-risky-2026-04-20,ChIJ61dL-CfbQIYRhWneO78pcYg,1
marcart@earthlink.net,LSA,Contract Screen Printing,LSA Contract Screen Printing,(214) 350-2440,https://wholesalecontractscreenprinting.com/,Dallas,"2720 Manor Way, Dallas, TX 75235",3,16,Screen printer,risky,unknown,mv-verified-houston-risky-2026-04-20,ChIJvZvqnyGcToYRJDaQeA1CzfQ,1
info@luckyconstruction.com,Lucky,Construction Inc,Lucky Construction Inc,(972) 223-4448,http://www.luckyconstruction.com/,Dallas,"2214 Sulphur St, Dallas, TX 75208",4.2,16,General contractor,risky,catch_all,mv-verified-houston-risky-2026-04-20,ChIJI6Q2X2SZToYRvrqGuXKvSDw,1
mark@markwoodcpa.com,Mark,Wood CPA,Mark Wood CPA,(210) 824-5611,http://markwoodcpa.com/,San Antonio,"1600 NE Interstate 410 Loop #100, San Antonio, TX 78209",4.5,16,Accountant,risky,catch_all,mv-verified-houston-risky-2026-04-20,ChIJaed54TT1XIYRHMcA_hcsVqE,1
sales@sanserve.net,Sanserve,Janitorial,Sanserve Janitorial,(800) 274-8464,https://sanservejanitorial.com/beaumont-tx/,Beaumont,"4605 Washington Blvd, Beaumont, TX 77707",4.7,16,Janitorial service,risky,catch_all,mv-verified-houston-risky-2026-04-20,ChIJERnaOXrLPoYR3Y0oLfSIsm4,1
aaronsumner@sumnerelectricllc.com,Sumner,"Electric, LLC","Sumner Electric, LLC",(409) 201-0586,https://sumnerelectric.com/,,,5,16,Electrician,risky,catch_all,mv-verified-houston-risky-2026-04-20,ChIJVZv9H5lzGy8RjZmWjdONKF8,1
tdacheatair@sbcglobal.net,TDAC,Heating and Air Conditioning LLC,TDAC Heating and Air Conditioning LLC,(817) 483-8383,http://www.tdacheatair.com/,Mansfield,"2705 N Main St, Mansfield, TX 76063",4.8,16,Air conditioning contractor,risky,catch_all,mv-verified-houston-risky-2026-04-20,ChIJWyoAo5xjToYRNGIcK45bSbw,1
info@texasacpro.com,TEXAS,A/C PRO LLC,TEXAS A/C PRO LLC,(346) 263-6463,https://www.texasacpro.com/,Katy,"3022 Erickson Manor Ct, Katy, TX 77494",5,16,HVAC contractor,risky,catch_all,mv-verified-houston-risky-2026-04-20,ChIJc0ehuwgjQYYRc4fEDjD2rSM,1
admin@ucc-austin.org,University,Christian Church,University Christian Church,(512) 477-6104,http://www.ucc-austin.org/,Austin,"2007 University Ave, Austin, TX 78705",4.8,16,Protestant church,risky,catch_all,mv-verified-houston-risky-2026-04-20,ChIJDekBt521RIYRBFBuLQgzIHQ,1
info@verintegra.com,Verintegra,Security & Investigations,Verintegra Security & Investigations,(844) 213-6332,http://verintegra.com/,Austin,"8911 N Capital of Texas Hwy Suite 4200-057, Austin, TX 78759",4.8,16,Security guard service,risky,catch_all,mv-verified-houston-risky-2026-04-20,ChIJx2t-UXrLRIYRFcNBlLSmxUc,1
info@adogslifetrainingandeducation.com,A,Dogs Life Training and Education LLC,A Dogs Life Training and Education LLC,(915) 861-7545,http://www.adogslifetrainingandeducation.com/,,"706 Arcy St, Santa Teresa, NM 88008",5,15,Dog trainer,risky,catch_all,mv-verified-houston-risky-2026-04-20,ChIJZ3xQiYL73YYRe0NABBLleCE,1
abby@askcpa.us,Abby,Muthu CPA,Abby Muthu CPA,(512) 412-8511,https://muthupugal.wixsite.com/abbymuthucpa,Austin,"12731 Research Blvd A-103, Austin, TX 78759",5,15,Certified public accountant,risky,catch_all,mv-verified-houston-risky-2026-04-20,ChIJg68eyh0zW4YRw-ZF8WWmLJE,1
info@bryangaspardtexasplumbing.com,Bryan,Gaspard Orange Texas Plumber,Bryan Gaspard Orange Texas Plumber,(409) 999-2806,https://bryangaspardtexasplumbing.com/,Orange,"3409 W Park Ave, Orange, TX 77630",4.5,15,Plumber,risky,unknown,mv-verified-houston-risky-2026-04-20,ChIJjaJIAKlVOYYRaCv03vcOUJE,1
info@cooper-electric.com,Cooper,Electric Inc,Cooper Electric Inc,(936) 336-8911,https://www.cooper-electric.com/,Liberty,"3610 US-90, Liberty, TX 77575",4.1,15,Electrical supply store,risky,catch_all,mv-verified-houston-risky-2026-04-20,ChIJXQ9W8NtKP4YRxbQRKoJGKio,1
info@eddieswelding.com,Eddie's,Welding Equipment,Eddie's Welding Equipment,(832) 649-4413,http://www.eddieswelding.com/,Houston,"10710 Craighead Dr, Houston, TX 77025",4.3,15,Welding supply store,risky,catch_all,mv-verified-houston-risky-2026-04-20,ChIJp2wgQb3oQIYR25la-kpFBxM,1
info@the-top-electric.com,Enchanting,Electrical Repair,Enchanting Electrical Repair,(469) 887-4429,https://the-top-electric.com/Arlington,Arlington,"3803 Parks at Arlington Mall, Arlington, TX 76015",4.9,15,Electrician,risky,catch_all,mv-verified-houston-risky-2026-04-20,ChIJF-95AqpjToYRX8vOmApLJ7w,1
info@fourseasonsbotanical.com,Four,"Seasons Botanical, LLC","Four Seasons Botanical, LLC",(210) 414-1582,https://fourseasonsbotanical.com/,San Antonio,"5170 Broadway STE #15, San Antonio, TX 78209",4.5,15,Landscape designer,risky,catch_all,mv-verified-houston-risky-2026-04-20,ChIJm0IyXyX1XIYRH1FZkdnwjcE,1
info@gilbaneco.com,Gilbane,Building Company,Gilbane Building Company,(713) 209-1873,https://www.gilbaneco.com/location/houston-texas/?utm_source=GBP&utm_medium=Local&utm_campaign=Houston,Houston,"811 Main St #2450, Houston, TX 77002",3.9,15,Construction company,risky,catch_all,mv-verified-houston-risky-2026-04-20,ChIJrV8CSyO_QIYRFgrpfS6lY-Q,1
granberrygardens@yahoo.com,Granberry,Gardens,Granberry Gardens,(210) 315-3261,https://www.granberrygardens.com/,San Antonio,"6211 Hayes, San Antonio, TX 78239",4.9,15,RV park,risky,unknown,mv-verified-houston-risky-2026-04-20,ChIJkxLrC1uNXIYRMdye-ePAs4A,1
info@houstoninsuranceagency.com,Houston,"Insurance Agency, Inc","Houston Insurance Agency, Inc",(713) 787-6000,http://www.houstoninsuranceagency.com/,Houston,"6430 Richmond Ave Suite 250, Houston, TX 77057",5,15,Insurance agency,risky,unknown,mv-verified-houston-risky-2026-04-20,ChIJ_0xPDNrDQIYR5HYLhXYs1PE,1
info@jcroofinggalveston.com,JC,"Metal Roofing, Inc.","JC Metal Roofing, Inc.",(409) 750-8043,https://www.jcroofinggalveston.com/,Galveston,"101 Tiki Dr #200c, Galveston, TX 77554",5,15,Roofing contractor,risky,catch_all,mv-verified-houston-risky-2026-04-20,ChIJ_QkcVNqDP4YRZzxTumULq74,1
contact@jsyedlaw.com,Law,"Office of Javairia Syed, PLLC","Law Office of Javairia Syed, PLLC",(832) 628-6127,https://jsyedlaw.com/,League City,"1303 W League City Pkwy, League City, TX 77573",5,15,Law firm,risky,catch_all,mv-verified-houston-risky-2026-04-20,ChIJKXSVBT2DQIYRDHQwLbFHXxM,1
info@norrellelectric.com,Norrell,Electric - Georgetown Electricians,Norrell Electric - Georgetown Electricians,(512) 863-0143,https://norrellelectric.com/,Georgetown,"40203 Industrial Park Cir, Georgetown, TX 78626",5,15,Electrician,risky,catch_all,mv-verified-houston-risky-2026-04-20,ChIJiUpU1GnWRIYR7rbqpnmuv4Y,1
admin@berebarkable.com,Rebarkable,Doggie Day Spa & Boarding,Rebarkable Doggie Day Spa & Boarding,(409) 853-0500,https://www.berebarkable.com/,Beaumont,"4270 E Lucas Dr Building B, Beaumont, TX 77708",5,15,Pet groomer,risky,catch_all,mv-verified-houston-risky-2026-04-20,ChIJuc0O-Fo1OYYRy2YogPn7Jn4,1
info@rondaviscustomhomes.com,Ron,Davis Custom Homes,Ron Davis Custom Homes,(972) 680-0365,http://rondaviscustomhomes.com/,Dallas,"17818 Davenport Rd Ste 116, Dallas, TX 75252",4.3,15,Custom home builder,risky,catch_all,mv-verified-houston-risky-2026-04-20,ChIJzYFh39IjTIYR7yAYlCDRD40,1
info@texaseam.com,Texas,Electric & Mechanical (TE&M) Supplies,Texas Electric & Mechanical (TE&M) Supplies,(979) 245-4851,https://www.texaseam.com/,Bay City,"1300 Avenue F, Bay City, TX 77414",4.1,15,Electrical supply store,risky,unknown,mv-verified-houston-risky-2026-04-20,ChIJ67HQs0W5QYYRUP2t88tjJgw,1
info@txfb-ins.com,Texas,Farm Bureau Insurance,Texas Farm Bureau Insurance,(281) 403-2793,https://www.txfb-ins.com/county/locate/77459,Missouri City,"5819 Hwy 6 #180, Missouri City, TX 77459",3.6,15,Insurance agency,risky,unknown,mv-verified-houston-risky-2026-04-20,ChIJhyB78PnlQIYRoOZ-8VeXbR4,1
sales@texas-hardware.com,Texas,Hardware & Supply,Texas Hardware & Supply,(713) 864-2644,http://texashardwaresupply.com/,Houston,"3540 E T C Jester Blvd, Houston, TX 77018",4.9,15,Hardware store,risky,catch_all,mv-verified-houston-risky-2026-04-20,ChIJzaFcglbGQIYR6wGdgbwE8Bs,1
info@themoderntot.com,The,Modern Tot Preschool,The Modern Tot Preschool,(469) 399-7100,https://themoderntot.com/,Dallas,"10801 Garland Rd, Dallas, TX 75218",5,15,Preschool,risky,catch_all,mv-verified-houston-risky-2026-04-20,ChIJF5I8tmGhToYRJOdr79DAybM,1
sales@vitalityelectric.com,Vitality,Electric,Vitality Electric,(916) 509-5860,https://vitalityelectric.com/,McKinney,"6804 Allegiance Dr, McKinney, TX 75071",5,15,Electrician,risky,catch_all,mv-verified-houston-risky-2026-04-20,ChIJtdtIpIwVTIYRoq8TpKmNR7c,1
steve@4starelectric.net,4,Star Electric LLC,4 Star Electric LLC,(361) 815-3168,http://4starelectric.net/,Giddings,"3749 US-77, Giddings, TX 78942",5,14,Electrician,risky,catch_all,mv-verified-houston-risky-2026-04-20,ChIJCTaaD8llRIYR6x15PI7IvP4,1
info@allenconcreteinc.com,Allen,Concrete Dirt & Paving,Allen Concrete Dirt & Paving,(915) 921-0678,http://www.allenconcreteinc.com/,El Paso,"3800 Hueco Club Rd, El Paso, TX 79938",3.3,14,Concrete contractor,risky,catch_all,mv-verified-houston-risky-2026-04-20,ChIJKwRuWJlE54YRdHyiECwG5-Q,1
jcavazosandson@yahoo.com,American,"Plumbing Solutions, LLC","American Plumbing Solutions, LLC",(713) 503-4436,http://www.americanplumbingsolution.com/,,,5,14,Plumber,risky,unknown,mv-verified-houston-risky-2026-04-20,ChIJsSPSuXrLvEMR8E9YxOGmQ_k,1
info@atlasplumbingsa.com,Atlas,Plumbing & Drain Services,Atlas Plumbing & Drain Services,(210) 683-9009,http://www.atlasplumbingsa.com/,Universal City,"13510 Brinwood, Universal City, TX 78148",4.7,14,Plumber,risky,catch_all,mv-verified-houston-risky-2026-04-20,ChIJ49ne03GNXIYRMY6IzY5lvCg,1
info@austenplumbing.com,Austen,Plumbing Company,Austen Plumbing Company,(512) 629-1110,https://austenplumbing.com/,Bastrop,"444 Tahitian Dr, Bastrop, TX 78602",3.9,14,Plumber,risky,catch_all,mv-verified-houston-risky-2026-04-20,ChIJj2NFLDybRIYRfSYi4se0ORg,1
info@cascadiaglobalsecurity.com,Cascadia,Global Security - Texas,Cascadia Global Security - Texas,(800) 939-1549,https://www.cascadiaglobalsecurity.com/texas,San Antonio,"8620 N New Braunfels Ave Suite N-104, San Antonio, TX 78217",4.6,14,Security guard service,risky,catch_all,mv-verified-houston-risky-2026-04-20,ChIJRbc8sdjLRIYRVHngVuLc9Hw,1
castletrophy@yahoo.com,Castle,Trophy,Castle Trophy,(972) 765-9470,http://castletrophy.com/,Grand Prairie,"1612 N Bent Tree Trail, Grand Prairie, TX 75052",4.9,14,Trophy shop,risky,unknown,mv-verified-houston-risky-2026-04-20,ChIJe4LyR9yIToYR9QYZtliKkts,1
admin@ctxlandscaping.com,Castro,Family Landscaping Austin,Castro Family Landscaping Austin,(512) 337-6335,https://www.ctxlandscaping.com/,,,4.2,14,Tree service,risky,catch_all,mv-verified-houston-risky-2026-04-20,ChIJueEeGHTJRIYR83LcdwvLM3k,1
josue@vinylfloorshouston.com,Flooring,Materials Plus,Flooring Materials Plus,(281) 301-5506,https://www.flooringmaterialsplus.com/,Houston,"5501 Dorbrandt St, Houston, TX 77023",5,14,Flooring store,risky,catch_all,mv-verified-houston-risky-2026-04-20,ChIJ_6VF2ALmuqARHQhb49cWnUc,1
sales@funkytownservices.com,Funky,Town Stain and Seal,Funky Town Stain and Seal,(817) 767-0006,http://www.dfwstainandseal.com/,Fort Worth,"4632 Pershing Ave, Fort Worth, TX 76107",4.9,14,Pressure washing service,risky,catch_all,mv-verified-houston-risky-2026-04-20,ChIJFY8MwKjVaGARC8h_HbR_NVo,1
info@goliathsecurityservices.com,Goliath,Security Services are El Paso's Surveillance and Smart Home Systems Experts,Goliath Security Services are El Paso's Surveillance and Smart Home Systems Experts,(915) 333-2298,https://goliathsecurityservices.com/,El Paso,"8800 Yermoland Dr Ste B, El Paso, TX 79907",4.8,14,Security service,risky,unknown,mv-verified-houston-risky-2026-04-20,ChIJfZ7hy6RD54YR_WgIhuQDJQw,1
gulmar@yahoo.com,Gulf,Coast Maritime Supply Inc,Gulf Coast Maritime Supply Inc,(713) 672-9308,https://gulfcoastmaritimesupply.com/,Houston,"5922 Harvey Wilson Dr, Houston, TX 77020",4.3,14,Shipping service,risky,unknown,mv-verified-houston-risky-2026-04-20,ChIJcQIQDhy8QIYRSmWu9B7pNg4,1
%20joshua_coufal@yahoo.com,Lone,Star Patio North Texas,Lone Star Patio North Texas,(817) 518-0978,https://lonestarpationorthtexas.com/,Fort Worth,"6080 S Hulen St suite 360-225, Fort Worth, TX 76132",5,14,Deck builder,risky,unknown,mv-verified-houston-risky-2026-04-20,ChIJBRwxS0ttToYR8H1kWu-4KGY,1
cme_747@yahoo.com,Mcdowell,Enterprises Inc,Mcdowell Enterprises Inc,(254) 699-9764,https://www.mcdowellent.com/,Harker Heights,"805 S Amy Ln, Harker Heights, TX 76548",3.9,14,Air conditioning contractor,risky,unknown,mv-verified-houston-risky-2026-04-20,ChIJAQAAAMBORYYRNMBPvjn1UCk,1
noahsnook@sbcglobal.net,Noah's,Nook & Daycare,Noah's Nook & Daycare,(915) 594-8200,http://www.noahsnookinc.com/,El Paso,"10453 Springwood Dr, El Paso, TX 79925",4.2,14,Day care center,risky,catch_all,mv-verified-houston-risky-2026-04-20,ChIJcZ-LhcpE54YRoLUyUoYTcnY,1
info@houstonkarate.org,Okinawa,Karate Center UchinaaDiKan,Okinawa Karate Center UchinaaDiKan,(832) 865-0763,https://www.houstonkarate.org/,Houston,"110 Sabine St, Houston, TX 77007",5,14,Martial arts school,risky,unknown,mv-verified-houston-risky-2026-04-20,ChIJB-I3lZ7AQIYRk_A7Ixlnbe0,1
info@parkcitieshandyman.com,Park,Cities Handyman,Park Cities Handyman,(214) 799-1752,http://www.parkcitieshandyman.com/,Dallas,"3026 Mockingbird Ln Unit 305, Dallas, TX 75205",4.4,14,Handyman/Handywoman/Handyperson,risky,catch_all,mv-verified-houston-risky-2026-04-20,ChIJ5fPVgxqfToYRjMYhQZ6ylI8,1
raweaverelectric@yahoo.com,R.A.,"Weaver Electric, Inc.","R.A. Weaver Electric, Inc.",(281) 479-4741,https://www.raweaverelectriciandeerpark.com/,Deer Park,"2309 Center St A, Deer Park, TX 77536",3.9,14,Electrician,risky,unknown,mv-verified-houston-risky-2026-04-20,ChIJY3IfHeChQIYRhv-mfxGon58,1
info@revivechurchfw.com,Revive,Church Fort Worth,Revive Church Fort Worth,(682) 707-5994,http://www.revivechurchfw.com/,Fort Worth,"3501 NW Loop 820, Fort Worth, TX 76106",5,14,Church,risky,catch_all,mv-verified-houston-risky-2026-04-20,ChIJR7dZaVd1ToYRr4YscUEjKcM,1
rubio@reymarconstruction.com,Reymar,Construction,Reymar Construction,(817) 535-3451,https://www.reymarconstruction.com/,Fort Worth,"2010 E Lancaster Ave, Fort Worth, TX 76103",4.6,14,General contractor,risky,catch_all,mv-verified-houston-risky-2026-04-20,ChIJW_1pWg1wToYRmyq2jK5T11M,1
info@rodgersplumbing.net,Rodgers,Plumbing,Rodgers Plumbing,(972) 935-9547,http://rodgersplumbing.net/,,,4.4,14,Plumber,risky,catch_all,mv-verified-houston-risky-2026-04-20,ChIJt9t4mmjpToYRjhjfag_JKso,1
salikplumbing@sbcglobal.net,Salik,Plumbing,Salik Plumbing,(972) 878-6659,https://www.salikplumbing.com/,Ennis,"604 Rumbo Rd, Ennis, TX 75119",4.7,14,Plumber,risky,catch_all,mv-verified-houston-risky-2026-04-20,ChIJK0uZpffaToYRPI5EgIEZEDE,1
info@shanesplumbingservices.com,Shane's,Plumbing Service,Shane's Plumbing Service,(817) 489-0127,https://shanesplumbingservices.com/,Burleson,"328 Tioga St, Burleson, TX 76028",4.7,14,Plumber,risky,unknown,mv-verified-houston-risky-2026-04-20,ChIJbZM3uyRqToYRm6SJmw5i-0s,1
bsmith@smithfp.com,Smith,"Fire Protection, LLC","Smith Fire Protection, LLC",(817) 825-4980,http://www.smithfp.com/,Burleson,"414 N Commerce St Suite B, Burleson, TX 76028",5,14,Fire protection service,risky,catch_all,mv-verified-houston-risky-2026-04-20,ChIJ4eN6KPtpToYRmomliseZR3Y,1
info@repaintingtexas.com,Texas,Painting Company,Texas Painting Company,(512) 540-8824,http://www.repaintingtexas.com/?utm_source=gmb&utm_medium=organic&utm_campaign=tmg,Austin,"3705 Pappys Way, Austin, TX 78730",4.5,14,Painter,risky,catch_all,mv-verified-houston-risky-2026-04-20,ChIJXc3TAVrKRIYRJuP9eCoGeMM,1
info@texasstrongelectric.com,Texas,Strong Electric,Texas Strong Electric,(512) 842-1213,http://texasstrongelectric.com/,San Marcos,"3700 TX-123 Suite A, San Marcos, TX 78666",4.7,14,Electrician,risky,catch_all,mv-verified-houston-risky-2026-04-20,ChIJSc_EfgxeW4YRPDxRah8IIT4,1
info@erllaw.com,The,Law Office of Eric R. Little,The Law Office of Eric R. Little,(888) 404-0777,https://www.erllaw.com/?npcmp=dir:local:3643806:77550,Galveston,"2121 Market St #514, Galveston, TX 77550",4.9,14,Family law attorney,risky,catch_all,mv-verified-houston-risky-2026-04-20,ChIJA4LJgk1jP4YRzc3eQ8JINlE,1
info@tri-cityext.com,Tri-City,Exterminating Co.,Tri-City Exterminating Co.,(409) 724-2843,https://tri-cityext.com/,Nederland,"3304 Spurlock Rd, Nederland, TX 77627",4.7,14,Pest control service,risky,catch_all,mv-verified-houston-risky-2026-04-20,ChIJs0PbJ_G2PoYRXnsS4GuNHvU,1
office@truesttax.com,Truest,"Tax & Bookkeeping Services, LLC","Truest Tax & Bookkeeping Services, LLC",(682) 403-4002,https://truesttax.com/,Fort Worth,"1008 Macon St Suite 100A, Fort Worth, TX 76102",5,14,Tax preparation service,risky,unknown,mv-verified-houston-risky-2026-04-20,ChIJx8hHe7JxToYR9SvZD4w8_zk,1
swim@yardlifepools.com,Yard,Life Pools,Yard Life Pools,(512) 520-5005,http://www.yardlifepools.com/,Austin,"6916 N Lamar Blvd Suite A, Austin, TX 78752",5,14,Swimming pool contractor,risky,catch_all,mv-verified-houston-risky-2026-04-20,ChIJA8Z0I1DLRIYRTdVGkMT-yDo,1
info@713steam.com,713STEAM:,Mobile Car Wash & Detailing North Dallas,713STEAM: Mobile Car Wash & Detailing North Dallas,(713) 701-9229,http://713steam.com/,Dallas,"3626 N Hall St (Two, Suite 610, Dallas, TX 75219",4.8,13,Car detailing service,risky,catch_all,mv-verified-houston-risky-2026-04-20,ChIJWZz5-6GfToYRyb3R9Qzh3Y0,1
maida317@aol.com,A-1,Maida Fence Co,A-1 Maida Fence Co,(409) 257-7488,https://www.a1maidafence.com/,Beaumont,"4790 Washington Blvd, Beaumont, TX 77707",4.1,13,Fence supply store,risky,unknown,mv-verified-houston-risky-2026-04-20,ChIJ_z5rnnvLPoYR06KucUmkAcI,1
info@bayoucityresale.com,Bayou,City Resale Shop,Bayou City Resale Shop,(832) 279-6367,https://bayoucityresale.com/,Houston,"1503 Dunlavy St, Houston, TX 77006",4.9,13,Thrift store,risky,catch_all,mv-verified-houston-risky-2026-04-20,ChIJUb2RcSzBQIYRC_NjfcaYyDc,1
info@ceospestcontrol.com,CEOS,Pest Control Services,CEOS Pest Control Services,(432) 279-0013,https://www.ceospestcontrol.com/,Midland,"6814 Vanguard Rd, Midland, TX 79706",5,13,Pest control service,risky,catch_all,mv-verified-houston-risky-2026-04-20,ChIJu23x2wLb-4YR6RgoCVnI92k,1
info@circletplumbingwq.com,Circle,T Plumbing & Water Quality,Circle T Plumbing & Water Quality,(682) 916-7396,https://circletplumbingwq.com/,,,5,13,Plumber,risky,unknown,mv-verified-houston-risky-2026-04-20,ChIJF9wwat0pwqIRqWjvWT7Qcck,1
info@dfwsolidconcrete.com,DFW,Solid Concrete,DFW Solid Concrete,(972) 922-8156,https://www.dfwsolidconcrete.com/,Dallas,"10210 Monroe Dr, Dallas, TX 75229",4.7,13,Concrete contractor,risky,catch_all,mv-verified-houston-risky-2026-04-20,ChIJ44lK2_GdToYRSO_zQYr2wvM,1
greg@drakeelectricalservices.com,Drake,Electrical Services LLC,Drake Electrical Services LLC,(817) 441-8633,https://www.drakeelectricalservices.com/,Aledo,"687 Bear Cat Rd, Aledo, TX 76008",5,13,Electrician,risky,catch_all,mv-verified-houston-risky-2026-04-20,ChIJe3fV7_EFToYRTuUGqsz95WA,1
info@dreamscapesetx.com,Dreamscapes,Landscaping & Masonry,Dreamscapes Landscaping & Masonry,(440) 225-1299,http://www.dreamscapesetx.com/,,,5,13,Landscaper,risky,unknown,mv-verified-houston-risky-2026-04-20,ChIJASxg-cXLSYYRpsy2V7MUHrM,1
info@firetrol.net,Firetrol,"Protection Systems, Inc.","Firetrol Protection Systems, Inc.",(512) 687-0115,http://www.firetrol.net/,Austin,"4616 W Howard Lane - Ste #7-700, Austin, TX 78728",4,13,Fire protection service,risky,catch_all,mv-verified-houston-risky-2026-04-20,ChIJMSSO9xjORIYR0W4rEQQNfxw,1
info@fixmyroofdfw.com,Fix,My Roof DFW,Fix My Roof DFW,(817) 966-9605,https://fixmyroofdfw.com/?utm_source=google&utm_medium=organic&utm_campaign=gbp-website-link,Fort Worth,"2049 Topper St, Fort Worth, TX 76134",4.9,13,Roofing contractor,risky,catch_all,mv-verified-houston-risky-2026-04-20,ChIJAyyCs55vToYR1WHdDYlfqn8,1
info@poolservice-fortworth.com,Fort,Worth Clear Pool Service,Fort Worth Clear Pool Service,(817) 500-5033,http://poolservice-fortworth.com/,Fort Worth,"777 Main St STE 824, Fort Worth, TX 76102",5,13,Pool cleaning service,risky,catch_all,mv-verified-houston-risky-2026-04-20,ChIJqQqP8z9xToYR8OdjoDKpLK4,2
info@dallasisd.org,Good,Street Learning Center,Good Street Learning Center,(214) 421-7504,https://www.dallasisd.org/Page/81543,Dallas,"3126 Elsie Faye Heggins St, Dallas, TX 75215",4.4,13,Day care center,risky,unknown,mv-verified-houston-risky-2026-04-20,ChIJ7eBnzYGiToYRgRvCpNtS_eA,1
rayperales@sbcglobal.net,Gulf,Coast Canvas Awnings,Gulf Coast Canvas Awnings,(713) 695-5245,http://www.gulfcoastcanvasawnings.com/,Houston,"5702 Cochran St, Houston, TX 77009",4.5,13,Awning supplier,risky,catch_all,mv-verified-houston-risky-2026-04-20,ChIJ4epSYfy4QIYRi4lQHq5iNl8,1
info@moormantate.com,Moorman,"Tate, LLP","Moorman Tate, LLP",(979) 836-5664,http://www.moormantate.com/,Brenham,"207 E Main St, Brenham, TX 77833",4.6,13,Estate planning attorney,risky,catch_all,mv-verified-houston-risky-2026-04-20,ChIJLROb1RmoRoYRlMEhHVkpvfk,1
info@olivercustomhomes.com,Oliver,Custom Homes LLC,Oliver Custom Homes LLC,(512) 845-0209,http://www.olivercustomhomes.com/,Austin,"11506 Pradera Dr, Austin, TX 78759",4.5,13,Custom home builder,risky,catch_all,mv-verified-houston-risky-2026-04-20,ChIJqesAb9rMRIYRGW-IHKSi5pk,1
info@premierdecksofhoustontexas.com,Premier,Decks of Houston Texas,Premier Decks of Houston Texas,(479) 644-8495,https://premierdecksofhoustontexas.com/,,,5,13,Deck builder,risky,catch_all,mv-verified-houston-risky-2026-04-20,ChIJJZhIpYSNM6MRp1mo4P_5Fd0,1
conor@buildsouthland.com,Southland,Homes of Texas,Southland Homes of Texas,(713) 862-5214,https://www.buildsouthland.com/,,,4.7,13,Custom home builder,risky,catch_all,mv-verified-houston-risky-2026-04-20,ChIJXzJuxVzHQIYRvt5W2A6JZow,1
service@steinerlawncare.com,Steiner,Lawn Care,Steiner Lawn Care,(512) 910-7517,https://steinerlawncare.com/,Austin,"10713 N FM 620 #421, Austin, TX 78726",4.7,13,Lawn care service,risky,catch_all,mv-verified-houston-risky-2026-04-20,ChIJIxa9QfEzW4YR3GyEupGg6Uk,1
info@watsonelectrictx.com,Watson,Electric & HVAC,Watson Electric & HVAC,+1 325-673-5382,https://www.watsonelectrictx.com/,Abilene,"126 Palm St, Abilene, TX 79602, United States",4.1,13,Electrician,risky,catch_all,mv-verified-houston-risky-2026-04-20,ChIJzbMaHRSOVoYRCAVkKDw-JzQ,1
pedro@abettercanine4u.com,A,Better Canine 4 U,A Better Canine 4 U,(915) 751-7200,http://www.abettercanine4u.com/,El Paso,"8809 Norton St, El Paso, TX 79904",4.7,12,Dog trainer,risky,catch_all,mv-verified-houston-risky-2026-04-20,ChIJVVVVVUVR54YRqO5Bnodyyu0,1
andersoncustomlandscaping@yahoo.com,Anderson,Custom Landscaping,Anderson Custom Landscaping,(903) 571-2477,https://www.andersoncustomlandscaping.com/?utm_source=google&utm_medium=business_profile&utm_campaign=website,Flint,"19045 County Rd 139, Flint, TX 75762",5,12,Landscaper,risky,unknown,mv-verified-houston-risky-2026-04-20,ChIJIX6wWHvMSYYRRw94vo0OeKQ,1
info@aquaplumbingbaycity.com,Aqua,Plumbing Bay City,Aqua Plumbing Bay City,(979) 341-0756,http://aquaplumbingbaycity.com/,,,3.4,12,Plumber,risky,catch_all,mv-verified-houston-risky-2026-04-20,ChIJl9vljWq5QYYR_5WwgW6JxQU,1
amber@artistryelitedance.com,Artistry,Elite Dance,Artistry Elite Dance,(817) 726-5312,http://artistryelitedance.com/,Fort Worth,"6500 Camp Bowie Blvd #170, Fort Worth, TX 76116",4.9,12,Dance school,risky,catch_all,mv-verified-houston-risky-2026-04-20,ChIJzzJLOVxzToYRY49NWzoJKKY,1
info@b4-electrical.com,B4,"Electrical Services, LLC","B4 Electrical Services, LLC",(281) 271-5952,https://www.b4-electrical.com/?utm_source=google&utm_medium=business_profile&utm_campaign=website,,,5,12,Electrician,risky,catch_all,mv-verified-houston-risky-2026-04-20,ChIJayWrtRDo-AgR7Trl7BHzjcU,1
bensheating@yahoo.com,Ben's,Heating & Air LLC,Ben's Heating & Air LLC,(409) 673-8206,http://www.bensheatingair.com/,Beaumont,"5055 Twilight Dr, Beaumont, TX 77706",4.6,12,HVAC contractor,risky,unknown,mv-verified-houston-risky-2026-04-20,ChIJSY7Kml0zOYYRQUN5wAjxf-o,1
info@cottonbledsoe.com,Cotton,Bledsoe Tighe & Dawson,Cotton Bledsoe Tighe & Dawson,(866) 721-6665,https://www.cottonbledsoe.com/,Midland,"500 W Illinois Ave, Midland, TX 79701",4.3,12,Attorney,risky,unknown,mv-verified-houston-risky-2026-04-20,ChIJsRytWnzY-4YRJM_JHUMQwSQ,1
gwen@danceisa.com,Dance,Infinity SA,Dance Infinity SA,(210) 684-4149,http://www.danceisa.com/,San Antonio,"7980 Mainland Dr, San Antonio, TX 78250",4.7,12,Dance school,risky,catch_all,mv-verified-houston-risky-2026-04-20,ChIJxxnQQYtnXIYRym4n9EkCB10,1
jbennett@uiwtx.edu,Diane,Bennack Concert Hall,Diane Bennack Concert Hall,(210) 829-6000,https://www.uiw.edu/chass/about/facilities.html,San Antonio,"4301 Broadway, San Antonio, TX 78209",4.9,12,Live music venue,risky,catch_all,mv-verified-houston-risky-2026-04-20,ChIJzYLDZ0_1XIYRvuI_GivDigE,1
info@huttoelectricalservices.com,Hutto,Electrical Services LLC,Hutto Electrical Services LLC,(512) 905-9727,http://huttoelectricalservices.com/,,,5,12,Electrician,risky,catch_all,mv-verified-houston-risky-2026-04-20,ChIJ5cZOelfbRIYRHywf6pt3rUE,2
holloway_59@yahoo.com,JDH,"Upholstery & Manufacturing, Inc.","JDH Upholstery & Manufacturing, Inc.",(214) 631-5522,http://www.jdhupholstery.com/,Dallas,"2460 Irving Blvd, Dallas, TX 75207",4,12,Upholstery shop,risky,unknown,mv-verified-houston-risky-2026-04-20,ChIJEwTT7v6bToYRypfUC1rav7M,1
info@gillencpa.com,Jeremy,"W. Gillen, CPA, P.C.","Jeremy W. Gillen, CPA, P.C.",(281) 395-1040,http://www.gillencpa.com/,Katy,"24205 Kingsland Blvd, Katy, TX 77494",4,12,Certified public accountant,risky,catch_all,mv-verified-houston-risky-2026-04-20,ChIJQ7hNhlPfQIYRKUSJhHC_p84,1
info@kinglawnsprinkler.com,King,Lawn Sprinkler Co,King Lawn Sprinkler Co,(214) 637-3490,http://kinglawnsprinkler.com/,Dallas,"5415 Gregg St, Dallas, TX 75235",4.4,12,Lawn sprinkler system contractor,risky,unknown,mv-verified-houston-risky-2026-04-20,ChIJuXUMlx2cToYRSjtuOvgQnzo,1
info@lotusspafw.com,Lotus,Massage & Pain Therapy,Lotus Massage & Pain Therapy,(817) 386-7865,http://lotusspafw.com/,Fort Worth,"6115 Camp Bowie Blvd #154, Fort Worth, TX 76116",4.5,12,Massage therapist,risky,catch_all,mv-verified-houston-risky-2026-04-20,ChIJLS6pNDoKToYRYEAoqXTnKqc,1
info@mezlaw.com,MEZ,"Law, PLLC","MEZ Law, PLLC",(281) 725-0000,https://lawmez.com/,Stafford,"4800 Sugar Grove Blvd Suite 607, Stafford, TX 77477",5,12,Law firm,risky,catch_all,mv-verified-houston-risky-2026-04-20,ChIJm-og1DnnQIYRlf_Cp6haI8o,1
info@mrtsroadsidesvcs.com,Mr,T's Roadside Assistance / Tyler Roadside Assistance,Mr T's Roadside Assistance / Tyler Roadside Assistance,(903) 364-4125,https://mrtsroadsidesvcs.com/,,,3.8,12,Towing service,risky,catch_all,mv-verified-houston-risky-2026-04-20,ChIJv7ygFLbOSYYRhr5E3RJMEH0,1
nate@plumbaholics.com,Plumbaholics,LLC,Plumbaholics LLC,(469) 647-6941,https://plumbaholics.com/,,,5,12,Plumber,risky,catch_all,mv-verified-houston-risky-2026-04-20,ChIJS989tge5UkIRBFI3g5HbGFY,1
info@24hrplumber.org,Plumbing,Services,Plumbing Services,(214) 937-4675,http://www.24hrplumber.org/,Dallas,"211 W Main St, Dallas, TX 75208",3.7,12,Plumber,risky,catch_all,mv-verified-houston-risky-2026-04-20,ChIJucQ7B5QmTIYRuQQgdhZVXWo,1
info@proflowplblbk.com,Proflow,Plumbing Inc,Proflow Plumbing Inc,(806) 745-7077,http://proflowplblbk.com/,Lubbock,"1601 Erskine St, Lubbock, TX 79403",4.1,12,Plumber,risky,catch_all,mv-verified-houston-risky-2026-04-20,ChIJB6sTS-YS_oYRuy3crUOHJTQ,1
info@pyebarkerfire.com,Pye-Barker,Fire & Safety,Pye-Barker Fire & Safety,(210) 333-7000,https://pyebarkerfire.com/?utm_source=gmb&utm_medium=yext,San Antonio,"174 Seale Rd, San Antonio, TX 78219",4.8,12,Fire protection service,risky,catch_all,mv-verified-houston-risky-2026-04-20,ChIJRdr--kT1XIYRuiCNp-paEtY,1
sumi@sumicpa.com,Sumi,Elangovan CPA,Sumi Elangovan CPA,(512) 380-1515,http://sumicpa.com/,Austin,"13740 Research Blvd n4, Austin, TX 78750",5,12,Accountant,risky,catch_all,mv-verified-houston-risky-2026-04-20,ChIJ61dz-ka1RIYRDuL3Zeioo4g,1
sunivebuilders@yahoo.com,Sunive,LLC,Sunive LLC,(956) 551-1850,https://www.sunivebuilders.com/,Brownsville,"69 Date Palm St, Brownsville, TX 78526",5,12,Roofing contractor,risky,unknown,mv-verified-houston-risky-2026-04-20,ChIJP9t41ih2EY0RKjY_pEhoIWU,1
info@texasdecks.com,Texas,Decks,Texas Decks,(281) 960-2061,http://www.texasdecks.com/,,,4,12,Deck builder,risky,catch_all,mv-verified-houston-risky-2026-04-20,ChIJB8UWK37HQIYRBCp9_gLo95U,1
info@concretebuildersdallas.com,The,Concrete Builders of Dallas,The Concrete Builders of Dallas,(817) 442-7748,https://concretebuildersdallas.com/,Dallas,"7244 Piedmont Dr, Dallas, TX 75227",5,12,Concrete contractor,risky,catch_all,mv-verified-houston-risky-2026-04-20,ChIJny6W8eWjToYR144uv2qLQBM,1
info@acservices-tx.com,A/C,Services,A/C Services,(432) 661-3844,http://www.acservices-tx.com/,Odessa,"6410 Brandon Ct, Odessa, TX 79762",4.9,11,HVAC contractor,risky,catch_all,mv-verified-houston-risky-2026-04-20,ChIJE3tlFnfP-4YRLGSrQZzgoo8,1
info@a1chirofw.com,A1,Chiropractic and Family Wellness,A1 Chiropractic and Family Wellness,(346) 299-5524,http://www.a1chirofw.com/?utm_source=google&utm_medium=wix_google_business_profile&utm_campaign=13049394219519376604,Missouri City,"4501 Cartwright Rd STE 104, Missouri City, TX 77459",5,11,Chiropractor,risky,unknown,mv-verified-houston-risky-2026-04-20,ChIJtSVKH4nnQIYRvKu33npTJOI,1
alphapestcontrol20@yahoo.com,Alpha,"Pest Control , LLC","Alpha Pest Control , LLC",(956) 622-0614,https://alphapestcontrol.site/,Brownsville,"7021 Lago Vista Blvd, Brownsville, TX 78520",5,11,Pest control service,risky,unknown,mv-verified-houston-risky-2026-04-20,ChIJn2NxtFuRb4YRwMG1cOeifaM,1
mike@angelinasupply.com,Angelina,Plumbing Supply,Angelina Plumbing Supply,(936) 639-3050,http://www.angelinasupply.com/,Lufkin,"2214 E Denman Ave, Lufkin, TX 75901",4.6,11,Plumbing supply store,risky,catch_all,mv-verified-houston-risky-2026-04-20,ChIJEza0aBU9OIYRfIXVc3qKYYw,1
info@aztecpressurecleaningandpainting.com,Arrow,Pressure Cleaning,Arrow Pressure Cleaning,(915) 204-7626,https://aztecpressurecleaningandpainting.com/,,,3.9,11,Pressure washing service,risky,catch_all,mv-verified-houston-risky-2026-04-20,ChIJaX0Vp4Y454YRckYBJ2Mnw20,1
info@assuredelectrical.net,Assured,"Electrical, LLC","Assured Electrical, LLC",(469) 767-3128,http://assuredelectrical.net/,Rockwall,"Box 2185, Rockwall, TX 75087",5,11,Electrician,risky,catch_all,mv-verified-houston-risky-2026-04-20,ChIJ_dTO_iUBTIYR-Qs5gISBox0,1
info@atexfire.com,Atex,Fire & Safety,Atex Fire & Safety,(210) 521-8899,http://atexfire.com/,San Antonio,"8239 Meadow Sun St, San Antonio, TX 78251",4.9,11,Fire protection service,risky,unknown,mv-verified-houston-risky-2026-04-20,ChIJB70XYk5dXIYRUjWj4iwKHj0,1
info@atkinsonelectric.net,Atkinson,Electric,Atkinson Electric,(254) 547-0300,http://atkinsonelectric.net/,Copperas Cove,"771 FM3046, Copperas Cove, TX 76522",4.2,11,Electrician,risky,catch_all,mv-verified-houston-risky-2026-04-20,ChIJR726ot62WoYR25MZszW558Y,1
info@auntsissyskitchen.com,Aunt,Sissy's Kitchen,Aunt Sissy's Kitchen,(361) 949-4848,http://www.auntsissyskitchen.com/,Corpus Christi,"14254 S Padre Island Dr # 109, Corpus Christi, TX 78418",4.6,11,Caterer,risky,unknown,mv-verified-houston-risky-2026-04-20,ChIJ4XaX28r7aIYRezlH7qScV_A,1
barbee@sbcglobal.net,Barbee,"Electric Service, Inc.","Barbee Electric Service, Inc.",(979) 532-4570,http://www.barbeeservices.com/,Wharton,"401 E Caney St, Wharton, TX 77488",4.9,11,Electrician,risky,catch_all,mv-verified-houston-risky-2026-04-20,ChIJJ5nyAhF1QYYRmkzeD4FD4ac,1
cdelectrichsb@yahoo.com,CD,Electric LLC,CD Electric LLC,(512) 755-3061,https://cdelectrictx.com/,Horseshoe Bay,"2903 Oak Ridge Dr, Horseshoe Bay, TX 78657",4.6,11,Electrician,risky,unknown,mv-verified-houston-risky-2026-04-20,ChIJR3UhNBdBFEoRwidivUTuJkE,1
info@capitalcouriers.com,Capital,Couriers,Capital Couriers,(713) 972-1900,http://www.capitalcouriers.com/,Houston,"5200 Mitchelldale St d7, Houston, TX 77092",4.4,11,Courier service,risky,catch_all,mv-verified-houston-risky-2026-04-20,ChIJh5NmIojGQIYR97TV2Bat1yM,1
info@corpest.com,Corpest,Service Co Inc,Corpest Service Co Inc,(361) 266-5633,http://www.corpest.com/,Corpus Christi,"15217 S Padre Island Dr Suite 100 G, Corpus Christi, TX 78418",5,11,Pest control service,risky,unknown,mv-verified-houston-risky-2026-04-20,ChIJRX179v_6aIYRan8Nm7KiYLo,1
eaglepestcontrolwaco@yahoo.com,Eagle,"Pest Control,Inc","Eagle Pest Control,Inc",(254) 757-1036,http://www.eaglepestcontrolwaco.com/index.html,Waco,"3521 Leland Ave, Waco, TX 76708",5,11,Pest control service,risky,unknown,mv-verified-houston-risky-2026-04-20,ChIJl_q6DniET4YRzHLo5gebSZM,1
julio@eltechelectricinstruments.com,ElTech,Electrical & Instrumentation LLP,ElTech Electrical & Instrumentation LLP,+1 469-912-6749,https://eltechelectricinstruments.com/,Edinburg,"204 E Cano St #411, Edinburg, TX 78539, United States",4.6,11,Electrician,risky,catch_all,mv-verified-houston-risky-2026-04-20,ChIJO5c74bYVTIYRJOkz4-LMNnY,1
info@excelpestmanagement.com,Excel,Pest Management LLC,Excel Pest Management LLC,(281) 282-2048,http://www.excelpestmanagement.com/,League City,"304 Willow Pointe Dr, League City, TX 77573",5,11,Pest control service,risky,catch_all,mv-verified-houston-risky-2026-04-20,ChIJS3cYwbpiP4YRi0i49jYIhv0,1
info@jjdevelopment.com,J,"& J Development, Inc. Custom Homes","J & J Development, Inc. Custom Homes",+1 210-402-3171,http://www.jjdevelopment.com/,San Antonio,"142 W Rhapsody Dr #8, San Antonio, TX 78216, United States",5,11,Custom home builder,risky,catch_all,mv-verified-houston-risky-2026-04-20,ChIJk5XnhDxgXIYRNz89X5F42u4,1
info@lbrhomes.com,LBR,Homes,LBR Homes,(512) 777-9509,http://lbrhomes.com/,Austin,"1702 Evergreen Ave, Austin, TX 78704",5,11,Custom home builder,risky,catch_all,mv-verified-houston-risky-2026-04-20,ChIJDQFGXOzRRIYR356C57EROqw,1
sales@minyardcompany.com,Minyard,"Sons Services, Inc.","Minyard Sons Services, Inc.",(512) 331-6441,https://www.minyardcompany.com/,Cedar Park,"1800 N Bell Blvd, Cedar Park, TX 78613",4.3,11,Plumber,risky,catch_all,mv-verified-houston-risky-2026-04-20,ChIJAQAAABA4W4YRqnfZf06ezMg,1
info@missionhomebuilders.com,Mission,Home Builders,Mission Home Builders,(512) 394-3559,http://missionhomebuilders.com/,Austin,"1801 S MoPac Expy #100, Austin, TX 78746",4.9,11,Custom home builder,risky,catch_all,mv-verified-houston-risky-2026-04-20,ChIJxzJkLpJLW4YRK-XlLab2qU4,1
contact@mobilenotaryhouston.net,Mobile,Notary Houston,Mobile Notary Houston,(832) 529-7028,https://www.mobilenotaryhouston.net/,,"Houston, TX 77069",5,11,Notary public,risky,unknown,mv-verified-houston-risky-2026-04-20,ChIJvW-GF0VXGQURmMXn-DmpN3o,1
info@northtexasmobileautodetailing.com,North,Texas Mobile Auto Detailing,North Texas Mobile Auto Detailing,(469) 291-0837,https://northtexasmobileautodetailing.com/auto-detailing-dallas-tx/,Dallas,"2521 Cedar Springs Rd, Dallas, TX 75201",4.5,11,Car detailing service,risky,catch_all,mv-verified-houston-risky-2026-04-20,ChIJVblS0zqZToYRhYZRVcIP4k4,1
info@humanesocietyofsoutheasttexas.org,Roger's,Spay & Neuter Clinic,Roger's Spay & Neuter Clinic,(409) 853-1588,https://humanesocietyofsoutheasttexas.org/clinic/,Beaumont,"2050 Spindletop Ave, Beaumont, TX 77705",4.3,11,Veterinary care,risky,catch_all,mv-verified-houston-risky-2026-04-20,ChIJ2dwk-5G1PoYRPO5CTmYzSOY,1
admin@southernelectrical.com,Southern,Electrical Services,Southern Electrical Services,(713) 660-7344,https://www.southernelectrical.com/,Houston,"11875 W Little York Rd #1102, Houston, TX 77041",4.6,11,Electrician,risky,catch_all,mv-verified-houston-risky-2026-04-20,ChIJEev2HMLRQIYRGM3BREQnW28,1
info@strongtravel.com,Strong,Travel Services,Strong Travel Services,(214) 361-0027,https://www.strongtravel.com/,Dallas,"8235 Douglas Ave Suite 210, Dallas, TX 75225",4.8,11,Travel agency,risky,catch_all,mv-verified-houston-risky-2026-04-20,ChIJ_____0SeToYRG3jO1p2kH5k,1
taxhelpllc@yahoo.com,TaxHelp,LLC,TaxHelp LLC,(512) 231-0252,https://taxhelp.net/,Austin,"7205 Meadowood Dr, Austin, TX 78723",4.9,11,Tax preparation,risky,unknown,mv-verified-houston-risky-2026-04-20,ChIJaxiV0CTLRIYRvssb_wEATYw,1
info@teepee-electric.com,Tee,Pee Electric,Tee Pee Electric,(469) 628-7444,http://www.teepee-electric.com/,Rowlett,"4950 Gordon Smith Dr, Rowlett, TX 75088",5,11,Electrician,risky,catch_all,mv-verified-houston-risky-2026-04-20,ChIJWcIEnv-nToYRgkgPYbpAFZQ,1
info@214pressurewashing.com,214,Pressure Washing,214 Pressure Washing,(214) 702-4436,https://www.214pressurewashing.com/,Dallas,"9959 Royal Ln #22, Dallas, TX 75231",4.6,10,Pressure washing service,risky,catch_all,mv-verified-houston-risky-2026-04-20,ChIJ4WyuEHegToYRx-tDtgG0b7g,1
info@allheartelectric.com,ALLHEART,Electric,ALLHEART Electric,(870) 330-4118,https://www.allheartelectric.com/,,,4.8,10,Electrician,risky,catch_all,mv-verified-houston-risky-2026-04-20,ChIJR5VGiixrNIYRFxV2NkcIjjw,1
help@accurabooks.com,AccuraBooks,,AccuraBooks,(512) 758-2180,http://www.accurabooks.com/,Austin,"Barton Oaks Plaza 1, 901 S MoPac Expy Suite 300, Austin, TX 78746",5,10,Bookkeeping service,risky,catch_all,mv-verified-houston-risky-2026-04-20,ChIJOe3IVjK1RIYRWOSLzkixS0w,1
allbrandforklift@sbcglobal.net,All,Brand Forklift Service Inc.,All Brand Forklift Service Inc.,(713) 330-9800,https://www.allbrandforkliftservicetx.com/,Houston,"12315 Market St, Houston, TX 77015",4.9,10,Forklift dealer,risky,catch_all,mv-verified-houston-risky-2026-04-20,ChIJ4Udf31GjQIYR7DKdvH6O1CM,1
info@alphaelectricco.com,Alpha,Electric Co.,Alpha Electric Co.,(713) 802-1166,http://alphaelectricco.com/,Pasadena,"205 North Richey Street, Pasadena, TX 77008",4.5,10,Electrician,risky,catch_all,mv-verified-houston-risky-2026-04-20,ChIJoZ1hCiW_QIYRcb54u9YTqGg,1
info@bestdaytonbrothersplumbing.com,Brothers,Plumbing,Brothers Plumbing,(832) 430-7300,https://bestdaytonbrothersplumbing.com/,Dayton,"609 S Main St, Dayton, TX 77535",5,10,Plumber,risky,catch_all,mv-verified-houston-risky-2026-04-20,ChIJy6s3oldNP4YRW3znDSWlOxQ,1
info@cdshouston.com,Central,Delivery Systems,Central Delivery Systems,(281) 931-4700,http://www.cdshouston.com/,Houston,"7801 N Shepherd Dr, Houston, TX 77088",4.4,10,Courier service,risky,catch_all,mv-verified-houston-risky-2026-04-20,ChIJ2cEAag3IQIYR80iTXEPqsHQ,1
lorrie.ortega@cruiseplanners.com,Cruise,Planners Travel Agency - Lorrie Ortega,Cruise Planners Travel Agency - Lorrie Ortega,(210) 370-7721,http://gobooktrips.com/,San Antonio,"1334 Burning Arrow, San Antonio, TX 78258",5,10,Travel agency,risky,catch_all,mv-verified-houston-risky-2026-04-20,ChIJSf-4MWWJXIYRR0A_TOdGQi4,1
info@dallasgaragedoorrepair.best,Dallas,Garage Door Repair,Dallas Garage Door Repair,(214) 910-0397,http://dallasgaragedoorrepair.best/,Dallas,"2418 S Harwood St, Dallas, TX 75215",5,10,Garage door supplier,risky,catch_all,mv-verified-houston-risky-2026-04-20,ChIJOxwkYvCYToYRdJJZ0QJJUKM,1
webmaster@everslandscape.com,Ever's,Landscaping,Ever's Landscaping,(210) 300-7754,https://everslandscape.com/,San Antonio,"753 Cravens Ave, San Antonio, TX 78223",5,10,Landscaper,risky,unknown,mv-verified-houston-risky-2026-04-20,ChIJATuZnqr3XIYRbNqTk8_IZL8,1
info@excelawningandshade.com,Excel,Awning & Shade,Excel Awning & Shade,(713) 206-8174,http://www.excelawningandshade.com/,Pasadena,"4808 Fairmont Pkwy #243, Pasadena, TX 77505",4.6,10,Awning supplier,risky,catch_all,mv-verified-houston-risky-2026-04-20,ChIJBeuNQpWYQIYR7FJNlO0fvO8,1
info@florespallets.com,Flores,Pallets,Flores Pallets,(713) 645-1022,http://www.florespallets.com/,Houston,"6101 Dixie Dr, Houston, TX 77087",3.9,10,Pallet supplier,risky,catch_all,mv-verified-houston-risky-2026-04-20,ChIJ5eiT2R2-QIYRCOpdHz63FBA,1
info@thegleamdental.com,Gleam,Dental and Orthodontics - Tomball,Gleam Dental and Orthodontics - Tomball,(346) 246-3222,https://thegleamdental.com/,Tomball,"16143 N Eldridge Pkwy # 25, Tomball, TX 77377",5,10,Dentist,risky,unknown,mv-verified-houston-risky-2026-04-20,ChIJi_YK9jfTQIYRMomj9kSXB2g,1
info@katylandscaper.com,Katy,Landscaper,Katy Landscaper,(832) 216-0311,https://www.katylandscaper.com/,,,4.6,10,Landscaper,risky,unknown,mv-verified-houston-risky-2026-04-20,ChIJNS9AKzgkQYYRYhXHkzDqsVo,1
info@lhcrane.com,Longhorn,Crane & Rigging,Longhorn Crane & Rigging,(832) 877-3868,http://lhcrane.com/,Houston,"7130 Satsuma Dr, Houston, TX 77041",4.9,10,Crane service,risky,catch_all,mv-verified-houston-risky-2026-04-20,ChIJx2kPnGbFQIYRnR4ktvO9qiM,1
info@mmawards.com,M,& M Sports Trophies & Awards,M & M Sports Trophies & Awards,(817) 459-4442,http://www.mmawards.com/,Grand Prairie,"2100 S Great SW Pkwy # 605, Grand Prairie, TX 75051",4.7,10,Trophy shop,risky,catch_all,mv-verified-houston-risky-2026-04-20,ChIJaTDdQTKGToYRb3BnRi_v044,1
memorialschoolofmusic@yahoo.com,Memorial,School of Music,Memorial School of Music,(281) 497-3888,http://memorialschoolofmusic.com/,Houston,"14520 Memorial Dr Suite 31, Houston, TX 77079",4.3,10,Music school,risky,unknown,mv-verified-houston-risky-2026-04-20,ChIJMQGdhHjbQIYRlJqIL0et-5c,1
info@metroplexwood.com,MetroPlex,Wood Pallets,MetroPlex Wood Pallets,(713) 671-9560,http://www.metroplexwood.com/,Houston,"7501 Schneider St, Houston, TX 77093",4.3,10,Manufacturer,risky,catch_all,mv-verified-houston-risky-2026-04-20,ChIJYXzrr6y5QIYRH15Rhe1dIuY,1
info@onpointcustomhomes.com,On,Point Custom Homes,On Point Custom Homes,(713) 600-2422,http://www.onpointcustomhomes.com/,Houston,"1106 Witte Rd Suite 100, Houston, TX 77055",4.9,10,Custom home builder,risky,catch_all,mv-verified-houston-risky-2026-04-20,ChIJMaHHQBrBQIYRsrzuEV95Tdw,1
onestoprgv@aol.com,One,Stop Pest Control,One Stop Pest Control,(956) 361-3212,http://onestoppc.org/,San Benito,"360 W Palm Blvd, San Benito, TX 78586",4.2,10,Pest control service,risky,unknown,mv-verified-houston-risky-2026-04-20,ChIJAQCcPGCDb4YRWpsgMeEzhBg,1
contact@pasadenaportapotties.com,Pasadena,Porta Potty Rental | LavPro,Pasadena Porta Potty Rental | LavPro,(346) 226-8959,https://pasadenaportapotties.com/,Pasadena,"3515 Preston Ave, Pasadena, TX 77505",4.9,10,Waste management service,risky,catch_all,mv-verified-houston-risky-2026-04-20,ChIJawABu0yZQIYR2qdJg_cHFuU,1
info@poweroutputcrossfit.com,Power,Output CrossFit,Power Output CrossFit,(210) 389-5289,http://www.poweroutputcrossfit.com/,San Antonio,"6737 Poss Rd #105, San Antonio, TX 78238",5,10,Gym,risky,catch_all,mv-verified-houston-risky-2026-04-20,ChIJ-ykgGQBdXIYRVI5Xg8JpFFE,1
oscrprestige@aol.com,Prestige,Refrigeration & Air Conditioning Inc.,Prestige Refrigeration & Air Conditioning Inc.,(956) 712-9295,https://www.prestigerefrigerationandair.com/,Laredo,"3113 San Dario Ave, Laredo, TX 78040",4.7,10,Air conditioning contractor,risky,unknown,mv-verified-houston-risky-2026-04-20,ChIJr7hn_iAnYYYRoyzfyqq2ZA4,1
jp@jpfireservice.com,Protech,Fire & Safety LLC,Protech Fire & Safety LLC,(915) 577-9163,https://texasfireservices.com/,,,5,10,Fire protection equipment supplier,risky,unknown,mv-verified-houston-risky-2026-04-20,ChIJ5U-D-niOrqkRMb4l6k1Q0WM,1
info@sanantoniogaragedoorsrepair.org,San,Antonio Garage Door Repair,San Antonio Garage Door Repair,(726) 259-1890,http://sanantoniogaragedoorsrepair.org/,San Antonio,"2520a N Main Ave, San Antonio, TX 78212",5,10,Garage door supplier,risky,catch_all,mv-verified-houston-risky-2026-04-20,ChIJ8YhhdGZfXIYR2G2scZaMO78,1
info@smoothsolarpower.com,Smooth,Solar Power,Smooth Solar Power,(866) 210-6654,https://smoothsolarpower.com/,Dallas,"315 S Cesar Chavez Blvd, Dallas, TX 75201",5,10,Solar energy company,risky,catch_all,mv-verified-houston-risky-2026-04-20,ChIJT2XvQnGZToYR-_k8ERk96qg,1
info@soledadbuilders.com,Soledad,"Builders, LLC","Soledad Builders, LLC",(512) 306-8310,http://www.soledadbuilders.com/,Austin,"706 W 34th St A, Austin, TX 78705",4.8,10,Custom home builder,risky,catch_all,mv-verified-houston-risky-2026-04-20,ChIJLX6fOzO1RIYR1-IeLEDpN7Y,1
info@thelabsugarland.com,The,Lab Sugar Land,The Lab Sugar Land,(832) 886-4054,http://www.thelabsugarland.com/,Sugar Land,"14019 Southwest Fwy Ste 308, Sugar Land, TX 77478",5,10,Gym,risky,unknown,mv-verified-houston-risky-2026-04-20,ChIJwz1OLU_nQIYRVrMaoytqNBI,1
info@tcsepticsolutions.com,Totally,Clear Septic Solutions,Totally Clear Septic Solutions,(832) 540-5576,http://tcsepticsolutions.com/,Huffman,"24123 Basket Oak Dr, Huffman, TX 77336",5,10,Septic system service,risky,catch_all,mv-verified-houston-risky-2026-04-20,ChIJ-ZffqJarQIYRL4Po7_qydUI,1
info@electric-1.com,Villarreal,& Sons Electric,Villarreal & Sons Electric,(915) 351-2444,http://electric-1.com/,El Paso,"2517 Wyoming Ave, El Paso, TX 79903",3.3,10,Electrician,risky,catch_all,mv-verified-houston-risky-2026-04-20,ChIJ82Mim6JZ54YRvLKhb7euEnQ,1
info@agwelding.com,A,G Welding,A G Welding,(713) 988-4200,https://www.agwelding.com/,Houston,"8125 McGee Ln, Houston, TX 77071",4.6,9,Contractor,risky,catch_all,mv-verified-houston-risky-2026-04-20,ChIJ4VrpVjXoQIYREOsAwD7nsRU,1
acw_dallas@yahoo.com,A's,"Custom Welding Fabrication, railings, wrought iron fencing","A's Custom Welding Fabrication, railings, wrought iron fencing",(214) 621-5481,http://www.ascustomwelding.com/,Dallas,"511 N Jester Ave, Dallas, TX 75211",5,9,Metal fabricator,risky,unknown,mv-verified-houston-risky-2026-04-20,ChIJSYb7aQebToYRbBTpbr4d1Gg,1
info@plumbingamc.com,AMC,Plumbing LLC,AMC Plumbing LLC,(409) 866-3030,http://www.plumbingamc.com/,Beaumont,"10427 Duncan Rd, Beaumont, TX 77713",3.7,9,Plumber,risky,catch_all,mv-verified-houston-risky-2026-04-20,ChIJnbNjB9PSPoYRRATZoqFBwqY,1
info@allasonetransport.com,All,As One Transport,All As One Transport,(214) 489-7577,http://allasonetransport.com/,,,5,9,Courier service,risky,catch_all,mv-verified-houston-risky-2026-04-20,ChIJJXk_j5o9-GURQvIlXqn_3qc,1
info@alltexplumbing.com,All-Tex,Plumbing,All-Tex Plumbing,(972) 872-9630,http://www.alltexplumbing.com/,Ennis,"2412 N Preston St, Ennis, TX 75119",4.6,9,Plumber,risky,catch_all,mv-verified-houston-risky-2026-04-20,ChIJc9rT90bbToYR3a8dVtKYA3c,1
brendan@brotherslighting.com,Brothers,Lighting & Electrical,Brothers Lighting & Electrical,(281) 444-7737,http://www.brotherslighting.com/?utm_source=GBP&utm_medium=organic&utm_campaign=office,Spring,"4333 Spring Stuebner Rd, Spring, TX 77389",4.1,9,Electrician,risky,unknown,mv-verified-houston-risky-2026-04-20,ChIJO8cXooU0R4YRgh_MZuYL9NQ,1
charles.a.weimer@centraldallasnotary.com,Central,Dallas Notary,Central Dallas Notary,(469) 694-8485,https://centraldallasnotary.com/,Dallas,"1800 N Field St apt 2602, Dallas, TX 75202",5,9,Notary public,risky,catch_all,mv-verified-houston-risky-2026-04-20,ChIJNQNMLMaZToYRjHGHkJpDwdM,1
tim@clepperslandscaping.com,Clepper's,Landscape Services,Clepper's Landscape Services,(832) 496-6931,http://www.clepperslandscaping.com/,Missouri City,"1407 Cherry Springs Ct #3469, Missouri City, TX 77459",5,9,Landscape designer,risky,catch_all,mv-verified-houston-risky-2026-04-20,ChIJfVotvynvQIYRergyY2E_OfE,1
info@erbenelectric.com,Erben,Electric,Erben Electric,(830) 625-4548,http://www.erbenelectric.com/,New Braunfels,"1469 Cardinal Dr, New Braunfels, TX 78130",4.6,9,Electrician,risky,catch_all,mv-verified-houston-risky-2026-04-20,ChIJrXZ3Ng-9XIYRimFQ_ui2zVs,1
sales@flfpi.com,Frontline,Fire Protection Inc,Frontline Fire Protection Inc,(972) 818-9565,https://www.flfpi.com/,Dallas,"17815 Davenport Rd #180, Dallas, TX 75252",4.4,9,Fire protection service,risky,catch_all,mv-verified-houston-risky-2026-04-20,ChIJmz04AdMjTIYRaMgBtzg6UKI,1
isaac.salgado@heritagepoolsupply.com,Heritage,Pool Supply,Heritage Pool Supply,(281) 568-1113,https://www.heritagepoolsupplygroup.com/en/distributor-network/TPSSEHO/,Houston,"10621 S Sam Houston Pkwy W Suite 100, Houston, TX 77071",4.3,9,Swimming pool supply store,risky,catch_all,mv-verified-houston-risky-2026-04-20,ChIJK7fNegLnQIYRwfyPebM9HDs,2
kenmccombs@ktmdrywall.com,KTM,Drywall & Stucco LLC,KTM Drywall & Stucco LLC,(214) 599-8777,http://www.ktmdrywall.com/,Dallas,"2911 Turtle Creek Blvd # 300, Dallas, TX 75219",5,9,Stucco contractor,risky,catch_all,mv-verified-houston-risky-2026-04-20,ChIJ_R_U1MyeToYRNngu2xiz-6U,1
info@kwalityelectric.com,Kwality,Electric TX LLC,Kwality Electric TX LLC,(737) 444-0405,https://www.kwalityelectric.com/,Georgetown,"2124 Rushing Ranch Path, Georgetown, TX 78628",5,9,Electrician,risky,unknown,mv-verified-houston-risky-2026-04-20,ChIJl-_7AagrW4YRNPAxDJifriQ,1
info@mandmupholstery.com,M,& M Upholstery,M & M Upholstery,(214) 391-4085,https://mandmupholstery.com/,Dallas,"1233 Medical District Dr, Dallas, TX 75207",4.1,9,Upholstery shop,risky,catch_all,mv-verified-houston-risky-2026-04-20,ChIJWa1GoaedToYRia-suYn5LlI,1
milesofchiro@verizon.net,Miles,of Chiropractic Clinic LLC,Miles of Chiropractic Clinic LLC,(281) 538-2062,https://www.milesofchiro.net/,League City,"906 W Main St, League City, TX 77573",4.9,9,Chiropractor,risky,catch_all,mv-verified-houston-risky-2026-04-20,ChIJl12XuGKdQIYRCm1qegmpkH8,1
info@oncuraimaging.com,Oncura,Partners Veterinary Imaging Center- Houston,Oncura Partners Veterinary Imaging Center- Houston,(409) 908-1095,https://oncuraimaging.com/,Missouri City,"8721 Hwy 6 Suite 200, Missouri City, TX 77459",5,9,Medical diagnostic imaging center,risky,catch_all,mv-verified-houston-risky-2026-04-20,ChIJm5etIMXvQIYRy-PQDRm86fo,1
contact@airstarz.com,R.M.,Anderson Air Conditioning & Heating,R.M. Anderson Air Conditioning & Heating,(281) 941-2021,https://www.airstarz.com/,,,5,9,HVAC contractor,risky,catch_all,mv-verified-houston-risky-2026-04-20,ChIJY3_1U49qdIcR0a_eDIx1Vm4,1
info@rwhpc-law.com,Ramond,W. Howard PC,Ramond W. Howard PC,(281) 437-5900,http://www.rwhpc-law.com/,Missouri City,"1303 Turtle Creek Dr, Missouri City, TX 77489",4.6,9,Attorney,risky,catch_all,mv-verified-houston-risky-2026-04-20,ChIJiVp-kirvQIYR-q2Aff5cmWg,1
ransomlawn@sbcglobal.net,Ransom,Lawn Services,Ransom Lawn Services,(915) 532-3823,https://www.ransomlawnelpasotx.com/,El Paso,"1315 Magoffin Ave, El Paso, TX 79901",3.9,9,Landscaper,risky,catch_all,mv-verified-houston-risky-2026-04-20,ChIJG1YfvghZ54YRu_rUE-HZXWs,1
info@weloveelectric.com,We,Love Electric,We Love Electric,(512) 270-8781,http://weloveelectric.com/,,,5,9,Electrician,risky,catch_all,mv-verified-houston-risky-2026-04-20,ChIJfYH9eWRgaWgRYOLlOeAvi2M,1
weplanyouparty@yahoo.com,We,Plan You Party,We Plan You Party,(281) 393-7526,https://we-plan-you-party.com/,Humble,"Woodland Hills Dr, Humble, TX 77396",5,9,Event planner,risky,unknown,mv-verified-houston-risky-2026-04-20,ChIJnTHs41GvQIYRQd6XCV1hqzQ,1
info@mywcec.coop,Wharton,County Electric Cooperative,Wharton County Electric Cooperative,(979) 543-6271,http://www.mywcec.coop/,El Campo,"1815 E Jackson St, El Campo, TX 77437",3,9,Electric utility company,risky,catch_all,mv-verified-houston-risky-2026-04-20,ChIJLV7iMzmDQYYR86QDchqpeQE,1
sales@atlasfloorsupply.com,Wholesale,Floor Supply,Wholesale Floor Supply,(972) 409-9000,http://www.atlasfloorsupply.com/,Dallas,"10560 Newkirk St Ste 402, Dallas, TX 75220",4.6,9,Flooring store,risky,unknown,mv-verified-houston-risky-2026-04-20,ChIJOw-0A0edToYRCQKq0slv-w0,1
info@acplumbingservices.com,AC,Plumbing Services,AC Plumbing Services,(210) 637-1120,http://www.acplumbingservices.com/,Converse,"408 Toepperwein Rd, Converse, TX 78109",4,8,Plumber,risky,catch_all,mv-verified-houston-risky-2026-04-20,ChIJ6R12gKKMXIYRy0TNY-GYbF0,1
info@apsfireco.com,APS,FireCo San Antonio,APS FireCo San Antonio,(210) 236-5004,https://www.apsfireco.com/locations/san-antonio,San Antonio,"11225 Gordon Rd Ste 101, San Antonio, TX 78216",4.5,8,Fire protection service,risky,unknown,mv-verified-houston-risky-2026-04-20,ChIJr7yhszpgXIYRseEh_4HXhq0,1
info@discoveryschools.com,Children’s,Discovery Center Central,Children’s Discovery Center Central,(512) 458-1891,https://www.discoveryschools.com/central-school,Austin,"4112 Duval St, Austin, TX 78751",4.5,8,Day care center,risky,unknown,mv-verified-houston-risky-2026-04-20,ChIJVxJc4C_LRIYRKPm-QKGahX4,1
info@disccentergalveston.com,Disc,Centers of America Galveston,Disc Centers of America Galveston,(713) 557-1013,https://disccentergalveston.com/,Galveston,"13701 Termini-San Luis Pass Rd Suite A, Galveston, TX 77554",4.4,8,Chiropractor,risky,catch_all,mv-verified-houston-risky-2026-04-20,ChIJQfA_436FP4YR8ZCPAvf4QBU,1
info@gmadridbb.com,Gerald,Madrid Bail Bonds,Gerald Madrid Bail Bonds,(505) 992-0777,http://gmadridbb.com/,,"4350 Airport Rd #17, Santa Fe, NM 87507",4.4,8,Bail bonds service,risky,unknown,mv-verified-houston-risky-2026-04-20,ChIJyZcmUYpbGIcR7bsjrW-BzPo,1
info@hvtees.com,H,V Tee's Screen Printing,H V Tee's Screen Printing,(210) 645-1800,https://hvtees.espwebsite.com/,San Antonio,"7008 U.S. 90 Access Rd, San Antonio, TX 78227",5,8,Screen printer,risky,catch_all,mv-verified-houston-risky-2026-04-20,ChIJu1ay1HlbXIYRLmh_AX91aZc,1
info@highlinehomes.com,Highline,Homes,Highline Homes,(512) 771-4244,https://www.highlinehomes.com/,Austin,"1820 Ashby Ave, Austin, TX 78704",5,8,Home builder,risky,catch_all,mv-verified-houston-risky-2026-04-20,ChIJd1t9tWi1RIYRYfp1mItEg9A,1
info@itsquest.com,ITSQuest,Professional Staffing Solutions,ITSQuest Professional Staffing Solutions,(915) 781-0747,https://itsquest.com/,El Paso,"1155 Westmoreland Dr #202, El Paso, TX 79925",4.4,8,Employment agency,risky,catch_all,mv-verified-houston-risky-2026-04-20,ChIJkUOR4Fla54YRxGf_PEiB2aA,1
info@inspirelectric.com,Inspire,Electric & Construction LLC,Inspire Electric & Construction LLC,+1 682-305-9369,https://www.inspirelectric.com/,Garland,"1510 Hill Creek Dr, Garland, TX 75043, United States",5,8,Electrical installation service,risky,catch_all,mv-verified-houston-risky-2026-04-20,ChIJO0FgbNtbpUoRqD2v_zglHeQ,1
info@drywallcontractoraustin.com,JM,Vargas Drywall LLC,JM Vargas Drywall LLC,(512) 582-1086,https://drywallcontractoraustin.com/,,,4.9,8,Dry wall contractor,risky,catch_all,mv-verified-houston-risky-2026-04-20,ChIJVZuCYssVJmoRk3z9hnrw7HA,1
katherine@overbeckmaxwellcpa.com,Katherine,"Overbeck Maxwell, CPA, PLLC","Katherine Overbeck Maxwell, CPA, PLLC",(409) 765-5287,http://www.overbeckmaxwellcpa.com/,Galveston,"2200 Market St # 703, Galveston, TX 77550",4.5,8,Certified public accountant,risky,catch_all,mv-verified-houston-risky-2026-04-20,ChIJAYddp2ueP4YRq7MY2HVFDcA,1
info@ledbettercpa.com,Ledbetter,"& Ledbetter CPA, LLP","Ledbetter & Ledbetter CPA, LLP",(281) 723-0298,http://ledbettercpa.com/,Katy,"5614 1st St, Katy, TX 77493",5,8,Accountant,risky,catch_all,mv-verified-houston-risky-2026-04-20,ChIJRfxFsUMlQYYRV2IGKGVuil4,1
info@med-securityinc.com,Med,Security Inc,Med Security Inc,(210) 314-1850,https://med-securityinc.com/san-antonio/,San Antonio,"85 NE Interstate 410 Loop #423, San Antonio, TX 78216",2.3,8,Security guard service,risky,catch_all,mv-verified-houston-risky-2026-04-20,ChIJM2omghBgXIYRTQEo9kRw5cw,1
info@pelican-insurance.com,Pelican,Insurance Agency,Pelican Insurance Agency,(832) 871-4448,https://pelican-insurance.com/,League City,"3027 Marina Bay Dr #200, League City, TX 77573",5,8,Insurance agency,risky,catch_all,mv-verified-houston-risky-2026-04-20,ChIJVVUFXH2dQIYR1z5efQ1QsgY,1
info@subergelectric.com,Suberg,Electric,Suberg Electric,(210) 653-5756,https://subergelectric.com/,San Antonio,"18490 Goll St, San Antonio, TX 78266",5,8,Electrician,risky,unknown,mv-verified-houston-risky-2026-04-20,ChIJQR6K5PqNXIYRAMjvfXTYvcQ,1
info@talbotplumbing.com,Talbot,Plumbing LLC,Talbot Plumbing LLC,(214) 463-5684,http://www.talbotplumbing.com/,,,5,8,Plumber,risky,unknown,mv-verified-houston-risky-2026-04-20,ChIJl1BK5slh928R24RorFzqRro,1
info@texasmobileautodetailing.com,Texas,Mobile Auto Detailing,Texas Mobile Auto Detailing,(817) 663-1776,https://texasmobileautodetailing.com/auto-detailing-fort-worth-tx/,Fort Worth,"3300 Lawnwood St, Fort Worth, TX 76111",5,8,Car detailing service,risky,catch_all,mv-verified-houston-risky-2026-04-20,ChIJr9ZhMKNxToYRoF72hd4QJ-g,2
info@williamsprecisionplumbingllc.com,Williams,Precision Plumbing LLC,Williams Precision Plumbing LLC,(936) 272-0031,https://www.williamsprecisionplumbingllc.com/,,,5,8,Plumber,risky,unknown,mv-verified-houston-risky-2026-04-20,ChIJiSzieEwyBSMR8peUjDeeb8g,1
info@cornerstoneservices.us,Cornerstone,Electric,Cornerstone Electric,(361) 920-0727,http://www.cornerstoneservices.us/,Victoria,"1807 E Polk Ave, Victoria, TX 77901",4.4,7,Electrician,risky,catch_all,mv-verified-houston-risky-2026-04-20,ChIJXx_iFT1nQoYRhsqfV5MKdLY,1
info@defiantboutique.com,Defiant,Boutique,Defiant Boutique,,https://defiantboutique.com/,San Antonio,"4704 Broadway, San Antonio, TX 78209",5,7,Women's clothing store,risky,catch_all,mv-verified-houston-risky-2026-04-20,ChIJpSAS5J71XIYRSQ8evAZmb24,1
sales@galvestonislandpest.com,Galveston,Island Pest Services LLC,Galveston Island Pest Services LLC,(409) 497-2264,http://galvestonislandpest.com/,,,3.3,7,Pest control service,risky,unknown,mv-verified-houston-risky-2026-04-20,ChIJdTUlRDp_P4YRQneHeFzsPM0,1
mrfixit@heightshandyman.com,Heights,Handyman,Heights Handyman,(832) 710-5393,http://www.heightshandyman.com/contactus.html,Houston,"1350 Beall St, Houston, TX 77008",5,7,General contractor,risky,unknown,mv-verified-houston-risky-2026-04-20,ChIJRWUicm_HQIYRa-q0Phh2ZLs,1
info@houstonsupply.net,Houston,Supply & Manufacturing Co,Houston Supply & Manufacturing Co,(713) 694-6868,http://www.houstonsupply.net/,Houston,"6825 Fulton St, Houston, TX 77022",4.3,7,Industrial equipment supplier,risky,catch_all,mv-verified-houston-risky-2026-04-20,ChIJt8o0TGC4QIYRezIdgAfzqO4,1
info@mosquitosteve.com,Mosquito,Steve,Mosquito Steve,(214) 520-0041,http://www.mosquitosteve.com/about-us,Dallas,"5210 McKinney Ave #250, Dallas, TX 75205",5,7,Pest control service,risky,catch_all,mv-verified-houston-risky-2026-04-20,ChIJS-YOSBifToYRNowXbovHb98,1
munizelectricalmasters@yahoo.com,Muniz,Electrical Masters,Muniz Electrical Masters,(361) 853-2976,http://munizelectricalmasters.com/,Corpus Christi,"5553 Greenwood Dr, Corpus Christi, TX 78417",3.7,7,Electrical installation service,risky,unknown,mv-verified-houston-risky-2026-04-20,ChIJ1eXv3QRgaIYRmOnYCFf3neY,1
info@okinawankarateclub.com,Okinawa,Karate Club of Dallas,Okinawa Karate Club of Dallas,(972) 406-2836,http://www.okinawankarateclub.com/,Dallas,"3720 Walnut Hill Ln, Dallas, TX 75229",4.4,7,Martial arts school,risky,catch_all,mv-verified-houston-risky-2026-04-20,ChIJTW6AXu2dToYROloe58Aje8s,1
info@rjjboxingfitness.com,RJJ,BOXING + FITNESS,RJJ BOXING + FITNESS,(469) 947-6840,https://rjjboxingfitness.com/,Dallas,"17230 Dallas Pkwy, Dallas, TX 75248",5,7,Fitness center,risky,unknown,mv-verified-houston-risky-2026-04-20,ChIJFfE6h9YjTIYRPGCjfV76ZfI,1
info@garymooreelectric.com,San,Angelo Electrician - Gary Moore,San Angelo Electrician - Gary Moore,(325) 656-3621,http://www.garymooreelectric.com/contact,San Angelo,"416 E Ave A, San Angelo, TX 76903",3.9,7,Utility contractor,risky,unknown,mv-verified-houston-risky-2026-04-20,ChIJVVWFPkPvV4YRFzlwtsttleQ,1
tavellaw@yahoo.com,Sherry,D. Tavel Attorney at Law,Sherry D. Tavel Attorney at Law,(281) 354-8156,https://www.tavellaw.org/?utm_source=GMB&utm_medium=organic&utm_campaign=humble,Humble,"316 E Main St Suite 65, Humble, TX 77338",3.9,7,Criminal justice attorney,risky,unknown,mv-verified-houston-risky-2026-04-20,ChIJubMJR_dRR4YRkQHjSFQbGa0,1
info@texasconcreteleveling.net,Texas,Concrete Leveling,Texas Concrete Leveling,(817) 839-2212,https://texasconcreteleveling.net/fort-worth/,Fort Worth,"2631 Ludelle St, Fort Worth, TX 76105",5,7,Concrete contractor,risky,unknown,mv-verified-houston-risky-2026-04-20,ChIJPfflj1qZToYRPROSIii9ZvU,1
information@wiremenelectric.com,Wiremen,Electric,Wiremen Electric,(830) 255-7035,http://www.wiremenelectric.com/,New Braunfels,"490 Eden Estates Dr, New Braunfels, TX 78132",5,7,Electrician,risky,catch_all,mv-verified-houston-risky-2026-04-20,ChIJ4xA1nFChXIYR1MfBcdHzJgk,1
info@betteroffbowling.com,Better,Off Bowling - Dallas - Social Bowling Leagues,Better Off Bowling - Dallas - Social Bowling Leagues,+1 866-483-2695,http://www.betteroffbowling.com/dallas,Addison,"3805 Belt Line Rd, Addison, TX 75001, United States",4.7,6,Bowling club,risky,catch_all,mv-verified-houston-risky-2026-04-20,ChIJ0Yj7PwMnTIYRtnq7SI1XffE,1
info@certifiedfiretx.com,Certified,"Fire Protection, Inc.","Certified Fire Protection, Inc.",(800) 440-0010,http://www.certifiedfiretx.com/,Haltom City,"4220 Murray Ave Ste C, Haltom City, TX 76117",5,6,Fire protection service,risky,unknown,mv-verified-houston-risky-2026-04-20,ChIJyWQQS5l3ToYRxDRHL-J3iaQ,1
info@dvs-tx.com,DVS,- Quality Electrical Service and Electrical Maintenance,DVS - Quality Electrical Service and Electrical Maintenance,+1 956-247-0310,https://dvs-tx.com/,Edinburg,"818 Rachel Dr, Edinburg, TX 78539, United States",5,6,Electrician,risky,catch_all,mv-verified-houston-risky-2026-04-20,ChIJneiX_5dntAQRFmxyToAmg5A,1
dach@dachplumbing.net,Dach,Plumbing,Dach Plumbing,(346) 551-6591,https://dachplumbing.net/,,,5,6,Plumber,risky,unknown,mv-verified-houston-risky-2026-04-20,ChIJuSAqMYzXkSoRthJrIYPyk7Q,1
info@heffernaninsuranceagency.com,Heffernan,Insurance Inc,Heffernan Insurance Inc,(409) 765-9011,http://www.heffernaninsuranceagency.com/,Galveston,"1703 23rd St, Galveston, TX 77550",4.8,6,Insurance agency,risky,catch_all,mv-verified-houston-risky-2026-04-20,ChIJ-0BVfWeeP4YRQ8ZAfTZTOxg,1
hec@hewittelectric.com,Hewitt,Electric Company,Hewitt Electric Company,(281) 391-8033,http://www.hewittelectric.com/,Katy,"27027 Westheimer Pkwy Ste. 1200, Katy, TX 77494",5,6,Electrical installation service,risky,catch_all,mv-verified-houston-risky-2026-04-20,ChIJGblmlgIkQYYRO2QwCffvZFc,1
leggettplumbing@yahoo.com,Leggett,Plumbing,Leggett Plumbing,(936) 327-2540,https://leggettplumbingtx.com/,Livingston,"4050 US-190, Livingston, TX 77351",3.7,6,Plumber,risky,unknown,mv-verified-houston-risky-2026-04-20,ChIJMSzZCzeBOIYRQxwB-KF5RWA,1
sighalo@mcislaw.com,MCIS,"Law, PLLC","MCIS Law, PLLC",(346) 297-0121,https://www.mcislaw.com/,Stafford,"10701 Corporate Dr #340-104, Stafford, TX 77477",5,6,Legal services,risky,catch_all,mv-verified-houston-risky-2026-04-20,ChIJ9Xs7uWfnQIYR0M5kS9azYIs,1
info@peacheselectrical.com,Peaches,Electrical,Peaches Electrical,(512) 254-4242,https://www.peacheselectrical.com/,Cedar Park,"309 N Bell Blvd Suite B, Cedar Park, TX 78613",3.7,6,Electrician,risky,catch_all,mv-verified-houston-risky-2026-04-20,ChIJd0sf85stW4YRxDtBCXDI0IM,1
info@pineywoodsplumbing.com,Piney,Woods Plumbing,Piney Woods Plumbing,(936) 632-5918,http://www.pineywoodsplumbing.com/,Lufkin,"1607 E Denman Ave, Lufkin, TX 75901",5,6,Plumber,risky,catch_all,mv-verified-houston-risky-2026-04-20,ChIJeUxY-FY9OIYRaVbQIDw2IoU,1
sprinklerspecialist1@yahoo.com,The,Sprinkler Specialist,The Sprinkler Specialist,(469) 576-1969,http://www.mysprinklerspecialist.com/,Garland,"1512 Elizabeth Dr, Garland, TX 75042",4.3,6,Lawn sprinkler system contractor,risky,unknown,mv-verified-houston-risky-2026-04-20,ChIJ7XNEa_gdTIYRlYzGu5NanVY,1
info@twistedeggshack.com,Twisted,Egg Shack,Twisted Egg Shack,(409) 216-7132,https://twistedeggshack.com/,Orange,"288 Strickland Dr, Orange, TX 77630",5,6,Restaurant,risky,catch_all,mv-verified-houston-risky-2026-04-20,ChIJrx7SoAarPoYRkqVlkC2PZoU,1
info@dallasgaragedoorsrepair.org,24/7,Dallas Garage Door Repair,24/7 Dallas Garage Door Repair,(214) 910-3718,http://dallasgaragedoorsrepair.org/,Dallas,"4767 Vista Wood Blvd #111, Dallas, TX 75232",5,5,Garage door supplier,risky,catch_all,mv-verified-houston-risky-2026-04-20,ChIJ8cjJETeXToYRPIb1azVHEvU,1
kevinklsmith@aol.com,American,Awning & Carport Company,American Awning & Carport Company,(281) 867-9954,https://www.carportstore.com/,La Porte,"315 W Main St, La Porte, TX 77571",3,5,Carport and pergola builder,risky,unknown,mv-verified-houston-risky-2026-04-20,ChIJe1sry15gP4YRSuEfOC_s2gM,1
info@austingaragedoorrepair.pro,Best,Austin Garage Door Repair,Best Austin Garage Door Repair,(737) 241-0141,http://austingaragedoorrepair.pro/,Austin,"5452 Burnet Rd, Austin, TX 78756",5,5,Garage door supplier,risky,catch_all,mv-verified-houston-risky-2026-04-20,ChIJw8KY8ljKRIYRxpNdNjcv6To,1
info@bwpcpas.com,"Brunet,","Wolfe & Company, CPAs","Brunet, Wolfe & Company, CPAs",(281) 391-5220,http://www.bwpcpas.com/,Katy,"24610 Kingsland Blvd, Katy, TX 77494",5,5,Certified public accountant,risky,unknown,mv-verified-houston-risky-2026-04-20,ChIJd_LQqmolQYYRcOkbXajG_Uw,1
karen@carolwilsoncpa.com,CAROL,"M WILSON, CPA","CAROL M WILSON, CPA",(713) 300-8988,http://carolwilsoncpa.com/,Spring,"7109 Farm to Market 2920 #300, Spring, TX 77379",5,5,Accounting firm,risky,catch_all,mv-verified-houston-risky-2026-04-20,ChIJJY6HTuQyR4YRqkTt4SD8KAU,1
info@diversifiedelectricservice.com,Diversified,Electric,Diversified Electric,(512) 930-1154,http://diversifiedelectricservice.com/,Georgetown,"814 Shady Hollow Dr, Georgetown, TX 78628",5,5,Electrician,risky,catch_all,mv-verified-houston-risky-2026-04-20,ChIJPTgniyDWRIYRCK9K3F2qtXw,1
dixieisle@myyahoo.com,Dixie,Isle Pest Control,Dixie Isle Pest Control,(409) 682-1175,https://www.dixieisle.com/,,,5,5,Pest control service,risky,catch_all,mv-verified-houston-risky-2026-04-20,ChIJq1S6k3iGP4YRKT-lYRgaim8,1
estimating@firekingllc.com,Fire,"King, Llc","Fire King, Llc",(512) 425-0272,http://www.firekingllc.com/,Austin,"8906 Wall St #603, Austin, TX 78754",5,5,Fire protection service,risky,catch_all,mv-verified-houston-risky-2026-04-20,ChIJ9x6tZu3JRIYRIMaKEMSZZ9E,1
info@grovesplumbing.com,Groves,Plumbing,Groves Plumbing,(409) 962-5986,http://grovesplumbing.com/,,,4,5,Plumber,risky,unknown,mv-verified-houston-risky-2026-04-20,ChIJlxtSYMOvPoYR0tpjlZV3iIw,1
gonzales.henry17@yahoo.com,Henry's,Fence Company,Henry's Fence Company,(361) 232-3079,https://www.henrysfencecompanytx.com/,,,4.2,5,Fence contractor,risky,unknown,mv-verified-houston-risky-2026-04-20,ChIJ68s3RjpfaIYRflzd3_i12bA,1
info@ionservice.net,ION,Electrical Services,ION Electrical Services,(512) 608-8935,https://www.ionservice.net/,Hutto,"409 W Front St 100 213, Hutto, TX 78634",5,5,Electrician,risky,catch_all,mv-verified-houston-risky-2026-04-20,ChIJdX-F7qyMgaoRGmMtXzaNOEE,1
info@kbmroof.com,KBM,Roofing and Restoration,KBM Roofing and Restoration,(832) 956-1104,https://www.kbmroof.com/,Humble,"1920 Treble Dr suite d8, Humble, TX 77338",5,5,Roofing contractor,risky,catch_all,mv-verified-houston-risky-2026-04-20,ChIJu6geeXqzQIYRHDLCMkVIB74,1
drelariny@yahoo.com,Miracle,Dental Lab Inc,Miracle Dental Lab Inc,(281) 580-6988,https://www.miracledentallab.com/,Houston,"14611 Benfer Rd, Houston, TX 77069",4,5,Dental laboratory,risky,unknown,mv-verified-houston-risky-2026-04-20,ChIJlRzu_lPMQIYRzUJ3bJXJnAQ,1
info@ms-delivers.com,Morning,Star Delivery Inc.,Morning Star Delivery Inc.,(832) 894-4733,http://ms-delivers.com/,Houston,"1215 Bayou St, Houston, TX 77020",4.8,5,Courier service,risky,catch_all,mv-verified-houston-risky-2026-04-20,ChIJ1bhk7My-QIYRGnDwVUy44j8,1
admin@nixonandnixonlegacy.com,NIXON,& NIXON LEGACY,NIXON & NIXON LEGACY,(844) 649-6622,http://www.nixonnixonlegacyllc.com/,Spring,"22742 Cypresswood Dr #1016, Spring, TX 77373",5,5,Tax preparation service,risky,catch_all,mv-verified-houston-risky-2026-04-20,ChIJPzj6Jqe1QIYR6eFYGxzKHBQ,1
nationwide.treecare@yahoo.com,Nationwide,Tree Care,Nationwide Tree Care,(409) 237-4226,https://nationwidetreecare.wixsite.com/nationwidetreecare-1,Lumberton,"109 Cherry Dr, Lumberton, TX 77657",5,5,Tree service,risky,unknown,mv-verified-houston-risky-2026-04-20,ChIJiVgHTOS3PoYRYYdfUOtvXHI,1
info@proplumberbeverlyhills.com,Pro,Plumber Lewisville,Pro Plumber Lewisville,(972) 807-7606,https://proplumberbeverlyhills.com/,Lewisville,"140 E Main St, Lewisville, TX 75057",5,5,Plumber,risky,catch_all,mv-verified-houston-risky-2026-04-20,ChIJfeNz1hMuTIYRLEHX2fc-ceo,1
info@professorpipes.net,Professor,Pipes Plumbing & Backflow,Professor Pipes Plumbing & Backflow,(682) 907-4737,https://www.professorpipes.net/plumber-bedford-tx/,,,4.2,5,Plumber,risky,unknown,mv-verified-houston-risky-2026-04-20,ChIJVxdys-1XCGoRre1aC8z2f68,1
info@raizlandscapingco.com,Raiz,Landscaping Company,Raiz Landscaping Company,(956) 244-8898,https://www.raizlandscapingco.com/,Brownsville,"1504 Roosevelt St, Brownsville, TX 78521",5,5,Landscaper,risky,catch_all,mv-verified-houston-risky-2026-04-20,ChIJrySDX6qVb4YRg5A-IoC1_eo,2
randell@rmncpa.com,Randell,"M. Naquin, CPA PLLC","Randell M. Naquin, CPA PLLC",(713) 818-0807,http://wealthrmn.com/,Pearland,"2511 Foxglove Dr, Pearland, TX 77584",5,5,Certified public accountant,risky,catch_all,mv-verified-houston-risky-2026-04-20,ChIJt-kZwCKTQIYRZDl1gQ5xd6A,1
newbuds@roseandbudsplayschool.com,Rose,& Buds Playschool,Rose & Buds Playschool,(512) 572-0250,https://www.roseandbudsplayschool.com/,Austin,"2507 Walter St, Austin, TX 78702",5,5,Preschool,risky,catch_all,mv-verified-houston-risky-2026-04-20,ChIJHw1hE2W1RIYR7YebNA1IpqE,1
info@screenpsolutions.com,Screen,Printing Solutions,Screen Printing Solutions,(214) 688-0048,http://www.screenpsolutions.com/,Dallas,"8607 Ambassador Row # 190, Dallas, TX 75247",4,5,Screen printer,risky,catch_all,mv-verified-houston-risky-2026-04-20,ChIJ5R6bqQucToYRD2a3ShhqZhU,1
info@staffordempire.com,Stafford,"Empire Electric Co., Inc.","Stafford Empire Electric Co., Inc.",(281) 499-9790,http://www.staffordempire.com/,Stafford,"805 Dulles Ave Unit C, Stafford, TX 77477",4.2,5,Electrician,risky,catch_all,mv-verified-houston-risky-2026-04-20,ChIJfe2N5TfmQIYR_N8cKQ2xDMc,1
damian8399@sbcglobal.net,Beaumont,Plumbing LLC,Beaumont Plumbing LLC,(409) 454-5391,http://beaumontplumbingllc.com/,,,4,4,Plumber,risky,catch_all,mv-verified-houston-risky-2026-04-20,ChIJ01kaCqs0OYYRccXT3zEGcB4,1
reserve@championsboatrvstorage.com,Champions,Boat & RV Storage,Champions Boat & RV Storage,(832) 328-4262,https://championsboatrvstorage.com/,Houston,"16330 Hollister St, Houston, TX 77066",5,4,Boat storage facility,risky,catch_all,mv-verified-houston-risky-2026-04-20,ChIJF8oscDPMQIYRechoQy9Xr4I,1
info@dhelectricaltx.com,D&h,Electrical Company inc,D&h Electrical Company inc,(409) 833-3040,https://www.dhelectricaltx.com/,Beaumont,"635 Langham Rd, Beaumont, TX 77707",5,4,Electrician,risky,catch_all,mv-verified-houston-risky-2026-04-20,ChIJCX0hgr3MPoYRqpgQwlRu0BU,1
dm.drywall@yahoo.com,DM,DRYWALL LLC,DM DRYWALL LLC,(512) 897-2081,https://dm-drywall.com/,Austin,"12820 N Lamar Blvd Apartment number 612, Austin, TX 78753",5,4,Construction company,risky,unknown,mv-verified-houston-risky-2026-04-20,ChIJ2b_jCfVtFKgRUbBxsO2iXOc,1
pauldallaselect@aol.com,Dallas,Electric Co Inc,Dallas Electric Co Inc,(214) 339-9306,https://dallaselectricco.com/,Dallas,"510 N Ravinia Dr, Dallas, TX 75211",5,4,Electrician,risky,unknown,mv-verified-houston-risky-2026-04-20,ChIJPblDnFGaToYRo2f7nkhcdkw,1
antony.evans@electelectricalrepair.com,Elect,Electrical Repair,Elect Electrical Repair,(972) 427-3542,http://electelectricalrepair.com/,Irving,"100 W Shady Grove Rd, Irving, TX 75060",4,4,Electrician,risky,catch_all,mv-verified-houston-risky-2026-04-20,ChIJU8YFvBWDToYR_7CBO68qLXs,1
info@fivestarelectricalservicesllc.com,Five,"Star Electrical Services, LLC","Five Star Electrical Services, LLC",(214) 686-7765,https://fivestarelectricalservicesllc.com/contact-us,Forney,"105 Industrial Dr, Forney, TX 75126",5,4,Contractor,risky,catch_all,mv-verified-houston-risky-2026-04-20,ChIJq6p6zp6tToYRBdola9sZ75A,1
hdelectricllc@ymail.com,HD,"Electric LLC Leander, TX 78641","HD Electric LLC Leander, TX 78641",(512) 689-8755,http://www.hdelectricaustin.com/,Leander,"1309 Leander Dr STE 204, Leander, TX 78641",5,4,Electrician,risky,unknown,mv-verified-houston-risky-2026-04-20,ChIJd8Y1HWMtW4YR4rc0ssX9BEU,1
rick@haaselectric.com,Haas,Electric,Haas Electric,(512) 787-8982,http://haaselectric.com/,San Marcos,"603 Blanco St, San Marcos, TX 78666",4,4,Electrician,risky,catch_all,mv-verified-houston-risky-2026-04-20,ChIJ19VRjnqoXIYRrCFfRLw3L44,1
heightslandscaping@comcast.net,Houston,Heights Landscaping,Houston Heights Landscaping,(713) 865-2586,https://www.houstonheightslandscaping.com/,Houston,"1429 W 25th St, Houston, TX 77008",4,4,Landscaper,risky,unknown,mv-verified-houston-risky-2026-04-20,ChIJOUUiPlvHQIYRGKshmY4Pg9I,1
info@landecorllc.com,Landecor,,Landecor,(832) 539-6294,https://www.landecorllc.com/,Missouri City,"931 Pheasant Valley Dr Suite 200, Missouri City, TX 77489",5,4,Landscaper,risky,catch_all,mv-verified-houston-risky-2026-04-20,ChIJdaXa0QvpQIYRgHTbTShq8cY,1
info@morganweldingco.com,Morgan,Welding,Morgan Welding,(210) 651-3300,http://www.morganweldingco.com/,San Antonio,"18975 Marbach Ln Suite 225, San Antonio, TX 78266",5,4,Welder,risky,catch_all,mv-verified-houston-risky-2026-04-20,ChIJgamUWxmNXIYRAIb0noxPL14,1
info@pardueplumbing.com,Pardue,Plumbing of Greenville,Pardue Plumbing of Greenville,(469) 887-3042,https://pardueplumbing.com/locations/greenville-tx/,Greenville,"157 Bethel Rd #200, Greenville, TX 75402",5,4,Plumber,risky,catch_all,mv-verified-houston-risky-2026-04-20,ChIJ4SCOBD7pS4YRftKRsHd4tts,1
info@performancefire.net,Performance,Fire Equipment,Performance Fire Equipment,(214) 951-7995,http://www.performancefire.net/,Dallas,"2526 Manana Dr Suite #208, Dallas, TX 75220",5,4,Fire protection service,risky,catch_all,mv-verified-houston-risky-2026-04-20,ChIJgc1oUHucToYR2ptuhdBgxG8,1
info@tubingfittingsandvalves.com,SS,"Industrial Supplies, Inc.","SS Industrial Supplies, Inc.",(713) 858-2796,http://www.tubingfittingsandvalves.com/,Houston,"15255 Gulf Fwy Suite 121C, Houston, TX 77034",4.8,4,Industrial equipment supplier,risky,catch_all,mv-verified-houston-risky-2026-04-20,ChIJMyzkNyuaQIYRa_f9JO1Oy6k,1
info@straightedgetech.com,Straight,"Edge Technology, Inc.","Straight Edge Technology, Inc.",(210) 904-9177,https://straightedgetech.com/it-company-san-antonio-tx/?utm_source=google&utm_medium=profile-sanantonio,San Antonio,"17300 Henderson Pass # 200, San Antonio, TX 78232",5,4,Computer support and services,risky,catch_all,mv-verified-houston-risky-2026-04-20,ChIJW93Ug6CLXIYR-KUyBnF2UNY,1
info@tailift.com,Tailift,Material Handling USA Inc,Tailift Material Handling USA Inc,(281) 466-1000,https://www.tailift-usa.com/,Houston,"14710 John F Kennedy Blvd Suite 100, Houston, TX 77032",5,4,Manufacturer,risky,catch_all,mv-verified-houston-risky-2026-04-20,ChIJ99nOYrPK3IARpIczGJCPeOA,1
sales@tamesielectrician.com,Tamesi,Electrician,Tamesi Electrician,(281) 725-8065,https://tamesielectrician.com/,Brookshire,"32503 Teal St, Brookshire, TX 77423",4,4,Electrician,risky,catch_all,mv-verified-houston-risky-2026-04-20,ChIJnYViTCUxQYYRRSnzKGZ6yjI,1
brandyn@tru-texplumbing.com,Tru-Tex,"Plumbing, LLC","Tru-Tex Plumbing, LLC",(430) 207-1490,http://tru-texplumbing.com/,Kaufman,"1800 Rand Rd, Kaufman, TX 75142",5,4,Plumber,risky,catch_all,mv-verified-houston-risky-2026-04-20,ChIJc1fVxDtJSYYRmhHrnWrNGgQ,1
info@abcoacandappliance.com,Abco,Air Conditioning & AC Service in Sugar Land TX,Abco Air Conditioning & AC Service in Sugar Land TX,(281) 408-2826,https://abcoacandappliance.com/,,,3.7,3,HVAC contractor,risky,catch_all,mv-verified-houston-risky-2026-04-20,ChIJS2GyGpzlQIYR13hbiJfW8ok,1
info@aieincorporated.com,Amarillo,Industrial Electric,Amarillo Industrial Electric,(806) 353-6646,https://www.aieincorporated.com/,Amarillo,"2829 Mays Ave, Amarillo, TX 79109",5,3,Electric motor repair shop,risky,unknown,mv-verified-houston-risky-2026-04-20,ChIJzzH2XexPAYcRpetGT4vnr2k,1
info@bellhagens.com,Bell,Hagens Lawyers,Bell Hagens Lawyers,(713) 489-1211,https://bellhagens.com/,Brenham,"114 E Alamo St Suite 36, Brenham, TX 77833",5,3,Law firm,risky,unknown,mv-verified-houston-risky-2026-04-20,ChIJC-gYRXipRoYRZ9Sk7OGNLs8,1
hey@thepartygoddessdfw.com,Blush,and Bash,Blush and Bash,,http://blushandbashco.com/,Fort Worth,"1612 Park Pl Ave, Fort Worth, TX 76110",5,3,Event planner,risky,unknown,mv-verified-houston-risky-2026-04-20,ChIJW1JjuvtxToYRR517jZuFAUk,1
cfselptx@swbell.net,Century,Fire Systems LLC,Century Fire Systems LLC,(915) 584-0523,http://www.centuryfiretx.com/,El Paso,"490 Eagle Dr, El Paso, TX 79912",3.7,3,Fire protection equipment supplier,risky,catch_all,mv-verified-houston-risky-2026-04-20,ChIJgRZMNeNX54YR-eszd7WpUOw,1
admin@dcedancestudio.com,DCE,Christian Dance Studio,DCE Christian Dance Studio,(817) 881-4907,https://www.dcedancestudio.com/,Fort Worth,"1600 Glasgow Rd, Fort Worth, TX 76134",4.7,3,Dance school,risky,catch_all,mv-verified-houston-risky-2026-04-20,ChIJ711R4zhlToYR-x3YAjPYX44,1
bids@daveyplumbing.com,Davey,Plumbing Co,Davey Plumbing Co,(512) 312-2011,https://www.daveyplumbing.com/,Buda,"511 S Loop 4, Buda, TX 78610",3.7,3,Plumber,risky,catch_all,mv-verified-houston-risky-2026-04-20,ChIJ38qPU09SW4YR7XfkcXUa6fo,1
info@diamondsolarusa.com,Diamond,Solar USA,Diamond Solar USA,(214) 214-5496,https://www.diamondsolarusa.com/,Dallas,"9550 Forest Ln BUILDING 4 SUITE 456, Dallas, TX 75243",5,3,Solar energy company,risky,unknown,mv-verified-houston-risky-2026-04-20,ChIJSa5ceLgfTIYRsA3WXHNe1Fo,1
info@dougs-plumbing.com,Doug's,Plumbing Co Inc,Doug's Plumbing Co Inc,(972) 291-1407,http://www.dougs-plumbing.com/,Cedar Hill,"1159 Bear Creek Rd, Cedar Hill, TX 75104",5,3,Plumber,risky,catch_all,mv-verified-houston-risky-2026-04-20,ChIJ_-P2sWKNToYRJBsgaW294wk,1
info@electrical.com,Electrical.com,,Electrical.com,(877) 999-7077,https://www.electrical.com/,Forney,"1111 Widespread Wy, Forney, TX 75126",3,3,Electrical supply store,risky,catch_all,mv-verified-houston-risky-2026-04-20,ChIJQyjmGCRTSYYRunW6T-xsQ2k,1
assessment@farmersbranchelectricians.com,Farmers,Branch Electricians,Farmers Branch Electricians,(469) 669-3269,http://farmersbranchelectricians.com/,Carrollton,"1421 Champion Dr, Carrollton, TX 75006",5,3,Electrician,risky,catch_all,mv-verified-houston-risky-2026-04-20,ChIJx6Bj2WYnTIYRkns5FmAehbk,1
holbenplumbing@att.net,Holbens,Plumbing Co,Holbens Plumbing Co,(936) 668-9308,http://www.holbensplumbingtx.com/,Huntsville,"49 Rigby Ln, Huntsville, TX 77320",5,3,Plumber,risky,catch_all,mv-verified-houston-risky-2026-04-20,ChIJbfRvk4sBR4YRqt5tD4SgluM,1
info@drywalldallastx.com,Jay's,Drywall LLC,Jay's Drywall LLC,,https://drywalldallastx.com/,Dallas,"742 Ezekial Ave, Dallas, TX 75217",5,3,Dry wall contractor,risky,catch_all,mv-verified-houston-risky-2026-04-20,ChIJZ3qAlDajToYRirZ4_yTkIxQ,1
info@lascolinaselectric.com,Las,Colinas Electric,Las Colinas Electric,(972) 905-6760,http://lascolinaselectric.com/,Irving,"1301 Mesquite Bend Dr, Irving, TX 75063",3.7,3,Electrician,risky,catch_all,mv-verified-houston-risky-2026-04-20,ChIJG7X-sKopTIYRTN8wNz9dnZc,1
patti@jamespi.com,Patti,James Investigations,Patti James Investigations,(713) 827-8542,https://jamespi.com/,Houston,"7941 Katy Fwy APT 407, Houston, TX 77024",5,3,Private investigator,risky,unknown,mv-verified-houston-risky-2026-04-20,ChIJWS-W8ArRQIYRc-zw16g7kIo,1
info@painterrichmond-tx.com,Perfect,Painting PTG LLC,Perfect Painting PTG LLC,(346) 358-7306,https://painterrichmond-tx.com/,,,5,3,Painter,risky,catch_all,mv-verified-houston-risky-2026-04-20,ChIJZ6UhhVjjQIYRKh4aF_-9x38,1
info@royalelectricabilene.com,Royal,Electric Co Inc,Royal Electric Co Inc,+1 325-673-6322,http://royalelectricabilene.com/,Abilene,"334 E South 11th St, Abilene, TX 79602, United States",5,3,Electrician,risky,catch_all,mv-verified-houston-risky-2026-04-20,ChIJZa56hf6RVoYRLS_FLzqj1DM,1
info@texasfencequeen.com,Texas,Fence Queen,Texas Fence Queen,(361) 760-1110,https://www.texasfencequeen.com/,Corpus Christi,"2429 Hygeia, Corpus Christi, TX 78415",5,3,Fence contractor,risky,unknown,mv-verified-houston-risky-2026-04-20,ChIJ9VQQD8dfaIYRSQBl7mCaC8o,1
info@sugarlandtxpestcontrol.com,The,Sugar Land Pest Control Squad,The Sugar Land Pest Control Squad,(281) 892-8394,https://sugarlandtxpestcontrol.com/,,,5,3,Pest control service,risky,catch_all,mv-verified-houston-risky-2026-04-20,ChIJB8L9WVtxxIER63vpuevaaSQ,1
info@haglundlaw.com,Wayne,D Haglund Law Office PC,Wayne D Haglund Law Office PC,(936) 639-0007,https://www.haglundlaw.com/about,Lufkin,"107 W Kerr Ave, Lufkin, TX 75904",5,3,Attorney,risky,catch_all,mv-verified-houston-risky-2026-04-20,ChIJCyDiOd8XOIYRdAMhobFYKHQ,1
info@76fence.com,76,Fence North Houston,76 Fence North Houston,(713) 331-9385,https://76fence.com/the-woodlands,Spring,"1401 Lake Plaza Dr Ste. 200, Spring, TX 77389",5,2,Fence contractor,risky,catch_all,mv-verified-houston-risky-2026-04-20,ChIJE7J6Fg81R4YRlOyja7tAiLE,1
anaturalwomanstouch@yahoo.com,A,Natural Woman's Touch Cleaning,A Natural Woman's Touch Cleaning,(832) 343-2502,https://www.anaturalwomanstouch.org/Company-1,Missouri City,"2440 Texas Pkwy #340H, Missouri City, TX 77489",5,2,House cleaning service,risky,unknown,mv-verified-houston-risky-2026-04-20,ChIJ__8D4P3rQIYRe1ceOS-qZM0,1
info@amtowingservicellc.com,AM,Towing Service LLC,AM Towing Service LLC,(347) 726-0929,https://amtowingservicellc.com/,Katy,"2425 Katy Flewellen Rd, Katy, TX 77494",5,2,Towing service,risky,catch_all,mv-verified-houston-risky-2026-04-20,ChIJ--psYN8jQYYRBgysV_Rispg,1
info@atxbookkeeper.com,ATX,Bookkeeper,ATX Bookkeeper,(512) 387-8477,https://atxbookkeeper.com/,Austin,"7600 Chevy Chase Dr, Austin, TX 78752",5,2,Bookkeeping service,risky,catch_all,mv-verified-houston-risky-2026-04-20,ChIJjQj9YTvLRIYRJKiGsTqV5nM,1
info@atlastechnologies.biz,Atlas,"Technologies, Inc.","Atlas Technologies, Inc.",(956) 240-1821,http://www.atlastechnologies.biz/,McAllen,"6112 N 10th St Ste. 2D, McAllen, TX 78504",5,2,Electrician,risky,catch_all,mv-verified-houston-risky-2026-04-20,ChIJncpd5K2mZYYRa_8fGzRB6gw,1
info@bluefireservice.com,Blue,Fire Service,Blue Fire Service,(817) 600-0022,https://bluefireservice.com/,Fort Worth,"2936 Milby Oaks Dr, Fort Worth, TX 76244",5,2,Fire protection service,risky,catch_all,mv-verified-houston-risky-2026-04-20,ChIJReD9F-DZTYYR9Om_X4hnPLU,1
info@cherryblossomelectrician.com,Cherry,Blossom Electrician,Cherry Blossom Electrician,(972) 478-1062,http://cherryblossomelectrician.com/,Grand Prairie,"405 Sunridge Way, Grand Prairie, TX 75052",5,2,Electrician,risky,catch_all,mv-verified-houston-risky-2026-04-20,ChIJOwYlqKWFToYRe3Sqm9XwRHs,1
info@cookparker.net,Cook,Parker,Cook Parker,(409) 899-1040,http://www.cookparker.net/,Beaumont,"3560 Delaware St STE 202, Beaumont, TX 77706",5,2,Tax preparation service,risky,catch_all,mv-verified-houston-risky-2026-04-20,ChIJxXjChLo0OYYRkwF6Ro_Kv2c,1
info@donaldgeeosplumbing.com,Donald,Geeo's Plumbing - Plumber | Water Heater Repair Service,Donald Geeo's Plumbing - Plumber | Water Heater Repair Service,(817) 939-1642,https://donaldgeeosplumbing.com/,,,5,2,Plumber,risky,catch_all,mv-verified-houston-risky-2026-04-20,ChIJPQY5CRmBYCgRQdwNAtHdZOY,1
hector@e-plumbinganddrainservices.com,E-Plumbing,And Drain Services LLC,E-Plumbing And Drain Services LLC,(713) 505-8112,https://e-plumbinganddrainservices.com/,,,5,2,Plumber,risky,catch_all,mv-verified-houston-risky-2026-04-20,ChIJUX11J33MfkcR84znzKAWa6g,1
info@elpasoconcrete.co,El,Paso Concrete Masters,El Paso Concrete Masters,(915) 268-1077,https://www.elpasoconcrete.co/,El Paso,"3313 Killarney St, El Paso, TX 79925",5,2,Concrete contractor,risky,unknown,mv-verified-houston-risky-2026-04-20,ChIJE_z9cAFb54YR7XSjWGDXaqI,1
stauffer@freefalllicensedelectrician.com,Freefall,Licensed Electrician,Freefall Licensed Electrician,(469) 359-7759,http://freefalllicensedelectrician.com/,Irving,"3319 W Rochelle Rd, Irving, TX 75062",5,2,Electrician,risky,catch_all,mv-verified-houston-risky-2026-04-20,ChIJWYbxwSeDToYRtOu9cX0Htp0,1
josegalleg1341@yahoo.com,Gallegos,Electric,Gallegos Electric,(832) 379-8329,https://gallegos-electric.ueniweb.com/,Spring,"19226 Whitewood Dr, Spring, TX 77373",5,2,Electrician,risky,unknown,mv-verified-houston-risky-2026-04-20,ChIJ6UQ9V_LJQIYRjQof7fZllYU,1
info@gardenmontessorischools.com,Garden,Montessori Schools - Heights,Garden Montessori Schools - Heights,(832) 409-6697,https://www.gardenmontessorischools.com/locations/heights?utm_source=google&utm_medium=gbp&utm_campaign=heights,Houston,"1505 W 25th St, Houston, TX 77008",5,2,Preschool,risky,catch_all,mv-verified-houston-risky-2026-04-20,ChIJcWKmx_THQIYRW4USRfjPpo0,1
info@security1122.com,General,Security Task Force Texas | Best Security Guard Company Houston Texas,General Security Task Force Texas | Best Security Guard Company Houston Texas,(307) 800-1122,https://security1122.com/,Houston,"16740 Hedgecroft Dr, Houston, TX 77060",5,2,Security guard service,risky,catch_all,mv-verified-houston-risky-2026-04-20,ChIJxzJ9KtLdQIYRA7DuSWlJ6As,1
info@hisdfw.com,Home,Inspection Solutions,Home Inspection Solutions,(214) 448-9572,https://hisdfw.com/,Dallas,"10830 N Central Expy #170, Dallas, TX 75231",5,2,Home inspector,risky,catch_all,mv-verified-houston-risky-2026-04-20,ChIJi-MX-lshTIYR3izLwHz_48c,1
contact@itclark.com,IT,CLARK - Austin IT Managed Services,IT CLARK - Austin IT Managed Services,(800) 791-0802,https://www.itclark.com/,Austin,"4413 Spicewood Springs Rd Ste 224, Austin, TX 78759",4,2,Computer support and services,risky,catch_all,mv-verified-houston-risky-2026-04-20,ChIJcQvzykTFRIYR7oKGnd4_BlA,1
info@jnjpallet.com,J&J,Pallets Company,J&J Pallets Company,(832) 299-5102,http://jnjpallet.com/,Houston,"6030 Brittmoore Rd SUITE C, Houston, TX 77041",5,2,Pallet supplier,risky,catch_all,mv-verified-houston-risky-2026-04-20,ChIJSTHBozLHQIYRt3-aZslb-Tw,1
jsbinc5842@aol.com,JRL,Landscape Services,JRL Landscape Services,(832) 844-3922,https://www.jsblandscape.com/,Missouri City,"2465 FM 1092 Rd, Missouri City, TX 77459",5,2,Landscaper,risky,unknown,mv-verified-houston-risky-2026-04-20,ChIJX56rUgDmQIYRTbnDrix7ujY,1
info@mathgeeksandsciencefreaks.com,Math,Geeks & Science Freaks Tutoring,Math Geeks & Science Freaks Tutoring,(832) 736-2784,http://www.mathgeeksandsciencefreaks.com/,Houston,"5090 Richmond Ave #414, Houston, TX 77056",5,2,Tutoring service,risky,catch_all,mv-verified-houston-risky-2026-04-20,ChIJoxaSU3DBQIYR93wf_y3mEps,1
info@midtechpower.com,Mid,Tech Power & Control,Mid Tech Power & Control,(972) 723-9130,http://midtechpower.com/,Midlothian,"620 Eastgate Rd, Midlothian, TX 76065",5,2,Electrician,risky,unknown,mv-verified-houston-risky-2026-04-20,ChIJz5_14FnyToYRxblmb1u-nWc,1
services@nurtureelectricalrepair.com,Nurture,Electrical Repair,Nurture Electrical Repair,(972) 346-0045,http://nurtureelectricalrepair.com/,Grand Prairie,"1911 TX-180, Grand Prairie, TX 75050",5,2,Electrician,risky,catch_all,mv-verified-houston-risky-2026-04-20,ChIJz9tU5t2FToYREGXSvIUp6aQ,1
info@onthemarkfinancial.com,On,The Mark Financial Services,On The Mark Financial Services,(281) 535-1040,http://www.onthemarkfinancial.com/,League City,"2917 Auburn Creek Ln, League City, TX 77573",5,2,Tax preparation,risky,catch_all,mv-verified-houston-risky-2026-04-20,ChIJt_5Q2fJiP4YRP03ogbvUAlo,1
farringtonchiro@yahoo.com,Optimum,Wellness & Rehab Center,Optimum Wellness & Rehab Center,(281) 969-7741,https://www.optimumwellnesschiro.com/,Missouri City,"2200 FM 1092 Rd, Missouri City, TX 77459",5,2,Chiropractor,risky,unknown,mv-verified-houston-risky-2026-04-20,ChIJUUFzUgLmQIYR6JO9SfiXEgI,1
ginawilson@peakelectricalllc.com,Peak,Electrical,Peak Electrical,(409) 729-2226,https://www.peakelectricalengineering.com/,Port Neches,"1618 Port Neches Ave, Port Neches, TX 77651",5,2,Electrical engineer,risky,unknown,mv-verified-houston-risky-2026-04-20,ChIJ_Zoavm6xPoYReYwiRP3g4x8,1
info@richservicestx.com,Rich,"Construction & Service, LP Rich Services","Rich Construction & Service, LP Rich Services",(254) 831-3046,http://www.richservicestx.com/,Killeen,"1106 Elyse Dr, Killeen, TX 76549",5,2,Electrician,risky,catch_all,mv-verified-houston-risky-2026-04-20,ChIJs6-qrbpLRYYRH8KBxBaMtVQ,1
info@slheatandair.com,S,& L Heating and Air,S & L Heating and Air,(979) 551-5927,https://slheatandair.com/,Brenham,"309 N Market St #1104, Brenham, TX 77834",5,2,HVAC contractor,risky,catch_all,mv-verified-houston-risky-2026-04-20,ChIJm3VDecVquwsRLIy1iOplvuk,1
info@shindlerlawfirm.com,Shindler,Law Firm,Shindler Law Firm,(979) 245-4666,http://shindlerlawfirm.com/,Bay City,"2232 Avenue G, Bay City, TX 77414",5,2,Attorney,risky,catch_all,mv-verified-houston-risky-2026-04-20,ChIJVc4p6Di5QYYRU8osUs4JWx0,1
office@smartscaping.co,Smartscaping,,Smartscaping,(832) 513-3800,http://www.smartscaping.co/,,"Houston, TX 77226",5,2,Landscaper,risky,catch_all,mv-verified-houston-risky-2026-04-20,ChIJdTfITK25QIYR66B9ks19pLo,1
info@pestcontrolodessa.com,The,Odessa Pest Control guys,The Odessa Pest Control guys,(432) 241-8662,https://pestcontrolodessa.com/,,,5,2,Pest control service,risky,catch_all,mv-verified-houston-risky-2026-04-20,ChIJJY8RJ2aPoI4RULQZjlL_6wU,1
jgarcia@eptridentfire.com,Trident,Fire Protection,Trident Fire Protection,(915) 549-2980,https://eptridentfire.com/,El Paso,"5457 Krag St, El Paso, TX 79938",5,2,Fire protection service,risky,unknown,mv-verified-houston-risky-2026-04-20,ChIJgVvQ0Q5J54YRYWg9rclxWDc,1
info@vscfire.com,VSC,"Fire & Security, Inc.","VSC Fire & Security, Inc.",(915) 400-9368,https://vscfire.com/?utm_medium=organic&utm_source=gbp_elpaso_tx,El Paso,"1345 Geronimo Dr, El Paso, TX 79925",5,2,Fire protection service,risky,unknown,mv-verified-houston-risky-2026-04-20,ChIJZWJn2A1Z54YRAvXu_0DcenM,1
info@ecowashexpresscleaning.com,ecowash,express cleaning,ecowash express cleaning,(817) 784-7338,https://ecowashexpresscleaning.com/,Fort Worth,"1150 South Fwy suite 104, Fort Worth, TX 76104",5,2,Pressure washing service,risky,catch_all,mv-verified-houston-risky-2026-04-20,ChIJ5T_bqZFxToYR4ONIOLaQUeA,1
accynmar@yahoo.com,A,C Cyn-Mar Pool Plastering & Pool Remodeling Company,A C Cyn-Mar Pool Plastering & Pool Remodeling Company,(915) 855-6065,https://accynmarpool.com/,El Paso,"14250 H Derringer Rd, El Paso, TX 79938",5,1,Swimming pool contractor,risky,unknown,mv-verified-houston-risky-2026-04-20,ChIJO2tLAERI54YR0BYBudJuL7E,1
info@aaronconcrete.com,Aaron,Concrete Contractors,Aaron Concrete Contractors,(512) 926-7326,http://aaronconcrete.com/,Austin,"4108 Nixon Ln, Austin, TX 78725",5,1,Concrete contractor,risky,catch_all,mv-verified-houston-risky-2026-04-20,ChIJQ9xA0Le3RIYRWszuTOm1p9M,1
info@cwindust.com,C&W,Industrial,C&W Industrial,(903) 255-0565,https://www.cwindust.com/contact,Texarkana,"3636 New Boston Rd, Texarkana, TX 75501",5,1,Contractor,risky,catch_all,mv-verified-houston-risky-2026-04-20,ChIJq6rqdZRBNIYR-_Ox8FVJJNQ,1
current.electric01@yahoo.com,Current,Electric,Current Electric,(432) 853-4426,https://currentelectricx.com/,Midland,"1409 E County Rd 145, Midland, TX 79706",5,1,Electrician,risky,unknown,mv-verified-houston-risky-2026-04-20,ChIJ0fbYcox9-YYRhW4ssk6wTUA,1
info@dhelectricalsvcs.com,DH,Electrical Services LLC,DH Electrical Services LLC,(915) 474-2002,https://dhelectricalsvcs.com/?utm_source=gmb&utm_medium=organic&utm_campaign=elpaso,El Paso,"3624 Gtwy Blvd E Suite B, El Paso, TX 79905",5,1,Electrical installation service,risky,catch_all,mv-verified-houston-risky-2026-04-20,ChIJ6ekGbG9Z54YRvYc_dD4-1nQ,1
gpoleary@sbcglobal.net,EL,PASO JUNK AND TRASH REMOVAL,EL PASO JUNK AND TRASH REMOVAL,(915) 600-2820,http://www.elpasojunktrashremoval.com/,El Paso,"11721 Pueblo Fuerte Ct, El Paso, TX 79936",5,1,Waste management service,risky,catch_all,mv-verified-houston-risky-2026-04-20,ChIJVVVVVaVF54YR0fxT7RMs3T0,1
info@georgeadamsinsurance.com,George,Adams & Co Insurance,George Adams & Co Insurance,(281) 499-7199,https://georgeadamsinsurance.com/,Missouri City,"4501 Cartwright Rd STE 402, Missouri City, TX 77459",5,1,Insurance agency,risky,catch_all,mv-verified-houston-risky-2026-04-20,ChIJMygbjwnmQIYRivjTN3vhT20,1
info@greenmarine.com,Green,Marine & Industrial Equipment Co,Green Marine & Industrial Equipment Co,(800) 483-5012,https://greenmarine.com/,Houston,"340 Garden Oaks Blvd, Houston, TX 77018",1,1,Marine supply store,risky,catch_all,mv-verified-houston-risky-2026-04-20,ChIJoTwOWwW-QIYRsBgwKvmhc3Q,1
inquire@heartlicensedelectrician.com,Heart,Licensed Electrician,Heart Licensed Electrician,(972) 812-2162,http://heartlicensedelectrician.com/,Grand Prairie,"115 TX-180, Grand Prairie, TX 75050",5,1,Electrician,risky,catch_all,mv-verified-houston-risky-2026-04-20,ChIJoWbU03aFToYR__S16vsbRwM,1
info@infinityta.com,Infinity,Tax & Financial Services,Infinity Tax & Financial Services,(281) 796-1143,https://www.infinityta.com/?utm_source=gbp&utm_medium=click,League City,"4905 Dickens Lndg Dr, League City, TX 77573",5,1,Tax attorney,risky,unknown,mv-verified-houston-risky-2026-04-20,ChIJP4xkDCuZQIYRvIgtRR3qitE,1
dm-nantong@300.cn,JEL,Electric,JEL Electric,(903) 748-5805,http://www.jelelectric.com/,,,5,1,Electrician,risky,catch_all,mv-verified-houston-risky-2026-04-20,ChIJPRdFXPRpNIYR-T2SIKUEGBo,1
darrell@linemanelectric.com,Lineman,Electric Services,Lineman Electric Services,(281) 705-6868,http://linemanelectric.com/,,,5,1,Electrician,risky,catch_all,mv-verified-houston-risky-2026-04-20,ChIJ6358eCobQYYRVxie2s8noM4,1
enrique_mares@aol.com,Mares,Electric LLC,Mares Electric LLC,(214) 475-4073,http://www.mareselectric.com/,Grand Prairie,"2118 Quail Hollow Dr, Grand Prairie, TX 75051",5,1,Electrician,risky,unknown,mv-verified-houston-risky-2026-04-20,ChIJAdz2edyFToYRkfrFBbdrs0Y,1
michelle@michellegrahamcpa.com,Michelle,Graham CPA LLC,Michelle Graham CPA LLC,(832) 690-6235,https://www.michellegrahamcpa.com/?utm_source=google&utm_medium=google_business_profile&utm_campaign=website_click,Missouri City,"25 Big Tr, Missouri City, TX 77459",5,1,Certified public accountant,risky,catch_all,mv-verified-houston-risky-2026-04-20,ChIJdcJrkqzvQIYRw9AYQJ9plj0,1
estimation@north-richland-hills-electrician.com,North,Richland Hills Electrician,North Richland Hills Electrician,(817) 697-4555,http://north-richland-hills-electrician.com/,North Richland Hills,"5244 Rufe Snow Dr, North Richland Hills, TX 76180",5,1,Electrician,risky,catch_all,mv-verified-houston-risky-2026-04-20,ChIJ43yV8RV5ToYRdZdQRIpI40I,1
info@thepestbros.com,Pest,Bros,Pest Bros,(281) 206-4670,https://www.thepestbros.com/get-a-quote/,Webster,"455 E Medical Center Blvd, Webster, TX 77598",5,1,Pest control service,risky,catch_all,mv-verified-houston-risky-2026-04-20,ChIJL_evk_ScQIYRkcELHvKPh9w,1
hung.w@principalelectricalservices.com,Principal,Electrical Services,Principal Electrical Services,(469) 898-6946,http://principalelectricalservices.com/,Irving,"1784 W Irving Blvd, Irving, TX 75061",5,1,Electrician,risky,catch_all,mv-verified-houston-risky-2026-04-20,ChIJTWZVGAqDToYRXS4hBovbivY,1
info@robertdeejrcpa.com,Robert,"Dee Jr., CPA","Robert Dee Jr., CPA",(409) 938-4000,http://www.robertdeejrcpa.com/,Tiki Island,"101 Tiki Dr Ste 201, Tiki Island, TX 77554",5,1,Certified public accountant,risky,catch_all,mv-verified-houston-risky-2026-04-20,ChIJSY8DeciCP4YRueB0KKSLQLo,1
info@sachseplumbing.com,Sachse,Plumbing,Sachse Plumbing,(972) 495-6666,http://www.sachseplumbing.com/,,,5,1,Plumber,risky,catch_all,mv-verified-houston-risky-2026-04-20,ChIJA86XsCJyjWURtYDsGe9_HDc,1
info@myserendipitytravel.com,Serendipity,Travel Agency,Serendipity Travel Agency,(210) 570-4237,http://www.myserendipitytravel.com/,San Antonio,"11939 Cedar Grey, San Antonio, TX 78249",5,1,Travel agency,risky,catch_all,mv-verified-houston-risky-2026-04-20,ChIJTcx53htnXIYR8iGxIi7uoBI,1
tsp17@yahoo.com,Texas,"Southern Plumbing, LLC","Texas Southern Plumbing, LLC",(409) 216-0427,https://www.texassouthernplumbing.com/,Bridge City,"2910 Texas Ave, Bridge City, TX 77611",5,1,Plumber,risky,unknown,mv-verified-houston-risky-2026-04-20,ChIJsQePYM2rPoYRv70dab7V_w0,1
info@oystermarytierra.com,The,Oyster - Mar y Tierra,The Oyster - Mar y Tierra,(832) 445-5873,https://oystermarytierra.com/,Livingston,"930 US-59 Loop N, Livingston, TX 77351",5,1,Tex-Mex restaurant,risky,unknown,mv-verified-houston-risky-2026-04-20,ChIJeWFLJ0SHOIYR7s028OhfcgU,1
info@trophiesllc.com,Trophies,LLC,Trophies LLC,(214) 377-8187,https://www.trophiesllc.com/,Dallas,"1350 Manufacturing St Suite 222, Dallas, TX 75207",5,1,Trophy shop,risky,catch_all,mv-verified-houston-risky-2026-04-20,ChIJS24Q-K2ZToYR5q3rmApNrEM,1
whitescontractors@yahoo.com,White's,General Contractors,White's General Contractors,(469) 567-3346,https://whitesgeneralcontractors.com/,Dallas,"4528 Corregidor St, Dallas, TX 75216",5,1,Home builder,risky,unknown,mv-verified-houston-risky-2026-04-20,ChIJ-4xv-WS9ToYR2w9OP1dvBb0,1
info@yourlegacylegalcare.com,Your,Legacy Legal Care®,Your Legacy Legal Care®,(936) 247-0419,https://www.yourlegacylegalcare.com/,Bay City,"2232 Avenue G, Bay City, TX 77414",5,1,Estate planning attorney,risky,catch_all,mv-verified-houston-risky-2026-04-20,ChIJC5sYgEe5QYYRAT215dR5GN8,1
tony@terratx.com,Austin,Concrete Co,Austin Concrete Co,(512) 789-1741,http://austintexasconcreteco.com/,Austin,"2311 Thornton Rd Unit H, Austin, TX 78704",,,Concrete contractor,risky,unknown,mv-verified-houston-risky-2026-04-20,ChIJrQv6iI-1RIYRW6EhBXoT_Q0,1
info@accountantpartners.com,Bookkeeper,San Antonio,Bookkeeper San Antonio,(210) 791-7771,https://accountantpartners.com/,San Antonio,"9800 Lorene, San Antonio, TX 78216",,,Bookkeeping service,risky,catch_all,mv-verified-houston-risky-2026-04-20,ChIJuTm5He1hXIYRgxRcRzkFP0U,4
info@buckridgeroofing.com,Buck,Ridge Roofing and Construction,Buck Ridge Roofing and Construction,(281) 786-4234,https://buckridgeroofing.com/,Deer Park,"902 Center St suite B, Deer Park, TX 77536",,,Roofing contractor,risky,catch_all,mv-verified-houston-risky-2026-04-20,ChIJ62B-KBmhQIYRl46ydafpdi4,1
info@carrolltonelectrical.com,Carrollton,Electrical,Carrollton Electrical,(972) 445-7143,http://carrolltonelectrical.com/,Carrollton,"109 Lacy Ln, Carrollton, TX 75006",,,Electrical repair shop,risky,catch_all,mv-verified-houston-risky-2026-04-20,ChIJt7Z8OQApTIYRQYdCW6j-5k0,1
nic@desertrock.co,Desert,Rock Landscaping,Desert Rock Landscaping,(432) 312-5800,https://www.desertrock.com/contact-us,Odessa,"13914 W Hwy 80 E, Odessa, TX 78765",,,Landscaper,risky,catch_all,mv-verified-houston-risky-2026-04-20,ChIJ___TzszP-4YR6cVA-WaM-rk,1
info@drewgreenlandscapes.com,DrewGreen,Landscaping,DrewGreen Landscaping,(832) 835-6692,http://www.drewgreenlandscapes.com/,Galveston,"1908 Church St unit #1, Galveston, TX 77550",,,Landscaper,risky,catch_all,mv-verified-houston-risky-2026-04-20,ChIJFVrKEs2fP4YRVoUuQ4oXK-Y,1
info@elpasoconcretedrivewaycontractors.com,El,Paso Concrete Driveway Contractors,El Paso Concrete Driveway Contractors,(915) 465-3549,http://elpasoconcretedrivewaycontractors.com/,El Paso,"213 S El Paso St, El Paso, TX 79901",,,Concrete contractor,risky,unknown,mv-verified-houston-risky-2026-04-20,ChIJVVUVVEi5D4gRpMMlto3-qmc,1
rmarkey@greencoutureco.com,Green,Couture Co Landscape,Green Couture Co Landscape,(832) 526-6345,https://www.greencoutureco.com/contact-1/,Galveston,"527 21st St #313, Galveston, TX 77550",,,Landscaper,risky,unknown,mv-verified-houston-risky-2026-04-20,ChIJAQAMPmqeP4YRcpamCY512CM,1
info@hlb-cpa.com,"Ham,","Langston & Brezina, LLP","Ham, Langston & Brezina, LLP",(409) 765-9311,https://www.hlb-cpa.com/,Galveston,"2200 Market St #400, Galveston, TX 77550",,,Accounting firm,risky,catch_all,mv-verified-houston-risky-2026-04-20,ChIJAYddp2ueP4YRuV2xrhPoino,1
ingram-electric@sbcglobal.net,Ingram,Electric Company,Ingram Electric Company,(972) 606-2560,https://www.ingramelectricco.com/,Grand Prairie,"2309 Sunnyvale Rd, Grand Prairie, TX 75050",,,Electrician,risky,catch_all,mv-verified-houston-risky-2026-04-20,ChIJAQDQjcWGToYRghkZrRO_bEE,1
emergency@intuitive24hourelectrician.com,Intuitive,24 Hour Electrician,Intuitive 24 Hour Electrician,(817) 482-6792,http://intuitive24hourelectrician.com/,North Richland Hills,"3910 Rufe Snow Dr, North Richland Hills, TX 76180",,,Electrical repair shop,risky,catch_all,mv-verified-houston-risky-2026-04-20,ChIJgXEFMwB5ToYRbyTfF0weejY,1
info@electricianrosharontx.com,MP,Electrical Contractors,MP Electrical Contractors,(832) 399-6134,https://electricianrosharontx.com/,Rosharon,"8003 Carillon Way, Rosharon, TX 77583",,,Electrician,risky,catch_all,mv-verified-houston-risky-2026-04-20,ChIJf0BOGwnzQIYRWlwMx66P9-s,1
info@marinocpafirm.com,Marino,CPA Firm,Marino CPA Firm,(409) 898-8777,http://www.marinocpafirm.com/,Beaumont,"2396 Eastex Fwy, Beaumont, TX 77703",,,Accountant,risky,catch_all,mv-verified-houston-risky-2026-04-20,ChIJkTDR1LA0OYYRRjMl4jJWsQk,1
admin@mathisoncpa.com,Mathison,CPA Houston,Mathison CPA Houston,(832) 660-3496,http://mathisoncpa.com/,Cypress,"11803 Grant Rd # 212, Cypress, TX 77429",,,Accountant,risky,unknown,mv-verified-houston-risky-2026-04-20,ChIJ2anj2iPSQIYRsm_rVnqU8Cg,1
info@mccartyproservices.com,McCarty,Pro Services Inc,McCarty Pro Services Inc,(936) 400-3701,http://mccartyproservices.com/,Huntsville,"3170 Old Houston Rd, Huntsville, TX 77340",,,Repair service,risky,catch_all,mv-verified-houston-risky-2026-04-20,ChIJF03jU58JR4YRiBJZ5wy5nhQ,1
ccervantes@orbitelectricinc.com,Orbit,Electric Inc.,Orbit Electric Inc.,(832) 247-7688,https://orbitelectricinc.com/,Spring,"22906 Canyon Lake Dr, Spring, TX 77373",,,Electrician,risky,unknown,mv-verified-houston-risky-2026-04-20,ChIJq1lXFdC1QIYRg8ZZXZnrqW4,1
info@bugguyspestcontrol.com,Pest,Control in Austin by Bug Guys,Pest Control in Austin by Bug Guys,(512) 670-2925,http://www.bugguyspestcontrol.com/,,,,,Pest control service,risky,catch_all,mv-verified-houston-risky-2026-04-20,ChIJE5K6RInBRIYRTbgZ-OOLHMU,1
info@pioneerelectricoftexas.com,Pioneer,Electric of Texas,Pioneer Electric of Texas,(409) 489-6615,https://pioneerelectricoftexas.com/,Jasper,"2100 Co Rd 297, Jasper, TX 75951",,,Contractor,risky,catch_all,mv-verified-houston-risky-2026-04-20,ChIJkSV1IH-fOYYR2351sjXCw84,1
jpartain@atlastechnologies.biz,"ProElectric,",LLC,"ProElectric, LLC",(956) 217-5998,https://www.proelectric.biz/,McAllen,"6112 N 10th St #2D, McAllen, TX 78504",,,Electrician,risky,catch_all,mv-verified-houston-risky-2026-04-20,ChIJbW0Xj2uhZYYRwjxEgJnB1D8,1
info@springinsurance.com,Spring,Insurance,Spring Insurance,(281) 370-6064,http://www.springinsurance.com/,Spring,"6605 Cypresswood Dr, Spring, TX 77379",,,Insurance agency,risky,catch_all,mv-verified-houston-risky-2026-04-20,ChIJh8PzOu_MQIYRR9BtZfvXD9I,1
info@wet-inc.com,WET,- Washing Equipment of Texas,WET - Washing Equipment of Texas,(915) 592-3375,https://www.wet-inc.com/?utm_source=GMB&utm_medium=organic&utm_campaign=GMB,El Paso,"7198 Merchant Ave C-1, El Paso, TX 79915",,,Pressure washing service,risky,unknown,mv-verified-houston-risky-2026-04-20,ChIJG5hjcxRb54YRnA6dJu6LxeE,1
